UniqueCount	AmbigCount
1	85
83	1448
1	364
1540	443
6	79
0	0
1733	680
16	2
0	2573
34	2074
1	65
0	614
4	408
0	26
4	76
687	241
0	0
0	438
0	199
0	0
0	0
0	0
14	496
3	288
341	312
20	1212
1	435
0	0
1	3
0	0
0	4
0	91
0	0
0	0
27	623
0	23
0	321
0	0
0	0
9	774
71	50
0	13
0	1
0	0
0	23
240	127
1	581
0	147
0	1053
0	0
2	541
1	551
0	1108
1	83
77	360
0	403
0	51
0	5
0	0
0	3
301	542
0	92
10	2018
1	6584
0	0
0	0
1	22
0	1
0	0
0	12
5	6725
0	14
19	218
88	524
0	3010
0	141
0	16
0	0
0	0
0	0
81	1890
1	2200
213	192
41	783
0	0
0	0
10	161
17	435
0	0
287	453
0	0
5	2379
0	598
0	0
40	19
19	284
0	1547
0	0
0	0
541	715
2	2165
0	89
0	263
617	303
1401	6
462	0
0	0
6	331
14	0
0	0
0	1
0	0
0	0
0	426
0	259
25	57
0	1422
0	204
2	138
39	845
7	715
0	171
0	0
0	0
1	176
3	1470
0	365
2	26
65	582
26	597
0	0
2	1238
31	16
0	7
18	480
11	196
3	1
2462	604
0	56
0	574
0	34
0	48
1	0
1	0
0	74
9	1356
0	0
0	257
0	184
9	254
0	5
20	69
0	0
0	493
1	0
0	132
2	324
350	223
0	1
70	219
251	168
13	94
0	161
3	133
0	0
19	964
6	130
1400	405
0	0
0	0
0	0
0	0
0	35
20	31
0	128
320	421
2	1
0	0
5	215
0	0
0	0
0	32
0	26
1	723
0	0
6	1533
58	402
0	0
0	0
12	214
0	0
0	30
6	1
0	108
21	92
584	194
0	0
0	0
0	2
0	0
2	260
0	17
0	0
1	158
0	195
0	287
0	0
0	210
0	3
0	491
2	0
129	2395
0	0
14	197
25	1473
726	4342
0	0
0	0
0	2468
0	1521
26	12
0	0
77	10
2	53
0	1
11	718
0	1239
71	559
0	19
256	54
15	344
0	0
0	498
0	0
0	0
0	0
1047	1287
0	0
95	19
0	0
190	427
62	112
2	220
0	414
22	398
0	0
0	0
0	3799
278	816
0	0
21	2169
7	159
0	45
0	0
0	0
0	219
0	0
0	0
127	58
233	1
1	2
0	404
0	266
0	623
0	667
0	0
0	271
3	84
35	1330
366	133
63	231
306	183
0	0
115	651
2	321
0	81
110	48
1066	161
43	185
42	512
0	0
71	369
121	591
0	1
0	32
0	3
14	191
0	126
42	55
0	0
0	0
0	0
0	468
5	325
10	1896
75	182
0	435
5	890
192	7
0	209
0	0
0	0
21	198
0	3
3	760
72	106
210	244
0	1805
1	2
8	2091
139	325
258	268
0	55
0	0
0	0
256	0
0	0
127	1160
0	0
0	1
0	142
0	0
0	0
0	0
6	243
0	65
1	83
0	0
158	77
1	284
2111	1749
0	10
578	19
0	120
1	594
0	295
0	0
0	53
0	193
0	1382
0	0
41	2295
774	193
0	198
2	384
4	187
0	2
0	206
0	1
675	724
88	0
0	0
954	427
163	280
9	91
1	245
453	1
35	50
184	769
119	1148
432	1203
119	4
0	6
0	0
0	0
193	124
11	217
0	1745
20	11
39	0
0	0
0	422
69	321
75	220
43	2681
30	262
0	85
0	0
10	0
0	0
0	1
17	0
51	1076
0	78
0	236
0	122
1	11
7	405
11	1943
303	194
0	10
0	0
0	4
0	0
58	682
5	43
659	431
3	48
0	0
0	324
0	2
102	333
0	0
0	0
0	6
4	112
0	0
52	355
4	133
2200	2720
0	42
0	937
5	533
31	350
0	1198
0	0
1	0
0	4
5	960
0	0
1	19
0	0
0	0
3	21
0	0
5	9
0	10
105	219
198	974
0	0
0	0
74	9
58	220
0	466
157	59
0	1127
0	4
0	0
1	22
0	671
311	1811
143	574
1	189
0	6
2	2
2	446
209	420
0	0
53	261
6	1132
0	1
34	200
0	1
1633	462
524	409
752	664
0	49
479	1084
1	104
2	45
0	0
2	70
0	0
299	1
0	25
0	0
832	481
0	3
0	0
2	531
0	955
3	173
0	60
3	3
0	868
0	3257
0	284
0	540
0	1
4	15
22	772
0	0
0	0
0	0
0	0
58	13
0	1
53	172
173	2319
8	1425
0	115
0	0
0	31
0	16
1	146
1	1350
3	277
0	3907
0	0
0	865
710	203
0	0
125	17210
0	286
19	578
668	901
0	936
0	0
0	0
3	11
0	0
129	386
0	0
0	0
126	304
0	2
0	0
0	3
44	114
30	646
0	0
0	0
0	0
3	2
0	0
0	3975
0	1176
191	97
224	11778
815	382
188	0
604	330
0	0
50	208
492	13455
0	0
0	0
0	327
0	0
0	0
0	0
0	21
0	575
0	11
0	3190
364	243
0	1
43	842
0	0
8	175
11	99
0	9040
0	7
0	0
4	120
285	278
1872	4
0	0
6	61
64	69
0	0
0	0
0	0
12	627
17	82
0	83
53	240
1760	221
0	1176
3	1063
13	234
6	972
133	501
58	1001
1	257
1	287
0	0
0	23
0	395
918	892
1	297
7	510
41	172
30	713
98	14
21	192
0	626
0	3636
136	279
0	1
625	133
43	401
0	1
340	43582
0	0
0	0
50	13
0	1
0	679
0	0
0	0
0	298
7	292
0	0
0	0
47	149
0	12
0	1
5	265
292	127
0	661
0	0
0	242
0	215
0	573
20	74
0	58
56	245
1	13
40	3692
0	0
1	393
0	2194
0	1
0	1407
0	0
0	0
429	837
70	960
0	0
0	53
0	0
82	62
1	77
17	108
0	3
0	0
0	0
348	21
0	0
0	0
0	0
4	84
0	769
0	0
27	5904
0	0
1	4
136	0
41	274
14	1096
0	0
0	0
0	3
0	119
1	939
0	0
9	294
0	0
24	162
0	0
1	476
0	0
0	0
1	6
3	1
0	66
413	0
1	9
261	753
0	0
0	1
579	1225
1	0
0	110
0	267
293	197
0	0
57	70
0	28
0	642
0	0
0	0
326	270
13	1416
0	0
0	0
1	62
0	110
0	0
25	8
0	0
0	0
0	3
0	0
0	0
48	947
0	3
107	939
43	440
0	0
50	83
1	0
0	1222
3	33
26	5727
0	0
2	1
2	208
0	0
508	204
21	356
0	0
7	66
9	566
2619	796
5	0
142	12
19	240
0	0
0	0
0	0
97	137
190	424
0	307
229	865
16	218
140	375
28	42
0	195
0	106
14	47
0	15
462	26
4	36
44	36
0	0
0	475
12	1574
11	31
140	277
3	1808
6	136
182	23
0	1925
0	315
1	11
0	0
53	0
16	3
0	0
0	0
242	1572
753	461
81	1060
6	137
3707	800
4	297
117	865
12	839
0	54394
0	1144
0	419
92	292
0	27
0	145
0	0
0	0
0	0
7	510
124	84
0	0
0	468
5	174
0	750
194	93
0	801
0	0
0	0
359	537
0	386
1	84
0	27
13	767
0	237
38	806
0	1
47	394
448	720
1	98
0	3
0	484
58	24
43	3609
2	1
1	3
0	0
0	156
0	0
243	1501
9	54
0	0
0	0
28	1058
0	0
0	6
0	0
0	7
0	0
98	1764
10	1210
0	0
0	1
0	0
0	0
84	215
6	392
140	927
0	12
4	1473
0	7
5	0
803	786
6785	415
0	0
0	0
0	33
6	664
1755	3
0	0
0	23
2827	2848
3	159
65	1050
259	2050
26	133
0	0
880	275
16	64
0	0
6	0
46	2699
0	176
2	1371
0	4
16	170
0	118
6	216
0	0
99	123
0	0
0	275
202	343
9	0
0	913
0	276
6	1891
60	2381
10	261
0	1272
0	313
0	0
0	0
11	266
0	700
16	692
45	0
1	9
1	0
0	0
0	0
0	2042
0	0
20	2669
250	2498
0	0
20	16
2	185
14	112
0	454
7	342
10	2287
0	0
24	234
0	802
0	0
0	0
70	982
126	65
17	426
0	351
592	5
0	0
12	10
0	0
0	0
429	146
16	197
0	0
0	162
0	0
0	0
93	61
0	0
63	719
0	181
0	0
206	160
0	0
684	602
3	210
0	0
36	8837
40	53
8	676
0	219
0	3
0	0
192	618
2682	5524
0	188
4	1
6	19
0	0
0	1030
0	586
28	57
0	847
0	1183
0	433
3	1674
56	6714
21	167
7	453
12	413
47	0
239	132
0	0
0	102
241	246
0	144
163	1309
1803	2566
1	0
0	22
0	6
401	361
0	0
135	1826
3	18
30	3650
0	0
0	0
46	153
23	2833
156	770
0	190
0	0
0	62
24	12300
0	6
36	248
0	324
0	3
0	541
0	0
0	0
0	0
1	100
2	952
12	1280
0	12
157	244
0	2
4	939
0	142
0	1
21	384
0	1
842	1217
6	262
10	113
0	1
3	24033
0	0
1583	2021
0	0
61	2193
0	0
0	2215
0	0
0	0
0	0
0	915
0	512
36	140
0	0
391	136
1	41
0	0
0	0
0	0
0	331
35	252
13	2396
1377	1362
1	0
53	51
0	179
0	0
0	0
0	102
7	902
0	0
0	47
25	385
1	548
0	0
0	1
0	0
0	0
8	149
0	354
524	0
0	50
0	650
59	1363
0	0
0	150
9	11
271	1
434	128
0	390
154	1322
838	0
2	492
484	384
2093	870
0	14
1375	19055
20	195
0	7
3	66
13	3
1	81
433	1821
0	273
0	0
3	136
0	0
0	0
205	390
1	469
0	0
177	749
0	1467
0	154
971	85
119	177
0	0
0	461
0	2
190	507
51	187
0	0
0	0
1030	0
0	0
0	10
1	197
0	850
3	0
0	0
0	0
0	0
5	1
6	657
11	253
0	1397
593	312
595	13263
0	0
5	1122
0	9
0	17
0	0
1	0
0	0
86	133
0	1
0	0
6	1567
0	22
0	0
4	22
0	2
8	23
0	5
0	0
0	498
0	56
1	54
8	3145
4	1343
0	0
155	3211
1	217
0	0
0	0
0	7
85	169
0	0
43	16
61	87
0	0
0	0
21	4384
0	107
0	0
0	204
0	126
6	26
0	1
105	93
26	414
0	0
751	544
0	0
0	178
0	0
67	14
0	0
0	0
1	722
3	0
149	263
0	352
0	0
0	1
15	177
2	9
2	269
0	0
2	1244
105	322
331	65
0	0
0	0
51	13
0	0
0	0
0	0
256	151
142	841
0	0
0	0
3	561
0	18
201	477
0	0
2	2038
0	1
0	257
89	342
29	86
0	0
111	36
0	0
0	1
22	293
0	373
1	828
0	0
0	286
0	0
0	1
408	67
0	12
365	5269
20	2287
466	264
4	1388
0	908
0	780
38	63
1	486
13	322
99	626
0	0
0	0
0	0
7	59
12041	2956
0	165
744	471
0	0
1456	1574
55	140
0	0
0	0
17	13
491	6716
24	2074
0	213
0	86
0	131
100	348
0	0
0	0
50	433
0	0
0	95
25	1485
0	20
0	137
350	274
0	182
0	7
4	81
0	0
14	1645
0	673
0	2328
56	855
0	27
0	0
0	0
32	281
0	0
0	1222
0	786
1727	169
0	0
323	0
7	841
16	496
0	0
0	0
0	6322
0	0
0	0
1	30
0	6016
3	450
3	0
0	3
57	9
208	187
0	35
0	117
234	547
1	1269
0	347
0	0
0	0
0	0
0	61
1	269
21	265
12	96
0	0
0	1048
62	3053
0	0
0	820
0	4
0	0
5	258
1	43
14	166
1	208
0	0
0	0
354	223
0	0
0	1091
9	851
64	4200
0	144
0	0
0	0
3	127
0	2
0	666
68	19
0	0
20012	19
118	0
0	0
393	288
0	0
0	36
1239	1539
680	254
0	0
0	1
0	52
11	512
6	1
0	576
20	89
0	0
0	552
10	13
1	24
1	14
0	0
0	0
4	146
45	3035
0	0
143	327
0	0
0	0
50	189
0	365
641	38516
0	0
160	792
0	299
0	260
1	40
0	0
0	0
30	65
8	454
1	434
0	16
0	18
371	14
0	0
4957	1269
0	0
0	150
0	0
0	164
0	0
0	0
0	0
0	542
123	58
0	37
7	1552
0	0
6	612
0	225
0	0
10	173
1369	204
0	0
7	0
9	9
0	0
0	2
0	1
79	507
0	260
15	374
321	2320
0	206
0	0
93	80
0	0
0	2
9	405
157	63
0	0
0	0
1263	1300
0	431
7	330
1292	429
0	0
29	65
1	19
44	79
280	5642
0	0
72	533
0	10
0	253
93	2870
784	428
19	780
0	136
0	1
0	0
0	0
188	231
1	1705
0	0
223	35
0	163
0	344
4	551
0	0
0	48
15	493
0	1
2	330
3359	898
0	0
4	734
0	243
0	0
0	0
0	0
0	14
86	1092
13	25
5	130
127	0
104	31
0	0
289	1
0	36
5	52
0	258
0	1
0	1
37	370
116	68
102	1085
0	835
0	1594
1	28
1	1277
0	60
0	1
17	28
0	0
122	677
0	126
715	95
0	40
0	460
0	0
61	89
7	594
1	0
0	295
0	0
175	935
54	209
15	87
0	0
81	267
0	811
1	101
70	5159
912	2484
0	241
0	5
215	929
0	0
0	909
160	5155
0	0
2	291
21	9385
0	0
431	59
0	411
0	0
0	169
0	0
52	375
0	0
47	13
1	91
0	423
17	25
0	0
12	1
0	5
3	16
8	135
3	83
151	315
0	46
733	494
0	53799
0	0
0	599
267	167
0	20
474	2661
10	320
139	144
0	0
0	0
0	50
0	487
0	0
2	2259
845	350
486	2754
0	144
48	22
0	171
89	37
0	86
0	38
0	0
0	0
5	72
1773	3214
3	12
1426	588
4	263
0	4
0	0
0	0
86	78
1	1067
0	641
105	155
0	0
150	417
2530	3315
0	376
0	343
264	51
0	251
0	200
0	0
3	121
0	0
0	1
145	76
0	0
0	0
0	0
0	0
0	0
459	0
1	100
142	99
0	1872
0	0
3	1
0	60
4	313
0	24
8	314
1	158
195	6250
0	0
0	1
0	170
0	19
0	2971
0	0
0	551
12	174
0	195
0	86
0	0
0	490
63	72
0	11
0	400
0	4283
0	0
0	3
194	983
1006	1
0	665
0	0
96	3882
41	31
0	0
0	0
0	0
241	83
0	0
148	535
247	13
329	514
3	259
3	148
28	290
0	100
0	1395
159	156
0	324
0	1
103	54
0	1
883	2367
0	0
4	4
0	3
23	42
751	3
0	199
219	41
0	0
2	2
0	0
78	111
0	47
17	1223
0	31827
385	546
0	730
22	53
0	0
0	17
1	225
0	533
0	137
0	0
44	12
0	23
0	0
0	63
0	268
23	340
1	31
0	0
0	1
1	1124
65	1028
197	266
0	0
0	2
0	0
0	486
0	0
0	0
1	406
63	735
13	42
0	181
0	0
0	11
0	0
3	0
0	0
1	0
5	1014
4	144
0	38
29	468
3	3460
0	0
124	1295
1	156
5	866
0	0
675	2
0	74
0	0
0	196
252	722
0	232
0	0
2	8
90	129
0	7
0	194
4	813
0	42
0	0
162	271
0	0
0	0
0	598
0	0
0	155
0	70
0	224
0	0
407	1184
109	322
0	0
12	45
6	305
0	0
71	26
0	0
0	1101
0	0
43	828
0	21
0	0
0	0
5	2375
2	901
1081	1700
0	0
2	9
0	118
0	67
0	0
0	64
0	0
0	0
0	9
0	11
0	2
56	454
11	278
0	1152
12	18
632	272
4	44
0	156
51	1852
0	495
0	0
0	0
0	576
0	2
0	9
274	79
0	224
0	110
0	4
0	0
0	0
0	178
434	609
0	745
1	0
798	402
0	0
159	89
2	605
175	227
53	1125
0	0
228	207
5	28
0	0
0	0
0	13
72	627
0	0
0	0
11	622
452	369
0	0
0	0
5	100
0	0
4	39
189	661
1	66
3	1067
45	729
109	0
0	0
0	110
0	1147
655	2
0	0
3	17
0	70
0	727
39	565
4	133
0	53
0	5
3	48
4	7
13	628
0	8
7	363
0	6
0	1307
0	0
0	0
25	632
0	0
0	2
0	0
0	0
49	17807
20	71
0	0
0	0
0	8
0	33
0	840
0	0
0	442
3	417
162	106
0	1061
0	155
71	1489
7	60
0	0
2	1
0	0
8	182
0	4
0	0
88	504
125	663
0	11
0	0
0	272
0	0
2	79
0	3557
0	7
3	0
0	2136
0	112
0	0
0	0
0	2134
0	445
0	0
156	1457
62	186
0	938
0	59
9	160
1	126
3	0
0	2
0	0
0	0
3	8
0	0
91	100
0	0
0	0
38	204
0	1561
0	5
115	22
0	1573
0	0
0	0
0	0
0	937
220	2
11	142
23	53
2	270
0	11
0	0
116	263
139	181
0	0
0	0
0	334
0	3
0	0
377	1517
0	12
0	0
18	282
118	1393
1	1
5	1996
4	264
61	5
49	69
0	0
0	10
196	931
0	0
0	0
351	114
2	1240
0	0
0	496
869	188
0	0
0	1
159	32
0	300
0	0
668	161
0	150
0	0
0	0
0	42
0	272
11	18
0	0
0	0
0	0
2	1114
110	2539
0	0
0	81
0	0
4	118
0	0
0	216
0	1025
0	0
1	1
0	9
0	4
0	0
0	0
0	0
45	913
0	288
37	269
0	1157
10	466
2	298
0	4
1002	0
0	285
0	0
0	10
2	527
0	318
0	0
129	1
0	4
5	1895
0	93
0	2
0	0
0	0
151	424
0	0
1	513
0	0
194	48
230	2160
24	13
105	1
36	39
0	122
2	0
0	32
0	3
313	412
0	0
0	145
10	302
0	1
0	0
169	421
0	0
2	0
0	0
0	0
0	0
17	240
0	0
29	78
0	1
0	164
12	619
0	0
232	162
870	2
0	2891
812	594
3	196
0	0
127	167
367	425
2	296
0	0
8	1329
0	0
0	0
0	61
0	110
0	21
30	1623
0	732
0	0
0	745
491	2027
0	169
3	0
1502	4294
33	200
1	10
0	60
0	421
0	0
0	1
0	0
21	0
0	0
0	0
0	8
0	49
1059	2361
0	7
0	0
694	488
0	1
0	3
0	0
32	2212
0	0
901	1623
0	3761
2	465
17	118
0	0
19	2362
439	1
0	58
0	0
22	361
6	23
0	1
0	0
0	1
79	4
351	1
0	116
6	986
10	3729
0	74
0	441
0	0
341	152
0	0
6	0
1	4
0	327
0	437
8	5
225	1209
0	0
5	352
0	0
3	1624
0	500
10	42
193	74
0	0
0	1
14	53
0	0
77	1162
176	439
81	106
1	446
63	0
0	0
548	362
321	151
0	0
2	0
0	0
3	496
0	0
0	61
510	2806
4	27
24	30
0	0
9	58
0	228
0	13
5	4
0	133
182	81
19	156
0	0
3	493
1	456
0	753
4	146
22	1041
0	0
0	0
0	1617
17	229
13	207
0	0
0	0
0	380
0	117
0	0
0	0
0	115
9	195
3	0
0	55
0	98
0	206
210	0
0	0
0	0
0	1358
0	1
288	194
163	356
0	0
0	53
1	445
693	48
0	0
0	8
2	123
6	1026
170	264
0	0
0	147
13	2
266	4843
1588	111
0	47
60	499
0	0
0	227
0	113
0	7
1	0
186	379
0	5
0	80
134	129
12	544
0	1
2	302
0	0
2922	1272
0	0
0	0
1	2
0	0
0	1
0	86
0	0
0	0
188	186
0	14
101	226
0	0
1	5
1	1884
2	0
1	1532
243	1179
1	0
24	297
0	3063
0	364
0	1465
2	515
36	49
48	12
0	185
2	453
268	1255
1332	474
0	273
1	28
10	22
0	180
0	0
0	5
0	428
66	586
0	0
0	54
9	0
0	0
892	1
0	0
0	20
248	1380
415	481
0	397
180	3689
0	0
0	0
0	220
0	1
28	227
0	120
1	72
12	1116
0	0
0	88
0	504
0	0
1	478
0	288
0	0
57	502
0	0
0	0
0	112
0	568
7	3691
0	0
0	0
0	0
14	1890
97	148
0	0
1	2363
0	553
26	676
137	4161
0	87
0	0
9	547
0	107
0	1
0	93
292	1284
0	0
2020	1269
759	2
0	5
0	128
0	0
0	0
0	0
0	14
14	2114
36	655
0	0
0	0
0	1162
4	138
13	171
0	0
0	0
0	0
1	234
0	17
0	0
3	5508
17	448
0	8
375	0
164	18
53	195
0	3140
0	307
0	460
41	2018
245	0
0	3153
228	184
14	11
396	2082
0	0
0	181
0	0
0	0
20	197
133	21
9	114
64	360
0	1645
3	267
0	21
0	0
13	1956
0	611
0	3
0	1697
16	74
0	0
413	41
2	497
0	71
0	0
0	1
0	0
0	19
0	0
0	0
67	114
2	0
2	37
0	0
0	192
0	0
40	1515
0	0
0	0
0	0
0	0
351	318
0	156
0	0
0	1
0	0
10	459
0	0
58	407
329	90
11	1205
0	0
162	150
0	0
7	438
377	71
0	473
0	0
0	688
2	321
3	431
0	205
14	72
0	0
8	0
0	863
0	1
0	16
0	0
0	1519
0	0
0	464
0	0
170	2209
0	1
2	505
0	0
79	351
0	0
0	468
30	8364
0	265
1	0
0	137
0	54
0	62
75	460
1	8
0	26
0	0
0	132
0	0
0	174
60	97
0	0
0	0
1	146
59	522
21	24
0	0
0	0
1	0
1	222
0	212
0	0
3	0
0	2982
0	153
817	142
1647	1017
0	0
0	0
0	5
141	8
0	0
0	0
7	2119
0	217
0	0
0	0
0	65
189	3478
0	0
0	0
0	0
0	0
0	2
0	0
121	2564
8	199
11	2326
0	165
84	150
0	681
452	50
0	0
0	0
0	18
0	0
552	211
0	3
0	1706
0	0
37	565
184	71
6	0
1	0
450	115
2	523
0	79
0	623
3	0
0	0
0	2
0	2
0	0
3	231
184	28
7	61
0	175
0	0
0	467
0	729
288	105
0	1
76	654
0	0
0	47
0	0
2	2502
98	0
0	0
0	6
0	52
0	0
0	126
10	82
38	585
0	0
0	8
0	0
9	279
0	0
6	559
0	0
82	0
1	0
1303	1
1	0
1	42
0	0
0	0
0	0
0	121
0	16
0	109
0	0
966	2180
5	592
0	0
1204	158
3	161
0	328
0	2393
0	3
0	0
58	31
3	1347
14	114
0	15
46	1068
25	231
0	0
0	1281
2	4
2	62
796	160
0	77
1	852
308	144
0	0
0	33
0	1
0	0
15	142
0	20
0	0
40	0
67	1470
6	182
0	46
0	0
20	12
0	0
0	0
0	0
0	190
43	431
0	0
0	0
9	0
0	1051
0	0
1	415
135	0
0	0
577	1100
105	1808
6	172
3	1646
0	1
0	0
0	186
6	2339
18	898
7	8737
12	403
18	159
227	610
755	56097
24	307
0	72
0	1207
1	66
6	2917
0	0
0	0
0	0
0	0
0	40
0	0
0	0
21	0
0	3750
291	1832
18	0
0	0
38	1893
1	118
412	253
16	0
0	0
0	3
0	34
5	0
13	218
31	192
11	10
0	143
0	0
0	622
3608	2719
0	92
267	246
0	0
0	0
1	487
4	1284
1	1
1	1
0	20
0	267
249	1420
40	17
19	722
0	1
14	92
0	226
1	9
1	2
0	1587
0	0
32	4
0	0
0	61
0	0
0	0
5	7221
0	0
0	0
180	49
29	2758
0	0
53	53
707	20
0	0
1	29
0	0
0	592
214	1379
1	734
0	18
170	845
0	462
18	259
0	0
321	116
0	0
51	2294
48	2026
4	221
0	7
182	466
3	50
0	0
14	74
203	930
2	103
0	371
0	217
0	0
0	6
0	0
0	1177
7	557
1	2831
6	107
0	0
2	0
13	404
863	1313
39	2498
221	1123
0	6
0	0
215	59
10	1335
0	868
464	1113
0	309
0	0
6	175
5	299
0	283
0	10
0	0
10	311
0	837
0	101
0	183
0	0
2	10
749	159
669	323
0	311
489	107
6	1355
116	295
0	434
0	343
339	1425
3	8
0	0
0	242
0	6990
94	544
2	107
0	0
0	0
1	284
0	15
0	183
0	37
128	182
0	180
0	27
0	0
283	7611
629	277
216	1572
38	777
0	0
0	69
0	301
2	0
0	246
11	746
0	2
0	0
18	1638
0	0
0	0
0	0
0	0
6	412
1	361
552	79
1	715
78	407
0	4
3	36
394	18
0	0
102	190
0	10
39	1227
143	15575
0	0
0	28
27	29
0	0
0	0
22	950
0	0
8	2081
96	251
476	76
848	557
0	0
101	426
0	553
99	8
0	0
0	725
0	1
1	834
2	209
50	388
0	0
278	15
298	2242
0	361
0	537
1003	2182
248	39
52	84
0	5
30	1555
0	242
0	14
0	0
0	103
0	0
87	148
0	0
0	519
0	0
0	0
0	1061
347	847
18	1049
0	0
0	834
59	199
0	0
0	8
0	0
0	0
366	4456
0	6
0	228
6	103
37	87
401	531
323	773
0	0
0	19
11	1212
1	626
0	1
52	1360
0	0
0	1
1220	987
0	0
0	0
3	11
0	605
31	200
0	0
9	638
188	116
0	17
0	0
0	126
7	7334
0	115
6	569
0	614
0	0
303	220
0	0
0	672
12	526
6	3
1	110
241	35
209	297
0	0
0	0
17	42
1	81
0	0
0	722
0	0
0	2378
0	86
0	0
0	6
0	2
782	8237
1	59
378	278
0	0
3	538
0	1
1	10
0	0
339	373
0	0
0	0
995	503
3	433
0	349
0	0
0	0
0	435
2	302
149	311
0	155
0	387
370	24
4	155
0	237
0	573
0	0
0	0
0	792
22	714
18	10
0	381
0	139
7	215
243	30
110	91
0	0
0	235
62	544
234	122
0	288
0	48
0	4153
0	23
13	67
5	94
0	473
16	31
0	501
95	45
0	101
0	39
25	206
10	494
388	259
108	326
103	77
0	352
1	194
5	563
0	0
7	600
0	0
0	0
0	2
356	110
0	0
738	1975
44	1023
0	1
264	428
0	0
7	1289
0	146
0	0
0	0
123	1610
6	236
0	2
0	13
0	0
0	879
38	220
0	0
1	0
2	340
3220	2562
26	390
34	86
0	10226
2	74
0	0
0	0
2	207
0	386
6	45
0	0
0	8
0	0
3	236
0	0
0	79
0	0
0	13
0	1647
0	2
1	5
5	748
1	0
234	1391
1	51
0	26
237	53
0	0
0	0
347	1390
0	28
0	535
0	0
0	1
4	427
0	543
0	254
8	885
0	0
0	156
0	5
0	9
196	982
1	60
15	153
17	947
2	418
8	14
1	91
0	0
0	0
15	0
0	157
1	0
0	0
94	1731
147	3893
8	467
0	965
4	1291
0	157
2551	3001
0	27
339	80
1103	54
0	0
58	370
0	269
4	5
268	84
0	175
169	578
4	36
0	331
26	141
0	0
29	2
0	0
0	435
0	0
763	11862
0	0
28	132
0	478
0	695
0	0
0	99
0	0
49	6
0	0
470	612
1	154
41	1494
117	245
0	218
41	293
13	653
0	717
0	0
0	70
242	390
0	0
0	0
0	363
0	0
0	0
660	10041
0	28
445	1
247	358
0	0
0	0
13	0
3	1796
0	0
0	0
1	17
1	28
0	0
0	0
0	0
1	72
1	353
70	486
47	258
0	0
0	1427
180	43
5	208
175	154
0	88
0	3611
0	0
0	19
0	626
0	0
0	0
0	0
612	974
44	42
25	34
0	198
1	56
0	902
26	0
5	991
0	0
1	360
0	1157
7	477
0	0
42	24
14	522
238	364
86	47
3	13
0	0
1	34
0	1674
1	2274
91	2239
0	325
0	212
1	2087
823	3808
0	682
184	191
675	1257
126	359
0	9
0	0
0	1
72	3552
0	0
0	1
180	25
0	325
31	1276
4	258
22	50
0	1
0	3912
69	17513
0	0
2	27
0	75
1	285
59	283
624	278
0	1
0	0
0	841
2	1126
3	1
1254	63
12	89
92	142
1	182
1	0
0	0
441	217
0	13
0	0
0	0
0	134
6	143
0	260
10	1261
0	396
0	0
0	0
2	138
0	1457
463	75
0	7
0	0
0	123
23	17
142	63
11	1039
3	0
1	124
0	77
166	0
0	134
0	0
80	0
0	0
0	702
3331	3987
0	159
0	2
0	0
0	0
36	479
1	461
0	0
0	13
0	0
7	201
0	20
186	11
17	800
0	97
104	8
4	1717
0	126
19	390
0	864
0	558
12	8
0	7461
0	0
0	998
1	18
8	240
1	1
0	746
0	168
6	853
2	295
0	0
0	547
1	1
0	0
0	0
3	297
358	313
0	0
0	445
282	178
257	416
0	99
0	5
1	583
214	879
11	53
0	0
0	1
21	1685
0	0
24	373
9	0
0	0
149	191
0	118
20	17
892	679
0	614
15	3
125	312
0	2
0	7
0	3
5	1067
6	1043
0	0
2	369
1	50
0	343
0	0
1	528
18	27
0	0
217	191
0	0
6	501
2	222
0	961
1106	19
0	0
0	2263
86	361
0	0
41	4089
0	0
0	55
0	2
0	0
522	0
0	0
0	0
0	450
475	295
4	141
33	515
284	189
0	763
0	213
42	27
0	0
0	0
496	1127
0	1423
0	0
0	0
0	333
29	192
1133	3
91	272
0	91
0	893
0	300
2	0
95	0
0	110
138	844
160	566
0	0
429	1
0	11208
757	254
204	111
1890	1882
0	0
7	2283
284	12
2	457
0	44
0	0
56	142
0	1
1	0
0	147
0	324
0	363
0	775
47	276
2	93
0	0
0	465
4	317
6	33
0	805
382	21
0	347
0	268
0	0
63	16
589	142
0	1
3343	4866
3	128
0	58
2	51
0	3
0	1
0	21
0	2
0	0
1072	364
0	0
0	2
291	53
80	0
459	73
0	1
0	1597
0	0
67	346
2	2
0	0
0	0
0	1
165	1757
0	0
5	1611
0	3
0	1104
112	543
0	0
21	91
0	169
49	138
0	91
0	65
0	0
1	230
0	1
0	610
283	353
1	292
4	69
0	1
0	0
65	1521
65	290
3	0
0	58
0	132
0	125
0	0
0	1574
0	0
0	0
424	327
0	0
0	0
0	117
38	3185
0	83
705	1
5	150
0	1
30	727
0	0
2147	1179
0	1033
4	61
0	0
0	259
0	0
0	0
0	7
783	1002
42	3378
1	392
0	0
0	46
25	304
31	115
5	54
4	1989
67	311
12	80
0	609
0	0
8	16
0	191
0	156
1	4458
19	37
0	569
0	169
6	644
0	0
3	2157
0	755
16	3197
5	91
0	552
78	852
0	213
0	1358
0	1
0	10
0	63
6	29
2	35
0	0
0	29
0	0
270	615
0	114
7	4
1678	307
44	2
126	79
0	432
201	65
196	117
12	714
0	181
0	0
0	0
0	68
0	0
0	0
0	3560
0	33
0	1
0	85
0	594
0	72
1	681
0	88
20	20
5	2
0	0
3104	4808
206	3481
264	995
0	1
0	31
0	0
0	824
0	0
379	33
0	0
2	140
0	465
1	182
1	46
0	1254
0	1
4	461
0	124
268	240
11	5
0	0
0	80
0	0
0	4
0	513
1	0
63	241
0	550
0	456
6	321
0	216
0	11
0	272
99	59
37	690
0	299
0	8
42	691
1283	604
0	0
3	374
0	506
2	0
0	1016
0	1069
659	0
0	1103
0	0
0	0
0	0
0	378
202	84
7	179
272	365
47	1126
50	82
3	119
0	0
0	486
36	1643
0	0
0	0
1592	0
44	1086
0	1322
0	1363
4	70
1	472
0	0
11	553
0	201
0	0
7	0
0	0
0	5
0	2407
0	0
2	1129
8	26
14	265
438	184
0	0
10	2777
799	269
13	36
39	775
0	0
1	88
0	0
393	2167
51	969
0	62
135	1
0	694
160	1165
0	114
5	1347
0	0
454	572
1	2
0	0
1	19
686	459
100	987
0	4
0	0
7	1117
0	0
0	225
840	23
118	30
127	27
58	24
0	0
39	49
905	177
497	141
143	55
0	0
34	124
9	390
75	33
27	178
0	0
45	3173
0	0
2	506
1	34
0	0
48	223
0	0
21	498
240	210
6	455
1	3
0	0
128	98
0	0
75	1763
321	271
0	0
0	199
637	2573
0	4
0	241
1	51
33	240
0	0
0	0
0	322
0	0
122	295
245	821
0	0
0	0
1618	2620
0	111
0	0
1	104
233	0
0	0
1	0
0	2
320	0
55	1298
128	49
0	0
0	0
1451	2868
0	3022
0	0
256	210
7	314
0	9
0	0
0	33
0	162
84	182
1	1
0	951
198	51
0	1972
11	209
54	32
23	1017
0	0
49	13
19	89
0	0
1	488
0	274
0	0
0	314
2	860
0	0
0	100
0	4154
0	3
20	417
0	0
123	3503
170	467
0	24
102	764
291	48
0	44
244	825
89	349
190	80
0	0
1	0
0	0
0	0
1	266
2	0
0	0
0	4
0	0
185	266
0	0
441	160
225	151
0	0
0	81
0	390
0	1293
17	46
88	214
352	358
482	2575
0	30
0	0
0	0
411	175
0	0
544	2
1	21
1	0
0	0
228	2320
0	39
2059	5070
1	57
0	0
825	444
0	0
0	2
164	68
0	1
4	570
0	1503
1	25
99	770
0	0
0	128
23	238
144	45
0	0
0	7
0	2
0	10
0	615
173	369
0	0
1	0
81	37
0	120
0	242
0	0
1	93
276	279
0	0
55	671
4	15
0	90
0	0
0	0
0	694
0	0
325	284
0	1
13	78
0	86
0	143
0	0
0	0
0	0
394	709
0	292
0	0
30	688
69	681
0	15
277	407
6	4584
1435	71
0	18
178	56
0	84
0	526
0	0
0	2
0	135
112	551
0	0
6	361
0	344
749	43
0	1590
3	21
4	6113
0	0
0	902
0	1
0	838
2	37
0	0
76	50
0	870
5	2321
214	125
7	394
0	7
1535	205
0	0
4	39
8	77
472	177
0	0
13	0
0	67
0	446
0	281
0	0
43	517
302	1322
0	61
93	16
3	0
0	252
0	3
4	467
471	70
204	589
219	224
0	5
0	0
12	48
0	0
23	972
0	323
91	197
3	452
0	1118
0	75
469	450
12	9
0	115
0	2
0	0
715	3
4	1
0	1
0	1
158	24
0	6
3	427
0	182
13	16
0	0
0	1436
23	1117
1	1188
1	261
239	763
0	8
1	596
0	879
3	35
361	664
1	0
0	1
0	0
2	1
0	1
0	0
192	99
0	1651
0	1
148	18
0	0
0	15
643	445
98	177
8	441
0	0
0	0
0	476
0	1
34	455
0	5157
12	23
21	132
748	3
0	404
0	0
144	278
12	3
0	52
5	719
21	353
0	9
15	422
0	33
0	0
0	144
0	166
37	7
18	1198
9	315
0	102
1	448
158	701
0	2003
3	3013
2	155
134	353
0	102
0	318
0	16
4	1548
0	16
0	0
123	231
1	75
0	0
222	146
3	238
58	173
0	0
5	4
0	0
8	3543
0	12
19	1695
0	0
25	2195
6057	1719
1	0
0	384
0	89
0	13
0	1
0	108
1912	1069
1585	2095
3	381
376	118
0	0
9	6034
206	642
0	0
197	518
0	0
0	0
0	575
4	27
0	1
2	657
1	334
0	32
0	0
0	430
0	154
6	35
6	0
810	1469
0	49
0	0
0	29
219	0
0	0
17	1868
0	6
0	85
35	50
52	3450
3	1052
3	688
106	795
0	378
0	0
88	421
0	139
19	975
0	6583
0	325
0	84
16	931
0	662
0	0
0	0
0	39
0	1127
49	640
2	581
1	118
0	12
0	26
0	7
0	0
0	1592
0	156
0	0
305	201
2	22
0	125
208	424
217	87
0	0
0	21
0	0
0	155
2	901
12	147
64	30
20	1101
3	589
6	161
0	39
5	573
7	1057
13	1356
32	279
422	598
0	145
0	0
0	0
5	321
2	343
0	38
261	909
1	69
53	347
0	0
0	2194
0	9
0	0
0	0
0	247
0	1
0	299
55	8
590	879
1	0
0	93
502	1297
1	2380
932	728
17	0
10	1009
0	141
10	13
0	278
1	1
0	408
0	0
61	23
53	163
1031	111
486	743
0	0
0	0
2	400
291	53
11	752
0	488
19	3925
360	378
1	220
42	80
2	215
1	47
72	944
0	0
0	5
3	61
30	122
7	19
29	18
0	0
73	64
0	0
11	579
0	14
0	3
88	318
0	946
0	0
23	847
0	298
5	195
2	2605
162	57
281	2707
65	23
3	519
5	638
5	120
29	12
0	0
33	0
0	0
1	0
0	0
18	286
9	98
8	181
67	1841
57	221
55	44
166	62
0	481
0	888
645	1969
0	0
1	25
0	423
3	0
0	47
0	961
1153	10573
0	324
3	22
0	2612
2	3
0	0
0	77
39	1680
0	276
43	48
0	0
0	0
0	0
3	980
0	0
74	953
0	1567
0	195
1	45
0	1
428	602
98	53
999	1348
6	1077
15	12
130	117
0	0
4	226
0	0
4	1712
0	39
0	0
0	0
615	345
73	296
0	0
0	0
1	138
0	0
0	0
9	54
0	4
0	611
0	5
44	97
83	1519
0	18
42	1515
0	407
26	1032
384	118
0	0
0	0
0	58
0	0
418	16
0	1
76	2687
3174	9325
0	24
3	3
0	0
0	11
350	278
0	0
1334	555
0	0
0	0
0	0
0	1296
0	0
0	210
331	443
36	9222
17	2146
224	98
89	1631
769	3
0	0
0	0
0	1269
5	1
0	4
36	927
0	26
0	2
67	991
0	0
5	146
538	378
20	93
0	0
0	0
47	355
206	237
0	69
11	1280
11	1207
0	16
12	1212
0	1
37	1713
0	0
4	1512
6	281
0	0
2	205
3	2
0	141
10	102
0	0
0	328
0	26
0	1
0	2
798	994
316	6
0	0
0	0
0	0
411	2
5	730
1	969
0	0
0	332
0	0
2505	1605
0	811
0	0
138	107
0	101
14	1087
33	143
0	148
0	393
102	16
4	4
0	1172
0	53
114	1
0	0
0	0
241	153
6	652
1373	719
8	108
31	2695
0	124
6	48
0	1
0	115
0	0
1	57
5	424
1	7
0	0
0	0
0	0
0	336
0	2
0	450
0	2
27	448
0	611
0	313
255	84
1	0
0	116
0	0
0	0
0	29
0	46
1	35
228	276
460	0
66	481
605	253
16	1084
2	9
0	0
0	308
0	0
0	16
0	122
0	0
1	33
1	4549
0	32
3612	1102
0	1524
0	0
0	0
400	431
0	0
0	893
0	4316
490	1
34	681
0	267
0	545
0	1
0	49
8	443
87	508
204	477
0	669
30	110
0	0
30	216
293	104
0	39
0	76
7	315
0	55
0	64
36	905
180	135
361	2301
0	616
15	823
0	0
13	396
2	438
19	283
0	414
0	776
0	0
32	291
0	0
355	1
5	0
322	60
0	0
46	808
0	0
0	1
0	0
0	1681
0	553
30	875
0	0
0	0
0	1125
247	0
0	2102
1	52
0	0
2	438
1	114
0	0
0	0
0	472
0	781
0	1
1	212
0	0
0	387
1	706
0	0
0	1
0	1301
0	2235
0	20
285	15
0	16
27	327
49	2277
0	392
4	669
0	0
0	193
0	0
0	11
1023	77
1	874
0	0
0	0
37	5
226	90
0	0
0	0
74	56
0	35
0	3
3	26
0	0
0	3
0	0
0	74
199	18
11	735
0	1
5	1
0	322
0	0
1	2
67	199
93	1982
0	439
67	165
0	185
0	1190
0	27
0	0
0	0
0	119
36	501
4	127
5	5
117	325
0	0
0	1731
279	0
0	0
0	543
35	363
0	146
0	0
0	0
0	98
7	537
0	0
0	0
0	57
15	38
51	253
380	2
76	222
197	213
3	10
1	1002
0	91
0	0
1	0
117	155
0	0
34	2337
0	20
0	0
25	831
1	302
0	15
9	553
0	1
0	345
313	71
0	0
55	1298
0	388
286	262
0	102
1	1
0	31
1	601
5	698
0	0
60	371
0	0
0	6
323	557
232	0
0	1165
0	257
0	0
0	0
0	0
0	90
354	1
0	68
7	278
0	57
0	109
724	1077
0	0
887	23
0	410
0	99
0	0
257	25
1	0
0	0
0	1
0	0
1	146
0	76
2	65
1	523
0	0
0	0
184	97
1	118
269	400
0	123
0	18
37	737
117	180
0	0
11	648
0	18
0	0
5	97
0	0
1	122
266	858
0	0
804	265
0	1
0	0
0	0
0	11
0	363
0	132
0	0
112	7
2	0
0	274
0	0
57	455
0	0
0	1774
15	149
6	38
1312	3404
685	230
0	11
1	770
50	443
453	802
0	36
0	0
29	4
0	0
507	1128
0	32
0	6
1	34
0	0
0	122
0	0
0	0
3197	5417
1005	1040
95	376
18	2
0	0
1	63
94	270
0	257
0	1
0	0
36	1495
1020	3567
0	46
5	46
0	60
0	1
0	11
0	15
2	672
21	2362
0	0
0	0
0	0
4	548
0	6
7	222
0	0
0	0
85	163
1	0
0	3
133	0
0	0
3	8
0	381
140	1123
7	530
0	206
23	437
0	0
27	57
0	371
0	372
0	101
66	304
20	440
0	0
0	0
21	33
9	119
1	589
58	1525
0	45
357	74
0	0
59	781
1	140
0	1817
41	522
191	161
0	32
139	195
529	398
17	311
44	1151
128	194
0	624
1	8
0	0
0	0
0	190
2	146
0	0
0	763
0	97
0	3
0	0
0	0
34	0
0	5
59	246
1	31
0	118
1	3175
0	365
1	0
0	25
167	151
1	105
2	50
0	0
0	385
4	816
0	20
603	1093
451	18
169	87
0	126
0	0
18	50
0	0
0	0
0	7
3	165
0	32
0	280
0	2
0	16
0	0
0	1
0	8
0	4
0	0
2	532
6	465
0	55
34	30
0	0
0	0
0	0
6	229
16	2
0	1
511	851
0	0
0	37
0	678
23	225
0	6
173	541
53	347
1	439
0	0
17	373
0	0
0	126
0	3
0	368
0	1
0	0
4	2241
171	237
0	0
0	0
130	84
1076	66
0	0
0	1116
2160	851
7	293
0	0
0	45
27	321
0	0
0	837
91	1486
459	2593
7	572
0	2
1	370
71	418
0	0
0	0
0	0
0	2
4	0
31	980
60	1566
0	1375
0	0
0	0
0	42
0	0
0	22
0	0
0	0
0	444
1	176
1	79
0	0
0	103
0	1
20	0
0	81
0	935
38	78
0	85
1	289
0	0
0	1
2	761
0	0
0	0
0	0
5	576
0	13
75	228
0	0
4	1
1	270
0	0
0	0
17	604
0	1
0	520
0	37
537	324
0	0
199	156
0	241
50	55
2012	1127
0	0
0	0
0	0
1	1
15	232
0	0
0	0
0	0
51	44
0	62
0	89
0	0
0	0
0	1
0	61
0	216
4	85
5	2834
11	268
128	664
20	46
2	2045
0	0
0	145
58	32
0	0
0	0
3616	7
0	0
0	0
4	0
0	0
0	0
0	0
0	334
13	205
0	0
2	279
100	183
2	70
0	0
0	0
0	0
0	116
0	0
0	0
0	145
0	1
111	104
0	0
0	0
19	225
0	49
0	0
1	0
235	872
0	137
36	38
0	0
0	1
137	212
0	0
0	0
163	51
5	293
0	0
0	750
0	0
4	306
191	129
0	0
0	435
0	12
0	2178
374	0
144	952
9	57
0	820
45	387
0	210
0	0
0	272
3	716
339	66
489	154
0	0
0	0
6	22
0	0
0	106
0	38
0	0
0	0
0	0
1	572
0	0
20	586
104	10
0	0
0	0
0	230
0	0
218	32
12	0
0	0
0	0
103	353
0	0
0	0
0	0
0	0
19	1953
0	0
65	13
0	0
0	41
38	11
162	80
685	544
0	113
0	15
0	0
0	323
0	0
188	801
1	151
0	0
5	2072
2	4
365	74
0	0
0	190
0	0
92	1946
0	161
0	2
385	0
0	0
0	214
0	10
1	253
0	0
0	96
0	281
0	0
0	1
64	1232
0	42
0	2
16	21
1020	1
0	1
0	17
0	609
74	645
0	369
940	427
0	188
0	687
935	149
0	31
0	1
0	8
0	0
212	365
0	169
0	0
94	192
0	261
0	0
1	2
0	0
0	0
106	326
29	305
15	415
78	86
18	753
0	373
0	20
0	269
0	0
0	0
16	2
0	0
0	0
0	0
0	1366
323	1
0	0
167	4
0	0
0	0
0	797
91	76
72	156
0	79
5	1325
3	1280
1	1
0	0
0	4
0	49
58	92
0	171
57	888
11	1743
0	0
0	0
2	13
0	202
0	30
0	0
0	859
5	7
0	5
86	76
0	194
49	1126
1	18
0	0
551	3
0	215
0	0
8	786
0	0
0	0
480	70
1	264
0	26
1593	632
0	0
2	20
16	189
9	782
90	1373
0	445
0	255
10	982
1	6
44	35
3	1039
178	7225
0	5
9	413
0	241
1	105
21	8
0	0
1	355
0	1
0	0
5	709
34	150
1	277
0	137
36	173
0	93
0	0
0	0
2	1
18	164
0	10
0	0
5	111
2	407
0	173
0	0
0	0
0	0
3	203
0	396
0	2
976	205
29	43
0	0
1	552
0	207
217	4937
1	1560
89	18
0	0
104	590
15	1491
0	117
38	326
0	0
2	6
0	168
1	357
1	0
0	18
31	269
276	1375
102	930
0	68
0	0
0	0
0	298
702	272
0	0
16	5
4	0
0	0
0	0
6	27
15	18
3	51
0	8424
2	86
6	564
17	29
0	4
0	53
0	447
0	0
0	1
0	246
178	2153
0	381
300	1198
145	78
295	1629
0	1
0	0
24	240
0	356
14	512
0	363
0	1433
0	944
0	12
0	0
0	658
0	5
0	0
0	0
0	0
0	0
89	0
0	0
0	0
0	0
0	0
0	0
5	768
0	0
0	0
12	266
11	23
1	120
0	190
0	0
0	617
0	445
35	91
0	725
228	316
0	0
0	706
0	2186
67	1451
0	0
0	21
0	802
1	137
0	80
306	114
19	213
0	0
71	95
0	0
0	0
0	10
0	0
0	0
3	1364
0	0
0	0
2	75
0	0
9	0
0	0
0	28
4	13
0	0
0	12
26	199
29	64
6	109
8	204
0	3
1	584
233	107
3	1331
0	4
202	85
1106	1619
0	17
0	540
0	0
1	0
0	0
0	0
0	30
0	221
4	27
0	298
14	689
0	225
0	0
94	182
0	0
0	2238
650	4
0	0
2854	5856
1	58
0	348
20	410
1	1
0	0
0	0
0	0
846	65
5	30
2	0
1	20
155	2620
283	44
572	294
5	210
0	124
175	55
0	201
0	0
22	393
0	2
0	0
23	19
106	87
0	26
0	0
0	0
0	0
0	0
0	0
228	27
1	0
0	0
0	0
5	80
26	17
0	0
1	0
0	203
0	0
0	163
63	1272
16	264
2	7
20	32
0	34
0	89
0	263
0	215
0	0
0	13
143	761
0	0
0	0
0	9
0	0
0	0
15	668
33	848
0	0
163	23
2	202
1	15
0	1
0	0
25	73
1	10
0	165
0	0
0	320
154	139
62	274
129	9
0	0
411	3748
0	81
1	82
2	68
71	195
0	0
0	528
99	1
1612	223
0	0
0	5
0	0
0	0
0	0
0	0
0	0
16	93
0	1
0	0
20	0
0	196
0	0
4	122
0	0
2	537
394	84
525	87
101	34
0	3
36	289
548	84
193	1219
0	0
1153	834
0	6
256	142
0	805
1	18
50	117
0	8
0	101
0	425
50	624
0	0
1	14
95	122
345	1
0	0
0	40
0	310
174	57
344	169
0	0
0	0
0	510
425	564
0	0
1	314
1	371
0	74
25	911
0	10
0	0
61	4523
0	5
0	1
0	0
1	111
121	295
0	8
15	35
0	37
0	2159
0	3
0	0
0	0
2	360
0	0
0	0
0	0
31	820
0	13
1	894
0	0
0	135
4	3
0	0
0	32
0	0
0	0
938	0
0	0
2	132
0	90
1	0
0	0
0	0
0	94
0	373
0	0
0	1
0	0
0	219
188	355
0	0
0	0
208	1104
0	22
319	227
0	68
7	575
0	82
0	0
80	405
0	0
0	2688
1	272
0	1
0	0
0	0
0	0
0	0
7	33
13	20
0	4
0	0
0	0
17	282
0	0
663	1
0	462
14	6311
0	4
4	15
3	0
0	0
3302	1709
2	4
24	0
0	17
7	302
0	0
16	717
1	0
0	29
2091	1942
0	39
0	0
32	62
1	7
0	0
0	387
0	0
0	0
0	233
0	0
0	0
66	947
31	54
0	0
1	373
0	2
0	856
48	104
9	117
0	758
0	0
0	0
0	3
0	88
0	76
1948	3317
0	1051
6	411
0	0
27	0
188	2288
0	0
0	0
0	0
0	4
49	2533
0	0
0	321
0	201
150	66
0	0
5	364
9	45
0	129
0	0
0	26
50	274
0	375
1	0
0	64
25	471
0	0
530	115
1	255
0	0
30	47
29	479
156	0
0	0
0	3
1	1
269	19
0	147
0	0
71	30
0	0
0	9
0	0
0	0
0	82
0	0
0	603
0	514
5	245
0	0
24	1033
0	836
0	158
26	19
0	1509
0	2
3	247
660	925
0	29
8	2276
0	65
0	1
0	0
0	233
0	0
0	0
0	0
318	1823
0	0
0	0
0	0
1	223
0	0
0	2967
109	3
17	143
2	662
104	780
1	28
1	9
1519	2984
0	15
0	0
0	0
0	0
4	17
0	0
0	48
14	8
27	487
0	5
0	0
0	0
1	414
73	228
0	0
0	7
0	0
28	278
0	651
0	842
0	0
0	322
0	217
25	208
0	251
365	1145
0	811
439	808
119	396
0	0
0	0
0	4
0	0
159	264
0	0
0	30
0	105
0	42
0	6
0	0
0	6
0	2
81	66
0	0
0	0
10	848
2	9
0	0
0	8
131	1232
129	0
0	9
0	0
0	0
170	356
0	4
101	7
0	1230
12	8
35	139
5	2
8	556
0	0
32	779
120	58
0	0
0	0
4	99
0	0
0	0
0	808
0	0
0	113
0	0
0	22
0	0
0	0
8	531
0	736
440	16
0	16
0	514
0	1
60	4
7	113
2	326
5	239
2	1506
9	1427
0	12
0	283
329	516
0	0
274	4
2	0
1	109
14	225
173	62
210	1681
0	1
0	0
0	0
11	275
1	0
1	173
0	1
0	25
0	297
0	6
0	110
274	39
0	76
2	392
0	79
0	0
0	0
0	200
0	0
3	55
95	690
1	78
1	347
3	661
0	0
1	152
2	94
0	2
0	0
0	30
191	738
18	2249
153	229
55	617
0	12
0	0
0	0
0	37
0	153
0	268
0	21
18	32
64	330
8	112
7	2248
0	747
89	19865
178	171
0	0
0	0
0	0
0	177
0	0
0	0
0	0
0	0
7	602
0	96
27	129
86	809
0	52
2	174
15	359
0	68
387	13
0	10
19	418
21	1973
84	111
29	672
0	786
0	97
118	133
2	618
0	0
1	0
0	24
2	164
0	2323
315	1
1	347
0	0
0	0
0	0
0	5
1	368
0	1307
0	0
1025	5
8	1041
0	44
0	5
0	251
0	0
0	0
0	0
0	3806
382	100
0	0
0	174
0	240
0	0
0	3
0	0
199	224
0	37
61	0
18	0
0	118
80	673
2	35
0	0
0	0
33	821
0	0
0	0
185	0
0	9
0	16
0	2
4	151
0	136
0	7
9	22
0	1
42	86
0	1
100	19
0	0
0	1
12	1018
12	1493
0	130
3	1
0	0
0	4
0	0
5	65
647	1057
6	0
0	0
286	3841
109	716
0	0
0	40
0	0
3	15
4	193
0	0
0	925
0	14
0	15
0	236
2416	7772
74	825
0	59
0	1
3	58
0	0
2	3
2	5
0	47
59	516
11	90
0	0
6	757
18	171
0	0
316	539
0	830
0	651
421	0
495	314
0	60
0	20
1073	1445
0	0
0	0
1489	372
115	80
0	0
0	130
0	212
0	5
0	0
0	711
3	4
0	8
0	0
1	459
24	0
0	16
0	1
0	5
0	0
0	48
0	0
24	869
48	851
190	841
0	0
17	571
579	25
0	84
1	483
0	13
0	0
0	655
0	2
8	356
0	0
0	0
0	4
2	1
0	69
0	2
260	11398
0	0
0	193
0	65
0	330
0	16
0	0
8	578
0	0
108	585
0	0
0	0
0	0
0	0
0	0
5	262
76	349
238	1033
62	48
0	0
0	0
77	12
28	222
0	1
0	6
1	50
0	0
0	0
263	129
164	282
0	0
0	0
0	0
0	56
0	0
0	0
0	298
0	0
0	0
0	0
15	227
0	0
0	0
0	0
0	0
0	143
0	4
11	118
4	0
2	118
1	5
0	0
0	5
0	186
0	0
0	0
1	287
466	0
26	858
52	671
0	0
0	0
281	38
1	131
0	1
12	58
246	9
0	0
3	1481
0	69
0	27
453	242
0	0
1	0
0	0
2	405
0	1517
7	298
0	0
1	107
9	70
91	0
0	481
0	0
0	0
5	0
0	0
0	2
0	0
0	257
0	0
0	70
0	0
0	1
0	86
1	19
0	216
0	0
0	214
0	155
3	263
55	215
0	0
0	571
0	0
0	0
0	0
0	0
1278	646
36	58
0	0
0	126
0	0
0	0
0	0
9	1473
0	0
0	0
0	0
0	34
0	236
0	1
0	33
0	0
0	1
188	17
53	33
55	982
0	0
0	0
0	199
0	0
1	0
0	2626
31	1442
1711	591
0	0
0	0
87	595
0	0
4	476
31	30360
0	9
0	617
0	0
3	899
0	19
0	0
0	0
0	0
0	0
0	303
0	634
0	14
1	219
1	1417
5	977
118	60
0	0
192	6332
2	263
0	0
0	0
0	0
87	695
0	0
0	132
457	446
0	396
0	304
6	787
7	6
39	57
288	2257
2008	924
0	255
0	0
0	0
2	145
30	118
0	9
19	20
0	179
0	1
17	285
0	0
0	239
176	528
0	1
1033	774
5	105
0	4
1	97
309	189
0	382
2	224
119	108
3	3877
0	0
21	85
20	263
4	1
1	458
0	1
0	4
0	0
129	30
443	1722
0	0
0	0
0	0
0	497
5	695
0	2
0	1
0	97
2	956
86	919
0	0
0	37
26	21
0	0
0	1
0	0
0	417
0	163
972	70
0	333
153	1241
0	0
0	0
0	0
604	86
14	214
22	20
0	0
0	5
88	279
1	30
1	67
6	334
3	20
64	72
0	0
0	0
0	106
2340	69
0	1113
8	36
1	392
137	154
0	0
0	0
0	70
0	0
5	0
14	152
4	264
0	1
0	244
0	54
3	443
1639	1
15	168
0	1
5	171
0	460
0	266
0	79
0	0
0	98
0	0
0	0
0	0
151	28
0	188
0	0
260	384
10	349
178	7047
1	4141
0	641
903	2
268	6349
0	0
0	1650
40	217
0	513
65	88
1	61
0	1
0	0
0	43
0	21
0	0
0	1397
0	777
126	100
2	223
27	82
0	0
0	0
0	0
158	3561
6	88
81	37
16	312
0	0
10	4
0	415
0	0
77	581
0	0
0	0
0	776
0	0
0	134
0	18
0	128
0	0
1	0
0	0
0	0
0	1
0	0
0	6634
27	1099
1	1
0	0
57	1648
0	262
0	0
0	62
0	0
0	0
0	0
108	274
0	0
16	163
0	102
4	467
0	7
0	0
107	2922
0	0
409	378
0	715
0	1860
0	20
0	91
0	641
0	140
98	120
9	1
6	20
4	42
0	347
0	0
37	10
15	4820
62	36
623	376
497	87
32	204
0	0
0	796
59	5777
3	143
7	65
0	0
2	2
4	34
7	606
0	687
0	0
0	3
318	960
0	94
2	236
0	0
0	0
0	0
0	0
0	58
101	7171
0	0
0	64
41	189
0	40
367	303
0	0
0	3
11	215
0	92
0	10
0	8
0	942
0	0
46	58
60	327
24	812
132	321
0	1
0	1843
0	13
31	394
1	0
1	437
0	0
0	0
297	0
0	0
0	202
4	4289
0	41
0	256
0	0
0	0
0	0
0	0
3	1168
2	202
9	253
74	338
3	0
0	318
0	0
1632	24
11	235
0	0
0	1
81	228
0	0
0	13
56	12
0	794
243	645
0	0
0	7
2	1139
0	0
0	0
0	2
0	0
0	0
9	160
0	0
0	0
0	3
0	45
0	0
0	0
0	385
15	1014
7	416
0	5989
24	41
0	1
0	371
0	0
0	6
0	0
6	32
823	19
0	256
3	0
60	554
182	543
0	0
2	35
184	492
0	160
11	204
0	0
0	2044
16	4623
0	0
0	0
7	236
0	907
226	6706
0	48
365	0
3	868
22	60
0	7
0	0
2	542
0	0
0	40
17	10
0	0
0	983
661	0
0	1
0	0
0	0
0	826
0	0
0	531
0	0
0	568
0	0
0	48
0	0
206	164
296	492
0	0
70	1682
8	107
0	0
0	56
28	582
0	1
0	0
5	665
0	0
0	1416
126	956
211	1296
1	291
43	126
0	0
0	139
0	462
6	54
0	106
0	0
0	244
147	43
0	0
6	134
0	0
7	22173
42	4339
0	2
0	475
2	368
65	13
0	0
0	6410
0	282
0	0
0	2
12	2
3	39
3	19
0	5
0	0
0	0
0	336
24	1043
0	0
0	14
527	314
221	346
0	1168
0	130
0	0
8	256
0	0
0	1
0	0
0	0
0	0
0	441
0	163
25	1
0	0
0	3
2	17
1	6
0	1
0	0
0	3
0	15
0	240
40	2208
0	0
10	140
4	97
0	98
4	0
0	41
0	1493
17	6
0	0
41	278
0	0
2418	1390
1	1192
1	1672
37	4
108	493
0	0
0	0
4	2421
0	0
0	180
109	730
0	0
25	334
0	4
0	4492
0	68
29	145
0	0
0	239
1	15
3	3
30	179
227	4512
0	0
165	10
0	0
321	931
0	0
0	126
123	26
0	0
0	0
3	6
24	340
5	6
11	103
0	0
0	1120
4	1083
12	104
0	0
0	1
0	10
91	32
25	0
0	288
0	1
0	0
0	5
0	0
13	3703
0	363
0	2
0	73
0	766
0	0
3	496
0	0
78	116
0	72
0	18
0	0
0	389
0	0
0	21
0	0
1	112
0	376
0	1056
2	788
136	42
383	1626
1	0
0	82
1	1
0	0
0	626
0	0
9	27
0	0
1	0
1	526
0	0
14	122
3	12
0	0
2	1
0	0
6	637
0	40
0	0
0	478
0	0
4	1100
0	84
0	0
0	0
10	7
2	63
0	0
0	0
1	0
0	0
0	174
1	110
52	297
0	0
0	0
0	0
0	199
723	2
0	680
0	0
0	1
7	541
0	4
4387	11689
1	506
0	0
0	132
4	253
51	27
0	42
0	338
2	85
0	507
0	0
2	0
0	0
0	0
0	61
0	0
32	81
0	0
0	0
0	3
0	0
199	152
0	34
0	511
0	0
0	112
0	1
10	346
0	0
2	32
1699	3
0	292
462	6763
4	565
121	47
0	16
1	1
209	690
1	0
0	407
0	101
344	100
0	0
0	1
0	3
0	0
0	19
1	4
686	275
0	186
0	0
0	1347
0	0
0	0
0	602
0	8
482	195
2	241
0	0
0	0
0	495
64	1995
0	0
0	4
2168	1346
0	0
0	0
384	3
1	432
3	1
68	132
0	0
1	90
0	2
31	376
0	654
0	1
3	541
0	55
16	730
330	824
0	32
0	0
0	0
0	0
151	517
0	266
19	143
6	881
1	237
0	0
0	0
313	21
187	1619
0	1
2	831
8	241
4	434
7	97
64	285
0	0
2473	377
0	1
0	8
0	9
5	1078
0	1
299	436
11	105
0	0
0	0
1	0
0	77
0	0
1	22
1	0
0	0
76	106
0	257
0	0
0	0
6	60
128	96
1	0
2	248
0	0
0	97
0	0
16	17
7	133
0	0
0	0
208	156
0	184
0	1
0	0
395	251
0	0
0	156
0	0
0	40
3	90
0	92
0	584
286	0
0	0
0	0
20	391
0	0
0	0
0	0
0	409
0	0
0	1
0	533
0	99
0	0
22	20
5	2322
0	108
0	0
0	629
325	1
710	313
0	740
0	71
0	56
139	1
0	2
0	0
0	1
5	414
0	4
0	27
409	2
14	229
0	766
0	0
0	0
0	0
246	196
0	0
0	0
0	4
0	0
0	0
18	296
0	26
6	200
124	47
0	52
0	102
1	321
33	154
1	2
1634	1321
2	7
0	0
0	26
1076	1415
1474	21
0	0
5	2
203	517
3	160
1	356
62	90
0	0
274	56
0	0
9	5994
14	1
0	1
1	38
0	1857
8	13350
0	0
1	217
0	13
0	0
1	2229
0	139
0	374
0	5
0	0
0	0
0	0
0	0
0	0
28	404
0	254
0	0
9	191
0	4322
0	0
305	68
0	266
11	714
0	0
0	27
31	2356
1	2
76	628
0	60
0	12
0	757
7	2
3	62
0	64
141	37
0	32
28	148
0	0
0	0
10	113
0	0
13	18
0	0
1	100
0	0
5	151
2682	0
0	741
0	306
1133	90
0	0
0	20
0	0
0	0
0	0
0	24
0	165
0	0
0	107
0	174
875	287
0	0
0	176
1	616
10	1112
0	0
3	0
393	10
0	0
0	191
0	0
0	56
4	419
0	106
0	0
0	1
0	1
1	2126
0	0
175	74
0	1
0	0
0	78
0	407
2	50
1	0
1	159
0	512
4	1
281	4
0	2
0	453
7	65
0	0
0	10
0	0
0	0
4	185
0	123
0	0
2	0
0	0
122	11
158	77
0	0
0	134
0	1
0	0
0	746
0	0
0	0
12	769
0	400
0	0
7	0
1	411
0	0
0	370
0	0
464	0
3	164
0	0
100	16
0	0
0	0
0	157
0	0
306	699
0	0
0	0
0	138
1	3
0	0
0	51
2	76
0	0
0	18
0	5
209	199
0	0
74	1008
0	0
0	2
0	0
0	0
84	2325
0	118
1	514
0	0
0	0
0	0
13	10
0	427
40	26
0	0
0	10
0	0
0	12
513	474
0	0
0	0
0	6
0	251
0	0
0	0
0	147
0	0
0	22
0	9
0	193
0	1191
0	0
2	378
0	18
250	28
0	0
102	300
0	2
269	61
0	0
0	195
11	708
211	3
10	0
2	1
0	42
0	0
0	20
0	0
0	1056
7	428
286	1
183	3
0	24
0	620
0	0
0	0
1	139
0	0
6	1613
0	10
0	368
0	0
0	0
108	0
0	0
0	0
0	0
2	11
0	0
0	0
0	0
4	41
12	1945
2	0
0	18
192	1
11	402
894	185
411	5376
140	953
0	1
0	0
0	116
0	9
2	380
1	13
0	0
0	0
0	0
0	319
22	654
1406	2048
0	0
0	134
17	509
13	45
2	18
2	145
1	502
0	62
0	2
0	3
21	0
1	7
0	0
0	389
7	1
0	0
21	308
23	961
0	150
1558	882
5	1072
304	1331
0	78
3	118
0	140
0	0
1035	347
0	1
0	11
0	0
0	0
130	298
0	0
0	1491
12	272
1	121
168	188
0	35
0	431
0	7
46	82
0	0
263	1990
0	47
0	598
0	21
1	27
0	177
0	0
0	659
0	0
0	193
19	1357
0	167
269	99
0	0
1	221
2362	3903
60	689
0	1426
0	0
0	0
0	249
1	965
84	72
1	242
0	203
1	42
4	1130
0	38
0	0
0	0
0	4362
0	27
0	0
0	74
807	354
0	0
0	55
0	0
0	146
1	541
0	105
4	155
0	0
0	1
1	0
113	51
0	1022
0	79
0	0
0	13632
0	0
0	0
0	0
0	22
0	7
34	228
0	3363
0	0
0	0
753	13
0	1270
1	509
72	311
959	138
0	0
0	25
65	664
0	5
0	37
0	244
0	0
0	0
0	0
1	276
0	179
0	187
0	148
46	67
201	252
0	1
1723	347
14	99
0	0
0	28
13	72
0	0
147	639
0	1378
0	0
1	411
0	0
0	0
5	667
6	314
0	0
2	256
0	0
0	397
0	2677
0	0
0	22
0	2
151	12372
0	283
0	62
290	1132
8	749
0	0
155	630
0	0
0	310
0	0
32	651
0	0
0	4695
0	714
0	0
0	0
0	1
0	359
0	41
180	60
21	837
0	0
0	123
0	0
96	122
0	1
0	7
0	0
0	0
1	71
0	0
29	1359
44	274
0	0
0	0
0	0
0	103
0	0
6	276
0	0
0	0
100	1147
1	2
201	181
0	156
0	928
0	1
2	5
0	0
18	766
0	0
0	115
0	0
0	0
0	0
2	45
0	1
90	32
0	2
0	0
0	1415
241	1
0	1
0	0
47	5480
0	57
0	0
215	64
251	82
3	263
0	0
12	0
0	270
0	0
16	589
0	0
78	15353
19	241
0	20
4933	397
0	7
0	0
15	35
408	148
0	10
26	857
0	169
0	163
0	82
0	0
80	665
0	0
0	1
0	0
245	1
0	246
23	212
1	165
7	250
0	160
11	1498
1	75
5	54
0	0
0	19
0	0
0	138
0	1
0	52
2	11
0	2
3	184
0	735
0	0
7	175
339	2628
230	6
0	183
0	0
19	1864
0	0
0	157
0	0
27	621
0	122
0	2
2	1
391	0
0	0
0	0
0	6
40	9964
0	0
5	40
1	13
19	858
0	21
38	5449
0	0
65	39
8	123
301	19
0	0
0	0
0	57
0	0
0	0
0	11
0	0
0	1
1	0
8	30
0	650
0	29
0	0
0	0
6	1089
0	0
0	0
0	2
0	0
0	0
0	0
254	61590
3	136
182	80
558	1
0	0
0	192
1	399
0	823
0	119
0	0
20	0
65	803
0	0
0	0
88	70
0	2
0	0
0	4
13	3099
0	0
0	0
0	79
8	0
9	504
1	87
2	966
0	0
0	1038
592	1294
0	130
0	0
0	0
1	566
71	444
2	106
0	358
3	1840
0	318
0	185
0	0
0	0
0	0
0	67
10	541
0	26
0	225
0	0
0	1
0	10
0	0
0	424
0	153
153	0
34	87
0	53
210	701
0	136
154	1338
1007	4
1762	1477
238	330
0	224
563	300
0	0
29	4
50	272
0	214
103	0
6	330
0	0
0	0
198	115
0	118
0	98
0	15
0	114
0	1
4	579
0	3
0	0
144	419
0	29
202	293
1	678
0	0
20	13
20	212
2	179
26	0
15	690
0	0
365	1773
0	0
82	238
1	3
0	0
0	0
0	3
0	129
0	0
0	2213
1	7
475	1
0	86
697	1858
0	718
0	482
0	2
234	2134
0	0
0	20
1	0
0	11
59	50
48	492
24	422
0	447
1	1222
0	0
0	524
0	692
72	88
2	0
0	420
2	339
0	660
0	33
0	8
0	0
1	214
34	9166
0	0
0	0
0	37
0	168
0	0
312	62
0	5
2	26
4	1120
0	0
0	2
121	189
0	23
0	0
1	733
2	31
0	0
0	0
59	510
1	100
0	0
0	0
0	167
8	37
133	1052
22	1331
0	0
0	0
317	1
0	0
0	42
0	0
0	0
0	1
0	0
0	147
8	439
0	4857
0	13
0	4
141	206
0	0
0	382
0	0
0	0
0	0
2	23
3	48
1	188
0	0
0	0
226	127
194	263
1	167
0	0
0	1
88	166
0	0
0	78
0	0
157	345
0	0
0	585
5	822
27	266
0	121
0	0
0	295
47	319
0	1015
0	0
21	2
5	0
0	80
0	296
0	0
0	36
0	0
0	2
43	60
0	47
0	395
0	82
15	1058
0	442
1	1
403	1642
6	137
1	256
0	0
0	0
0	0
0	1
15	551
0	0
33	670
0	0
11	27
0	596
0	0
0	40
0	0
17	207
56	1423
0	552
0	1
0	0
10	1
0	335
0	61
0	619
472	1363
12	1018
0	66
0	204
1	87
0	0
0	0
0	0
64	483
0	62
0	1
0	0
1	165
0	672
503	322
0	861
3	875
1	47
4	92
202	21
179	0
0	0
1	4725
0	61
0	268
0	278
0	3
1	15
758	874
49	583
0	164
0	0
0	5
97	96
0	1
0	0
0	38
2	78
0	0
0	48
0	4
11	0
0	51
0	0
0	0
0	0
1593	637
0	136
0	0
6	0
0	0
0	0
2	387
691	214
131	445
9	391
128	2485
129	94
0	0
1356	3489
0	145
0	101
0	0
6	8
0	0
2	35
0	0
0	14
0	0
0	0
0	102
0	0
0	126
0	0
0	0
0	5
0	0
0	1
1	198
0	0
0	107
78	1
0	0
0	1433
0	0
0	53
16	5
1	364
1890	2
0	9
0	224
0	362
0	193
0	1
0	1364
0	67
202	244
22	210
119	47
0	130
1	13
0	344
0	1506
0	0
30	9
75	1405
0	0
82	77
0	140
0	0
0	100
0	324
0	67
1	67
0	0
0	3
2	1
105	359
0	0
0	0
0	5
0	0
1	313
17	1403
0	6
462	1433
11	551
1	172
1	315
1	2
0	856
3	36
1	3525
2	102
127	941
0	0
0	4
1	199
0	0
0	0
1703	755
583	8965
0	0
1	252
0	0
335	42
0	0
0	371
1037	1712
0	1015
0	279
1	454
0	508
0	0
0	214
0	149
14	186
0	0
0	947
0	795
0	17
872	191
0	137
0	59
7	53
0	464
1	69
0	0
0	0
1808	224
256	772
2	840
0	0
120	1996
1	1
11	308
0	4
2	45
0	0
0	4
0	0
3	234
0	0
0	18
0	0
8	140
0	434
0	437
255	75
0	0
0	0
1	1
0	3
2	166
7	581
0	542
16	133
0	0
0	0
8	71
81	686
0	0
129	133
3	45
0	0
0	183
16	80
19	852
0	6
0	0
0	423
0	72
5	168
0	116
0	0
7	119
0	0
0	531
0	0
0	256
12	292
0	0
117	1251
1115	532
12	66
0	0
0	0
0	0
0	0
2	220
504	127
0	1028
445	35
0	0
0	8
0	0
0	0
0	709
27	316
2	338
30	93
0	433
1	322
0	144
0	39
0	19
0	301
1	146
0	0
0	5
0	26
128	4233
231	186
0	1
0	0
80	325
0	0
2	163
89	69
0	50
24	84
0	0
7	12
1	634
18	1099
31	155
1	0
36	370
0	31
0	259
0	3
0	0
0	0
27	4558
8	94
0	0
0	0
0	2
114	64
0	0
0	103
0	214
0	591
0	13
88	27
0	0
0	0
3	82
0	1
0	434
245	261
0	0
0	26
0	1082
0	249
3	243
873	497
0	0
0	0
0	882
527	288
1	75
0	5184
0	0
1	1
118	873
1	77
1	354
0	1
8	10
0	0
0	0
0	0
0	0
0	0
0	261
0	0
24	225
0	543
0	0
0	293
207	31
0	0
6	259
0	1257
181	626
0	1539
0	0
0	0
63	195
0	0
1	1328
0	310
218	82
44	6444
922	71
0	0
3808	7
0	0
2	3
0	94
0	0
0	0
0	0
0	0
0	7
0	0
0	0
0	0
0	253
0	0
0	0
2	4740
0	6461
0	0
235	0
0	109
0	0
9	59
58	1252
4	2047
0	375
0	884
0	0
6	30
0	1
370	594
0	0
0	0
219	201
0	0
96	1547
1	51
2	408
0	10
0	0
398	2340
0	0
0	0
18	408
0	560
0	0
0	0
3	5582
426	238
2	0
3	0
1	8
8	28
15	32
0	247
0	0
0	1
2	7
0	11
75	63
97	117
0	0
0	452
0	0
21	0
0	0
0	408
0	0
5	109
0	385
1	110
0	0
0	387
217	757
0	0
4	156
0	0
0	1923
0	311
0	204
545	835
0	75
0	0
0	34
36	460
0	2019
0	0
13	5215
0	0
0	0
0	499
6	1
0	1989
135	466
0	240
58	530
38	196
1	148
0	21
0	0
0	0
8	601
0	0
2	10
0	0
0	284
0	0
61	188
1	89
0	702
1	65
0	0
0	0
2	1655
0	737
555	46
104	276
0	34
0	0
66	2001
0	0
0	854
832	18
33	861
263	134
43	7
231	1
0	7
0	0
0	0
52	2507
18	430
0	0
0	780
0	9
6	113
2	0
2	6485
352	84
4	917
0	0
0	0
0	0
0	7
0	117
7	461
3	164
0	0
5	899
0	134
23	2
0	741
0	0
6	213
3	483
0	0
262	3883
0	0
5	63
2	394
0	0
4	109
9	147
0	6
0	93
3	92
0	2
0	0
0	0
0	5
0	0
0	0
217	24
0	0
907	5267
0	203
0	0
0	0
0	1
0	0
0	0
27	88
0	0
6	460
0	24
102	82
21	408
21	276
0	0
195	790
1	8
0	3438
0	180
4	518
0	526
1	0
39	97
663	182
0	0
152	201
10	3463
1	121
0	79
11	16
0	234
0	40
0	57
35	0
0	104
134	181
1	823
69	481
434	641
729	1031
478	122
0	0
0	25
0	3
38	1
126	1400
415	115
6	220
0	0
0	0
8	62
0	0
2	113
0	906
0	777
0	0
4	1008
13	80
0	0
520	7919
0	0
0	0
0	0
855	462
0	607
0	0
10	644
1	134
0	0
117	814
4	4
364	365
0	0
1	440
1	7
0	0
42	963
67	1024
0	0
0	0
88	139
519	0
0	7
857	1625
1	43
0	133
140	0
0	0
1	2
0	222
0	1
0	1149
0	0
0	58
0	0
534	354
1	0
2	68
7	599
21	1922
2	46
1	50
84	3
0	0
0	0
317	2462
0	1
0	1070
499	72
0	2
0	13
0	49
33	80
1	49
712	8021
0	5
144	419
1	0
166	0
0	0
0	158
7	14
0	0
35	17
0	471
0	2
0	0
0	0
0	0
0	0
56	9471
0	8
0	49
0	0
0	0
0	558
0	163
0	0
0	1
1	405
0	252
0	0
0	1311
0	846
152	5
1	0
94	1441
282	20
0	0
0	0
0	0
0	23
2	11
22	179
227	823
0	303
0	9
0	25
191	661
278	78
0	0
0	1346
0	9
0	0
0	0
0	381
4	20
1	410
0	0
0	0
9	351
0	45
0	0
10	291
0	178
23	101
0	0
81	236
0	0
0	24
0	8
0	620
0	0
0	0
0	703
0	0
0	0
0	235
70	505
0	346
63	220
1523	5261
3	2
214	227
0	0
0	1507
0	806
0	4
0	0
0	0
0	142
0	0
0	183
2	48
10	33
1	0
106	78
0	15
13	78
0	0
2	2998
264	0
907	128
9	12
0	2
0	6
11	67
0	1
15	31
0	2423
376	1
111	3734
0	1
0	79
0	0
0	378
72	139
0	0
52	275
0	4
0	48
3	6
0	10
0	7
4	329
0	0
0	0
0	0
158	24
0	1
0	0
3	4914
2	364
804	273
0	135
0	0
0	0
448	71
0	534
0	0
1502	2544
20	23
4343	11
0	0
0	3139
69	1047
128	3
0	0
0	0
0	15
51	557
1	139
0	0
0	0
9	12
1	1405
0	0
11	1211
13	0
0	0
1	4
27	489
52	402
22	0
0	196
0	0
0	0
64	636
0	42
1554	83
0	107
49	171
1	40
0	0
0	24
4	299
0	0
0	169
126	69
242	282
0	1943
0	3
4	121
1555	277
2	689
121	478
0	35
47	108
0	449
0	0
0	0
60	5
184	494
4	3
0	2787
0	234
17	1807
0	0
0	17
0	28
0	0
0	1
4	113
176	118
339	227
294	294
0	0
656	27
341	134
0	230
0	0
2	549
0	11
632	570
0	2
0	3
0	1
1	1105
18	575
0	52
1	190
13	1106
0	260
0	0
6	0
40	1067
11	6
0	175
8	128
0	0
24	0
182	1096
0	37
22	25
1	2433
5	62
0	0
2	22
0	36
0	64
0	0
2	0
0	0
0	0
0	10
24	81
1440	360
0	0
0	12
0	0
0	0
311	65
0	0
0	924
1245	1435
0	0
0	5
17	24
456	165
0	2
0	31
13	1391
0	151
0	1
0	27
0	0
4	71
0	0
0	0
1	82
22	174
15	0
5	145
21	116
1	52
0	0
0	0
2	0
0	1
0	0
0	0
0	95
22	384
31	1936
10	1427
0	1
0	131
2	9
0	1
0	0
0	0
1	76
1	173
12	56
110	254
1	15
0	243
0	0
2	3365
0	1354
4	453
0	798
0	0
0	47
0	324
0	0
0	0
4	2
0	0
0	101
2	0
0	0
8	70
0	184
0	0
30	62
0	0
23	581
268	144
0	1
19	88
0	0
0	0
0	397
0	0
0	0
0	0
3	168
107	969
0	57
0	0
0	25
0	1
30	3873
0	0
0	153
298	1186
0	0
0	85
0	0
7	8
0	350
0	41
0	0
0	1967
171	42
0	0
0	0
0	19
0	926
5	35
423	36
0	0
0	19
0	345
0	0
27	253
1	6
45	466
0	5672
0	0
10	918
118	627
0	0
0	0
77	0
104	36
0	305
0	0
0	53
102	1467
0	59
0	0
18	0
3	434
0	0
0	0
25	36308
0	71
0	183
0	264
465	101
4	0
0	274
8	5
17	298
1	0
0	46
0	1399
0	3
0	9
0	0
0	0
0	0
0	154
0	521
5	31
0	0
9	438
0	0
1	189
0	0
29	923
7	69
5	803
0	0
419	1
0	1
0	1
0	34
0	0
49	33
1	166
0	15
0	0
1	66
0	82
0	166
0	0
284	1
0	0
0	1
0	22
0	47
0	0
0	2
22	760
1	0
0	0
31	5
0	0
0	18
3	124
0	536
0	449
0	0
517	0
328	11
0	0
0	0
0	0
0	0
6	1
0	53
0	84
0	52
0	7
0	0
1	252
0	0
0	0
0	0
0	0
32	0
72	1379
0	0
0	315
0	1
10	96
0	551
0	0
0	1
1	2033
285	178
60	182
0	0
0	165
0	24
24	97
0	26
0	85
0	0
0	94
0	371
6	22
1	186
36	892
1	85
0	714
0	752
0	0
4	15
0	195
22	112
0	10
19	628
0	240
0	4
0	0
0	387
0	0
0	689
0	0
1	0
100	383
0	0
5	46
0	275
0	3325
0	837
867	100
2	2
0	342
51	256
2	13
145	2661
1001	456
0	172
0	0
0	100
0	0
54	126
15	331
0	4
0	0
18	1
0	0
298	322
0	138
8	459
0	0
0	438
0	198
0	0
0	1
0	0
9	243
0	0
0	0
1	0
696	0
2206	5888
0	33
0	0
0	297
248	2
0	0
0	0
0	0
0	0
56	419
0	1
0	0
0	0
0	2298
2	344
0	0
306	524
3	9
0	1
0	111
0	0
10	1066
127	515
0	0
1	0
0	1
0	937
1908	2
16097	12696
1	9
0	0
2	1
0	0
0	0
198	0
10	279
0	0
186	5080
0	0
15	21036
34	158
45	208
0	0
0	1274
0	1573
0	0
198	189
0	16
0	476
0	0
0	0
8	0
0	1
7	321
0	54
3	816
0	2
0	0
0	0
0	0
189	3468
24	1203
0	0
0	46
2	109
0	0
1027	1073
0	347
11	0
258	0
200	52
0	148
0	46
0	32
33	1224
12	1793
2	485
0	4
0	0
9	104
0	906
0	158
0	0
0	432
0	434
140	95
0	590
0	703
0	865
0	0
2	25
3	300
0	1
0	0
0	0
228	2
3032	595
1677	5148
135	106
3	1
19	0
10	563
0	2
0	3406
124	62
951	900
0	1
0	186
0	64
0	0
0	0
52	98
0	20
204	0
0	78
259	251
0	0
38	47
160	0
0	95
0	0
0	0
0	19
2	32
27	13
0	0
0	7
0	0
0	17
9	881
0	0
0	281
0	265
255	3133
35	151
3	0
1	26
0	0
960	1209
83	568
0	0
373	475
0	0
0	0
11	1201
29	398
215	83
656	683
69	37
28	128
1	1427
1	0
216	767
183	32
248	1294
0	3
0	1
0	40
0	52
124	114
0	1
2	4
0	3
0	67
0	0
2	521
0	2
38	2384
0	0
0	0
0	21
0	0
0	0
0	0
0	18758
0	100
0	0
0	0
0	0
0	11
42	8666
12	79
0	0
0	0
6	254
1	58
0	512
0	14
0	254
52	4
529	0
15	332
8	128
8	1
0	0
180	1622
0	901
125	7
0	0
317	1071
255	180
333	1
0	2
0	0
10	4
31	333
0	0
64	2579
0	0
0	0
84	662
0	35
81	306
0	0
0	79
7	131
0	0
127	202
1	5
0	0
0	179
0	0
0	128
0	94
0	340
0	0
0	0
0	165
1	2
0	161
1	635
12	39
0	0
0	22
18	580
19	28
0	0
0	0
283	2275
0	0
0	0
22	238
0	0
0	366
2003	2210
0	83
567	1397
77	3
31	183
0	0
50	127
2	20
0	0
0	43
3	132
0	2
46	100
43	581
0	0
45	2170
0	326
1	190
1	106
0	73
15	5
1	68
0	0
28	55
0	74
0	1088
0	1
172	17
0	741
0	4
0	2
439	691
47	3737
0	0
3	1
0	188
0	0
59	1175
0	0
0	0
3	7
0	0
0	18
0	238
0	290
0	0
2	0
0	0
58	6
145	809
374	338
45	138
0	0
188	98
0	520
0	50
2	79
0	0
0	0
1	0
0	0
0	492
512	9342
0	0
0	2
1303	314
24	565
0	619
0	58
5	4
52	52
53	116
226	652
0	72
0	0
0	0
2	7
0	0
0	43
5	9
0	128
2	33
1	205
0	19
0	0
312	0
6	180
0	6
533	87
1	0
0	83
0	427
16	108
0	930
12	530
211	505
155	49
0	0
0	131
0	16
0	120
0	0
1	97
0	1403
0	0
0	0
8	267
0	2
0	0
3	356
0	865
2	9788
94	5041
0	88
1	94
0	0
0	69
0	505
418	1
0	8
0	2
1	0
463	908
0	300
49	93
0	991
15	9358
1	96
2	0
0	0
0	733
19	6757
7	0
0	0
0	136
349	197
0	0
144	160
0	4
2	29
0	380
0	0
5	334
0	366
43	1047
37	252
0	407
4	0
0	0
0	0
0	0
0	1
0	0
0	47
0	44
0	36
0	0
9	64
2	1075
0	1
0	0
0	883
0	7
94	149
0	27
65	78
1443	820
50	0
2	16
0	88
0	0
0	0
0	452
12	19
0	84
124	1578
0	0
0	0
4	3
0	0
8	2523
0	0
0	395
4	11
0	8
0	0
2	144
0	2
0	20
2	301
130	251
994	286
0	0
0	0
0	216
24	72
0	0
0	0
0	0
0	135
0	20
0	56
0	0
0	0
0	0
0	68
237	20
0	2
0	653
0	6
4	11
0	2
0	10
7	153
0	0
492	1
0	0
0	0
47	1220
0	397
3	278
0	0
0	0
0	61
362	152
0	44
0	0
0	119
0	0
0	544
0	0
0	0
1	0
26	86
1	0
0	0
0	0
6	261
0	0
1027	2874
0	235
0	109
0	0
1	0
1	0
0	0
0	246
135	1726
30	2008
1	606
20	161
7	177
5	1318
41	618
0	0
0	122
0	0
35	81
0	0
0	0
0	0
47	329
230	37
0	2
0	0
0	1
125	296
0	253
0	1
416	8
0	0
0	0
0	0
0	69
0	0
0	0
0	33
22	71
1	68
0	0
0	4
0	17
18	158
401	446
0	793
0	49
0	89
0	4
744	357
0	0
10	14
3	427
0	6
3	561
3	643
0	0
0	2
28	21
0	3
1	437
0	0
25	219
0	0
1	981
1	70
0	0
0	0
0	16
0	301
0	49
0	274
14	63
0	0
285	52
0	618
0	109
2	67
4007	98
0	0
14	498
0	0
1	69
0	0
18	542
0	0
0	5
1	0
0	125
0	14
16	0
0	0
0	31
0	0
204	7531
0	57
6	35
0	0
11	647
1	0
0	218
0	360
0	0
7	41
0	207
0	0
0	497
343	26
62	10469
0	0
0	20
10	508
1	38
0	0
277	1
576	408
14	151
0	0
102	745
3	4
55	470
0	0
27	256
47	23
242	695
0	0
0	409
0	1
0	419
145	39
11	880
1	0
0	1630
71	182
0	1
0	2095
10	626
0	72
6	929
0	434
0	26
0	0
1	385
217	330
105	263
0	13
1133	686
0	0
0	746
0	191
251	137
0	2
160	0
4	782
0	15271
284	37
0	294
17	575
0	317
5	233
0	0
2	616
0	1
15	120
0	99
0	64
45	32
0	36
5	342
0	0
0	0
7	761
0	0
98	110
0	0
0	210
0	0
0	0
2	444
2	94
557	613
0	269
0	83
5	188
0	79
0	0
10	1626
11	95
7	35
0	40
0	0
0	36
0	0
160	34
0	1
0	0
0	0
0	179
0	1
0	0
0	767
94	137
0	22
0	31
0	85
10	180
0	234
1	25
0	132
4	46
0	0
0	0
0	988
0	5
30	0
0	3
0	30
0	0
0	32
0	0
1	160
0	0
0	0
0	1
154	334
0	432
4	177
0	163
127	44
2	508
0	0
0	0
4	2
1	3
0	2192
0	0
242	107
0	0
0	0
0	0
1	17
0	0
2	754
12	458
5	233
0	0
0	0
0	0
0	29
0	0
0	63
0	68
0	0
18	112
0	1
0	117
8	709
4	396
0	0
0	0
66	346
0	0
0	5
75	333
3	55
4	45
1990	237
2	228
241	167
0	0
0	0
0	0
0	0
12	2
0	10
0	0
0	86
2	163
7	1053
4	787
54	48
0	0
1516	2
0	0
0	3054
0	154
354	135
0	27
0	401
0	0
3	9
122	9
1	1
0	1358
0	0
0	0
0	48
0	0
0	7
0	0
0	0
0	0
0	81
0	0
444	138
0	0
18	108
0	10
0	29
2	365
13	770
0	252
0	0
0	11
0	0
0	0
0	0
0	0
0	6
0	0
0	293
0	0
0	347
0	1
0	0
0	1018
0	35
28	2993
0	0
0	0
1	274
0	0
0	0
0	915
0	17
0	26
0	72
0	6
0	0
296	864
43	8018
0	19
48	629
1	0
0	0
7	103
0	0
1	19
0	175
0	237
0	0
0	1607
87	997
0	0
2	1
0	1036
0	0
67	30
0	122
0	0
0	233
1	0
245	37
0	0
147	222
0	0
14	808
0	55
0	37
0	126
0	263
91	224
0	0
0	0
150	0
0	253
0	409
166	83
0	146
0	6
64	351
0	129
0	0
0	0
217	0
0	0
0	1
12	459
19	196
0	0
0	0
0	164
0	0
0	0
0	2254
1080	61
0	3
10	1264
0	1
0	1081
1	257
0	133
113	103
0	0
1713	17750
0	0
0	0
0	0
0	0
0	169
0	0
0	798
13	68
0	35
0	187
0	33
1	240
72	3311
260	97
1	0
0	0
0	0
0	0
0	0
0	7
0	470
0	171
0	0
1	806
0	0
898	1384
0	35
42	9
225	88
0	1304
0	0
4	1289
801	1586
0	0
2	113
0	63
0	0
0	0
0	21
0	0
4	7336
58	132
0	25
0	85
0	0
0	0
0	0
1	239
0	603
571	776
0	0
0	3
0	6
1	112
0	0
505	65
0	352
0	93
155	1344
0	15
185	68
0	0
9	444
0	0
0	0
79	129
0	160
0	108
1	0
15	3644
1	708
0	86
2	0
0	4954
139	20
0	275
0	7
3	0
14	343
0	0
3	6
0	474
1	94
1	31
0	357
0	348
0	0
0	0
0	0
0	1
0	0
3	732
0	4
2	79
0	0
5	751
4	294
0	0
3	2110
2	12
218	2458
0	0
0	0
11	17
5	106
0	262
0	0
0	160
9	64
119	272
0	477
6	656
0	134
0	0
286	105
0	63
1	2
0	0
0	0
0	0
6	9
4	697
0	0
0	0
176	155
0	0
0	0
0	27
0	16
0	4
0	43
0	382
62	67
0	181
0	0
4	245
0	0
0	2
0	253
0	0
0	3
0	0
22	361
0	0
242	210
0	79
0	83
1	275
0	0
0	431
0	0
2	0
0	1
3	42
4	31
0	0
0	0
0	89
0	1
0	382
0	852
1	114
2	14
0	0
1	205
0	0
0	0
1	49
0	122
2	429
0	122
646	1335
456	0
0	0
6	525
0	396
0	341
4	155
0	572
0	0
0	0
88	1839
0	2118
2	0
615	1484
0	203
0	1378
0	2
0	0
0	132
0	0
0	3
0	19
37	54
0	138
10	6
0	0
0	0
0	0
0	494
0	93
0	0
0	0
0	0
20	3
0	0
0	0
0	669
0	0
103	2039
5	738
0	437
120	166
0	0
0	0
0	22
91	162
0	123
10	150
0	0
0	2
0	41
3	1320
0	0
3	697
0	0
0	9
75	93
2	165
5	578
0	6
0	47
1	0
1593	212
36	0
0	0
0	5
0	0
1	2
79	500
0	0
0	218
0	3
0	0
0	779
0	0
125	718
5	16
0	214
23	4250
0	315
10	483
0	0
11	1
0	0
192	54
573	264
0	1322
0	62
8	4
5	37
113	23
133	240
0	57
0	9
0	13
0	0
7	87
31	19
0	0
0	2
0	8
1	93
0	71
3	207
0	0
0	3
612	29
0	0
0	0
0	2
7	1428
0	0
96	215
23	0
0	0
1302	599
41	960
42	230
1	0
0	0
170	101
12042	238
16	128
52	45
0	5
0	2
0	0
6	197
0	107
72	538
0	16
0	0
681	985
0	0
0	551
1408	142
0	0
0	0
0	632
0	4
5	275
0	3
3	113
0	399
0	0
0	13
0	0
124	0
0	0
0	0
0	0
0	1693
67	1
0	76
0	0
0	0
17	439
0	1318
0	112
0	1518
0	0
0	407
0	1239
0	0
0	30
4	5
0	0
1	2
0	2314
0	0
0	0
51	30
0	331
0	0
19	1909
11	728
0	0
0	331
158	20
649	21
0	0
1	38
0	0
0	0
1	81
4	797
0	105
0	383
16	486
6	5200
0	0
0	0
0	0
0	309
1	1
2	0
0	128
177	783
0	0
0	0
154	159
0	0
0	282
492	11
0	10
44	121
89	231
0	58
0	396
0	0
0	0
0	0
20	383
0	566
881	1526
0	38
0	216
7	299
0	0
8	835
16	444
0	0
0	0
0	0
0	1
0	569
2	2
0	7
0	0
17	78
1	1
0	0
0	670
0	0
22	13
61	23
0	0
0	0
0	10
2	3
4	0
0	1
0	0
281	119
130	1
0	2
1	3
1	39
0	2190
41	2311
0	344
1	2
0	0
1	3
0	75
0	68
0	0
0	653
0	54
0	11
141	3
0	0
0	3
5	3
0	41
0	0
177	354
0	117
26	19
0	0
0	0
148	191
0	11
0	0
191	479
16	71
2	49
0	0
0	279
0	765
0	21
0	198
150	407
419	239
0	5791
0	46
0	701
0	9
0	74
0	64
0	42
0	0
0	0
0	7
5	2
0	19
0	3
0	0
0	919
0	2
1	11
0	0
38	29
0	0
0	0
10	23
0	0
2	148
2	429
8	2
0	575
0	0
150	285
0	0
513	12783
0	0
0	0
0	1161
0	42
82	9845
0	0
0	25
0	0
4	1654
9	363
0	0
2	428
5	96
3	0
0	0
0	2
0	0
0	22
8	13
0	450
1	590
5	1482
0	0
0	0
0	0
1	168
88	508
2	877
0	1037
0	0
1	9357
0	0
0	2036
4	0
79	63
2	25
0	1112
0	0
0	40
0	0
0	1544
87	1117
0	84
1	0
0	0
0	476
0	0
0	135
0	356
0	127
0	104
145	1418
0	6
1	67
0	3381
4	123
0	0
0	0
1	0
0	131
0	0
5	132
0	5
0	0
0	0
481	429
0	30
0	0
0	71
0	25
0	0
0	249
0	0
0	62
0	191
45	162
0	0
0	28
2	22
310	482
11	1242
0	1458
2	0
0	0
0	0
0	0
0	0
0	0
328	166
0	0
0	902
0	49
0	0
1	420
0	0
0	0
1	771
0	0
5	2
0	0
0	0
0	0
0	84
70	904
0	513
0	3
0	7
183	1718
0	0
0	0
0	2306
0	0
2	133
0	0
1	147
0	0
0	296
0	0
555	109
0	0
68	0
1	188
0	21
0	0
0	0
0	0
0	0
0	0
6	0
140	126
0	0
0	216
0	0
0	975
0	0
0	0
0	228
0	0
5	763
0	0
0	0
0	0
187	704
2	0
0	0
0	91
3	157
137	912
0	0
0	0
0	274
0	1492
1	0
0	12
1	0
0	0
0	0
2	18
0	0
0	393
0	0
0	0
0	3
0	13
33	0
135	251
0	0
0	2968
8	2228
0	386
8	128
0	0
1	511
72	366
7	1574
0	0
0	0
2	0
0	0
0	3
0	186
0	0
0	6
0	12
4	111
0	0
0	231
0	0
13	0
0	775
0	0
0	0
0	0
0	0
0	5
13	2249
67	42821
13	58
0	0
1	479
0	0
40	885
0	3525
43	121
531	4
0	250
0	3
27	105
0	0
4	132
0	9
1	114
0	180
0	0
0	666
1214	553
207	391
0	186
0	118
0	45
0	0
0	0
0	0
0	178
4	0
0	0
8	321
48	4
4	1252
79	221
0	0
260	0
0	0
0	0
112	47
9	981
0	0
97	433
0	0
0	309
0	0
0	582
0	26
0	0
0	0
0	0
2	988
0	0
1	7
0	294
259	535
0	0
1	0
214	258
0	0
2	4708
0	0
4	233
0	370
0	0
0	2
0	0
54	77
0	32
2984	14353
0	0
0	5
0	0
0	0
0	45
0	0
0	0
0	0
0	261
0	0
482	434
0	8
0	782
0	213
0	0
3	1216
3	67
0	374
14	210
2	37
12	476
0	515
0	0
0	14
26	517
0	0
0	0
0	5
0	0
0	1
0	0
5	1161
0	0
0	0
0	4
61	161
28	1447
0	0
0	0
0	230
0	12
114	7
0	0
0	0
2	0
0	0
0	0
484	332
711	0
0	0
2715	1766
0	0
0	0
0	0
0	0
0	0
0	0
843	0
0	0
0	0
13	275
0	15
0	0
3	66
133	0
0	0
1	0
0	0
0	5
0	0
0	5
0	0
0	0
0	5
0	0
0	1
0	28
0	0
0	727
0	506
0	0
0	0
0	1
0	0
27	5
0	0
0	324
0	0
0	0
1	8
0	36
0	163
0	0
0	0
0	0
0	276
3	34
0	0
10	909
5	260
0	5953
555	550
833	965
26	32
0	6
0	52
0	0
0	0
515	105
0	0
0	0
0	0
0	0
0	10
0	2178
0	0
0	400
308	3
29	380
1833	4
0	0
0	7
0	0
0	0
0	164
4	1262
0	686
0	0
0	0
0	2848
0	1
35	98
0	0
11	934
0	0
0	49
1	0
30	99
0	0
0	29
0	730
0	149
0	592
0	0
142	1233
0	0
0	0
0	85
0	0
0	292
2	71
0	39
0	20
3	272
0	0
0	0
1	224
0	15
28	285
0	54
38	133
0	4
38	34
7	272
0	293
0	865
0	1061
28	224
698	2012
0	0
0	270
274	799
0	92
0	8
76	785
0	0
0	0
0	0
3	96
0	2881
20	280
0	85
0	97
0	0
0	1
0	0
0	1
0	296
0	2
1883	994
2	0
2	299
50	56
1	33
0	205
0	0
15	414
0	941
28	653
4	0
0	418
23	542
0	0
27	4
0	0
0	24
0	0
0	0
0	0
0	0
0	1
0	11
0	2014
0	0
1	75
0	14
0	0
0	0
0	150
6	931
0	0
0	0
0	474
0	1548
358	422
553	7
136	0
207	549
0	19
0	242
1	886
370	419
0	7
1	278
0	0
0	0
1	1307
2	0
0	55
0	0
1	700
0	0
0	440
0	0
0	144
0	0
1	18
316	340
0	0
0	0
0	0
0	190
109	1081
0	0
1	0
0	1
33	29
0	50
2	326
97	7
3	319
0	51
1	1
0	275
4	32
0	0
1	33
0	29
8	0
2	176
9	7067
0	0
13	1315
0	0
0	0
3	705
0	0
16	0
0	141
87	1883
0	8
0	53
0	0
0	0
15	560
0	65
0	149
0	0
0	0
0	1318
0	0
0	3295
1	107
11	3003
1	0
4	5
0	34
3	1582
0	0
0	183
0	0
0	0
341	0
0	0
0	0
0	0
33	84
0	324
9	115
0	0
101	201
0	0
4	12
0	7
0	0
2279	2252
228	294
925	647
0	316
159	518
0	0
2	1330
394	495
0	6
0	0
0	13869
0	0
149	60
0	0
1	144
0	80
4	2
0	2594
0	0
0	431
0	271
0	0
0	0
0	13
0	101
0	170
0	0
4	7642
0	3
0	40
0	37
0	0
78	696
0	252
5	0
0	0
0	0
0	0
26	587
13	460
0	3
1	6
0	0
2	73
0	0
0	34
594	358
0	3
0	0
77	0
0	0
8	200
23	584
362	82
0	2
17	234
0	2
0	309
0	18
0	0
1	0
0	914
0	0
0	0
17	444
0	1973
4	215
0	5
0	126
0	1
2	245
3	8
0	217
527	80
2	343
0	0
0	239
679	15202
8	306
0	10
0	0
0	0
0	0
0	0
5	4
0	9
0	16
2	367
0	85
0	0
0	35
0	0
0	0
0	95
0	65
27	374
23	1944
0	0
1	21627
222	71
0	0
0	0
1	764
0	0
0	1
0	0
153	73
0	195
0	13
43	32
13	16
46	149
0	81
0	0
90	73
0	35
0	0
0	87
0	2933
0	57
2	24
373	0
0	0
0	255
2	159
2	138
0	139
0	4
0	17
0	0
0	148
0	0
0	1
19	310
0	9
0	0
0	0
5167	6595
0	0
0	0
0	0
0	106
0	0
0	116
0	0
0	0
0	0
0	0
37	24
0	579
0	59
17	5
17	1
0	17
21	0
27	24
0	317
0	0
0	9
0	113
0	0
31	5015
0	1
164	41
23	309
0	0
0	45
0	625
0	455
0	545
0	0
0	717
1	285
0	0
0	0
7	429
0	0
0	0
45	0
1	9
0	17
5	247
959	615
0	0
0	139
0	297
0	0
75	969
0	594
5	15
0	38
0	0
0	3
0	0
47	1090
115	574
0	0
0	2
0	0
0	0
0	35
1	0
2	157
16	418
0	1
0	425
69	225
0	1
0	0
47	33
0	104
441	379
47	1392
4	154
0	0
212	193
0	172
73	22
2	93
0	152
0	429
5	1397
0	0
0	115
4	31
18	114
0	130
0	0
0	0
16	340
0	0
2	7
0	414
0	0
6	132
0	158
0	6
16	5482
1	0
0	100
2	261
0	1
10	35
3	3939
0	7
2	0
18	527
0	0
0	87
0	620
0	11
2	62
26	13688
436	1023
0	29
1	968
0	0
2	4
0	20
0	802
22	1076
364	2414
0	261
0	0
0	0
2	4
52	2124
13	29
0	0
5	9
0	162
0	0
0	0
0	638
4	832
4	34
0	0
0	188
0	2
0	102
16	76
0	0
602	466
19	3
0	0
0	645
0	11
0	2
1	0
0	0
1	0
0	0
0	0
1	2559
0	0
0	36
0	44
1	0
0	2
0	465
19	137
0	0
0	0
0	33
21	319
0	0
0	0
0	0
39	0
0	8
0	0
0	555
0	62
63	148
602	1152
0	0
0	0
0	0
30	289
0	0
86	14
0	0
0	0
0	4
27	141
0	0
0	0
0	0
80	0
11	883
0	16
0	23
0	34
138	533
0	131
0	0
1	1305
0	77
2	30
0	0
0	0
0	4375
0	0
0	0
1	8
0	0
0	80
2	461
0	9
0	0
0	166
0	0
133	1010
0	1
0	252
28	198
0	0
54	20
0	0
45	134
0	40
0	1169
0	73
1615	2475
4	7
34	138261
0	0
0	35
3	381
0	0
0	5
304	63
455	3
0	137
0	130
3	257
0	75
0	0
242	508
0	60
0	0
0	0
31	152
0	41
109	418
0	136
0	0
154	0
0	0
0	1536
0	117
181	2533
0	0
2	173
1381	175
0	210
0	1653
0	0
0	92
0	6
0	45
0	113
0	0
122	15
2	297
0	176
0	421
53	480
0	0
0	263
11	14
0	0
0	15
0	175
0	0
0	0
0	0
0	10115
2	20
0	469
0	4
12	0
0	660
20	293
0	0
3	182
0	3
78	1538
2	386
9	14
0	1
0	0
14	214
1	267
0	0
31	40
0	0
4	1
1	3
0	0
0	0
0	0
3	19
0	440
3	0
0	41
0	2681
0	1
0	5
24	396
0	70
838	358
5	1655
1	455
0	25
0	1158
116	883
95	87
0	926
0	0
0	1
0	684
0	272
0	541
97	2647
0	0
1	136
27	215
0	0
0	646
0	0
0	0
0	19
0	9
3	394
0	0
0	0
0	213
49	8
556	0
0	15
18	110
0	271
0	0
0	0
0	2
0	721
0	0
0	1
0	0
0	322
0	0
0	41
15	1506
66	838
0	1095
0	8
0	10
0	0
0	0
101	297
1398	95
0	8
0	0
0	0
886	726
758	3188
0	149
1	2
0	86
1	40
0	218
0	25
0	10857
74	881
0	0
0	858
0	0
71	1412
238	495
0	4
0	14
0	0
10	186
104	436
0	2095
310	14
0	161
0	54
0	15
0	24
86	57
18	106
60	1412
106	144
0	1186
0	1
0	0
0	0
0	0
0	17
1	51
0	333
1	124
6	446
30	14
5	1085
0	0
0	0
1304	2398
0	0
0	6
0	1
0	1
0	5
0	0
2	39
0	774
671	534
3	145
0	100
0	0
17	2101
265	161
0	367
0	0
0	0
0	0
0	212
0	366
0	1
0	2495
247	67
0	0
0	2
0	18
0	12
39	231
0	0
0	351
0	526
0	0
0	0
0	210
0	0
0	511
0	0
0	69
0	1343
43	61
3	2
0	0
0	0
166	1311
0	0
19	1080
0	0
540	392
15	112
0	483
0	3660
0	65
0	5
0	0
0	52
0	0
54	1354
0	217
2	26
4	302
1	49
1	5
215	3092
18	900
7	0
0	0
66	278
11	15
0	26
3	2863
0	0
3	134
0	0
18	1236
2	115
0	976
4	0
0	3
0	1647
0	0
2	1055
6	822
13	46
0	181
1	159
0	0
0	0
0	0
10	25
0	0
98	3485
1	52
0	639
0	0
0	0
1	763
0	84
0	248
0	0
0	249
0	9
0	0
0	0
11	139
0	0
2	98
0	0
0	224
523	188
0	227
0	133
0	21
0	837
0	0
0	2
98	574
0	0
0	0
0	870
0	1
0	0
0	1
0	0
0	460
0	75
0	0
1	314
0	0
209	120
4	13
0	1
136	743
6	4
149	128
16	228
0	1088
0	35
135	778
0	0
11	32645
0	0
0	156
1	581
0	0
0	424
0	0
378	2251
0	0
7	48
267	856
0	0
3	577
1	303
0	0
0	10857
0	0
5	2297
3	633
0	0
0	88
0	0
1	370
36	493
26	326
1	320
4	591
0	75
0	0
0	96
0	0
0	112
0	1
0	41
0	0
0	0
0	2
0	193
1	174
0	202
5	0
0	0
0	0
0	1
0	1005
0	0
0	0
0	5
0	2549
0	0
0	10
5	4
1	0
0	0
0	0
0	6
0	2
59	485
0	0
0	0
0	2215
4	102
132	290
0	71
0	1
0	1
6	442
3	420
1	69
0	0
0	0
0	1477
0	2
0	498
0	440
48	916
20	110
0	771
51	287
0	0
0	0
82	74
4	265
0	0
0	445
0	0
1	96
9	12
109	417
442	162
0	0
3	406
2	4
0	420
0	0
0	696
0	24
0	179
0	145
0	167
0	1
0	0
0	2
0	0
5	40
36	325
0	1
1	107
0	111
0	2
0	0
0	0
1	1
0	0
0	61
0	12
17	179
0	0
0	37
0	0
6	101
0	0
0	367
0	0
2	259
1	350
0	52
14	973
0	0
191	139
0	1
0	24
1	176
0	0
6	0
230	61
1	199
0	113
56	480
6	648
3	1
0	0
0	0
0	712
0	0
0	0
0	0
0	4221
0	525
1	205
99	37
1	82
159	2410
0	48
0	366
0	114
0	0
0	103
0	1264
0	553
0	1
0	0
0	3
0	15
1	2
0	1
0	0
824	2
0	0
0	188
12	4182
0	0
48	4
0	450
0	292
0	589
0	0
0	574
1	1
13	18
0	6
0	0
1	1
0	59
0	0
0	40
5	210
0	955
0	0
0	0
0	0
12	94
39	1
337	831
0	23
19	795
11	793
0	50
3	711
4	275
0	7
2	229
0	23
1	0
0	0
0	1286
1	146
0	0
0	44
2	161
71	34
0	46
16	1
4	120
0	60
0	79
1	138
0	0
0	0
0	0
21	14
0	43520
0	217
1	224
3	486
0	15
0	358
0	0
1	0
4	512
0	0
12	37
2	3
0	0
0	0
0	0
0	0
2	196
190	277
5	555
0	649
0	0
1	324
1	118
0	0
0	1
8	142
53	0
0	0
0	1184
0	0
0	96
12	0
50	39
0	452
0	32
0	58
2	51
1	1
0	0
0	6
266	2549
47	2
1	1
0	4
1	247
0	0
0	1
0	0
0	0
7	985
0	0
0	0
18	201
216	285
0	0
0	1419
0	40
0	431
0	0
1597	5562
0	54
0	2
171	99
0	4
1	35
0	1
0	15
0	0
5	258
18	0
0	64
85	272
0	128
0	0
0	0
0	177
81	768
0	0
1	16
6	109
3	534
9	1422
23	390
0	0
0	0
6	3096
0	0
0	2
0	0
0	0
0	0
0	570
780	409
0	0
0	0
65	978
1	3
0	0
0	1158
0	1
0	73
1	44
0	0
3	514
6	42
59	135
0	22
1	2
0	0
0	105
0	0
0	0
1	951
0	0
0	87
0	44
0	2052
0	37
0	0
0	0
0	197
0	0
0	1441
2	189
0	0
0	0
0	0
2	314
0	20
0	22
0	59
0	0
10	1268
229	541
0	7
0	0
25	967
0	31
0	1
0	162
454	94
5	34
0	864
0	0
0	0
29	457
0	1
0	0
10	923
0	1124
0	0
5	206
11	157
0	3553
0	0
76	117
0	0
2	153
1	14
1	754
304	2185
0	174
22	103
0	7
0	0
0	0
1	0
0	56
0	14
0	0
0	0
0	8
0	300
0	2
0	0
0	0
1	381
0	59
0	20
0	0
69	776
0	1
0	134
40	162
0	0
0	2
0	0
2	0
0	0
3	32
0	2121
0	416
1	24
0	85
1	42
215	809
0	0
28	138
0	0
1	74
15	0
22	271
5	16347
0	1
0	5
0	0
9	85
0	105
0	0
0	1
0	0
0	0
0	5
1226	29
0	536
2	149
0	4
8	906
0	0
0	0
1	20
0	453
0	0
0	169
0	1
0	0
0	0
0	0
0	563
0	0
0	0
0	0
0	0
2	970
0	1656
0	130
0	106
0	137
0	2196
0	0
0	237
61	601
9	37
0	0
0	0
7	393
0	0
0	0
0	1
0	312
121	107
0	0
0	150
1	14
0	0
34	438
0	3
0	0
0	0
1	20
3	376
0	1
91	62
0	36
0	248
0	0
0	342
0	6
0	457
0	0
0	943
0	273
4	632
3	121
1	1
0	0
0	269
0	0
117	76
0	87
311	1
1	8
0	0
0	0
0	0
22	1963
0	76
0	63
0	0
0	0
176	4016
0	182
0	0
0	0
0	0
3	0
0	0
22	197
91	413
1	25
10	3
3	2559
0	714
5	266
0	0
0	33
0	0
0	0
0	1636
2	163
0	0
0	185
0	37
0	1
325	230
0	0
0	0
0	275
2	4
0	1578
31	1567
6	29
2	303
0	10
1	1034
58	844
1	1099
0	0
0	739
0	0
0	0
0	1
0	77911
2	644
1	82
0	1
0	1279
0	74
137	81
0	0
2	154
2	149
166	93
0	403
0	0
0	46
0	8
5	38
20	1
0	4
16	42
0	256
1	1
1	1319
322	33
0	10
4	5
1	0
0	0
5	17
0	0
0	14
0	0
0	2
0	0
74	23
1	68
10	311
0	250
0	0
0	0
55	154
0	997
739	639
26	497
0	0
166	23
0	51
2	619
0	1
0	20
3	3708
0	0
0	0
0	55
0	0
0	0
6	5748
0	0
0	13
0	4
7	88
1	75
225	773
0	714
4	334
0	1
656	62
44	260
0	205
0	4
2	16
116	157
6	0
0	366
88	160
0	0
614	214
0	0
0	0
0	0
0	58
0	0
0	4
0	75
0	0
0	35
41	0
0	0
10	0
0	877
2	0
107	3279
0	0
0	584
0	22
0	0
0	0
0	0
642	318
0	0
0	0
0	0
0	16
43	578
0	0
0	2
0	0
18	996
10	15
0	0
0	1
0	0
1	1
0	1922
4	89
598	1439
0	311
0	9
0	457
7	46
0	0
0	49
19	167
0	9
0	14
1	2
0	0
2	38
0	12
0	0
0	108
16	338
0	0
55	814
11	89
0	0
0	0
0	739
21	328
0	0
0	0
0	1612
0	121
277	2669
0	31533
94	1045
0	0
1	76
0	142
0	10
0	0
394	286
7	0
0	0
2	164
2	240
1	4
14	58
0	0
0	0
1	1049
0	9
0	2192
2	0
0	5
1	12
11	559
0	183
21	11609
36	558
0	586
11	154
0	0
0	0
0	69
0	0
51	29
0	1
0	419
14	4
179	2040
0	0
0	0
3	0
39	4
377	202
0	0
0	0
0	0
32	582
0	0
0	0
0	0
0	2
0	1296
16	33
1	0
0	37433
12	2471
0	1240
2	184
0	337
0	8
2	1524
0	0
0	4
0	464
0	2
6	490
1791	2
0	0
0	0
15	0
0	0
0	929
0	1
0	1237
0	7
0	82
0	0
54	8590
7	253
1	66
1	542
637	12
0	0
0	0
6	1950
0	0
0	19
0	8
0	41
1	120
0	0
1	385
0	284
0	1
0	0
0	101
0	18
0	0
1	152
0	0
0	1
0	0
0	111
0	336
0	0
2	0
0	876
0	0
2	43
0	131
0	0
0	147
292	333
0	22
0	0
0	0
0	1709
291	937
15	1385
0	0
4	1007
0	0
0	0
0	1
0	0
0	0
0	0
0	0
0	0
0	0
0	0
0	24
3	289
1	68
0	0
0	0
3	1713
0	1
0	9
0	0
541	259
2	156
0	0
0	153
0	0
4	3
68	0
0	4
6	218
0	0
0	685
0	8
0	41
0	7
0	0
0	654
2	979
0	12
8	60
1	1198
0	249
0	0
0	0
0	226
2	67
0	0
0	13
450	102
171	397
0	0
0	25
0	0
75	30
0	0
0	0
0	0
4	533
778	107
0	0
14	1985
0	267
0	18
3	115
0	9
7	196
0	0
0	0
439	608
0	0
0	0
2	19
1625	638
27	1430
0	87
0	0
0	18
0	0
0	0
0	0
0	5
0	24
0	268
0	3
0	0
0	6
0	118
9	144
11188	4435
28	398
0	0
5	57
0	0
40	17
0	74
0	0
0	0
0	0
52	210
310	499
0	57
1	7
0	784
0	0
0	0
1	428
0	0
0	190
63	525
0	58
0	0
0	1035
6	1297
0	0
101	0
0	0
0	0
0	0
6	1198
2	847
0	0
0	0
0	0
0	672
0	0
1	33
0	3
4448	5196
0	0
0	24
0	422
0	0
8	16
0	9
0	94
0	66
0	0
1	10
0	0
1	0
0	695
0	11
0	0
0	118
0	0
0	0
0	45
0	0
0	276
0	616
0	2
0	1202
0	202
3	1
0	1044
0	1411
0	0
15	95
0	0
20	422
0	0
0	17
0	21
0	1
6	608
0	6
0	467
0	0
0	8
96	25254
0	0
1	0
1	3354
0	63
0	34
10	1120
0	0
0	136
0	0
0	182
320	32
344	44
0	237
1	241
1	218
114	1703
19	144
0	361
0	0
0	59566
0	0
0	173
0	0
0	0
879	3
0	0
593	218
0	0
0	0
0	4
21	12
0	0
0	0
0	0
17	172
14	8
0	69
1	2299
0	0
0	265
0	17
0	0
0	0
0	4
0	0
0	0
0	40
1	0
0	16
49	808
64	14542
0	1580
0	0
79	360
245	401
27	45
0	0
0	0
4	799
0	0
0	2
4	8
0	864
0	4383
0	29
0	0
0	0
0	0
0	0
1	2
0	103
2	596
224	3570
4	406
0	0
0	174
1	0
173	1640
2	0
0	0
0	743
0	220
439	0
0	0
1	29
0	189
0	14
0	0
0	0
0	80
0	0
984	332
2	181
0	0
0	2
478	4926
23	526
4	2
0	13
333	99
0	46
0	509
7	0
0	0
0	0
6	13
1201	0
0	175
0	0
0	0
0	0
0	5
0	0
0	460
0	148
0	13
1	15
0	0
0	121
0	11
0	0
0	0
0	2
2	87
0	0
0	231
0	6
0	20
0	0
2	0
0	235
0	50
0	38
285	90
0	0
0	0
0	251
0	239
0	0
0	0
2	319
0	16
0	0
0	2
0	1410
3	54
0	3421
0	310
0	116
139	314
1	188
0	1730
0	0
0	0
518	0
1	505
1	2
0	0
78	187
0	856
304	0
0	1731
9	212
126	7
27	390
0	12
1	182
0	164
0	1
0	0
0	0
254	265
0	69
0	0
0	140
1	11
1	259
0	35
3	617
7	2453
5	78
0	47
0	74
1	2027
2	289
0	0
27	544
0	0
259	465
0	0
1	739
0	18
0	1
0	0
1	0
164	0
34	32
2	13
0	0
5	71
0	0
0	0
5	188
0	6
1770	3016
19	138
0	91
154	424
0	0
5	447
0	475
0	0
0	457
0	49
0	16
0	0
9	2537
0	0
0	0
0	68
0	0
0	0
0	169
0	0
0	0
0	0
0	195
30	33
593	644
60	93
0	810
2	512
255	0
0	0
0	14
0	0
325	137
0	0
11	2762
0	899
9	86
0	0
0	0
9	265
7	478
1	103
0	0
0	291
0	126
0	0
0	0
0	62
1	401
0	505
0	0
0	0
3	417
5	41
0	0
0	12
0	0
0	286
3	27
0	0
0	0
0	1642
1	1
0	25
0	1
13	0
0	0
0	0
107	29
0	864
0	1
0	0
149	8
0	1
57	1799
0	38
0	215
0	428
0	0
17	0
879	385
10	165
0	4
362	897
0	7
0	5
0	1407
0	0
147	0
6	2232
0	0
683	1
0	631
0	11
0	0
0	8
1	1166
0	0
0	16
0	0
0	1465
2	63
0	0
0	49
0	64
0	0
0	47
0	0
207	45
0	175
0	4
56	158
95	0
0	43
0	0
1	478
0	0
17	3555
1	8
0	0
0	0
0	0
0	151
0	0
0	0
0	11
0	0
0	239
0	0
0	0
0	740
8	12
147	293
0	11
0	306
0	3
0	0
0	0
0	0
0	82
16	166
0	835
0	82
116	3776
26	1442
0	0
0	0
0	10
10	213
0	2
1	79
0	28
2	0
0	9
0	7
208	10
58	64
0	23
0	0
4	1
0	23
0	210
0	0
0	3
35	239
0	0
0	1080
21	607
2	101
0	0
0	0
43	32
18	947
1	42
5	9252
0	0
0	0
0	1053
234	314
353	24
3832	29000
0	272
0	224
0	63
0	0
138	192
737	336
0	3
0	41
3	613
0	2
0	11
0	317
58	316
0	0
0	374
1850	6796
0	0
0	12
0	14
12	0
0	104
626	1203
0	0
37	750
0	9
0	13
0	0
138	102
57	3
0	4
0	0
28	0
4	414
0	0
1	175
0	9
0	22
142	89
17	103
0	228
2934	809
0	1372
0	0
0	0
0	0
2	0
0	28
0	0
0	0
0	0
70	500
0	21
0	0
5	1142
0	0
228	240
0	0
0	0
0	0
0	0
121	390
0	33
0	10
0	79
0	0
1	161
0	0
0	0
3	186
0	57
1720	15409
2	0
0	349
4	132
0	906
18	285
1	0
6	181
0	0
0	366
0	132
0	10
9	174
0	392
0	302
0	134
0	0
0	0
0	33
0	70
0	0
6	141
0	0
0	226
0	14
0	0
3	181
0	3
0	314
0	213
0	0
0	0
0	0
43	756
2	91
0	4
0	802
0	2
733	1
0	198
0	0
0	140
0	0
1409	118
0	452
0	505
2	121
0	483
0	0
0	1933
43	304
0	0
0	0
0	8
0	0
4	0
58	2048
0	1
82	412
2	1081
0	1
0	0
1	31
0	0
0	0
0	0
81	0
0	123
280	14
0	0
5	1231
0	348
0	0
0	781
70	196
0	195
0	0
1	229
0	0
1	0
1	21
0	0
0	145
0	0
0	0
40	538
0	52
0	44
1145	1
0	0
2	3067
48	63
7	124
0	148
0	0
15	166
0	1
0	0
101	0
0	0
47	4
6	4919
0	1026
0	1
16	1985
0	0
0	116
26	0
0	325
213	1
0	110
0	0
0	39
5	186
513	7216
0	0
4	46
0	0
0	158
2	3
0	0
0	112
1	841
0	354
0	0
0	0
8	15
0	0
0	70
0	1
0	0
0	80
66	200
1	9277
0	0
0	94
4	184
0	289
341	84
89	735
0	0
1	69
0	3
0	4
0	2
0	0
0	200
0	2
0	0
0	1
0	219
0	16
0	0
5	911
0	333
1	0
376	177
0	623
0	0
0	484
0	15
0	0
3	5
17	505
0	8
0	0
0	5
0	99
0	0
0	0
0	0
29	11749
3	310
0	8
1	0
0	0
0	8
0	28
0	0
0	0
1	6
0	23
0	0
0	440
0	150
175	544
43	43
0	0
0	1
0	2
0	487
0	34
17	97
0	54
0	74
0	0
0	45
17	1453
0	0
0	28
0	1
6	263
6	137
0	0
0	32
0	0
36	305
0	0
0	0
0	0
0	10
2	3
1	0
41	9
0	0
0	0
2	56
0	0
0	0
24	764
0	2
816	982
36	9
0	0
0	156
0	0
1	0
0	557
0	70
1	1364
144	189
2	45
0	1
0	3073
0	0
0	1
0	0
82	7135
0	3
0	0
113	16
5	524
0	0
0	0
0	231
7	8271
0	0
0	6
0	0
0	1
0	0
0	201
0	1539
227	25
0	1
0	6117
0	7
0	330
0	0
0	0
0	0
0	4
11	34
2	231
0	1
0	104
597	1339
0	0
123	575
0	302
0	611
0	0
0	1
5	0
6	203
1	213
0	4
74	259
0	0
0	0
0	0
0	0
0	0
0	0
0	0
7	2
0	180
7	147
12	211
0	65
3	432
0	3
0	393
0	33
0	12
0	0
233	140
3	222
0	12
0	0
0	0
0	34
1	197
0	0
0	0
0	187
0	15
8	1123
0	5
0	0
0	685
14	276
0	0
4	37
0	150
10	279
0	37
2	184
0	0
0	4
0	376
12	218
2	234
0	0
0	0
0	1127
0	3576
0	0
0	4
0	1701
3	472
0	0
14	17
42	4
6	66
0	4
84	725
0	70
0	0
0	0
0	0
681	1614
0	0
49	609
0	302
4	331
0	7
908	385
15	490
4	104
2	1271
1	4966
285	184
1	4389
0	85
0	0
0	24
2	0
0	1
0	1
3	878
0	0
0	0
5	1926
8	449
0	0
0	0
0	218
16	20
0	0
2	48
0	0
0	0
0	0
4	247
0	0
0	69
0	7
0	0
0	0
3	39996
4	38
0	2482
0	0
112	348
0	0
0	0
0	65
0	120
0	187
36	1583
3	0
0	0
12	1754
3	49
0	0
11	83
0	234
1	297
2	154
0	0
0	1679
0	14
0	11
255	543
2	0
0	321
2432	3
1	0
0	0
0	20
0	417
0	10
0	0
391	1516
0	323
213	5428
0	42
0	0
7	0
3	250
0	0
0	0
0	149
1	1993
15	29
0	217
0	166
1	15
1	62
2	662
3	654
0	266
0	0
0	0
1	325
2	14
2	332
0	89
0	20
0	12
18	158
0	312
3	13
3	452
0	1
0	0
129	498
0	0
6	252
2	131
0	11
0	147
0	1
21	60
3	45
0	126
263	944
0	0
0	0
0	1
1	0
0	0
0	85
142	349
0	319
5	975
0	2
656	5345
29	1740
0	9
0	13
0	0
0	0
10	107
0	0
0	0
8	518
809	1
87	0
0	0
0	0
0	14
0	0
0	0
24	578
0	0
0	0
0	0
0	311
8	16
0	0
0	23
1398	0
0	0
0	73
8	0
8	3704
0	7
1	20
6	10802
27	3
0	433
0	1
0	85
1	1
2	194
0	194
0	79
0	0
2	431
58	484
0	0
0	2008
6	250
25	2429
0	0
310	28
2	42565
0	0
0	0
115	67
0	0
0	0
0	0
0	0
0	0
0	1
250	8
0	0
251	832
0	0
10	501
0	27
0	0
0	1884
227	5806
101	763
0	818
0	0
0	0
0	0
5	8
0	0
6	326
0	222
0	0
0	0
17	86
0	411
2	319
0	0
0	372
3	196
0	0
2	1
0	171
0	0
0	0
0	0
126	57
5	1557
0	753
0	1174
12	79
0	4
0	430
0	330
0	0
0	0
0	5
0	311
0	10
0	0
11	0
0	72
0	211
0	422
9	120
0	0
0	481
0	142
0	4
270	2
0	0
0	0
0	0
11	86
61	77
0	0
1	405
0	7
3	5265
0	15
0	151
0	0
0	1
0	0
211	21
1	348
0	0
0	0
0	0
0	0
0	0
0	0
0	0
3	445
0	0
1156	3188
0	692
0	0
0	0
318	8146
0	0
98	1414
0	0
0	35
24	272
0	0
0	0
13	512
0	414
0	0
3	90
3	23
0	10
0	150
1	4
1	496
0	0
0	114
6	119
0	155
0	87
192	506
0	0
0	1850
0	530
0	0
8	128
1	1
88	0
0	192
0	17
154	784
556	183
0	28
40	121
0	18
0	417
0	0
17	2617
6	777
3	183
0	1
0	26
1	61
0	287
0	2
498	928
0	0
0	0
61	69
0	1067
0	0
0	0
0	0
0	358
6	75
1	73
0	0
0	0
0	30
0	0
1	147
0	19
0	65
5	0
0	188
0	21
223	202
0	7
14	59
0	0
27	738
2	0
31	149
0	0
0	0
0	510
160	0
123	31
0	25
0	0
0	337
2	322
0	0
61	281
0	0
0	0
0	0
0	2
0	0
0	117
8	307
0	0
0	0
1	429
0	0
0	0
0	151
20	44
0	168
0	909
172	1259
0	1550
0	495
0	254
10	4
18	1326
0	282
0	0
0	19
0	357
20	101
1	35
0	57
0	0
5	207
17	2039
0	0
0	358
11	469
0	0
0	0
0	8
106	4739
4	73
0	236
0	0
2	238
1	69
401	537
0	4
10	1983
0	0
203	51
0	0
1488	3189
2	0
4	327
0	0
0	163
26	0
0	0
0	349
1	0
0	693
54	0
0	0
337	2
0	0
0	108
0	0
1	436
184	4150
7	99
27	14
0	7
0	1
0	1318
0	0
0	0
0	512
0	0
0	0
0	0
0	0
0	0
0	697
1	0
0	0
0	130
4	3583
0	0
0	0
0	0
0	0
0	0
0	3
0	0
1	134
1	29
0	200
0	10
0	0
0	0
0	0
1	2
0	275
1	0
7	83
0	10465
0	82
15	2893
0	1
0	285
0	0
0	75
0	0
0	0
0	0
4	818
0	15
254	101
0	237
0	54
0	14
78	292
0	153
3	115
0	44
0	0
0	46
0	0
0	2
32	15
0	330
0	0
330	517
450	0
0	7
0	0
0	2
0	44
17	198
0	504
1185	4450
234	595
0	222
0	0
0	2
0	0
1	3
0	0
14	18
0	22
0	52
0	1
1554	870
0	0
0	412
0	0
542	41186
653	5918
0	0
0	47
1	542
0	174
124	206
0	55
0	41
0	0
0	39
0	0
4	1848
11	141
237	7
0	143
168	267
0	328
113	439
0	63
44	1562
0	68
0	218
19	3089
0	34
0	0
1	10
0	256
0	15
0	702
0	4816
2	36
2	0
1	62
0	22
0	0
19	0
17	122
0	15
8	299
0	0
0	759
23	265
0	0
0	348
3	41
0	0
0	155
7	963
114	506
0	0
0	7
0	0
37	19
0	0
0	0
0	0
0	193
0	0
16	54
0	100
0	0
0	1
0	0
0	0
2	0
0	0
1	0
0	85
0	29
38	1442
0	219
0	0
0	73
0	0
0	128
0	0
0	0
0	0
0	0
0	1379
0	0
0	0
0	0
21	848
0	5
0	0
0	0
0	0
0	0
0	0
64169	871
3	201
0	0
0	0
0	58
0	93
285	343
0	0
0	0
5	664
21	1131
1	188
269	1
0	0
0	2
0	28
0	556
0	0
968	0
0	0
0	1013
0	0
39	4
0	0
0	5
0	0
0	0
0	3
0	0
0	1
0	480
0	0
7	881
92	365
0	0
0	0
0	0
0	2450
0	14
0	0
18	7471
3119	1378
0	0
8	1104
9	58
0	0
0	0
0	0
450	853
0	3
148	457
1	0
323	214
0	14
0	212
0	0
0	7
0	0
12	125
0	20
181	1177
0	478
0	0
0	0
2	0
133	213
0	0
0	0
0	0
0	1
0	770
0	0
0	0
118	32
0	121
0	5
55	67
1	19
0	357
0	555
39	936
0	0
0	195
0	163
0	151
0	76
0	0
1	641
460	283
353	129
1	7
0	0
0	0
155	42
0	0
0	0
0	4
8	742
0	15
21	1045
0	4
0	0
0	0
0	0
0	5
0	0
0	2
2641	263
36	69
14	759
3	0
0	0
37	240
0	2
54	1876
13	4063
99	304
0	1218
0	0
0	6
0	0
1802	614
0	0
0	4113
0	0
0	0
39	1
1	1
0	5821
2	180
0	2216
2	0
101	281
127	0
4	208
0	492
0	0
2	1055
6	51
0	150
0	153
0	1
0	191
8	130
0	99
0	107
0	0
0	0
0	0
44	0
0	0
2	0
0	0
9	124
0	0
8	136
0	0
1	222
0	0
5	233
0	52
0	0
0	129
2188	24
30	143
0	646
0	1
0	0
0	1
0	204
3	1493
0	0
0	315
0	0
0	15
0	0
4	363
0	0
0	0
43	720
0	455
3	171
0	130
1	136
0	34
10	233
0	210
0	22
0	335
233	843
0	5
8	48
0	90
0	147
8	2
0	7
4	6
0	177
0	502
369	71
0	12
0	6
0	33
1274	832
171	1718
0	0
2	779
52	277
0	12
0	176
0	0
0	5
453	0
60	203
1	0
0	201
0	0
41	5
84	122
0	347
0	0
0	0
19	5
0	0
0	0
0	0
4	5
0	2
6	374
22	41
0	156
0	0
0	91
1	60
0	3
0	10565
7	153
217	2191
0	223
0	0
0	0
0	65
0	73
0	206
73	302
0	3967
0	33
191	0
729	899
1	18
45	42
0	0
512	274
0	0
0	1
0	0
5	118
571	331
52	122
4	4144
2	3153
0	0
4	50
174	32
0	9
0	0
12	551
0	0
0	8
269	33
0	1
0	1
0	229
0	424
57	2101
0	811
0	1
19	5
82	10993
0	0
0	0
0	1
0	0
1	200
9	278
0	1
0	0
0	3
0	0
0	5
0	0
0	48
0	12
0	1235
1	80
0	638
36	257
0	286
5	12192
0	79
6	381
0	0
5	2523
0	0
1	153
0	4
0	13
5	121
1	3
0	3
14	0
4	1
22	0
0	9587
52	40
0	3
0	0
0	0
13	5
48	737
0	1
0	0
4	147
0	308
0	3
0	0
0	0
0	134
0	0
7	728
0	1
5	126
7	1074
0	0
0	0
0	353
0	256
0	101
0	0
0	0
0	0
0	251
0	70
0	0
85	268
2358	6
1010	80
0	694
0	216
0	0
11	457
0	1908
0	0
0	11
0	0
16	19
47	99
2	1147
0	0
0	1
2	3
1	485
159	0
9	799
0	24
0	0
0	51
0	0
0	2
0	0
0	0
0	2
3119	1428
0	0
1	0
4	914
159	591
0	0
0	131
0	0
0	0
2	0
10	12
2	2439
0	0
310	1076
0	0
0	6
0	34
285	1425
0	2444
0	0
69	766
0	57
151	2678
3	572
0	0
58	29
0	0
1	0
0	0
0	0
0	74
0	0
88	1180
0	5
0	54
0	0
0	0
0	252
0	317
0	146
0	13454
5	68
0	14
134	90
0	0
0	0
0	0
12	110
0	0
0	0
0	771
19	1255
6	65
0	1
0	0
0	55
0	689
1	18
0	363
0	0
0	0
2	124
0	0
101	310
0	0
0	0
0	119
219	185
1	11
436	5996
0	0
0	0
4	9
0	17
0	2097
0	0
0	27
0	0
0	10
6	766
0	0
0	302
0	0
0	226
318	468
0	1
3	1
3	138
0	0
25	0
0	0
17	14
0	1279
0	407
0	50
0	4
1	568
0	0
0	0
0	0
14	438
2	8
1	527
0	0
0	54
0	2
0	0
0	0
0	3
0	207
0	159
0	0
0	0
0	2
190	138377
0	232
0	43
0	0
2	747
0	3604
152	555
0	339
0	0
0	19
0	0
16	0
0	0
12	2
0	0
5	10
4	137
1	0
55	0
1	245
0	3
14	414
0	0
79	278
147	0
9	183
6	3
201	20
0	1
0	7
0	0
6676	145996
5	24
15	799
0	115
0	267
0	9
0	1
0	89
21	5
0	2766
0	11
6	422
0	0
0	16
0	0
0	0
0	1
632	30994
0	0
0	426
0	0
0	0
1	0
2	257
1	635
42	312
30	197
0	84
156	32
0	3
0	0
0	0
0	0
0	0
5	2
8	28
0	22
20	795
0	3
0	0
0	1874
2	139
23	883
0	0
0	0
2	333
53	1278
0	0
63	3214
35	5261
0	50
0	0
0	0
318	135
0	0
1	180
89	0
159	1137
0	0
21	290
234	515
38	1199
0	106
0	37
0	88
0	0
11	688
0	0
0	0
77	12
0	0
3	352
3	18
0	94
0	0
1	728
321	2
0	0
29	36
0	402
0	0
0	1
0	302
0	0
0	28
0	5
0	2
34	252
4	492
0	0
0	0
324	470
11	131
0	108
0	7
0	0
11	1578
362	416
0	87
453	2128
52	1674
0	16
0	0
0	212
34	2654
0	214
118	432
25	198
567	69
0	1
1	1076
11	9
0	0
0	6
212	2507
176	167
0	88
0	367
0	0
0	0
0	353
0	92
0	12
0	19
0	663
0	0
150	1969
0	0
0	0
0	0
4	37
0	0
1	51
0	2
10	285
0	1
82	36
236	53
0	0
0	0
0	328
0	20
0	106
0	0
1	2160
0	4
0	52
0	1
5	47
0	9
0	59
0	0
0	0
0	172
43	322
0	0
46	1560
21	482
862	133
37	26
0	0
0	0
0	0
0	0
0	0
0	0
0	0
0	0
0	911
0	0
0	0
0	10
29	806
0	0
0	0
2	81
0	11
19	178
0	0
0	0
0	310
0	0
0	31
1	1285
0	55
0	0
3	328
0	0
0	0
0	0
0	689
0	7
0	0
0	0
0	0
2	400
0	3500
49	1979
0	301
24	28
1	565
0	0
0	31
0	5
1	3
1	194
4	68
198	475
0	124
1	0
51	602
0	1
1	202
0	0
0	0
438	368
0	0
0	0
5	745
0	0
0	0
0	5
0	46
0	205
20	542
0	0
0	0
320	38
46	1468
0	101
0	4
0	0
159	794
0	0
0	1
2	42
0	0
0	0
0	0
0	1488
0	0
0	0
0	0
0	3
28	582
154	284
0	12
0	0
1	2201
2	179
1	90
0	1
1	1902
0	0
3	2
0	35
436	289
6	309
122	1489
0	0
0	4
10	253
0	0
0	0
0	0
0	0
0	2
0	0
15	359
0	1205
0	0
0	74
0	22
0	1
0	147
0	0
13	379
0	0
0	0
0	0
0	356
0	253
0	0
0	881
0	823
120	373
51	7
0	195
0	152
0	0
0	0
308	1291
0	410
0	0
0	0
15	107
0	0
609	641
0	0
0	0
0	0
0	538
0	0
495	275
0	560
81	410
0	0
0	0
249	679
0	37
14	273
0	0
0	0
0	238
9	175
7	50
0	0
73	19
0	1
0	0
4	303
0	0
8	34
0	258
0	0
0	1
0	0
0	5
0	1
0	620
1	1263
0	1
0	0
2	357
0	300
1	54
0	989
0	203
0	4
0	0
0	9
5	45
0	53
0	372
0	551
0	0
0	0
0	0
32	0
11	340
0	51
2	11
0	168
0	653
9	345
0	0
0	2
0	0
0	0
0	0
0	0
0	126
1	117
0	0
0	0
1	0
0	0
1724	362
45	565
0	0
0	0
0	0
0	134
0	0
0	0
0	306
0	0
0	0
0	0
0	0
0	0
0	328
0	25
0	256
0	1
0	0
0	0
6	264
0	0
0	0
30	74
0	2179
27	0
0	0
0	35
0	0
0	360
0	897
0	0
6	609
0	7
0	0
0	285
0	54
11	5
0	2
0	0
36	215
0	5
1	135
0	0
0	0
0	0
0	0
63	17
0	0
0	0
484	5639
0	52
0	0
0	0
16	67
9	151
0	21
1	225
613	274
0	97
306	2510
0	692
0	0
0	0
0	263
0	56
1	0
0	12
0	20
51	106
0	0
12	176
0	0
0	307
0	383
0	144
69	344
0	0
6	9887
0	80
0	30
0	0
47	805
1	0
0	580
8	9
19	265
0	0
0	0
0	33
0	4
0	0
0	0
0	73
0	6468
0	25
0	51
1	0
0	0
0	6
0	0
1	2723
193	87
0	106
3	14
138	0
0	211
0	1
0	0
0	12066
0	1
0	0
0	0
0	0
57	38
0	1234
0	0
0	0
0	18
0	1470
0	191
0	0
122	651
0	0
14	410
2	298
92	148
0	0
0	514
22	24
0	0
17	7
0	0
61	838
0	307
0	0
0	0
0	24
26	1945
5	28
0	0
0	2197
1	235
0	2
1	0
3	150
72	215
0	110
0	508
0	0
15	587
2	8
0	0
0	0
0	14
1	482
0	0
0	0
0	103
0	1
9	563
10	165
5384	2
0	218
0	358
0	0
0	210
0	0
0	1
0	69
0	175
0	820
32	2
0	0
0	328
0	1307
0	8
59	29
0	90
0	0
0	1
1	21
1	0
0	577
3	312
270	960
0	0
0	0
1	2
0	0
0	0
1	0
0	0
0	1
3	229
0	968
208	669
0	315
48	1298
46	106
0	0
2	7
0	3
0	471
0	1186
0	413
0	39
151	257
0	0
0	0
0	1137
0	5
0	1
0	0
0	0
3	221
0	681
2	163
4	264
0	0
14	79
0	309
9	17
0	698
7	614
0	102
0	374
0	144
0	290
0	6
0	0
0	1745
0	0
0	4
0	0
0	4
0	47
0	0
0	0
34	748
0	0
0	3722
0	12
0	301
401	243
0	0
0	193
0	0
0	399
11	440
4	0
1	707
0	0
0	1
15	1778
0	0
2	1083
0	261
0	0
0	172
0	0
0	4
0	680
4	607
0	0
4	278
0	9
316	1656
432	6
0	363
0	167
0	154
0	269
0	189
25	1991
0	1175
0	0
28	179
0	359
0	26
2	476
0	71
0	363
1	92
0	364
0	383
0	0
0	1
0	0
0	231
0	212
0	1
0	1
0	0
0	7
0	0
0	74
0	1668
0	0
0	317
10	19
0	0
0	8
46	6
15	564
0	309
1	0
6	32
3	5
0	104
0	0
0	187
0	0
0	1893
20	308
0	195
4	0
0	0
0	0
0	0
0	433
0	0
0	0
1	39
64	31
0	0
413	1062
0	9
0	221
0	9622
6	2
4	42
0	0
0	252
0	3
0	0
50	445
25	189
9	190
1	5
0	1
0	618
0	321
0	65
0	0
0	51
562	400
0	0
46	60
0	0
125	2869
3	872
0	8
0	0
0	570
0	946
0	0
0	6
0	2
3	901
7	778
0	0
35	4
0	741
0	497
0	128
0	0
1	19
0	134
266	34
4	0
10	145
0	0
0	112
71	261
4	4
0	1
0	269
0	1835
0	3
0	52
0	0
13	2493
0	82
0	0
0	96
0	174
0	0
3	2
0	0
0	0
0	1
2	114
0	32
113	98
0	2
3	1629
0	0
0	0
0	710
0	387
0	0
0	0
0	0
11	334
3	291
0	527
0	4
4	662
0	0
0	0
0	868
0	0
0	0
0	1
0	6
0	125
0	639
0	0
0	900
0	7
1	595
0	34
0	253
0	11
0	0
0	0
0	177
0	44
0	7
0	1203
0	0
0	149
0	0
0	44
0	0
413	1858
0	35
0	1
0	0
0	16
0	9540
0	0
0	62
0	1
0	18
0	0
0	104
0	3
0	0
0	18
0	24
0	1
1	0
8	435
0	0
4	128
0	1083
0	22
1	433
0	0
0	148
0	0
0	6
12	394
3	1145
3	938
0	0
141	3518
73	5223
0	22
5	1169
0	0
1	0
0	0
28	3209
0	1953
0	1
1	0
0	0
0	0
0	344
15	1309
0	0
0	1459
0	3
2	697
0	21
0	0
0	386
0	89
181	70
2	9
0	101
6	219
0	0
0	733
0	0
0	1001
0	0
0	53
0	626
0	0
0	502
9	247
1299	2427
0	0
49	4859
0	1
3	135
1	0
0	1078
2	1293
2	208
0	9
1	689
0	0
0	129
0	0
0	465
0	2822
0	0
0	18
0	251
0	0
0	398
2	249
0	0
38	30
0	0
0	2
10	922
0	0
0	29
61	2724
0	4164
0	515
0	1820
1	0
0	218
44	174
0	189
0	0
0	1287
0	1
0	214
0	892
8	241
8	0
0	0
1	11
0	270
0	188
49	554
0	5
21	1058
465	463
722	259
1	69
0	9
1	29
0	16
0	0
0	4
0	64
1	2251
0	0
0	663
90	1191
0	20
3	262
789	5103
0	31
0	10
8	211
0	16
0	314
0	1313
0	30
0	0
0	321
0	0
0	1
3	322
1	234
0	10
295	178
1	18
0	23
1	108
0	10
0	3
0	0
4	569
0	163
0	0
0	27
0	4766
1	10661
0	192
4	69
0	5612
0	28
0	446
0	0
19	322
53	694
156	19
2	659
0	2
6	1027
0	15
28	452
0	74
0	0
125	178
0	89
7	755
2	14
0	17
0	0
0	0
0	9
0	0
0	0
0	56
0	1
0	771
1	89
0	0
0	0
0	1
0	0
0	0
0	17
0	1
0	1522
0	0
1	36
18	682
36	969
4	966
0	4459
0	936
0	206
8	2535
2	170
1	285
0	27
0	0
2	481
2926	6
0	547
0	6
0	137
103	591
0	0
0	0
16	500
0	0
0	14
0	0
0	0
0	45
13	475
0	0
0	14
0	0
0	0
0	0
0	7
0	0
399	120
0	245
123	98
0	792
0	174
0	341
1	253
121	242
0	263
0	0
10	993
0	0
0	0
0	10
0	472
0	0
2	237
0	441
1	1487
0	233
0	0
0	6
12	0
0	479
0	490
0	0
0	0
0	14
0	7
0	300
0	0
1	4
0	14
0	0
0	0
0	68
0	0
0	122
0	627
0	0
7	17
0	0
0	0
0	11
0	302
0	42
0	1
0	564
6	181
0	54
0	537
0	231
71	283
0	172
0	0
0	985
174	700
0	200
1	439
0	2573
0	0
1	1162
4	0
0	3
0	2
0	183
0	2337
0	0
0	0
0	0
0	0
117	250
0	0
5	247
0	50
0	23
6	283
23	318
0	0
1	705
3	17
2	18
12	1321
0	0
0	1
1	867
0	2
1273	10885
0	126
0	0
0	0
0	0
0	0
0	98
0	0
0	1
0	23
0	0
1	59
14	570
0	167
0	0
0	0
1	755
0	375
0	0
59	1281
0	1
0	0
0	0
18	357
0	0
0	0
0	0
12	106
0	1263
0	0
0	111
0	42
13	178
1	623
2	25
0	74
0	1396
0	0
0	0
0	1266
0	204
0	0
2	62
0	848
0	84
6	193
11	756
0	0
12	81
16	1282
0	0
1	232
0	0
0	102
5	86
0	39
0	0
0	765
0	0
0	254
3	11
0	78
0	0
0	4
0	89
0	0
224	2655
1	702
0	0
0	4
0	119
0	493
0	187
0	57
0	202
0	2
1	139
0	359
0	5
1	1
112	348
0	0
31	1234
0	28
1	1
0	0
0	0
0	16
1	170
0	10
3	25
0	2
7	110
0	347
0	577
0	254
0	2
1946	1163
0	0
0	757
0	1
0	209
0	0
1	98
0	0
2	237
0	0
0	0
3	2752
0	0
0	612
0	252
0	0
0	0
0	3539
0	0
0	1119
0	1
2	29
1	0
0	0
0	96
2	0
0	176
0	1
0	1707
211	1077
0	5
0	0
0	19
0	0
0	0
0	10
0	25
0	1
0	0
1	14
1	8
7	481
1	90
0	2190
0	613
9	764
0	0
0	511
0	146
0	0
0	439
0	0
0	98
0	73
0	1534
0	6
0	429
4	2119
3	235
0	17
0	2053
4	1817
2	66
37	4923
58	763
1	302
0	131
0	462
0	17
0	319
0	991
0	311
700	1208
33	1344
0	0
5	1969
0	945
146	4
0	17
14	791
0	1
0	99
1	437
0	0
0	81
0	0
1	557
2	486
0	0
0	0
0	0
94	251
0	0
0	0
0	0
0	4
0	0
0	0
0	0
4	234
0	9
0	0
0	13
3	298
13	1906
0	55
0	31
346	1035
0	780
16	169
0	0
0	0
0	1
1	262
52	127
1	215
0	2
0	0
0	875
0	0
0	94
0	30
0	153
0	1318
0	0
0	0
0	0
0	5
6	23
0	4705
0	168
21	1946
0	167
0	0
0	0
0	6
128	4859
0	78
0	433
0	350
2	108
0	1166
0	1467
55	206
0	111
0	10
0	114
0	0
2	1004
0	0
2	515
66	311
2	742
0	229
1	226
0	38
0	0
0	0
0	390
19	647
0	6
0	88
0	804
0	0
0	1
0	176
0	4
0	0
0	0
30	475
0	0
5	1169
0	908
0	0
0	339
11	154
0	6
0	0
0	0
0	468
0	4
0	0
4	23803
100	38
2	29
0	234
0	0
0	1
0	0
0	10
0	227
4	14
0	0
0	0
4	189
26	191
0	1452
7	7965
5	1355
1	2
0	0
6	0
12	332
7	5441
1	61
0	0
0	0
14	1099
0	0
0	0
1	56
0	5
0	265
0	22
4	298
0	165
0	535
0	105
0	1
0	0
0	2
0	684
0	0
0	1826
0	4117
11	172
4	2
71	21
50	265
0	312
0	0
0	0
245	347
0	3
6	7
152	747
0	0
0	5246
0	0
791	1812
0	0
0	0
0	43
2033	9638
0	870
0	0
0	310
0	10
0	0
2605	4
0	60
0	1827
2	874
0	8
0	0
0	0
3	613
0	197
0	2271
0	60
0	1046
14	12
0	0
12	847
19	717
0	0
0	0
0	1
22	3697
0	0
0	0
0	0
0	35
0	1
0	54
0	75
0	2
0	4
14	37
2	483
0	37
0	0
0	61
0	0
0	0
0	119
1	52
0	307
162	2589
0	102
0	0
0	411
0	25
424	276
0	0
0	784
0	0
0	1336
2	186
1	31
0	25
0	0
2	0
1	1
21	5
48	0
0	0
0	1
2	74
1	177
435	1
0	128
0	73
0	9
0	9
0	0
0	23
0	53
0	10
0	2126
1	81
54	79
5	302
0	73
0	0
0	0
123	560
0	1
3	1
0	618
0	0
0	0
0	15
835	389
0	0
0	918
0	742
0	0
2	797
0	10
0	0
0	573
0	51
0	504
0	0
0	0
0	206
1	247
0	0
1	72
0	34
0	88
424	2410
1	121
279	105
0	0
0	0
0	0
0	38
0	157
2	323
1	36
0	0
1	90
0	7
0	0
35	2332
8	477
0	14
0	5
1154	2089
0	0
17	1589
0	0
0	22
0	88
234	13001
0	32
0	792
1	122
0	491
0	25
0	407
0	1
0	2723
0	0
0	245
2	15
348	19
1	4029
1	4
0	0
0	0
0	0
15	1409
0	1
191	48
0	338
10	817
0	1
0	0
98	1047
2	19
0	0
0	4254
0	1746
0	0
0	0
0	234
0	26
0	999
0	16
0	0
0	123
0	0
0	0
0	0
2	0
0	0
0	0
11	1327
331	223
0	5
0	0
0	1
0	0
0	1
0	119
0	0
31	401
0	0
0	0
16	1125
0	0
0	0
0	43
0	51
27	0
0	21
0	4
0	16
3	356
0	0
0	289
0	15
295	103
0	0
35	5360
0	272
0	308
7	66
0	550
196	137
0	449
0	881
137	202
146	2160
0	374
4	3
9	257
0	0
0	12
0	363
1	246
4	3
5	167
0	242
0	1
0	0
0	0
0	474
5	167
0	12
0	0
2	478
239	671
0	0
1	206
0	0
0	1981
0	0
558	132
0	681
0	18
1	1424
0	13
1	317
0	0
0	0
16	3558
0	7
0	133
3	943
1	0
0	5
0	10
2	0
0	6873
0	0
0	0
0	522
0	6
0	0
0	92
0	1
7	9
0	61
0	1
0	165
61	3176
1	0
0	8
29	455
0	0
5	63
0	13
0	0
0	2
1	15
0	0
0	162
0	0
0	0
0	130
0	83
0	0
0	0
0	0
5	11
0	83
13	3628
0	2
0	712
1	217
0	0
0	0
0	0
0	1585
0	82
0	404
0	1
0	234
0	1
0	0
1	253
0	235
0	0
128	1279
63	594
0	20
19	618
0	53
0	0
0	48
1	0
0	39
0	1810
6	295
40	1425
0	5
1	30
0	3433
0	98
2	2092
0	10
50	1051
0	176
0	0
6	687
14	0
0	0
0	56
54	115
0	0
0	0
52	15
0	119
3	252
0	0
0	0
0	504
3	81
0	0
0	63
0	0
0	52
0	28
0	2
11	82
0	245
0	0
0	1320
0	91
0	1
6	177
3	283
0	0
0	0
0	0
6	10021
0	2
0	19
144	5735
302	215
0	73
15	15
0	0
0	0
0	286
0	0
0	65
0	127
0	0
30	80
2	26
0	239
0	0
125	4117
1	554
0	0
4	228
0	7
2	521
0	875
0	1
0	822
0	0
0	472
0	102
0	119
27	18
0	0
0	0
0	560
12	522
16	12042
1	10
0	554
0	67
0	0
0	0
0	0
0	261
0	413
0	2
0	9
244	2605
0	0
0	89
0	4489
9	139
1	74
6	43
1358	80
0	486
0	0
0	0
0	0
1	664
1	751
17	139
0	5
25	1610
0	143
624	1
0	1653
0	25
0	116
0	1677
2	472
1	303
0	0
0	0
0	16
1	2347
0	309
1	811
0	1
0	12
0	0
1	49
0	1
0	0
121	1780
138	1687
0	0
0	3
2	253
0	51
1	0
1	263
4	37
0	3
10	214
0	0
0	0
0	0
0	254
4	191
0	14
15	513
2	5575
3	863
0	560
4	1630
1223	1330
8	749
0	0
0	1765
0	0
0	0
0	509
0	2
0	0
0	732
1	419
337	195
0	777
0	0
0	0
0	2
0	4
0	34
1	634
0	0
0	273
0	72
0	9
0	261
47	406
0	132
0	36
0	466
0	0
0	78
0	546
0	88
3	182
0	37
0	0
37	304
0	0
84	257
0	0
1	19
5	0
0	371
23	1107
0	185
0	0
0	60
0	0
0	0
0	462
0	24
5	271
5	293
33	259
0	247
0	0
16	742
2	449
26	211
0	1
2	516
1	1900
0	0
29	150
0	215
0	2
4	20299
0	1
0	19
0	0
4	349
20	471
3	434
0	5
0	0
0	42
0	0
0	0
30	828
1	657
0	3
0	0
0	541
0	31
0	13
0	3492
0	0
1	404
0	31
0	0
0	0
0	305
0	1
4	0
0	242
0	4665
0	0
6	822
3	165
0	208
0	235
0	7
0	0
0	149
0	0
16	10
0	0
0	257
614	163
0	3031
0	0
0	40265
0	0
319	1304
0	726
45	272
0	0
0	1
0	0
4	775
1	61
0	212
0	2093
0	0
3	36
84	1121
1	794
0	1117
104	1943
0	1
0	110
0	0
0	15
0	978
0	5090
0	0
14	1424
0	16
0	0
0	3319
0	0
0	0
0	993
54	108
0	378
0	0
0	0
691	18955
0	64
0	0
0	0
0	682
0	46
0	0
0	1
0	1
23	249
5	17982
0	0
0	1630
0	0
0	99
6	5263
0	0
125	152
0	0
0	0
0	0
1	393
0	603
0	0
0	0
0	0
0	0
0	645
1	15
2	882
0	0
0	0
0	189
0	414
6	382
0	0
2	239
0	961
0	0
0	0
1	25
269	841
12	1289
0	11
1	914
0	653
0	199
0	0
13	228
0	185
0	0
0	0
0	63
0	0
0	336
0	84
0	5
0	326
0	0
0	19
1	13
0	425
0	60
0	16
0	0
0	0
0	238
0	204
0	0
0	758
0	2
0	13
0	92
0	0
0	81
42	5609
0	2
0	0
0	1
1	6
0	421
126	6736
0	107
0	631
0	10
0	280
0	0
1	118
0	44
0	0
0	1
0	795
0	110
0	1
23	41
0	62
0	0
21	4288
0	0
20	253
0	12718
2	1
0	233
31	23
0	0
0	96
0	45
0	440
0	0
0	92
9	30
1	18
87	774
0	3
936	105
0	526
0	0
0	8
0	480
0	22
1	381
165	391
3	872
0	73
1065	11188
0	169
0	1679
0	86
0	4
0	102
0	0
8	597
0	8307
0	29
0	1
0	0
0	0
0	0
5	55
0	166
0	739
0	18
0	17
0	27
0	9
0	0
6	28
0	117
5	105
1	0
0	206
0	0
0	8
2	642
0	0
0	63
3	1940
0	375
0	0
0	2
0	7
0	374
0	0
1	189
0	1
0	457
0	448
60	3
0	0
0	0
0	380
0	0
0	273
3	0
2	224
0	0
0	0
39	555
0	189
0	2
0	0
0	0
0	210
0	0
546	17958
0	225
2	1
3	522
0	0
0	509
0	191
16	1886
1090	294
0	0
0	146
283	204
0	239
0	0
0	4
121	1103
5	67
0	235
0	47
0	2062
4	927
47	11772
0	879
17	159
2	3
0	0
0	55
0	0
0	428
6	0
0	4
0	14
0	1
0	419
0	0
0	86
5	503
0	192
13	24
0	266
0	0
0	347
0	0
2	1361
0	67
0	2538
0	0
0	7
0	0
1	6
0	416
0	942
0	718
0	297
0	71
0	0
0	0
1	810
0	0
3	401
0	0
728	3
0	385
0	264
3	0
0	0
10	6577
1	4450
0	22
0	5
0	105
0	36
0	2
0	185
0	0
0	58
0	0
0	0
0	465
0	1889
0	2
0	0
0	947
2	218
0	11
8	520
16	101
0	280
0	0
0	8481
864	3
60	51
0	594
0	0
0	2
9	1118
16	361
1	0
0	349
0	110
0	577
0	0
1	24
0	0
0	24
0	0
0	176
0	0
0	262
0	1869
1	160
0	4
0	1521
0	4
0	113
4	1473
1	47
0	0
1	614
0	32
0	0
0	542
0	195
0	763
0	0
0	0
0	0
1	6106
0	0
0	1343
0	654
0	7
0	0
2	684
21	893
0	0
0	0
0	20
1488	4019
0	372
0	7
0	0
14	35
0	0
0	18
0	846
9	245
0	0
1	129
0	114
1	307
1	836
0	193
0	21
1	0
0	0
37	1889
0	0
3	3391
0	325
0	655
0	2
79	83
0	325
0	55
0	0
0	234
0	9
0	1
0	4
0	41
0	124
0	0
0	123
0	407
8	108
0	1
28	27
694	51
0	0
0	1
0	16
534	3685
0	2187
4	703
0	26
0	0
22	10
0	37
0	5
0	8
13	458
21	232
0	3
1500	0
0	0
0	2512
0	0
0	0
0	7
0	0
0	1
4	115
0	171
0	0
0	1063
0	108
215	40
2	1320
2	0
0	10235
0	26
0	289
0	1
0	294
1	0
13	563
0	0
0	792
294	374
0	0
0	41
0	0
0	9
46	27
65	588
26	160
0	214
0	0
0	600
0	0
0	0
44	388
0	0
0	216
7	958
0	0
0	0
7	66
9	169
0	48
0	0
0	108
0	1020
0	0
19	585
0	0
0	0
9	481
0	0
0	12
0	0
0	165
2	271
6	381
0	3394
0	35
0	0
0	24
0	20
0	10
2	3086
0	18
5	317
0	74
0	176
0	0
16	2866
0	7
0	316
0	218
0	0
1	12041
8	326
10	22
0	0
0	937
1	145
0	96
12	59
1	97
9	138
0	2
14	363
0	0
1	364
0	0
0	0
0	199
2	6
18	187
82	3799
1	168
0	1
0	583
250	142
0	0
0	0
0	68
0	1
0	26
0	0
0	894
2	378
0	0
8	181
0	886
0	0
15	183
42	6826
2	0
0	38
5	396
0	0
0	1
0	28
0	333
0	0
0	49
0	114
2	578
0	67
0	189
2	2
0	191
0	38
3	134
1	40
0	0
0	50
2470	32133
0	9
0	0
0	383
0	3
0	14
0	0
0	0
0	0
0	12
1	179
1	224
0	11
0	0
0	90
0	996
0	1
0	0
14	3
331	151
0	0
0	112
0	1145
5	270
0	87
0	6
50	261
84	2838
0	22
0	226
228	11196
0	0
0	0
80	6967
0	24
0	0
7	1040
0	150
1	358
0	0
0	416
0	76
2	123
0	219
0	3871
0	2002
0	0
0	1
0	0
0	178
0	0
0	0
0	111
0	0
0	0
0	22
29	1266
0	1
0	433
0	0
0	153
0	0
0	0
0	0
0	6
0	1
12	264
0	60
152	0
0	425
1	984
0	0
0	0
0	0
0	0
1	652
3123	497
2	0
0	1
0	127
0	0
20	779
66	434
0	250
0	9
1	30
0	42
0	673
1	0
9	3130
62	76
0	0
0	138
2	743
0	97
0	88
55	15386
1	185
0	253
0	0
0	1
0	6
0	0
0	73
43	611
0	714
1	86
0	0
1559	186
0	2390
4	26
27	1184
0	51
0	1077
0	320
0	0
0	14
6	135
0	47
0	0
0	2
0	21
1	83
0	2
0	5
0	0
0	0
246	773
0	0
0	1
6	517
0	7
0	0
1	656
0	4275
0	0
1	211
245	5782
0	1
0	0
0	0
0	0
0	2
0	7
0	0
4	64
0	14
0	2073
0	0
0	3
0	1
0	33
2	87
7	664
0	0
0	0
0	773
0	0
0	28
0	400
0	0
1	40
0	269
0	229
0	60
0	2
0	509
1	281
0	271
4	2247
0	26
2	563
0	1185
1	177
1	542
0	1
3	2019
6	11452
1	823
3	1
0	5
0	1205
4	310
1161	2042
14	30
1	176
865	287
2	3
1	35
0	29
0	1
2	323
0	10
5	361
0	0
1	916
0	121
0	87
0	477
0	0
0	181
0	7
0	236
0	18
0	319
0	0
104	86
97	746
12	2
0	0
0	0
0	0
0	0
6	249
0	0
0	1380
0	0
0	0
0	55
0	0
0	0
0	146
0	157
0	421
0	0
0	0
19	1335
2	80
0	0
0	998
10	1396
0	30
0	0
4	4904
1	43
204	1835
4	822
0	1
0	494
8	136
78	163
0	0
0	588
0	581
0	43
3	475
0	221
2	681
0	457
1	194
0	689
0	0
2	0
98	30
1	388
0	285
0	721
0	0
0	5
10	224
0	0
0	0
0	90
4	118
0	17
0	345
5	2
0	162
0	209
0	166
2	230
1	0
0	0
1	0
1	51
0	325
0	0
0	2
0	91
6	353
0	0
0	589
80	129
28	632
0	0
0	20
0	0
2	107
0	805
32	7476
3	297
0	179
0	472
0	978
0	292
0	32
5	1060
0	201
0	0
17	123
2	1279
2	778
0	2
0	14
0	22
4	6706
0	0
0	0
3	11645
0	1
0	64
0	42
0	3
1	11146
2	4
0	0
0	810
0	417
0	1
3	774
0	1186
0	0
0	0
0	16
40	191
0	184
0	18
0	258
7	269
0	0
0	115
0	824
0	0
0	219
0	28
0	814
5	120
0	316
1	74
0	2
2	1482
0	0
449	11951
2	370
0	5
0	33
0	4462
3427	2188
0	1306
0	49
0	24
0	21
0	29
1	18
15	919
13	5
0	0
0	0
2	18
0	0
0	1293
0	0
0	0
0	88
1	233
7	101
16	411
0	0
0	1
0	0
0	89
0	0
0	195
0	3
1	76
0	291
9	786
0	117
0	33
122	393
0	1176
0	0
0	530
3	1204
2	81
0	0
0	1
0	0
0	1
34	85
0	53
0	64
0	43
1	120
5	53
0	0
0	176
41	247
10	3
0	67
1	5
0	22
0	0
0	10430
0	0
0	0
0	3
50	28700
0	4
1	231
1	296
8	67
0	0
0	1412
1	237
0	1321
0	6
0	0
0	182
0	0
0	167
0	0
1	321
0	113
1	826
9	327
1	103
0	72
0	756
0	217
3	6
0	204
0	483
0	487
0	3
0	34
0	60
0	156
0	4290
0	46
0	0
0	23
0	0
0	1
1	391
67	0
175	727
0	12
0	0
0	478
18	721
0	0
0	1253
6	149
0	391
0	0
0	1108
50	56
0	45
0	216
0	0
0	0
2	13
2	4
0	277
0	0
0	0
0	121
0	154
64	348
0	145
0	0
0	113
1394	416
0	209
0	3
220	0
0	2
1	0
0	0
0	0
5	5
0	5
229	759
0	5107
0	40
0	2
0	492
115	141
0	666
0	16
8	84
0	1
0	1796
5	388
114	82
0	0
0	123
0	1
2	24
0	4627
0	0
0	113
8	560
0	96
0	609
0	0
6	125
4	749
0	0
0	26
0	25
3	64
0	0
1	158
0	2505
112	215
8	123
54	263
0	1
10	229
0	1925
25	5
6	2001
0	29
77	12043
5	739
48	25
0	67
1	111
0	258
0	0
295	541
277	937
0	0
0	156
0	1253
0	78
0	0
516	63
0	0
0	0
0	0
0	111
0	0
0	5
0	185
0	0
0	655
0	210
0	262
0	119
0	819
0	0
0	0
0	0
0	0
0	0
407	552
0	689
18	224
0	6
0	588
0	452
0	212
0	0
0	52
0	1
0	2
0	12
0	0
166	45
145	175
0	0
8	311
0	0
13	35
4	513
0	0
0	330
0	139
0	245
216	48
0	0
47	0
0	0
0	0
377	409
0	229
0	0
0	1776
0	29
0	1492
0	1
0	30
1	54
0	462
227	183
0	0
0	3661
0	75
12	0
0	0
106	128
0	1
13	669
0	0
0	0
5	1955
0	126
0	1211
0	0
0	0
0	561
0	3
2	183
0	0
0	1
0	121
0	719
7	201
89	873
0	1
0	0
0	394
0	0
17	1170
6	475
16	115
0	1
8	10421
0	138
6	555
0	11
1	181
0	1058
0	0
0	0
0	921
145	116
0	173
0	0
0	64
0	362
0	1766
0	34
0	63
0	4
0	0
1	335
0	0
0	0
0	0
0	754
0	52
6	1595
54	5445
0	79
0	0
0	472
0	1
0	4
0	173
0	0
0	3
0	0
14	313
0	6
1	1226
0	0
0	33
0	0
8	2046
0	0
0	0
1	694
0	0
0	569
2	65
0	42
0	13
0	0
0	124
0	1
0	34
0	8
0	0
0	1841
0	0
54	3
0	2024
1	3
2	10
0	0
2	67
5	201
0	8
0	0
0	266
10	5
0	68
7	909
0	33
0	0
0	0
534	0
0	60
0	3782
0	1
6	1
51	3
0	0
3	3279
0	0
316	814
90	3850
0	3
0	54
4	26
0	3
0	723
0	504
0	0
0	0
0	23
0	0
0	1394
2379	1308
0	162
0	0
0	0
0	0
4	34
0	18
0	0
1	7067
700	3
0	0
0	80
0	0
0	0
2	1547
0	490
0	330
12603	15
0	4
0	505
0	0
0	0
0	15
17	975
0	0
0	211
0	0
0	6
283	21
0	0
0	1
36	22
0	0
0	205
0	0
0	0
0	0
0	0
0	0
6	265
0	0
0	0
0	99
0	538
1	0
0	0
1	257
1	320
1	296
5	1328
0	33
0	0
0	0
1	161
0	13
0	0
0	0
1	32
0	0
0	201
0	0
0	0
0	0
1	204
0	170
0	88
0	15
0	0
0	4
0	1036
0	0
0	0
0	0
0	6
0	0
0	31
1	0
30	2474
5	195
0	2692
0	1072
0	1000
6	310
0	1
89	44
0	74
0	0
0	0
0	0
0	0
0	143
0	358
0	935
0	1
0	0
0	805
2	503
3	44
0	0
11	238
2	46
1	512
0	2
0	31
0	0
0	21
0	11
0	0
0	3
0	0
0	939
4	25
0	1
0	0
1	212
0	0
0	0
17	2069
0	8
1	1323
3	486
0	8
166	61
1	0
1	1962
1	9576
16	1073
0	0
0	0
1044	9551
0	0
0	373
22	1016
0	666
18	205
0	1
0	9
0	969
0	160
0	31
0	1
1	319
9	34
0	0
2	924
0	0
0	1
0	0
0	15
0	0
0	1162
0	0
0	74
11	205
1	977
0	42
2	5
0	99
0	1
0	10196
2	0
0	0
0	0
0	1
0	0
0	5
0	183
0	35
0	0
18	1322
0	13
23	507
0	0
0	12
0	472
0	0
35	496
0	2
0	0
0	0
2	124
4	1
0	0
0	0
0	1
972	544
89	67
0	0
0	121
746	839
0	378
0	149
0	0
0	0
46	209
0	372
183	376
1	405
0	0
0	0
0	0
0	190
1	3
2	1
0	635
0	0
0	1
0	271
0	1
0	0
17	1
1	203
0	0
0	298
4	0
0	146
0	160
0	271
1	20
0	33
3	64
26	17
0	60
0	0
0	0
0	0
1	46
0	0
0	0
1	8106
0	0
0	0
8	171
0	328
0	29
0	7
1	67
45	134
0	774
0	23
0	217
3	231
2	420
0	2
0	1
0	0
0	0
0	0
0	0
0	0
0	1
0	951
0	545
1	44
0	84
0	118
1	164
1	111
0	0
28	11
2	216
1	1
0	0
5	167
0	0
26	408
0	7
0	10
3	0
0	909
1	699
49	468
0	52
0	0
0	0
0	0
0	3001
0	446
0	0
0	26
0	326
0	169
0	652
0	8
3	0
20	1461
2	455
0	2
0	706
0	962
0	138
0	0
2	0
0	1
0	1409
0	104
0	4296
0	0
0	14
0	0
0	0
0	0
46	6509
0	0
0	0
94	445
21	202
0	219
0	0
0	51
0	0
0	2
0	0
391	1728
1	267
0	550
0	0
1	1628
0	8
1	544
16	1994
0	0
1	32
0	0
10	314
1	167
0	0
0	3921
25	1454
0	0
0	0
0	38
0	0
6	55
0	0
0	1
0	7
0	1678
0	307
0	0
0	0
0	0
0	563
0	0
2	63
0	0
0	510
5	0
0	196
0	0
0	10
0	0
0	674
3	105
7	142
0	0
0	0
0	283
0	0
1	344
3	2196
0	32
0	0
0	609
0	0
0	1957
0	5
0	0
8	1010
1	478
197	859
0	110
1	0
11	178
0	59
0	304
0	0
0	1465
24	959
0	0
0	0
0	0
0	0
20	254
0	1
0	1
18	160
0	770
4	152
2459	2574
10	10
0	0
0	306
3	1952
555	684
0	2035
0	1329
0	2
0	0
0	186
0	0
0	1
0	0
122	92
0	271
0	1
2	417
0	0
9	1837
0	198
0	31
0	0
16	9
0	0
0	0
0	3
0	619
0	29
0	0
0	0
0	93
0	11
1	217
1	4
0	0
0	0
3	105
0	2009
0	3
0	5
14	6
0	14
0	0
0	3
0	0
0	2
0	142
0	1
0	0
0	920
14	226
0	0
2	0
620	4160
1993	771
0	1
1	20
161	2129
0	76
0	1167
0	72
111	292
3	1021
0	0
5	558
0	68
1	593
0	0
0	1236
0	114
0	17
0	176
0	393
11	2
2	976
22	261
0	74
0	64
1	80
0	957
0	1000
1	0
0	0
0	0
0	0
0	0
44	23
0	405
0	0
0	0
0	1001
0	1
0	5
0	0
0	4
0	0
0	0
0	2
0	1
0	329
0	4
0	18
39	46
0	0
0	1746
0	444
0	330
0	0
0	0
0	11
0	2836
2	195
0	64
0	5
0	29
0	165
37	158
0	379
0	150
0	0
0	180
0	5
0	666
0	0
1	313
0	92
2	1887
0	0
0	36
1	2
0	16
0	799
0	1
0	0
0	0
0	597
2	127
0	0
0	4
0	125
2	0
6	87
1	24
7	2058
0	0
1	57
90	1055
0	0
0	4
140	186
2	101
0	258
0	0
0	0
0	0
0	136
0	0
7	458
7	181
0	478
0	191
1	6860
0	491
0	0
0	6
6	364
0	0
0	67
0	238
5	5713
0	43
1	568
0	0
0	0
2	58
0	0
0	38
0	1324
0	4470
1	1
0	305
4	321
0	59
0	4
8	844
0	0
2	116
0	0
0	0
0	26
0	60
0	102
0	100
0	575
19	4
0	0
1	133
10	1
0	346
0	553
1	127
70	416
10	379
0	186
0	1
0	0
0	22
0	48
230	138
106	799
0	0
5	242
0	2
2	169
1	79
2	241
0	0
0	2393
0	10
0	0
263	296
1	1
147	1061
0	924
0	143
0	147
0	1
2	1
0	0
0	125
0	0
0	10
0	0
0	251
0	205
0	0
0	580
0	3
1	810
14	0
9	0
14	106
0	2
0	0
0	16
0	5
2	547
0	979
0	44
0	5
2	297
3	1010
0	196
0	0
0	0
2	66
0	143
0	146
0	1
0	6
0	872
0	0
0	726
13	609
0	0
0	0
9	5
0	582
1	1005
0	2
0	4
0	0
0	0
0	95
0	396
0	100
0	112
114	426
17	0
0	0
2	1074
1	1098
0	0
0	3
3	540
0	146
0	0
0	12
0	0
0	0
0	15
0	0
0	119
2	363
0	206
0	509
0	389
0	41
7	1177
0	0
1	84
0	185
0	820
0	2
2	0
7	4
0	514
0	277
0	285
0	132
15	2630
0	1475
0	0
0	61
29	188
0	185
0	615
0	131
11	771
0	4
2	12042
0	67
0	64
2	5168
0	0
0	43
0	334
0	224
8	16
61	876
0	499
2	4216
0	201
0	493
24	48
0	0
0	0
0	0
0	45
0	19
0	12
0	0
0	0
0	0
0	0
0	0
0	1738
0	0
0	277
32	20200
0	55
0	183
0	37
0	4
0	174
1	167
0	170
0	80
0	7082
0	1565
4	4912
0	325
0	0
10	769
0	93
0	137
0	0
0	2
0	0
3	174
0	345
0	0
0	0
0	0
19	19
1	680
0	0
0	53
6	136
15	873
0	1
0	3
8	236
0	1
1	1
0	0
0	4153
0	5407
1390	2413
367	453
5	306
0	0
0	0
2	46
0	2
0	5
0	1706
55	1188
0	15
2	1959
0	120
0	0
0	286
0	123
32	855
2	21
0	61
0	0
6	10
13	259
0	0
1	28
0	4
1	412
0	1095
13	577
0	679
0	266
0	0
0	103
0	0
0	178
0	44
0	0
0	10
0	4
0	1728
0	96
0	11
2	11
0	34
453	124
0	3
0	3
0	411
0	187
0	1
0	0
10	96
0	182
303	467
0	2
7	542
0	0
0	1168
0	60
1	50
0	0
0	41
0	100
0	5
0	0
0	0
0	0
0	1
0	10
217	217
0	39
0	811
0	408
0	0
0	654
215	82
0	77
0	0
0	0
0	3
0	0
0	0
0	1
0	0
0	493
0	7
0	7
0	510
1	55
0	0
0	121
4	299
0	1
0	822
19	6536
0	0
0	67
0	0
0	0
0	0
0	0
0	0
0	12
0	3
0	3
0	10
0	241
0	251
1	2
34	353
0	0
1	13
0	50
0	18
0	0
5	413
10	1739
0	0
0	3
2	0
0	200
0	37
0	0
1	182
0	0
4	440
0	0
0	0
0	173
3	75
0	645
0	4
0	0
0	48
1	11
1	195
4	1860
0	563
0	0
2	40
0	274
0	1916
0	1
0	0
17	151
0	0
0	1
0	0
0	0
1	92
0	0
0	0
0	0
0	3
0	138
0	0
0	2419
1	41
0	184
0	19
0	0
0	57
0	429
0	510
0	77
0	0
0	0
1	102
0	192
0	176
0	716
0	1
37	5374
2	358
0	38
5	167
0	21
24	2328
0	73
7	435
0	1265
0	2547
0	233
16	9137
0	0
0	24
0	19
0	1599
15	2275
0	90
25	24
1	147
0	648
0	0
0	269
0	0
0	0
1	454
0	0
0	113
0	0
0	195
0	166
16	198
0	3
2	2111
3	639
0	23
0	1
0	0
5	267
0	0
0	0
0	0
0	959
0	2
15	887
0	376
0	32
0	3
0	0
37	2307
11	321
273	393
0	115
0	1
3	270
119	511
563	2
1	0
35	336
0	12
0	0
7	310
1	570
0	177
0	212
6	1282
177	39
77	177
0	0
0	0
0	293
0	29
0	0
0	0
0	0
0	10
0	9
0	0
26	522
0	124
0	0
0	8
0	0
4	1277
0	0
0	21
0	0
0	2
0	3
0	0
0	0
30	72
1	14
0	0
1	0
0	63
23	154
0	538
0	122
0	712
1	0
0	38
0	22
39	45
0	167
0	10
0	2
0	551
3	739
0	0
0	0
1	776
0	1
0	0
17	2421
0	0
0	798
6	1554
0	438
170	98
0	0
0	0
172	427
0	487
0	494
0	2
0	0
0	98
0	1787
0	0
0	1
2603	658
0	186
0	3520
0	0
0	1582
2	3
0	22
1616	1125
0	0
0	930
0	0
0	0
0	1050
0	162
0	0
5	74
0	0
0	250
0	656
0	0
0	0
0	5
0	52
0	0
0	141
0	204
0	472
0	0
0	0
29	650
0	27
0	149
1	1626
0	12
1	222
0	2052
0	17
0	2
0	1562
0	0
0	0
0	964
24	473
0	0
3	812
0	0
0	0
136	280
1	3
0	7
0	0
0	0
0	2932
0	0
0	1
0	9
0	0
0	0
0	0
0	5
0	1
0	4
0	1655
277	0
0	0
38	1965
1	0
34	17
5	79
0	1137
6	216
0	0
0	22
14	220
0	183
0	24
0	0
0	511
2	164
436	92
773	87
0	362
0	0
0	0
0	1165
503	1003
0	579
3	181
0	1
0	30
0	199
0	209
0	137
0	429
0	1
0	0
0	367
32	502
0	1
1	0
0	0
0	0
0	0
0	60
0	0
0	49
0	0
0	0
0	0
0	0
0	0
0	162
0	0
82	544
2	80
0	0
0	109
242	362
0	0
0	0
14	2
0	0
1	5
0	18
0	0
3	146
0	20
0	31
0	9
0	0
0	0
425	329
1	3
6	698
0	223
0	0
0	67
0	82
0	0
0	49
19	304
0	425
0	0
9	419
0	546
9	1169
6	786
0	1685
0	258
0	0
0	70
0	120
0	0
0	0
0	76
6	2109
0	0
0	0
0	9
0	782
0	0
0	0
0	68
0	164
0	0
0	1768
0	316
3	10
0	101
1	271
3	128
0	139
5	468
0	221
0	0
0	47
0	26
0	33
0	0
10	6156
0	440
0	0
0	1
0	0
0	1524
0	0
0	0
0	0
0	3738
0	21
0	0
0	170
1	0
0	15
0	0
2	383
0	119
0	0
0	0
0	29
0	0
0	787
2	757
2	307
175	9
478	10
0	0
5	2059
0	0
0	18
0	0
0	1
0	0
0	879
0	0
1	58
0	1
0	6
1	275
0	3
46	634
5	233
4	807
0	273
0	223
0	0
0	62
0	64
20	57
0	125
0	194
0	1
0	0
0	0
0	31
0	262
70	183
0	4
0	2
1	2088
0	21
0	0
17	522
0	7269
0	43
0	1
23	198
0	174
0	0
0	181
0	150
7	1292
0	2593
0	469
0	1
0	0
0	0
8	740
12	506
0	2
0	0
0	135
0	0
0	7
2	25
8	50
0	58
6	13
0	70
0	0
136	854
0	0
0	0
0	0
111	1604
0	0
204	3391
0	193
0	0
0	0
0	0
0	67
0	2
0	0
1	222
0	0
0	0
0	0
0	188
0	141
1009	1634
0	0
4	69
0	0
0	0
0	0
0	0
0	0
0	247
0	0
0	57
0	1
0	0
0	0
0	0
0	1873
0	0
0	0
1	112
1	0
0	45
0	0
2	270
0	689
0	0
3	143
0	216
0	5
0	0
18	2107
0	0
1	0
0	1
0	538
28	0
1	565
0	0
0	4
0	1038
0	18
0	0
0	0
0	0
0	38
0	316
0	129
0	183
1	2
0	0
11	6
0	0
0	0
0	0
0	0
0	575
0	832
0	44
0	0
0	0
0	0
0	124
0	0
0	0
0	2
0	0
0	0
0	0
22	109
0	0
0	0
0	192
560	2956
4	438
0	0
0	1
0	0
91	541
0	0
0	44
0	149
0	0
0	464
0	1083
0	0
0	0
0	0
0	0
1	517
1	19
0	0
0	0
0	0
0	0
2048	6765
1174	1
0	1009
0	775
0	0
0	652
0	0
41	569
0	0
0	0
0	93
0	574
0	0
0	0
0	799
0	0
0	0
0	215
7	285
0	0
0	0
0	0
0	0
0	1
0	254
0	909
0	0
0	0
0	0
2	823
0	304
1	42
0	37
0	0
0	0
0	73
0	0
177	302
0	0
0	0
0	0
0	0
0	20
0	0
0	13
0	0
0	0
1	1510
0	0
0	37
0	155
39	5232
0	0
0	252
0	15
403	7397
0	98
3	40
0	67
0	0
104	7636
1	541
0	0
10	0
3	112
0	0
0	34
0	790
0	0
0	0
0	0
0	878
1	308
0	0
195	394
0	0
0	0
0	189
2	0
0	0
0	0
273	1192
283	325
0	0
0	0
0	0
0	0
0	0
0	0
0	0
2997	4
0	59
37	88
0	0
0	0
0	0
0	108
0	0
1	12
0	0
0	0
0	0
0	0
0	0
0	650
0	195
0	44
0	135
0	0
0	0
0	2
0	0
85	223
0	353
0	45
0	0
0	0
0	0
16	326
0	1919
0	0
0	0
0	5
0	425
0	0
0	0
0	0
0	87
0	0
0	1
20	43
0	0
0	0
0	0
0	164
0	0
0	0
0	0
0	1029
0	0
631	0
0	0
0	5
0	25
0	231
0	0
1	329
0	30
2	180
0	405
6	0
0	0
21790	11393
0	17
0	144
1	132
0	0
0	6
0	0
0	0
0	0
0	20
0	0
4	26
0	12
61	30
0	0
0	230
0	0
0	0
408	190
0	431
0	0
0	0
0	319
146	435
7	109
0	13
0	0
0	0
0	0
0	364
0	0
70	170
0	808
543	1
114	603
4	143
157	130
0	40
0	22
0	0
0	70
0	0
0	0
0	0
0	0
0	0
0	202
0	0
0	120
0	0
7	330
0	854
1	0
0	1009
0	0
0	0
0	19
0	32
0	394
0	0
0	0
0	0
1989	3136
0	7191
1	581
0	0
0	0
0	0
15	16
0	0
0	0
0	0
3	7880
1	72
0	0
0	0
0	0
0	216
0	0
0	0
0	0
0	0
0	3
0	0
0	0
0	89
0	0
0	0
0	0
1	7
1	2030
0	0
0	0
0	172
0	0
0	0
0	1030
0	141
0	0
0	0
0	0
2	761
0	376
2	0
69	2572
0	0
0	261
0	0
0	0
0	0
0	0
0	43
0	0
0	3392
1	694
0	0
0	0
0	0
0	0
0	0
1	163
0	0
5	3
0	756
0	0
628	48
0	0
0	0
0	3023
0	0
2	11
1	158
0	0
0	0
2	294
0	0
0	552
2	334
0	461
0	0
3	436
0	0
0	0
0	1
0	0
846	150
435	213
0	297
0	0
0	481
0	3
19	1004
0	2
0	0
1	7
0	0
0	695
0	0
0	15
0	0
0	473
0	0
1	288
0	0
0	0
0	0
0	152
0	0
0	0
0	31
0	89
0	58
0	0
69	873
5	56
0	0
0	122
134	2419
2	68
0	11
11	292
0	0
0	0
0	0
0	2
0	378
0	0
0	0
0	0
0	0
2	0
0	0
0	0
0	0
0	0
0	0
0	0
0	1972
9	1804
0	0
172	0
0	0
0	0
0	8
0	6559
0	204
0	0
0	0
0	0
0	3
10	57
1	45
0	0
0	6
54	119
0	0
0	0
0	48
0	26
0	0
0	0
0	2
0	0
0	0
0	214
0	0
0	0
0	0
0	0
0	1
0	0
0	1
0	1136
0	0
0	0
0	0
0	0
0	146
2	2
3	384
0	375
0	0
0	0
0	7
1	171
2	0
0	0
0	189
0	0
390	949
3	0
1	0
0	0
0	602
0	93
0	0
0	0
0	228
0	0
0	0
0	0
0	641
0	1
14	256
0	0
0	24
37	8952
1	32
0	0
0	1531
0	0
0	19
0	0
13	5
0	424
0	0
0	0
0	0
0	14
0	0
0	0
2	136
0	509
0	162
0	0
2	1
0	0
0	0
12	121
2	850
0	0
0	0
0	0
0	0
3170	1225
2	2
0	0
0	0
0	2
0	12
0	7940
0	0
28	1545
0	1908
0	1
0	0
0	293
0	0
0	0
0	0
0	1
0	177
13	6
0	428
0	358
3	76
15	77
0	0
0	0
225	862
79	19
16	2020
0	0
27	901
0	124
0	0
0	0
2	33
0	212
209	415
0	0
0	0
0	0
19	848
0	104
0	60
0	0
0	0
0	238
0	0
0	0
0	0
484	66
0	0
5	3149
0	536
90	4291
0	2
177	728
0	91
0	21
22	73
0	0
0	125
0	0
399	271
0	0
0	0
0	0
1	0
0	0
0	859
0	0
7	773
0	0
0	0
0	0
0	5
0	0
0	0
0	0
1	121
91	834
0	0
0	407
0	0
0	0
1	6
0	0
10	0
0	386
0	0
0	206
0	0
50	280
5	2
0	0
108	5446
0	0
0	0
0	0
0	0
0	0
29	3
0	0
0	0
0	10
7	2199
0	148
0	0
0	1
14	142
113	104
0	0
0	0
0	0
0	1
0	903
2	0
0	8
0	0
0	0
0	0
0	0
0	0
0	0
0	0
0	14
7	498
0	0
0	8
0	0
0	0
0	0
0	3
13	288
1	468
0	7900
0	0
0	0
0	0
0	0
0	0
0	0
0	0
0	0
0	0
0	1
0	77
0	0
0	0
0	0
0	0
0	6
0	0
0	993
1	167
0	0
0	0
22	974
0	0
0	1
55	2604
0	3944
100	305
7	212
0	0
0	0
1	97
0	4
0	191
9	775
0	0
359	216
0	0
1	115
0	115
0	64
0	668
0	0
1824	0
350	220
0	0
0	94
7	31
0	0
0	699
2	255
0	1091
2	23
0	247
0	166
15	57
0	0
0	0
0	0
0	436
35	1606
0	0
0	0
0	0
0	0
0	0
0	0
0	0
0	136
0	0
0	2
0	0
40	92
0	0
0	0
2	687
0	0
567	183
3	4
0	191
0	1780
11	2
0	1385
0	153
0	121
0	0
0	240
0	0
0	1
0	119
0	0
2	98
0	0
0	65
0	0
142	5629
0	0
114	159
0	0
1	126
0	378
0	1
0	0
0	0
82	2734
0	133
0	404
0	0
0	1897
0	115
0	1378
0	0
0	374
0	27
0	0
0	151
0	0
0	0
0	218
1	1710
0	0
0	0
0	173
0	0
0	0
0	5
13	6913
0	0
0	0
0	0
2	3
0	0
24	1301
21	319
0	14
0	0
0	0
0	0
0	0
0	0
0	21
0	0
25	479
4	798
0	17
0	88
2	53
0	0
0	0
1	139
0	0
0	0
0	0
0	0
1	19
0	107
0	0
65	23
23	703
0	289
0	0
0	0
0	0
3	648
0	9
0	0
0	190
0	235
0	482
0	0
0	698
7	139
0	138
0	953
0	6
0	0
0	385
1	163
0	0
0	13
0	0
52	3
0	0
0	724
0	0
0	2
0	1165
0	0
4	27
2	396
13	372
0	368
0	0
55	2
0	98
1	2101
0	1
0	69
0	0
1564	118
19	105
451	661
1	355
0	0
0	429
0	0
1	0
0	0
29	4473
1	0
0	38
3	420
42	15
0	0
0	0
326	1220
0	0
0	180
0	0
0	1
16	5144
0	0
0	0
0	4
4	1
0	0
0	0
0	442
0	0
0	0
87	658
1687	366
0	0
0	0
6	180
0	0
0	0
0	0
0	0
1	1702
0	0
0	0
2	779
3	221
0	83
0	0
0	0
0	80
0	0
0	0
0	0
0	0
0	0
12	273
0	2
0	102
0	0
10	155
0	8
0	2
1	310
0	0
9603	291
0	0
2	123
0	0
0	0
0	1
0	187
0	24
5	53
0	0
0	0
0	0
0	2
0	0
0	0
11	3
43	60
0	23
0	0
0	199
0	16
0	0
0	0
0	0
0	6
4	0
0	0
0	0
480	715
0	376
0	0
0	0
0	0
0	0
5	273
0	394
34	46
0	0
0	0
0	0
0	0
0	48
0	176
0	0
0	56
24	297
81	1454
2	431
2	4
0	0
0	434
0	0
0	0
0	0
0	0
0	0
0	0
0	2
0	0
0	0
0	133
0	0
11	227
0	114
0	31
0	0
0	0
0	0
0	8516
0	748
0	0
0	0
352	205
0	0
0	393
0	0
0	0
0	0
0	252
0	299
0	0
0	0
2	41
0	6
0	3
0	0
0	29
0	667
0	0
0	224
0	0
0	818
0	377
0	66
0	16
0	0
0	1
0	0
0	0
0	314
0	2
0	0
0	0
301	510
0	0
0	0
1	881
0	0
0	0
0	0
0	1
15	108
0	0
0	0
0	1004
0	0
0	113
0	0
0	0
0	0
163	67
0	0
0	0
0	94
0	0
3	663
0	0
0	0
0	0
0	0
0	0
0	0
0	0
0	0
0	0
0	0
0	0
0	0
0	0
0	0
0	0
0	0
0	0
0	0
672	283
5	27
0	0
0	0
0	0
0	1086
0	1231
0	0
3853	10010
0	0
0	1364
1	4452
11	453
11	177
0	1
0	111
0	0
0	0
64	121
0	563
0	0
0	1323
95	625
0	0
0	0
2	33
0	10560
0	0
0	104
0	0
2	12038
0	31
0	0
0	0
0	3643
3	2
2	1
0	0
0	1000
0	0
1	6
5	544
0	0
0	0
43	0
0	0
0	0
0	0
0	0
0	0
2	3
1	1479
0	0
0	0
0	26
1	1092
5	0
0	0
2	50
0	265
169	98
8	3
0	0
0	0
0	0
0	4
1	550
5	50
0	3016
0	941
0	0
0	143
0	39
0	0
0	0
0	0
0	0
0	0
0	37
0	4
0	0
0	0
0	478
0	0
0	920
0	0
0	0
0	0
0	1
0	0
0	0
0	0
207	114
0	0
0	0
0	157
0	3
0	381
0	0
0	1
0	3
0	0
0	0
0	146
45	253
2	537
39	61
0	253
0	0
0	0
0	1
0	0
0	0
0	388
0	0
0	0
0	0
0	0
0	0
0	45
0	130
0	3
0	0
0	0
0	0
22	136
0	0
0	60
0	0
34	9
2	18
1	276
0	0
0	0
0	0
0	0
0	0
0	0
0	252
1	576
0	0
0	0
0	1
0	0
0	637
1	421
0	36
6	94
7	588
0	306
0	62
136	676
1	2
0	614
0	0
0	5
0	0
0	0
0	8
0	0
0	0
0	0
0	200
0	3
0	40
4	450
0	0
0	0
0	75
0	0
1	1
0	0
0	0
0	0
0	255
9	227
0	0
1	279
0	0
0	0
0	0
0	1958
0	134
0	101
0	289
0	0
0	0
0	2
0	2
0	0
0	0
0	0
0	0
0	16
0	60
0	0
0	0
0	0
0	104
0	0
0	0
0	0
23	284
0	0
1	560
0	0
0	0
0	0
0	29
0	0
0	0
0	0
0	125
0	0
0	0
0	9
420	104
1	114
0	69
0	0
0	298
0	4
0	452
0	0
0	70
1	6598
0	0
0	0
0	0
0	0
339	125
0	0
217	191
0	0
0	0
0	2508
0	0
0	3
0	0
0	383
0	0
0	0
0	0
3	65
0	0
0	1
0	0
0	0
0	0
0	0
0	153
0	0
1	7
0	0
0	0
0	124
0	0
0	56
0	2
0	0
0	319
0	0
0	678
4	11
0	1478
22	148
0	0
0	0
0	1
0	0
0	0
0	0
2	283
0	2
0	0
0	0
0	0
0	651
26	2812
0	0
3	627
0	0
0	0
0	0
0	329
0	1
11	2613
0	0
0	191
7	15
57	23
10	263
0	31
0	0
0	102
0	0
0	0
73	234
0	230
0	1
25	351
0	0
0	0
0	0
3	7
0	22
0	91
0	0
0	0
0	0
12	156
0	0
0	50
0	0
0	0
26	4
0	233
0	4022
0	0
0	720
4	13
0	0
0	0
2	22
0	0
0	0
0	0
10	21
0	0
94	17
200	30
0	127
0	0
0	0
0	0
221	1138
1	215
0	0
0	4
0	24
0	0
9	109
75	271
0	0
0	0
22	241
0	109
0	37
0	151
0	0
0	0
0	0
4	360
48	1810
0	436
0	239
0	0
89	145
0	0
0	81
0	1368
0	1
0	0
0	0
0	0
0	0
0	106
0	523
0	0
0	0
0	1
6	239
1	0
0	272
3	97
0	0
1	1
0	0
0	14
3	126
0	0
0	384
0	28
0	0
0	908
0	0
0	0
2	2
0	0
0	0
0	0
0	6
0	0
0	79
12	425
1	145
0	173
0	88
0	0
0	0
0	484
0	0
0	0
0	0
0	162
0	0
0	1398
0	0
0	90
0	12
2	31
0	0
0	410
0	0
202	94
0	0
0	524
0	2
0	0
1	235
0	0
0	2
0	0
0	2
1	0
0	0
0	4
0	0
0	0
0	0
0	0
0	1747
0	0
0	0
0	0
0	377
0	0
0	0
0	0
16	281
0	1
1	3
76	3604
9	936
0	563
0	0
0	229
35	543
0	0
1	0
0	0
0	0
0	0
0	0
0	0
0	0
0	201
0	0
4	10
0	0
0	0
2	1
0	274
0	95
0	1
0	0
1	744
0	0
0	70
0	27
0	0
255	12200
0	0
0	0
0	0
6827	6
1	21
0	268
0	42
0	0
7	403
0	0
0	211
0	0
0	0
0	7
0	0
0	0
0	144
2	2
0	0
0	12
0	1117
5	114
42	2581
0	81
0	0
0	96
0	0
0	496
0	0
0	197
21	1352
0	3
0	0
0	1
0	86
0	0
0	211
2	1843
0	0
0	0
0	638
0	0
2292	1317
1	2
0	23
0	939
0	0
0	0
1	359
0	0
123	656
0	0
0	208
0	57
0	0
28	992
0	0
24	443
0	0
4	220
75	25
565	8
0	0
0	9
0	0
0	327
0	0
0	27
0	0
5	3
0	0
0	1101
32	131
0	1
0	232
0	0
1	58
0	1725
0	0
18	335
0	1376
0	182
0	0
0	587
0	0
0	0
1	53
115	208
2	0
407	75
0	0
0	6
38	25
0	0
1023	92
0	109
0	0
206	234
0	0
0	49
0	0
0	242
0	0
0	0
0	0
0	0
0	0
0	0
0	0
149	31
0	194
0	1
0	8
0	0
0	43
0	0
0	211
0	0
0	0
0	0
0	0
0	0
0	917
0	0
0	0
0	0
0	0
0	147
339	59
0	21
0	0
5	641
0	0
0	0
0	261
4	306
0	0
9	1
0	0
0	0
10	2099
0	141
0	190
0	0
2	27
0	41
0	0
0	2
4	52
0	0
0	0
0	92
0	158
0	0
0	545
2	1
0	0
0	1355
0	0
456	108
1	119
1	739
0	0
32	71
0	0
4	844
216	409
0	325
0	0
0	756
0	0
0	0
0	0
25	1894
2	469
0	363
0	0
0	613
0	0
0	1
0	0
0	0
0	181
0	386
0	0
0	31
5	1034
0	0
0	0
0	0
155	2603
0	1148
0	2
0	0
0	0
0	0
1	156
1	120
0	0
4	1539
0	0
0	393
0	8
0	0
0	118
0	222
0	13
0	67
0	769
0	0
0	0
1	298
0	0
0	0
6	3066
0	29
0	61
1	1
0	0
1	957
1	291
8	3647
0	0
0	0
0	0
0	1
7	944
0	0
0	616
0	0
18	87
0	4
0	0
503	294
1	1127
0	63
13	5318
0	31
0	0
115	2299
0	0
5	0
109	348
415	752
0	75
3	2
0	0
0	0
0	606
13	61
0	2
1	182
28	63
9	2
0	46
0	25
0	0
0	0
2	309
0	22
0	0
0	0
0	0
0	0
1	1
0	376
5	375
0	0
0	0
0	21
8	428
0	0
0	0
0	1883
0	5
0	0
0	0
0	1786
0	40
26	238
0	0
0	0
0	119
0	0
89	432
0	27
0	0
0	0
0	0
51	752
0	1
20	178
3	191
0	0
0	6
0	0
1	16
186	326
0	1
0	0
0	0
0	5
0	0
0	0
0	7
0	873
0	0
0	2
0	5
0	47
0	0
0	0
0	15
0	0
0	0
0	0
0	0
8	44
0	106
0	0
0	223
0	0
0	0
0	0
587	229
0	0
26	1918
0	0
0	0
23	266
0	0
0	0
0	120
1	272
0	0
22	939
0	1
0	90
1	356
1	6
66	1118
1	733
0	0
0	0
0	10
0	0
0	0
0	218
0	63
0	1
0	0
0	24
0	0
0	0
0	0
0	1564
2	109
7	163
3	40
0	0
0	945
0	0
0	7
0	0
51	1959
0	0
0	0
0	0
0	133
37	26
0	0
0	0
0	0
0	29
0	0
0	2075
15	0
0	0
0	0
0	104
0	0
627	1078
0	0
0	32
72	242
5	1107
0	0
0	176
0	496
0	0
0	0
0	336
0	135
5	1658
0	55
0	0
0	0
0	0
91	305
1904	1
84	18
933	17
56	224
0	451
0	0
0	0
0	0
83	827
0	34
14	522
0	1497
0	0
0	0
0	813
0	34
0	250
0	0
0	0
0	0
0	0
0	2
2	227
0	0
0	0
0	0
192	0
0	0
0	142
0	35
293	356
25	104
2	0
0	0
0	0
0	0
0	106
13	751
64	126
0	0
0	0
0	219
0	0
0	0
2	68
3	144
5	211
1	1
0	559
114	100
0	0
49	414
9	138
0	1
263	535
0	0
25	77
0	0
33	69
5	487
0	61
29	2391
0	0
0	0
0	0
0	600
0	0
0	0
0	0
0	0
0	0
29	55
0	0
1	15
0	1798
0	0
0	0
0	0
0	0
62	474
1	187
0	0
5	154
2	3
9	761
0	0
0	1
0	0
0	0
0	0
213	27
0	0
6	1432
2	480
0	0
0	0
0	0
0	0
0	0
0	0
7	1757
0	29
0	0
0	185
0	0
1	449
0	0
0	0
0	0
0	0
0	476
0	18
0	0
0	417
128	3506
1	376
52	184
5	142
0	0
0	1
0	345
4	100
0	6
1	211
0	0
0	1
0	0
0	102
0	0
1	303
0	0
0	5
0	15
0	94
0	0
0	0
0	6737
0	0
0	37
0	0
0	0
0	1
0	0
0	10
4	206
85	229
2	0
0	954
0	0
0	1
0	1476
0	89
0	5723
0	0
0	0
0	10
0	0
0	0
0	0
6	6
0	15
0	0
2	2739
0	0
6	243
0	0
0	0
0	5
0	1453
0	0
0	0
0	4
0	53
190	2
0	0
0	0
0	2
1	0
338	263
0	1
62	0
0	0
0	0
0	93
0	0
0	0
0	0
0	2
0	0
0	94
0	1
1	1
0	15
1	253
603	1
0	1
0	834
0	1
0	0
0	212
3	39
0	0
32	4
0	0
0	0
0	0
0	0
0	0
0	0
0	0
0	0
0	241
0	0
0	0
0	0
0	0
0	0
0	213
0	0
5	0
0	0
0	0
773	836
0	780
992	103
5	88
0	0
3	452
0	57
82	7
0	44
0	134
0	0
0	39
0	136
0	0
0	202
0	541
0	0
2	1364
0	56
168	0
4	374
0	0
0	67
0	0
0	0
55	343
2	383
0	0
20	232
0	0
0	0
20	165
0	1
0	0
0	0
0	0
39	63
0	3662
0	10
0	0
0	2
2136	7700
1	52
216	39
0	0
0	0
0	0
0	0
26	543
0	273
0	0
0	193
0	0
1	2
0	240
3	2
0	0
0	0
0	0
0	254
0	185
0	0
0	0
0	0
0	12
0	0
0	0
1	8
0	0
0	90
80	127
0	0
0	7
11	380
0	0
0	0
148	1735
0	0
0	6
0	0
0	0
191	490
0	0
133	29
0	0
0	171
0	0
0	0
0	0
0	0
0	0
0	0
139	174
0	0
133	837
0	0
0	0
0	0
0	0
1	34
26	357
2	2069
0	305
0	0
0	0
331	108
0	390
0	0
1778	7579
2	2
20	893
0	155
0	242
0	121
0	0
0	459
0	0
0	250
0	723
0	0
0	0
1	568
0	548
0	0
0	1692
0	0
0	0
0	0
0	0
2	1
4	4
0	0
0	0
0	1
0	0
1354	1675
0	0
0	0
9	908
0	89
0	0
0	0
1108	2360
0	55
0	0
1	208
22	543
0	0
421	366
0	0
2	20
0	77
0	0
355	647
0	0
1	269
0	0
0	0
0	0
0	0
13	754
0	97
1	101
0	0
0	1799
1	8
0	0
0	0
0	0
0	0
0	0
119	1869
0	567
0	0
0	0
0	1
12	343
0	1002
0	3
0	0
0	2
0	0
0	1
0	0
0	0
169	324
0	0
0	0
0	0
0	0
0	0
0	0
4	44
14	464
0	0
0	0
0	0
0	210
6	523
19	12
0	0
0	695
7	317
0	20
0	0
0	104
0	0
3	147
245	6462
0	0
1	184
0	0
0	0
1	189
2	3046
0	0
28	1
5	1570
0	0
0	0
0	210
0	0
0	0
100	165
0	386
0	0
0	0
0	780
0	0
2	104
27	240
0	0
0	0
24	7
0	0
0	0
0	0
0	0
0	0
0	0
0	3
0	0
0	0
0	0
0	0
0	0
0	0
0	0
2	3296
0	0
0	0
0	0
0	54
0	0
0	2
0	2
0	0
0	1
0	2
0	2247
0	0
0	0
0	0
0	3
0	0
0	0
0	0
5	2160
0	0
0	8
2	18
0	0
1	0
0	73
0	298
1	3321
70	218
0	0
0	0
0	0
0	454
0	0
0	259
0	0
0	0
0	0
0	1
0	135
0	113
0	1613
2	54
0	0
445	0
0	31
0	0
553	152
0	75
1	287
0	0
0	476
0	0
0	714
0	9
1	7
0	0
0	3
0	0
0	0
0	375
0	0
0	0
0	0
0	0
0	0
0	0
0	0
0	1
0	1
0	0
0	0
0	0
5	40
0	0
0	0
0	0
0	2
5886	3430
0	1
0	0
0	0
0	0
0	1
0	346
0	0
0	0
4	1435
0	0
0	0
0	0
2	253
0	506
177	125
0	0
0	198
0	0
0	465
0	0
0	0
0	0
0	212
0	0
0	0
0	0
0	0
0	0
0	16
0	0
1	0
0	0
0	208
0	22
0	0
0	35
1	1
0	0
0	0
0	0
0	223
0	0
0	0
0	1
16	92
0	0
0	0
2	730
0	0
0	0
0	0
59	154
0	1
0	0
0	612
0	0
0	0
0	0
0	0
3	1053
0	0
0	0
0	0
0	46
19	5676
0	0
0	0
0	169
12	407
3	480
0	9
0	0
1	8955
94	2540
0	0
0	0
1	71
4	136
5	709
1	36
0	8
1	1464
0	87
1	429
0	0
0	0
0	0
0	0
0	0
0	10
0	0
9	3532
0	0
0	0
0	130
5	7
1	175
6	13
0	2
137	47
0	0
0	3
0	0
0	226
0	321
0	0
0	0
0	397
0	221
0	0
4	3746
0	0
0	465
0	0
0	0
0	4
0	0
0	0
2	30
0	0
0	0
0	0
2	407
0	0
0	0
0	0
0	0
0	0
0	23
0	0
0	1
1	767
0	0
0	0
0	0
27	1
0	0
0	0
0	0
0	39
0	0
0	88
7	105
1	354
0	0
313	1842
573	154
153	50
0	223
0	0
0	0
0	0
774	461
0	0
0	0
0	1
0	0
0	0
0	701
1	427
0	165
2	0
0	0
0	767
0	0
0	35
0	0
0	0
169	82
61	844
0	0
0	1806
3	129
446	493
0	43
0	0
0	0
6	607
2	0
0	0
0	0
0	0
0	0
0	661
0	0
0	0
0	31
0	0
0	0
143	252
0	0
0	0
0	0
1	355
0	260
0	1
0	314
892	231
0	66
0	0
9	29
0	0
0	179
1	339
0	16
43	212
286	227
0	0
2	1
0	5
0	0
0	0
0	0
0	0
7	5316
0	0
0	0
10226	149
0	1
0	44
0	3
0	257
0	56
0	0
0	0
0	0
0	0
0	9
0	0
0	146
0	0
0	0
0	0
0	0
0	0
0	0
0	0
32	127
0	0
0	0
0	770
141	53
0	147
0	0
0	0
10	7
25	9210
0	0
0	0
0	0
0	0
2244	127
0	0
0	0
0	0
0	541
0	0
4	42
0	2188
0	300
0	0
0	18
0	561
0	0
0	0
24	69
0	210
0	0
0	25
0	4
0	0
0	0
77	1963
2	302
0	44
0	0
0	86
0	0
0	0
4	1625
0	0
4	429
0	0
0	6932
0	26
0	2
0	0
0	0
0	0
0	0
0	0
0	0
11	111
0	0
0	96
2	768
0	0
46	642
0	0
5	272
1	1
0	0
0	0
6	14
0	0
4	6045
7	88
0	0
7	154
0	0
0	0
0	0
0	0
1	0
32	1274
0	0
0	0
2	235
2	780
0	648
0	221
6	157
0	37
0	0
0	0
0	0
0	0
0	15
115	599
0	0
10	565
0	0
1343	335
0	0
0	208
0	2
0	0
41	676
0	204
0	0
0	0
23	25
5	628
0	0
0	1136
2	86
9	137
4	270
0	58
1	3568
2	0
0	0
0	9804
92	245
0	0
0	76
0	0
0	0
1	164
10	240
1	413
0	0
0	0
246	0
0	7
1	259
0	0
0	0
0	0
11	131
0	0
0	0
0	44
0	214
1	9617
0	0
0	30
40	63
0	0
0	66
0	0
0	0
0	0
4	1607
0	39
0	0
0	0
0	0
0	0
3	1681
0	0
0	0
0	0
6	709
8	885
0	0
14	457
67	90
0	11
0	281
0	0
1	1
478	719
0	0
2	21
5704	471
0	320
0	0
0	0
0	0
0	17
0	4
1	664
0	0
0	0
0	0
1	14
0	1
0	0
0	0
0	0
0	16
28	3
407	413
6	253
8	1
0	1
0	0
0	0
0	1
0	8881
0	0
1	0
1	663
3	54
0	0
4	52
174	66
3	46
0	0
0	0
4	61
0	1
0	3311
109	1676
16	227
0	0
0	0
0	0
0	1224
0	0
0	161
0	0
0	49
2	262
5	1
17	5
456	52
0	0
6	247
0	0
0	118
0	0
0	287
0	0
0	0
3	341
0	4
0	0
0	0
0	4
0	36
0	0
7495	3819
0	0
2	116
0	22
0	0
0	846
0	831
0	7
0	0
0	0
0	271
0	170
0	0
0	0
0	322
0	578
0	266
5	171
0	1678
0	135
0	0
0	0
0	0
0	0
0	147
0	270
0	0
0	0
0	19
0	0
0	13
61	532
0	0
0	0
0	1612
0	1
0	378
0	0
0	0
0	54
37	531
0	0
0	1
0	0
0	0
0	0
0	64
0	66
0	0
0	0
0	3
0	716
0	89
0	0
0	0
0	0
0	0
85	390
0	0
0	0
0	114
4	83
2	460
14	2330
73	23
0	611
0	294
0	0
0	0
0	0
0	1
0	0
8	493
0	0
2	0
0	762
0	51
0	40
0	0
0	0
0	18
0	9
0	722
0	0
0	0
0	0
0	0
0	0
888	3
0	0
0	0
0	0
0	0
0	0
0	0
0	0
0	0
1564	3
0	0
0	0
21	402
14	42
0	0
0	0
0	58
0	1
0	14
0	1
0	0
0	0
0	0
0	209
416	1463
0	201
0	0
0	184
0	0
0	0
81	954
15	3532
0	1
0	0
0	1387
0	0
475	461
0	2130
3	320
0	668
0	0
0	0
0	0
261	272
0	0
0	0
0	0
9	567
1	48
0	10
0	0
0	2
0	109
0	0
0	0
0	0
7	278
305	593
0	0
0	0
0	3107
0	0
0	23
0	0
1	1795
0	163
0	0
0	0
0	0
2	675
0	0
0	0
0	0
0	0
0	0
3	268
0	3
0	0
0	0
10	585
14	11
0	0
210	145
0	637
0	0
11	41
0	18
0	256
0	0
0	0
0	0
0	183
0	0
0	0
0	0
0	0
0	3
1	147
0	0
1	102
4	1
0	0
0	0
0	0
1	37
51	2624
0	0
0	0
0	8
0	333
4	262
0	0
2	1
2	0
0	776
0	60
0	25
0	1929
0	526
0	0
3	0
0	777
0	4
0	6946
0	0
140	81
285	0
30	106
0	111
0	0
0	0
0	743
0	52
2	333
0	0
0	22
0	0
0	1
0	0
5	94
0	0
912	289
454	151
0	0
0	169
0	8314
36	4
0	1
604	3587
0	0
0	0
0	0
0	20
0	0
0	0
0	0
2	377
0	1441
0	0
0	0
1	0
1650	426
0	549
0	0
0	5
0	0
0	0
0	0
0	0
1000	411
0	0
0	0
0	199
9	298
0	2
26	566
0	774
0	0
0	0
0	12
0	0
0	0
160	23
0	597
0	0
0	0
0	0
0	11
0	57
0	47
0	0
0	23
0	522
2	138
0	0
0	1
0	203
24	348
11	1759
0	318
10	307
0	0
0	0
10	36
0	0
0	0
0	0
0	0
0	0
1	55
0	0
0	142
0	0
2	314
0	0
0	0
0	655
0	2
0	1
1	15
0	0
25	827
0	0
0	100
0	0
185	63
0	553
0	0
0	0
0	0
0	0
28	816
4	298
0	0
0	0
0	0
0	59
0	0
0	0
0	664
27	933
1	336
2	160
0	0
0	0
0	0
0	9
24	322
0	0
4	29
0	7
0	0
0	44
16	1134
0	0
0	0
78	6
0	353
0	0
0	8
0	0
0	67
0	319
0	0
2	23
0	0
0	36
19	33
5	0
19	297
1	91
0	7
2	1722
0	170
0	0
0	692
160	1013
0	0
153	153
0	511
0	0
0	0
0	0
4	304
0	78
0	109
0	0
0	0
0	0
0	66
0	4
0	0
3	622
0	634
0	0
0	0
0	0
0	361
0	25
0	737
4	54
0	198
300	180
0	0
1	53
0	0
0	0
0	8
0	22
0	0
388	1
69	52
0	0
0	0
0	0
0	32
0	1
2	257
0	0
7	122
0	3
0	2
1	168
0	106
0	97
0	21
0	0
0	0
0	0
0	286
0	0
0	1
0	0
0	273
0	2
0	0
0	184
0	0
0	383
0	285
0	0
0	188
1217	3059
0	0
10	397
0	0
0	0
0	257
1	0
0	0
3	810
0	0
0	0
0	0
0	0
0	0
0	0
0	3
0	22
1	12
1	539
0	36
0	98
0	0
8	2586
0	11
0	1176
1	98
12	0
0	464
0	76
0	0
0	2
0	0
0	0
0	543
0	0
0	0
0	0
0	0
0	0
0	0
0	137
0	0
0	0
0	0
0	5
0	0
0	0
0	0
0	0
0	2042
0	0
0	0
0	0
0	10
0	0
9	336
0	2
50	213
7187	67
0	0
6759	5
0	0
0	2
746	3
0	0
0	1
0	0
0	388
0	0
0	0
0	0
0	0
18	596
1	332
0	24
0	0
0	0
0	76
247	239
0	0
0	1052
2	17
12	18
0	1
54	606
11	77
1	3170
0	14
0	0
0	167
0	0
0	528
0	2
0	0
0	514
0	557
0	3396
0	10
0	0
0	0
0	0
0	0
0	0
0	0
2	402
0	361
0	0
0	269
0	14
0	0
0	0
0	0
0	0
0	0
0	416
0	0
0	233
0	257
2	369
4	1096
0	0
1	597
0	0
0	1
8	515
0	53
3	1059
19	581
102	1202
1	1
6	197
0	0
0	0
0	0
0	265
0	0
0	3
6	2274
0	0
688	5
0	0
0	0
0	25
1	0
0	368
0	15
0	0
706	1
0	2057
0	321
0	0
0	0
0	122
0	0
0	278
0	356
0	0
0	33
0	0
0	0
0	502
0	0
0	0
0	0
0	0
0	3
0	0
32	1168
0	48
6	742
0	0
0	493
0	0
0	0
0	0
0	0
6	3
0	0
1	595
0	211
20	15
0	11
0	0
0	0
0	0
7	5271
0	0
0	0
0	2
0	0
0	434
0	0
0	0
0	0
0	32
0	0
0	0
0	7
0	0
0	0
0	0
1	511
0	3464
0	0
0	1
1	471
0	0
2	360
0	0
0	0
0	107
0	0
0	0
0	7
7	4489
0	338
0	70
15	259
0	643
0	200
0	0
0	73
1	214
8	969
0	2960
0	0
3	117
0	0
0	2
58	1385
0	556
0	4
0	0
0	0
0	0
16	498
0	48
12	19
0	71
3	153
0	0
257	332
0	1
1591	758
0	318
0	0
0	0
3	233
90	145
0	0
0	216
0	56
1	62
44	91
0	0
0	274
0	0
0	199
0	1649
0	41
0	0
0	217
0	0
0	178
0	0
3	63
0	0
4	45
0	0
0	72
0	1
0	157
6	26
0	0
4	1
0	0
1	18
0	0
0	0
0	64
0	85
0	0
9	9476
0	0
0	409
0	39
0	0
11	658
0	0
0	3
0	3
0	0
0	326
1	9231
0	0
0	0
0	1977
0	114
0	20
0	497
0	15
0	64
0	26
0	11040
5	141
0	0
0	0
0	356
25	578
53	618
1	406
0	0
0	0
5	273
0	49
0	326
0	0
6	0
73	44
0	0
0	0
0	0
0	0
0	10
0	0
0	2
0	0
0	0
0	147
0	0
0	816
0	0
2	388
0	0
0	0
0	0
75	104
0	754
0	0
0	0
0	0
0	0
0	0
12	732
0	2
2	1170
0	0
0	0
0	63
4	326
0	0
2	2541
0	0
2	1836
0	0
0	1
0	244
0	15
129	121
0	0
18	52
0	530
0	0
0	0
1	8
0	0
0	7
0	0
0	0
0	0
0	0
0	0
0	66
0	491
0	0
0	0
33	716
0	0
0	0
0	2
891	1358
0	0
0	0
0	1
3	1
0	0
0	111
0	125
0	0
0	0
0	64
0	258
0	0
0	0
0	0
0	0
0	46
0	0
0	10
2	0
27	7292
0	39
0	5
0	8
0	19
5	2838
0	0
0	318
34	41
0	2
0	0
0	367
0	1005
0	709
0	125
0	0
0	0
0	149
1	0
0	452
0	1
0	0
0	0
0	0
0	1
0	219
0	1
0	18
2	205
0	1
8	229
0	0
0	0
0	407
433	1708
0	186
1	473
0	0
0	0
0	154
0	0
0	0
0	58
3	21
17	266
3	475
0	0
0	0
0	0
30	272
0	111
1	434
0	0
2	40
33	1351
0	0
1	26
0	4
3	12
0	5370
0	3662
196	213
3	55
0	0
0	0
3	4132
1	0
0	55
0	0
0	11
0	0
232	35
0	0
0	0
0	0
0	0
0	0
0	0
0	0
1	7
0	0
0	0
36	52
0	0
0	0
0	0
0	107
0	0
0	0
0	0
1	2512
0	0
0	190
0	0
0	0
0	469
0	609
0	0
0	0
0	0
0	0
0	0
6	337
0	60
0	0
1	0
0	0
0	0
77	36
0	0
0	0
0	0
5	76
0	0
0	219
0	1556
14	343
0	499
0	0
0	0
0	14
1	0
4	612
0	0
0	0
0	39
0	0
0	399
1	11
0	0
24	63
0	0
0	413
0	6461
1	308
0	0
0	0
0	14
0	0
0	0
0	483
0	0
0	0
0	0
0	0
0	0
0	0
0	149
0	63
0	535
0	0
71	1937
0	6
0	0
0	0
3	244
0	0
0	10
0	0
0	0
59	50
0	139
0	0
0	0
0	4
0	0
0	270
0	0
0	2
0	0
0	0
0	4
0	0
0	0
0	766
0	167
0	0
0	0
3	1
0	0
3	305
17	48
0	0
0	0
0	0
0	0
0	0
0	265
0	0
0	867
0	3669
0	1
7	377
0	465
0	0
280	24
0	1
0	4295
0	1221
1	316
0	203
2	0
0	0
182	391
0	0
0	0
0	0
0	3968
0	0
0	0
0	3
0	0
0	775
0	289
0	65
0	0
9	166
0	96
2	86
0	0
557	41
0	0
0	390
71	1080
0	0
0	226
1751	2998
1	877
1	0
0	0
6	551
0	0
0	0
0	0
0	0
133	795
3	42
0	0
0	1
0	9
0	0
0	0
0	1
0	0
0	0
0	938
0	0
261	186
0	0
0	0
0	1
0	4
0	398
0	0
4	466
0	0
0	0
0	16
0	2375
960	207
0	0
0	3
0	81
3	534
0	0
0	2
0	6
0	0
0	0
0	0
0	0
170	4301
0	396
0	44
4	1138
0	0
20	1167
0	0
0	4
0	374
0	0
0	1
0	2
244	48
0	0
360	679
0	0
15	446
0	0
0	12
0	442
0	0
0	0
0	0
2	6
0	0
0	72
0	2
0	0
0	249
0	0
0	471
0	0
0	7
0	22
0	685
0	0
547	226
9	67
0	0
0	141
0	0
426	0
0	0
0	219
0	67
4	26
0	1
0	0
0	0
0	219
0	1
0	0
1	88
0	73
0	0
0	42
0	0
0	14
0	22
0	575
0	102
0	7945
18	22
0	104
1	7
0	0
0	116
2	2
0	0
3	94
1	417
0	0
3	412
0	0
0	0
0	0
0	0
0	0
0	0
0	0
0	0
1	51
60	37
0	10
383	117
0	0
0	0
0	0
0	0
0	0
0	0
8	226
72	6
0	0
0	0
0	0
0	160
0	5
0	0
0	0
3	388
0	0
1	1
0	0
0	0
0	0
0	202
0	0
0	72
0	0
0	0
0	67
0	8
7	173
0	578
1	194
0	0
0	0
19	312
1461	1399
0	0
10	813
0	4
12	306
0	1093
0	583
0	0
0	30
0	13
0	260
1	224
0	0
0	0
0	0
0	0
0	304
0	0
0	0
0	0
0	712
59	1123
0	0
0	0
0	255
0	0
9	434
0	0
0	541
0	0
0	1
0	0
0	23
0	798
2	3
0	0
0	0
296	209
483	319
0	17
0	482
0	0
0	1
0	0
1	306
0	0
0	1097
0	0
0	0
0	0
0	1
0	0
0	397
0	620
0	82
0	0
0	0
0	0
63	6
0	186
0	0
0	40
0	0
0	89
23	2082
4	199
0	0
5	2
0	0
0	0
15	823
0	0
0	0
0	0
0	0
8	466
1	32
0	0
38	410
0	0
0	197
0	0
15	786
184	0
0	23
4	561
0	0
0	20
0	0
0	74
0	0
7	9515
0	0
6	0
0	1
0	0
2	189
80	225
1	259
0	33
106	188
0	0
0	122
0	0
0	0
1	17
0	0
16	0
30	0
0	0
0	0
0	0
0	43
3	0
0	57
0	373
0	322
481	1681
0	0
0	3
0	461
1	49
0	14
0	0
2	0
8	339
0	0
2	37
0	522
0	0
0	0
0	0
0	0
0	0
0	560
0	0
0	0
0	110
0	0
0	655
0	0
0	5
7	971
0	104
7	78
1	118
9	182
0	0
0	875
0	0
0	0
0	0
0	366
0	0
0	4
0	0
0	0
0	706
150	75
0	0
0	0
0	2327
0	2
1	1776
0	4
630	120
2	14
0	2
0	593
0	637
27	960
0	0
10	715
2	1
0	0
6	516
0	0
0	0
11	25
0	0
4	105
0	882
0	1
3	210
0	0
0	0
0	0
0	8
0	0
0	0
56	5
0	5267
0	174
0	54
0	151
0	0
0	0
0	484
0	0
0	0
0	0
0	0
0	0
0	0
1	0
0	0
0	1073
0	0
0	2
0	0
0	0
0	15
0	0
0	0
4	0
0	188
0	87
0	0
0	0
0	2361
0	0
0	0
0	5
0	1
0	779
0	1
0	90
0	258
5	40
0	0
0	0
2	157
0	0
0	700
0	0
0	0
3	2645
0	0
0	79
0	20
0	0
0	0
0	0
0	0
20	1705
0	1080
1	1231
1	283
0	108
0	0
0	3
12	1204
0	0
0	0
18	96
0	0
0	0
0	0
0	0
11	26
3563	5
0	0
0	0
0	0
0	0
0	0
0	0
0	0
7	55
0	273
0	253
0	0
295	1701
0	0
0	0
0	556
0	3
0	0
555	35
0	94
0	208
0	0
0	152
83	100
0	1
1	2
0	0
0	0
0	0
0	0
0	0
1083	598
0	281
99	2891
0	0
0	54
0	1
0	1989
2	383
0	0
0	0
0	0
0	0
0	37
0	0
0	0
0	32
0	0
103	975
0	0
0	671
0	115
0	466
0	0
574	44
9	44
0	122
0	0
0	0
4	591
0	0
0	12
0	0
0	0
0	0
0	0
0	518
0	0
0	0
0	1
0	799
0	0
0	0
0	0
8	70
0	0
0	0
0	90
0	0
0	140
0	0
0	0
2	1577
0	0
0	0
0	0
1	751
6025	4205
0	3
0	0
0	27
6	276
0	4
0	1
0	0
0	2
0	0
0	0
0	0
0	461
0	224
37	19
0	0
0	9
0	0
97	0
0	1
88	34
0	334
0	0
1	233
1	1
0	2
0	0
0	4
0	0
0	0
0	275
0	23
0	0
0	0
18	1
0	7
0	0
0	0
0	0
0	153
0	0
6	6
0	0
0	0
0	319
0	0
0	0
0	57
0	695
0	3
0	7
0	227
0	111
0	0
1	460
0	0
0	0
0	26
0	407
0	0
0	0
0	0
116	128
0	0
325	1380
0	1419
0	61
0	0
0	506
0	0
25	3
0	0
802	963
0	5170
0	0
0	0
30	1694
0	195
0	0
0	178
0	5
4	483
0	0
0	17
1	0
0	0
21762	957
0	215
0	489
0	0
0	5046
0	301
0	52
0	0
18	57
0	21
0	0
2566	818
1	123
3	225
0	129
3	16
0	0
1	1
0	48
0	112
0	1
0	0
130	358
0	526
0	0
2	695
1	131
0	400
0	0
4	107
0	0
0	13
0	0
0	24
0	0
0	0
0	5
31	543
0	0
0	0
0	87
1235	72
168	95
164	450
0	0
1021	373
0	1249
0	410
9	4021
0	0
2	329
0	0
0	436
0	0
0	9
0	85
1	387
0	91
0	0
0	0
0	0
0	0
0	197
6	313
25	427
0	139
0	0
0	98
0	0
0	0
0	3
0	152
0	93
0	876
0	0
0	0
0	0
5	317
0	0
0	1
11	0
11	199
0	0
0	24
0	3855
0	0
1	2
39	40
0	0
0	2507
0	0
0	324
1	44
0	20
3	2
7	2117
0	912
0	379
0	0
0	0
3	40
0	0
0	0
12	0
6	8
4	0
0	0
0	0
0	0
0	175
3	638
7	106
0	0
0	10
0	0
0	0
0	34
0	0
0	0
0	0
0	233
0	0
21	6320
0	0
0	1
0	0
9	299
0	0
0	0
0	5
0	0
0	3
0	36
14	2190
0	0
0	228
14	434
0	43
0	0
0	0
0	9
0	0
0	261
28	991
0	0
0	67
0	25
0	2
44	101
0	380
0	455
0	0
0	0
0	1
0	155
12	542
0	0
0	0
0	2333
0	257
0	22
0	0
497	6105
908	69
0	0
0	0
0	0
0	2
0	0
0	0
0	0
0	33
0	0
0	0
0	60
0	0
0	1045
0	0
0	155
2	763
10	0
0	0
5	177
0	0
1	450
0	1
0	0
1	0
0	0
0	0
22	213
0	442
0	187
2	612
2	32
0	0
0	10
4	0
0	0
0	0
7	866
0	0
0	0
0	0
9	1366
8	3435
10	31
10	3
0	0
0	4
0	285
0	0
0	0
0	458
94	168
0	4
0	0
0	0
0	0
4	447
1	31
22	336
0	0
6	2
0	0
0	0
0	113
21	252
28	57
0	0
0	0
0	0
0	13
0	0
0	0
0	0
0	1136
1	959
0	95
0	7
190	57
0	1341
0	0
0	0
0	0
1	128
0	0
1	567
0	5
0	1
389	752
0	0
0	0
0	0
0	120
0	0
0	0
0	1651
0	0
0	0
0	0
0	456
0	0
0	0
0	0
0	573
0	0
0	0
0	0
0	59
0	0
0	0
2	0
0	0
0	56
0	19
0	350
0	5
0	137
0	2
0	0
0	0
0	0
0	0
18	99
0	74
3	0
0	1
0	0
0	0
0	5335
21	2170
6	101
0	0
0	0
0	231
0	0
0	0
0	45
0	0
0	0
0	0
0	101
2	264
0	0
2	174
0	0
0	129
0	0
0	0
26	244
0	274
0	0
0	38
0	0
0	56
0	0
0	0
0	0
2796	1238
0	1
0	0
0	1092
0	0
0	0
0	25
0	0
0	0
0	0
60	48
0	0
0	1654
0	190
0	0
0	0
0	0
0	6
0	0
0	0
0	486
0	0
48	224
0	0
10	32
0	0
0	64
0	0
0	0
0	18
0	0
0	501
0	0
1	569
0	3492
12	922
0	0
0	798
0	432
20	10712
0	0
0	0
0	0
0	0
0	0
0	1
519	151
15	493
0	0
0	0
0	0
0	0
0	0
0	0
0	0
0	0
2	1051
0	28
1	262
0	0
0	83
0	0
2	0
0	0
0	10
0	278
0	13
0	0
0	0
0	290
0	0
27	21
0	0
0	12
0	0
0	44
0	73
0	0
89	502
113	1497
3	283
0	0
0	0
0	24
0	0
129	178
0	0
0	0
0	0
0	0
0	0
2	2
0	0
0	181
0	492
19	1499
0	3
22	133
1495	1363
3	40
0	7
14260	403
0	0
0	0
82	14
0	24
0	0
0	0
0	427
0	0
1	1
4738	6
0	77
0	0
0	433
0	0
0	2312
0	75
0	161
228	90
0	0
0	43
0	114
0	0
0	0
0	54
0	0
0	0
0	0
0	0
0	0
0	0
0	0
1204	188
16	0
0	0
0	0
0	1
3	139
0	109
0	0
17	79
16	354
0	143
0	0
13	1060
0	24
3	3182
0	300
0	688
0	0
0	568
0	0
0	0
0	0
3	89
0	168
795	215
0	4
0	0
0	0
0	5275
0	0
569	2
0	0
1	1
14	109
0	0
23	471
0	0
0	0
108	0
7	3184
0	0
0	0
0	0
0	0
0	26
0	0
0	0
0	0
0	0
57	7
0	952
17	328
44	528
63	0
0	1
0	0
0	0
0	0
0	0
0	0
0	0
1	7
1	844
0	7
0	0
0	249
0	0
0	0
11	175
0	93
0	27
0	0
3	445
1	595
2	376
0	41
8	187
0	0
0	0
2	570
0	493
0	1
0	0
0	0
0	0
0	0
0	0
5	172
0	0
0	0
0	0
0	3
0	0
0	345
0	0
0	18
0	376
0	0
0	0
0	0
0	0
0	0
0	0
0	0
0	779
0	149
0	25
0	0
2265	4
0	0
0	0
0	0
0	222
0	155
0	0
0	0
0	162
40	34
0	0
0	0
0	0
0	1711
0	0
0	0
0	0
0	420
0	0
0	0
0	1
0	0
0	34
1	0
0	3
0	1
0	0
0	480
0	0
0	0
1	66
0	0
0	12
0	0
0	0
0	4
0	0
1	1
0	0
289	1
0	0
1	143
678	308
0	1609
0	0
0	1
0	0
0	1
0	106
101	906
0	0
0	13
0	0
0	1231
0	0
0	107
18	1809
0	740
113	351
0	0
0	0
0	0
0	59
0	1
503	317
0	0
0	0
0	8
0	0
0	594
0	0
2	244
0	0
0	786
1	161
0	370
0	270
0	0
0	492
3	1
0	0
0	5
1	579
0	0
15	256
142	53
0	0
0	41
0	0
0	0
0	0
0	5
3	87
51	465
0	0
0	0
0	93
0	595
0	0
0	0
0	0
0	0
0	0
3	401
0	0
0	0
0	225
0	0
0	0
0	0
0	46
0	0
623	386
0	1225
0	0
25	1
0	0
0	0
0	0
11	1208
0	0
0	120
0	0
0	0
0	0
0	0
0	0
0	15
0	0
0	184
0	0
0	0
0	0
2	186
0	0
396	38
0	0
1	0
0	0
0	14
0	0
0	0
0	0
0	0
0	0
0	40
0	0
0	1
0	0
33	15
0	2
0	0
0	185
0	0
0	1
1	2
0	0
0	0
0	0
390	164
6	39
0	12
0	0
0	0
1	644
0	0
0	13
0	0
10	4
0	0
2	451
1	27
0	37
0	1164
0	1
39	50
1	274
20	451
0	0
0	212
0	0
0	0
0	0
0	0
0	0
0	2
0	0
0	0
0	460
2	584
0	0
0	101
1	251
0	2135
10	105
12	163
0	171
1	150
0	0
0	0
0	0
0	0
0	93
9	16
0	93
0	0
0	0
0	0
1	301
0	496
0	5174
1	274
0	0
0	1
0	0
0	0
0	762
0	0
0	0
0	0
0	74
0	0
0	1
0	48
0	19
0	10
0	19843
0	0
0	0
0	0
0	16
12	10
43	89
0	209
0	472
0	0
0	0
0	750
0	0
0	0
1	10
0	83
0	0
0	101
2	1131
493	1
0	0
0	0
0	15
570	99
0	0
0	0
0	0
0	605
0	0
228	390
0	0
0	0
0	252
0	0
0	0
0	0
0	1
0	60
0	9
0	259
7	2421
1	1200
0	12
0	0
0	2
0	0
0	0
0	862
0	0
14	273
0	0
0	60
0	0
0	0
0	0
0	0
0	0
0	12
0	0
7	15
0	0
0	0
0	545
0	239
60	158
0	1
0	0
0	0
0	2
258	188
0	0
0	0
0	0
0	19425
4	0
0	13
0	165
0	198
0	293
54	214
0	68
0	0
0	0
0	0
2	71
0	0
465	0
0	0
0	1
0	268
0	1
7	464
0	67
0	13
0	938
0	0
4	88
0	0
0	0
0	2135
56	148
0	6
0	0
840	569
0	0
0	158
0	0
7	170
0	31
286	132
0	0
12	17
0	9
59	578
0	0
0	1940
63	9
1	399
0	0
5	1279
0	263
0	0
0	256
27	209
0	37
0	0
0	0
1	106
0	0
0	0
0	0
0	373
0	0
0	0
0	0
0	0
0	1043
0	1
0	2
0	617
0	0
0	94
0	0
17	33
0	130
0	0
0	19
0	0
0	3
0	0
0	0
0	353
0	56
0	583
9	7
4	281
0	86
2	798
0	109
7	207
0	2
7	20
0	0
1	30
198	296
0	0
0	0
0	0
0	0
77	0
0	0
1	48
0	0
0	0
1	0
0	0
0	96
0	0
1	238
0	0
0	0
0	0
0	0
125	3038
0	0
0	0
0	4
0	6
0	0
0	0
0	0
866	19
0	0
0	42
0	1836
450	77
0	110
11	741
2	321
0	82
0	0
0	497
0	0
0	29
0	0
4	6
0	110
15	31
0	0
0	0
0	0
2	2312
0	1
0	52
17	144
0	0
0	361
0	293
0	18
0	0
0	0
0	3
0	0
78	316
0	0
2	86
0	0
0	0
6	108
0	0
0	19
0	1
0	251
0	0
1	0
0	5
0	0
0	4
0	0
5	2
6	621
0	0
0	53
0	15
0	122
0	0
0	0
0	0
0	0
49	95
0	0
0	109
2258	2957
1	165
0	1770
448	40
0	4
1	4
0	21
0	1
0	0
0	0
0	688
178	51
0	24
0	165
0	0
0	0
0	2
7	579
0	621
96	0
0	0
0	0
13	191
0	1
0	276
0	106
0	0
0	0
0	21
0	9
0	680
0	0
0	0
31	1096
0	4
186	91
0	172
0	1286
9	609
0	661
0	0
0	0
0	0
3	724
1	0
0	584
1	116
1	54
0	0
0	0
0	0
0	53
0	0
0	124
0	0
0	1
0	0
0	0
0	0
0	633
3	312
0	0
0	469
0	180
0	0
0	829
0	144
0	0
0	274
0	0
0	0
0	0
0	181
3	3
0	0
0	468
1	67
0	11
167	371
0	1605
0	0
0	0
0	3
0	0
10	633
1	63
0	78
0	0
0	0
0	0
0	4
1	90
0	0
311	1733
1	823
0	0
0	682
0	82
0	0
0	3
0	2
0	0
0	0
0	0
0	15
1	86
0	556
0	27
0	0
0	4
0	5464
0	0
0	1542
0	0
0	63
120	497
0	0
2	430
0	0
0	1456
183	376
110	1273
0	184
0	3
18	206
189	554
0	1618
0	212
0	0
0	0
0	1
0	892
0	0
0	6
0	1339
0	0
0	0
0	76
118	944
0	135
4	385
0	0
37	590
0	56
0	0
0	0
0	0
0	593
0	0
0	238
0	0
0	4
0	0
0	967
0	3
0	7
245	1
0	0
0	0
0	0
0	18
0	0
0	0
0	0
0	0
0	0
9	79
0	0
0	320
0	31
0	0
0	988
0	219
0	0
0	0
0	0
0	0
0	0
0	5
0	0
0	767
0	0
0	0
0	3460
0	384
0	336
0	0
0	0
3	8035
1	316
2	5074
0	0
0	0
0	0
0	0
0	89
0	1034
0	28
0	0
10	1985
0	0
0	0
0	0
57	787
0	265
2	0
0	81
0	1
0	0
0	0
0	0
1	188
0	204
4	967
0	0
49	23
2	33
0	0
0	0
4	295
108	6
0	753
0	0
469	765
0	1467
0	0
0	0
0	8
0	0
0	3
2	0
0	0
7	33
0	0
0	0
0	0
0	0
0	0
1	2
0	0
0	0
78	100
89	1943
0	210
0	0
94	1199
5	91
0	0
0	0
0	3
0	0
0	192
24	1905
0	0
0	0
0	30
0	13
0	36
0	0
0	0
0	0
0	209
0	0
0	0
0	0
0	9
38	388
0	0
0	500
6	3023
0	0
0	0
0	0
0	0
95	123
35	496
0	264
0	34
1	0
0	0
0	0
1	301
0	0
107	0
0	0
1258	3
0	0
0	431
0	0
0	4
302	1364
0	15
2	73
0	5
0	0
243	116
0	2
0	103
0	0
0	0
0	0
2	95
0	0
0	245
0	254
0	254
19	232
659	2
0	0
0	0
0	0
0	0
0	42
0	24
0	6
0	0
0	0
27	9
64	68
5042	8
0	0
1	586
26	1050
0	1
0	0
0	21
0	3
0	0
23	1315
0	0
5	1257
1	0
7	37
0	0
0	3
19	733
1	62
0	0
0	0
0	7
0	2
0	640
0	0
0	0
0	61
0	0
0	27
0	0
0	0
0	0
0	0
0	0
0	371
0	0
1	0
0	0
0	12
4	157
0	86
0	14
0	0
0	220
0	255
0	133
0	47
0	380
0	0
8	4
0	0
0	0
0	15
1	22
0	140
0	9
0	156
310	13
22	216
1	0
0	0
0	0
2	147
0	0
0	0
0	0
0	76
0	0
1	328
0	0
0	30
0	153
0	0
0	123
0	63
0	0
0	1
0	0
0	0
0	1
29	652
9	88
1	7
0	0
0	107
0	354
0	1173
0	0
0	1
0	0
0	0
0	0
0	46
20	238
8	3607
0	2
0	181
0	0
197	71
0	2
0	0
0	84
2	0
0	1
0	0
2	2786
0	1758
0	0
1	45
0	0
0	30
2	36
4	56
0	179
0	8
0	0
1	503
0	121
5	233
0	34
0	14
285	167
0	168
0	0
1	3
303	7259
0	126
1	11
0	7
0	0
0	0
0	138
1	183
220	275
0	5
0	4
0	21
1743	1290
239	932
0	0
0	109
0	19
1	238
31	4462
0	15
0	70
0	0
0	93
152	0
0	0
0	10
0	5
0	3695
107	405
12	1
0	241
0	68
1	817
0	226
22	992
0	1018
14	0
0	33
0	0
0	0
0	1
0	0
11	545
3	88
0	0
3670	500
0	0
0	263
0	31
236	0
0	0
0	413
0	0
151	4
0	0
0	1
3	206
1	493
0	1908
0	0
0	494
0	431
0	583
0	234
13	2
1	84
0	1
0	410
0	1131
7	116
0	0
0	106
98	297
0	0
0	558
0	1942
3	529
0	0
0	0
0	0
0	1
0	0
2	1351
256	112
0	0
0	0
0	0
0	87
0	413
1	165
0	436
14	533
0	49
0	45
3	0
0	22
30	58
0	0
0	15
0	282
55	1436
0	2
7	251
0	142
0	0
0	0
25	88
0	0
0	303
0	11
0	0
2	419
0	2
0	0
0	19
0	0
0	0
0	2704
0	218
0	879
0	552
0	103
0	0
0	3
0	0
0	0
1	200
0	0
0	31
0	502
0	0
0	615
13	1395
21	57
0	178
0	3
44	3106
42	425
0	440
0	1
0	0
7	72
0	0
0	0
0	0
0	0
20	4046
0	0
1051	321
0	441
0	30
0	521
0	0
0	1
0	0
62	866
0	0
0	3896
5	250
0	7
0	1
0	0
2	51
132	39
1	363
0	128
0	137
0	96
0	542
0	0
0	1
0	1
0	0
0	0
3	37
0	124
0	0
0	0
0	171
0	6
0	0
0	0
0	24
0	0
0	940
0	11
0	0
0	3
0	46
0	0
0	0
0	170
0	72
0	0
1	401
0	798
56	0
82	56
0	382
12	490
1	263
0	322
0	0
0	9
0	68
8	38
0	235
0	4549
0	440
153	89
0	0
1	3
0	8
13	564
0	0
5	18
0	362
0	36
0	0
2	508
0	32
6	153
0	5
0	2
0	84
0	2
14	1201
0	355
1	0
2	300
0	76
0	0
0	0
0	60
55	3192
5	25
0	2
0	2
103	126
30	98
0	12
0	446
0	0
0	0
0	0
0	0
0	8
28	335
0	2
0	450
1	540
0	0
0	2
0	0
3	36
1	354
0	717
6	1623
0	0
48	383
8	268
0	161
0	3
0	20
0	8
0	1
0	148
0	0
1445	218
0	516
0	1489
0	39
0	0
0	254
2	0
0	0
0	8
1	3666
0	32
0	913
0	1
0	72
0	0
4	0
0	0
0	34
0	0
0	0
1	233
0	201
0	28
19	217
0	0
0	3
0	2527
5	17909
1	295
115	125
0	281
5	48
304	638
2	623
0	11
0	316
0	0
0	53
0	0
0	2
0	0
238	281
9	947
5	15
86	662
30	3
0	358
43	851
0	60
0	0
0	0
0	218
1	89
0	237
0	72
3	79
3	64
1	39
0	0
0	1
0	0
0	0
0	2
0	615
0	1602
694	796
3	446
0	0
2	108
0	9
5	116
0	31
0	0
0	1961
391	759
0	0
0	0
0	416
0	0
0	413
0	0
0	48
56	134
0	203
0	822
0	0
679	1259
0	1581
0	0
0	0
0	350
0	0
0	0
0	136
7	146
0	500
0	0
0	0
0	0
335	261
0	736
538	108
0	449
0	1656
20	1220
0	3
87	85
294	25
345	6202
0	8
0	55
4	2019
0	0
0	180
6	18
0	0
3	963
26	956
1	27
0	0
0	0
2	442
0	14
0	43
0	49
0	0
0	0
0	399
0	2
0	96
0	812
14	404
4	37
0	0
0	377
0	0
0	0
1	57
0	0
0	98
0	127
0	0
0	139
0	0
0	0
821	748
0	668
0	450
0	76
0	283
0	0
0	0
194	281
0	442
0	0
0	56
1	180
0	60
0	0
0	0
273	3593
0	0
0	2
0	57
0	95
0	0
0	0
0	0
0	0
0	0
0	0
0	4
0	53
9	144
1	75
859	907
0	1116
0	0
0	503
244	150
0	18
128	31
9	90
0	0
3	464
0	0
8	1220
0	0
1	205
0	6
0	37
5	293
6	2
85	215
7	33
13	1
0	0
3	47
7	156
94	211
0	0
0	63
0	3321
0	0
0	0
0	3
0	7
0	0
9	16
386	477
99	27
0	1335
0	1
0	31
6	123
0	256
0	0
0	4
68	362
1	288
1	100
0	36
0	17
0	0
0	1701
49	79
0	201
0	0
0	508
0	0
0	333
0	571
6	124
0	478
2	1418
0	0
0	232
9	6677
0	2
0	1
0	0
449	1
0	0
0	0
0	378
0	0
0	44
0	204
0	162
1	0
71	732
0	63
0	28
4	245
1	312
1	292
3	7
0	0
0	232
0	0
0	0
0	42
0	0
0	155
0	3591
0	363
0	0
1	9
0	0
0	0
0	27
0	0
0	0
0	0
59	228
3	393
0	0
0	0
2	18
2	29
1	390
4	301
1	298
0	0
2	97
206	288
0	0
0	61
0	1117
334	31
0	0
0	0
0	29
9	157
36	0
7	247
0	8
0	2235
0	362
579	1
0	315
1	353
2	105
0	227
123	494
12	70
0	39
3	83
0	0
0	553
0	2
6	147
19	193
0	0
1	13
51	1
3	220
4	23
0	0
0	13
0	0
0	0
20	1399
1	385
0	58
255	0
0	0
1	3
0	0
409	0
0	0
0	29
10	454
0	0
0	0
0	28
1	351
4	25
0	0
2	684
0	0
0	0
0	357
0	0
0	5171
21	66
0	1
841	506
0	145
1	209
0	0
0	0
0	0
0	0
0	210
0	0
0	1697
0	141
0	20
0	0
1	77
0	82
0	1340
434	336
0	0
0	3
0	1
0	109
0	0
0	0
0	1
1	11
0	0
0	0
0	3
0	1704
0	0
0	0
42	38
26	3706
0	260
0	0
1	262
0	221
0	0
0	0
5	784
2	2029
0	0
0	181
0	0
3	76
0	248
0	1201
0	4293
0	0
0	163
0	332
762	219
0	1145
0	556
0	796
1	35
0	0
1	334
0	0
0	51
0	0
0	32
1	2722
0	49
0	0
1	278
0	1426
0	0
0	517
0	0
0	2
0	0
0	7
0	1
3	2788
18	2507
0	19
0	0
0	239
0	0
0	35
0	0
0	0
23	243
0	0
0	0
0	0
4	368
9	26
0	429
0	0
0	2022
0	1
0	234
460	617
0	78
0	140
12	38
0	0
0	49
1	647
1	13
0	20
0	461
1	230
80	188
0	0
0	1
0	3
0	245
2	772
0	9
1	53
0	24
0	319
0	110
0	69
0	3
0	0
0	1
0	8
0	0
6	1251
2	746
0	1
0	0
2	95
50	42
0	826
130	62
0	58
1	6
0	0
0	353
0	385
0	1
35	1140
0	20
0	0
14	1125
0	0
4	50
129	0
8	81
0	2
3201	2326
0	0
0	2328
2	294
20	2681
0	415
7	496
0	0
119	1218
0	2
0	36
5	479
0	96
36	70
0	5
1	20
1	855
0	0
0	0
0	0
0	140
5	3056
0	0
0	243
1	11
13	127
0	3190
0	0
242	192
2	589
0	0
0	0
0	0
23	1108
0	0
1	246
1	22
0	0
0	15
0	653
0	6
0	0
0	0
0	49
0	0
0	0
1	3688
2	2
0	0
7	233
0	19
0	5
0	0
0	0
0	11
0	1
30	116
0	7
0	0
2	12
1	30
0	318
0	0
0	327
0	117
0	0
1	142
0	66
1	213
0	187
3960	3
0	0
0	362
1	538
128	17
0	164
1	124
0	344
0	499
0	505
0	0
54	63
0	0
39	4180
0	0
9	97
0	0
0	0
0	0
0	122
0	0
0	0
788	0
0	71
0	0
0	416
0	75
1	480
0	36
0	305
0	193
0	0
0	898
0	0
36	261
41	0
0	0
0	0
0	0
0	2
0	983
20	0
0	422
2	0
0	1
0	0
0	92
0	0
1	0
0	567
0	867
0	28
0	0
0	911
0	0
0	336
0	0
0	0
0	112
0	0
0	20298
0	0
0	208
0	0
0	0
13	5886
36	759
0	139
164	187
0	173
0	25
2	49
0	35
2	41
0	1209
0	11
0	0
0	0
0	0
0	0
0	0
3	351
0	628
5	39
1	0
1	0
0	1184
2	272
0	0
9	1
4	154
1	187
0	14
0	14
2	2
1	326
0	87
1	162
0	0
1	0
5	558
1	27
0	0
0	99
2	155
0	20
0	1416
1	333
0	1
0	0
0	0
0	39
0	1535
0	0
0	0
0	354
0	0
0	0
0	0
44	650
0	95
0	124
0	450
0	0
0	0
0	297
5	1811
0	1
20	2082
0	1
3	543
0	251
0	1
1	16
0	0
238	73
131	642
0	0
0	249
1	83
0	0
1	132
0	0
0	830
0	236
15	493
0	33
0	0
0	0
1	1207
1188	9240
38	298
0	30
0	1
1	83
0	384
0	4
0	25
0	0
224	97
1	55
0	41
0	1371
18	84
0	4
78	365
2	73
0	775
0	0
6	235
0	4073
3	58
0	518
0	276
0	3
1368	737
0	0
498	397
2	296
0	109
1	158
0	0
0	0
0	9
1	51
55	240
1	247
0	16
0	27
830	644
5	0
0	469
0	1217
0	0
71	0
0	285
0	734
7	264
14	732
0	123
0	0
4	67
0	11
0	736
0	0
135	375
0	1478
0	0
0	0
0	0
0	0
0	8391
0	37
0	1
0	0
0	0
0	51
0	25
0	0
0	0
0	1809
0	0
0	0
0	146
10	1026
0	0
0	103
0	0
0	2
0	0
0	105
0	463
0	214
0	12
0	219
0	115
0	959
0	0
0	0
0	6
0	13
0	92
0	0
1	90
0	625
0	0
0	10
0	147
1	27
0	0
567	2236
0	130
0	1
0	0
47	0
0	12
0	27
0	79
0	322
0	1
3	16
424	590
0	0
0	284
0	87
0	962
0	0
12	144
0	0
2	2078
3	4
4	0
0	884
3	0
163	571
7	9
0	2
0	33
1	3101
0	93
2	586
0	0
0	175
0	1448
0	0
0	75
0	16
0	0
0	102
0	0
11	427
2060	1768
0	0
0	3
0	70
0	0
0	120
0	89
11	143
0	0
0	0
0	0
0	0
4	78
0	4
3	284
2	48
0	0
0	24
0	870
0	32
0	0
0	393
0	112
0	21
0	0
1	1004
13	223
0	0
0	0
0	194
0	215
262	102
0	0
19	37
0	0
0	6
0	0
108	146
0	0
50	1
0	225
28	47
0	656
0	2432
0	1
0	543
0	0
0	214
10	283
36	1220
0	1
0	233
0	0
0	0
21	118
12	136
0	276
2	81
106	493
0	0
0	0
0	0
2	670
0	7
0	0
0	1108
7	7535
0	20
0	135
86	0
0	0
0	98
2	0
0	158
0	0
282	128
482	807
0	18
0	798
0	86
0	147
0	379
217	463
0	2
0	0
0	485
0	523
0	272
0	32
23	787
412	819
0	515
11	454
0	9
0	518
0	794
0	0
2	233
0	373
0	10
0	0
0	0
1	6
1	0
0	1
19	23
1	733
0	557
1	42
0	214
0	26
0	0
17	101
0	900
0	401
0	0
0	315
0	237
0	0
17	313
0	0
0	0
0	0
0	6977
0	0
0	2
2	156
0	160
4	1761
6	17
0	77
284	111
2	280
0	0
0	838
0	60
0	0
0	80
0	336
0	0
0	254
33	356
0	0
0	5613
0	1
0	63
0	782
0	0
0	221
0	0
0	0
0	0
0	85
51	384
16	21
0	50
0	804
0	0
0	0
0	0
0	1
1	89
0	174
0	0
905	417
0	1233
0	41
0	45
0	0
33	50
29	2136
0	7
0	0
31	6253
14	516
0	0
0	0
0	8
1	428
0	4256
0	0
35	241
0	1
0	0
0	0
1	349
0	194
72	745
0	2381
1	772
0	3
0	0
3	158
0	324
0	8
0	0
1	325
0	126
0	0
57	130
0	0
0	242
0	0
2	24
0	0
4	2
0	0
0	234
11	867
5	3
12	113
1	0
0	30
88	1846
0	0
158	270
0	36
0	0
518	3
24	207
0	4
0	29
0	117
2	22
0	47
0	825
0	576
1	0
0	6
2	0
2	4
0	0
0	92
0	145
0	0
0	0
14	433
64	283
22	833
0	0
0	100
0	0
0	0
0	917
0	0
25	1097
0	180
0	0
0	0
2	6
0	130
0	0
10	1167
0	0
0	19
7	539
0	5
0	0
4	110
0	0
1	1
8	3499
0	1
0	1747
0	255
0	0
0	0
0	72
0	14
0	164
0	0
842	100
4	208
637	518
0	132
0	62
33	0
0	14
2	224
0	1
0	0
2	661
0	5
0	466
4	170
0	428
484	275
0	0
0	1383
0	403
1	72
7	386
4	0
0	0
0	0
1	26
0	0
0	0
115	71
4	150
3	0
1	375
0	1355
0	0
0	16
315	63
0	143
0	126
0	1287
0	0
0	121
0	3
55	342
0	0
0	205
0	119
0	159
0	0
29	990
0	743
0	96
0	7
0	0
0	1494
0	132
0	499
1	400
0	452
5	436
1	974
0	0
0	0
0	1922
1	383
0	70
0	0
0	984
0	0
18	415
1	58
0	0
0	0
0	344
1126	8484
0	0
0	3
0	0
0	0
0	1
46	2003
0	74
0	4
0	0
1	84
281	773
0	554
0	0
13	0
1	3
8	1194
0	0
2	722
2	32
0	14
47	375
0	22
259	292
4	17
0	35
2	223
0	0
0	1
2	266
0	0
12	5
0	0
0	46
0	1
10	70
203	2
0	0
0	0
0	0
0	661
3	40
0	0
0	425
498	174
0	0
13	457
0	602
0	0
0	363
0	0
17	1059
0	549
0	0
0	347
2	0
0	95
1	0
2	12
5	33
0	0
0	65
64	193
647	310
0	14
90	313
0	80
22	27
0	0
165	0
0	652
0	0
0	1
0	0
0	0
0	210
3	1974
0	0
0	0
7	606
1	48
0	0
0	2
0	173
0	0
0	0
0	58
9	712
2	115
0	0
43	669
432	241
0	1
0	104
0	41
7	781
0	311
0	457
135	456
0	0
6	0
0	0
0	267
161	1471
0	0
0	5
0	6
0	36
0	4
0	419
0	0
0	0
1128	1479
0	1146
0	288
0	0
0	0
1	46
5	243
0	170
0	7
7	149
0	24
0	0
354	699
0	0
22	29
4	352
5	89
4	388
45	668
0	0
0	0
0	351
0	31
0	13
0	30
0	173
0	0
0	2
0	36
0	0
1	3020
0	121
0	918
0	51
3	38
0	531
3	1005
1	689
0	0
4	422
0	0
0	0
0	704
0	0
0	4
1	86
0	397
1	0
348	217
0	0
0	0
0	0
0	8
0	656
0	33
0	77
0	183
0	1631
23	2457
0	362
11	442
0	1
301	1184
0	0
113	747
0	0
0	7
277	244
0	86
15	614
445	1
5	136
0	0
0	543
1454	0
0	0
0	425
0	16
0	82
0	299
26	28
0	0
1	1687
0	0
0	517
0	0
0	3
7	584
0	81
0	324
1	132
2	32
0	0
0	0
2550	1251
339	103
0	0
44	152
0	94
3	59
0	1
0	123
3	355
1670	250
0	0
0	10
0	3
0	0
26	87
0	0
0	0
4	195
0	845
5	520
0	0
0	0
1559	348
0	0
0	465
0	109
0	1627
0	0
0	2474
12	5862
0	99
0	461
0	894
0	0
0	0
1	1403
0	121
3	330
1	13
18	3820
0	38
0	1
0	232
210	45
0	982
0	0
0	0
0	0
0	0
0	7524
0	608
0	372
1	41
0	2024
0	0
0	788
1	0
0	0
0	1993
2	522
0	2
0	606
1	16
0	4071
0	0
0	0
2	772
761	1
35	725
23	2564
4	1428
1	698
0	183
0	0
0	3483
0	0
0	109
0	1909
0	919
0	23
105	1384
13	21
9	333
1	238
0	0
0	35
0	30
0	16
0	2
0	0
28	609
0	0
0	0
0	2923
0	0
0	397
484	280
0	45
110	996
0	0
0	0
1	315
60	197
0	0
0	1
8	205
1464	296
0	87
0	270
0	254
0	0
0	142
0	1
166	1524
0	2229
0	0
0	497
1	0
35	522
0	23
46	405
0	663
0	0
0	0
33	427
0	0
0	341
0	0
100	15
3	392
23	7
1	6606
0	0
0	16
2	29
0	200
0	0
1	0
0	0
0	0
0	1
5	37
517	1
0	18
0	0
0	0
0	0
3	454
0	0
20	421
43	606
0	0
0	0
0	0
0	288
6	25
0	4
21	780
0	11
0	0
72	360
0	2
0	2591
0	0
16	47
1	32
1	37
0	38
0	0
0	0
1	4
0	942
52	169
0	155
0	0
61	1313
1	366
0	2253
0	1
0	0
0	5821
238	232
1	141
0	22
0	0
0	0
0	31
0	3
277	450
0	11
2	33
0	95
0	115
113	0
0	13
0	0
0	655
0	0
0	0
0	0
0	0
11	45
0	0
0	195
0	0
7	1599
0	15
20	1515
0	540
0	0
777	813
0	232
10	41
0	243
166	0
0	12
0	5
0	0
0	0
0	86
25	31
0	0
1	85
0	0
219	0
1	154
0	0
1	14
1	1
0	295
152	96
0	0
0	10346
155	456
5	42
0	0
0	237
1	219
0	0
0	1
0	1460
0	0
0	226
1	0
0	186
0	857
0	1475
0	7
12	449
0	26
0	0
10	3993
0	5
0	207
0	0
35	2986
0	0
0	383
1	8
2	263
0	0
953	0
2	225
1	1
0	8
0	45
0	769
767	1
0	0
0	0
0	291
0	383
0	1
7	0
0	0
0	0
76	2723
0	0
3	408
1	0
1	225
7	239
0	2
0	3
0	8
0	589
1	315
1	12
0	32
201	6
0	0
0	0
1	43
0	0
0	0
0	192
0	4
19	975
29	163
0	0
0	4
0	1
0	0
0	0
0	1
0	2477
18	487
0	42
0	39
0	97
0	0
0	43
0	772
53	703
0	0
0	144
1	787
7	675
0	341
22	1248
0	0
135	136
0	42
0	2
5	503
0	0
0	186
0	0
0	0
0	1
76	113
0	0
0	0
0	0
1	1322
0	6
0	730
0	1
0	237
3	679
0	0
0	0
0	0
0	16
10	524
0	0
0	0
0	150
0	0
0	0
0	29
0	0
1	23
0	206
25	1093
3	1996
0	0
0	853
0	73
0	973
0	22
0	91
0	145
0	1091
2	3
0	86
0	515
0	1285
0	142
12	3
0	122
0	0
0	270
34	394
0	0
0	0
2	104
0	27
0	252
0	49
64	1
4	16826
0	0
0	0
0	0
0	317
0	533
234	39
4	470
139	717
46	92
1	22
0	184
0	0
0	0
0	0
0	0
0	0
1420	2
0	14
11	413
41	361
0	5
0	0
0	357
0	0
0	556
0	557
0	1
0	0
0	8
0	16
0	529
0	0
3	1427
83	64
0	0
0	979
0	217
7	301
466	75
0	207
0	371
4	1243
0	0
0	1
1877	709
4	972
117	2023
0	0
0	2
141	1721
0	16
0	0
4	1
0	407
307	240
34	397
0	0
0	1
0	0
10	34
0	0
57	1610
0	180
1	530
7	421
0	0
0	0
0	606
426	244
321	609
0	0
3	492
0	661
2	211
0	0
0	0
0	0
0	517
0	0
0	198
0	0
1	1
0	0
0	57
0	0
62	0
25	2892
161	270
0	0
0	37
6	668
0	667
4	253
349	0
1	67
0	29
6	992
0	0
0	0
4	106
0	20
0	2423
0	11
0	1
0	75
0	111
96	443
0	0
3	347
0	1
0	12
0	241
2	199
15	177
0	0
327	1
20	1043
0	0
6	430
51	156
52	314
149	285
39	0
0	543
231	365
0	73
0	0
0	538
0	46
0	22
0	0
0	198
0	318
0	3
55	4
44	152
0	15
0	0
1	119
0	66
0	0
0	59
0	0
2	86
6	453
0	376
0	0
9	2297
11	228
0	52
0	504
0	4
0	0
0	306
68	4709
3	44
0	0
0	2977
1	19
0	0
0	4099
0	94
0	0
0	490
6	8
0	4700
0	190
0	38
1	1455
0	0
1	5
11	0
1	5
0	0
0	0
0	18
27	56
18	3368
3	244
0	380
0	275
0	0
0	12
203	274
0	21
0	0
0	400
0	52
0	0
0	4
5	1415
0	72
0	73
0	543
0	15
0	159
0	252
1	227
0	506
0	113
0	0
0	940
0	0
0	388
0	573
0	92
4	392
0	0
0	442
0	22
0	122
0	0
0	22
8	211
0	0
0	0
1	1030
514	1
0	16
0	0
0	223
24	36
0	253
0	1213
165	43
0	48
0	0
414	225
0	300
0	0
0	0
0	258
0	3
0	0
0	2
0	1
8	825
33	182
0	1510
0	44
0	0
0	0
97	477
0	2
3	649
3	380
0	577
6	1026
0	673
0	12
0	0
2	998
4	955
0	0
3	129
0	3
68	0
0	162
30	54
0	151
42	276
0	0
0	155
0	11
1	2
0	0
0	244
0	0
0	0
282	337
0	0
32	16
0	302
5	8
0	451
0	0
1241	879
0	0
0	0
0	21
0	706
0	409
0	10
0	0
0	2778
0	60
15	868
0	467
0	476
6	2416
8	687
0	0
0	0
0	0
0	301
253	1099
3	1
0	0
0	20
0	1
2	51
0	856
80	2368
3	16
1	0
0	1
0	0
0	0
0	5
1	222
0	0
24	0
0	24
7	128
0	0
0	0
0	82
0	15
77	7340
0	110
3	1242
17	94
0	336
0	242
0	0
0	0
0	202
2	219
0	585
0	0
0	1366
0	0
0	101
0	10
6	140
0	184
0	5
0	0
104	0
0	0
86	20
0	718
0	178
331	463
266	230
0	7
0	50
0	0
0	0
1	5
3	33
0	2
0	2
0	0
0	0
0	1
0	0
0	0
351	0
67	1237
0	2
2	196
0	92
0	158
1	183
0	0
0	5
0	0
0	52
0	131
60	4480
0	119
2	2432
0	498
8	352
14	145
56	5988
0	0
0	2
10	1166
186	46
0	0
0	27
7	19
0	0
1	194
0	770
0	0
0	0
0	86
0	0
0	0
0	1
0	322
0	1
0	1
0	0
0	222
0	0
51	14
0	374
86	177
0	0
8	0
0	0
0	0
0	0
0	0
1	200
77	0
0	0
0	61
0	638
0	638
4	274
0	0
0	0
0	89
1	346
2	0
7	1620
0	4
0	0
1	593
2	57
0	7
0	0
114	151
0	8
0	0
0	92
4	31
2	90
0	4
0	170
0	1
96	2207
1	271
0	620
4	44
0	520
0	0
0	0
0	0
0	7
0	0
15	14
0	278
0	0
1	279
0	5
1	347
0	450
0	121
2	2
2	224
0	0
3	369
0	452
0	0
0	293
0	829
0	0
0	1
72	1037
1	1104
2	368
124	589
0	341
0	18
0	0
0	1365
0	2
89	12
0	0
0	27
0	0
0	0
0	0
0	0
0	441
0	344
0	340
2	1832
0	240
0	6
0	114
0	0
2	532
2	120
0	5
0	219
0	0
0	11
0	0
7	1477
0	216
3209	8
11	496
0	206
0	71
0	2
0	305
0	0
0	0
0	0
0	19
0	254
0	253
1	946
0	0
0	0
2	78
6	2
0	0
0	0
0	611
0	39
0	0
0	0
0	0
0	0
0	0
0	623
0	0
0	194
0	183
0	79
0	497
130	14
19	4180
0	0
0	0
1	1335
258	6
0	68
272	829
180	41
0	0
1	264
339	699
0	614
0	0
0	3
0	0
0	0
2	162
0	0
27	162
50	294
0	1
0	236
0	28
0	9
0	0
0	0
0	356
27	300
0	23
1	894
0	0
0	0
1	336
555	231
2	161
0	113
1	380
0	2
0	2
0	222
0	0
0	0
2	31
0	0
0	1
0	2
0	42
0	0
26	3065
4579	9635
0	0
0	55
0	1040
0	4
0	0
0	2
0	18
299	1
0	0
101	1023
28	46
7	147
0	23
0	51
7	283
0	77
11	460
0	11
0	0
0	92
0	108
0	2
0	0
0	0
4776	7
0	44
0	0
0	1
89	20
0	5284
0	497
0	2030
0	1
0	7442
113	2034
1	3
0	0
6483	731
528	211
0	352
0	0
46	607
19	314
0	0
755	867
0	45
0	0
0	2
0	0
1	328
0	0
0	2
3	880
0	538
101	6
5	557
0	1662
0	7
0	0
0	1
0	5
0	4
2	95
0	72
0	0
414	275
0	45
0	0
0	0
0	26
0	165
0	146
0	1245
0	236
0	420
0	0
0	0
0	70
103	952
32	141
32	4312
0	1
0	0
0	110
0	0
0	0
0	0
10	0
0	0
0	371
8	63
0	0
0	4
0	186
8	379
0	0
0	640
0	55
0	7
0	0
13	479
0	21
0	0
0	11
1237	7
2342	1
0	1
2	0
0	643
3770	2040
0	0
2	0
4	57
0	2
0	10
0	0
0	0
0	602
0	0
0	354
95	27
4	165
0	0
1	179
0	0
0	18
0	22
0	2533
0	0
2	231
4	659
1	235
0	627
0	1991
0	399
0	0
379	2
0	663
2	1127
0	0
0	0
0	0
0	0
1	10
0	0
0	5
19	53
0	404
3	0
4	44
0	5
0	0
25	76
0	31
0	293
0	55
0	0
0	0
12	9
0	650
10	22
0	0
384	2959
0	0
25	151
0	217
0	0
0	0
0	174
0	8
7	1465
14	99
3	641
0	0
0	1
1	53
2385	1872
3	9
0	0
0	117
3	19
5	310
0	198
1	300
5	257
15	655
0	0
0	58
1	220
3	256
36	2022
0	5
0	0
0	0
0	650
103	0
2027	2
0	200
0	0
1	0
6	463
6	170
1038	2319
0	10
0	160
2	44
210	116
0	0
0	60
1	150
0	19
2	424
0	27
0	572
0	28
1	64
0	1
0	0
0	0
0	492
0	153
0	0
17	2030
0	313
7	386
0	0
0	36
0	364
5	721
0	0
0	1185
0	70
0	13
0	112
7	282
0	1
0	40
0	928
5	1116
4	0
0	0
0	1
0	0
0	1
0	0
0	0
0	122
2	380
0	0
0	133
0	0
3	1894
0	309
0	796
0	261
0	0
29	254
0	0
2	237
310	665
451	361
2	220
1	3
2	27
0	0
0	3
0	726
2	310
294	28
1	1142
0	6
0	28
2	2
1	0
0	0
0	0
0	285
0	796
0	0
0	32
1	0
0	0
0	1086
0	0
12	111
22	12
557	141
0	454
0	8
0	595
0	814
0	0
0	0
15	14
2	321
0	336
2	142
4	548
0	0
0	0
0	429
0	43
0	0
0	0
0	0
0	73
0	42
21	8
0	90
0	469
269	3930
12	1168
410	89
0	180
78	185
0	0
0	227
0	122
0	0
0	0
0	0
0	0
0	0
104	75
255	1186
0	0
4	28
0	49
2	581
0	136
0	964
0	0
243	38
0	97
0	0
0	234
0	280
0	0
1	301
455	488
0	550
607	47
0	0
0	0
5	227
0	44
3	13
1	271
0	97
200	32
0	2
0	0
0	30
0	1
0	0
0	132
0	482
0	464
2	0
0	5
2	227
16	2251
1	213
0	0
0	140
0	0
0	0
9	248
0	0
0	3
0	15
1	142
0	7
0	3
0	1
9	1567
6	118
0	81
0	4
0	0
0	1
1	215
6	218
0	230
0	2
0	0
0	85
0	147
2	303
1	41
1	318
0	0
0	419
0	0
0	629
1	244
3	26
72	1477
0	307
0	324
0	0
37	57
0	0
0	0
0	0
0	8
0	1345
0	141
0	271
0	0
0	0
3	458
0	394
1	757
0	0
288	22
0	24
1	422
1	257
0	308
2	0
2	660
0	5
0	2
0	0
0	1
0	915
0	32
0	0
24	322
0	79
0	9487
338	32
29	1
0	67
264	70
0	0
0	79
0	1
15	1766
8	136
0	0
1	50
0	510
5	325
0	450
0	0
0	177
0	72
0	76
2	182
0	0
3	181
5	688
3	690
412	61
0	316
91	415
18	69
0	1
22	570
2	208
1	565
0	251
0	262
27	1830
0	1
0	228
414	62
23	173
0	0
0	10021
2	442
0	0
13	216
0	582
0	68
0	72
12	471
0	185
28	3286
0	457
0	521
0	0
0	11
0	0
0	0
0	80
0	19
0	100
0	0
0	3
0	0
0	114
0	1
0	0
8	53
0	112
2	0
92	2
0	67
0	0
0	5
0	444
0	0
2	397
0	0
1	444
0	0
2	420
0	0
0	4
0	1
5	1
0	0
77	0
0	0
0	156
0	106
4	74
0	0
0	231
1	256
0	1
0	210
3	228
0	0
0	392
24	101
0	22
206	1866
0	0
0	2
0	296
0	267
0	45
1133	335
0	0
21	419
1	1209
0	56
0	0
11	834
0	0
13	14
0	5
20	225
2	183
0	0
0	112
0	15
0	121
44	64
0	2
0	0
0	90
0	0
0	0
0	0
0	6261
0	0
0	0
183	115
0	0
2	9
0	0
0	0
1	111
0	0
0	48
0	0
0	322
0	0
28	7
0	660
410	184
3	28977
0	0
0	43
3	251
0	0
0	575
3	1144
0	0
1	0
0	0
2	113
0	0
0	0
1	1230
1	1244
0	243
0	24
0	0
0	0
0	0
0	1346
0	0
0	2
0	0
0	447
0	0
0	0
19	749
0	0
1	456
0	788
658	1
0	0
4	6
0	0
6	48
2	840
0	12
0	99
0	0
8	214
13	1020
0	372
1	0
0	0
0	505
2	55
0	571
0	1257
0	0
0	342
0	0
0	0
1	38
0	448
0	20
0	0
0	0
0	197
4	173
227	1032
0	1915
0	0
1	2039
4	31
0	0
0	0
82	145
0	0
61	0
38	358
0	5
0	0
0	0
0	945
182	10
48	451
0	86
0	1045
0	7
1	0
0	0
3	41
0	795
0	243
3	77
0	162
0	1
0	56
0	0
0	0
241	1887
0	0
0	0
0	0
0	39
8	1161
66	27
0	17
0	579
0	6117
0	627
0	14
0	0
0	1
0	642
0	217
0	0
0	9171
2	645
1	86
0	36
0	0
0	2
0	16
0	0
0	3
2	516
1	39
0	20
0	124
0	65
0	0
0	1
0	5
17	0
2	1146
21	2051
0	0
0	149
0	14
0	44
2	73
0	378
80	6
0	0
0	0
0	0
17	5
60	313
0	3
816	207
206	1
0	33
0	0
1	373
0	92
0	8
1	2019
0	93
0	388
1	2373
125	41
0	1006
0	0
7	311
0	875
0	0
1	310
0	0
0	1
0	3
26	301
0	0
0	0
0	0
0	0
0	122
0	32
4	216
0	29
0	1
0	141
32	721
0	0
701	2
0	0
0	0
2	2920
0	0
0	0
0	0
3	1
0	0
0	0
0	0
0	5
0	71
0	0
53	650
3	26
3	108
0	28
0	0
30	1981
0	152
0	0
2	0
7	249
0	329
0	0
0	733
11	144
0	261
0	1269
0	4148
0	0
0	1142
1	32
0	3
0	44
0	5
0	0
0	7
0	144
2	0
36	2
6	196
0	51
0	0
11	1111
1	0
1	21
0	0
0	0
0	48
0	0
0	122
518	1
1	472
0	0
12	253
0	0
0	347
0	0
0	224
2	1450
946	2423
0	162
0	0
0	0
28	4887
2057	26
0	0
0	34
4	755
0	8
0	124
0	0
0	1
0	1664
0	1587
0	2
0	164
0	17
0	0
0	123
1	203
1	53
0	282
1	10
2	353
9	56
0	51
5	696
0	5
0	0
0	918
0	1191
4	3
0	0
0	0
1136	0
0	0
0	1
687	200
0	187
0	0
0	12
0	547
0	162
2	151
75	289
0	0
0	32
0	77
0	0
0	172
0	0
0	3
0	0
0	2
0	415
3	6
0	0
99	104
0	0
0	0
1	553
0	11
0	0
0	713
0	9
0	0
0	0
1	430
0	0
0	1923
0	1
1	804
1	185
329	199
0	289
2	656
0	0
0	549
0	0
0	373
0	714
0	46
534	327
4	617
0	472
0	505
180	186
0	0
4	183
1	656
3	1
1	556
3	77
0	0
2	147
0	2296
3	59
0	0
1	4
0	0
0	294
0	6
0	3
53	767
0	647
0	252
1	942
88	643
0	0
0	0
0	0
0	20
3	15
0	34
0	344
0	0
0	0
11	34
0	196
0	0
0	69
0	36
0	0
0	0
0	0
0	0
0	119
0	54
0	217
2	14
0	0
30	3693
0	71
65	338
0	188
1	8
0	1
1	0
0	132
3	86
3	173
721	66
0	3015
6	116
0	0
0	536
0	0
10	40
0	0
0	6
0	1
76	181
2	394
0	0
0	196
0	0
2	1411
146	1050
0	6
0	12
0	89
4	17
31	14801
0	0
2	241
8	1205
1	0
0	59
0	457
382	809
0	175
0	3
0	0
0	36
0	6
5	0
0	104
0	0
0	2
1	1
0	1
5	566
0	1
0	0
24	2761
0	0
0	117
0	0
43	3630
1	929
0	0
0	0
1	0
220	408
0	0
0	0
2	22
139	277
0	0
0	431
0	95
0	0
2	734
11	1403
0	0
0	0
0	30
0	461
0	0
0	191
11	261
0	5
0	0
0	0
0	0
0	0
324	96
0	0
0	0
3	22
1	82
333	6
0	0
0	1
0	1
0	7
0	0
0	173
0	195
0	68
0	712
0	373
152	0
0	0
0	0
9	497
0	446
0	545
0	1
0	0
2	17
0	660
1	0
0	359
0	117
2	220
0	2
0	3
0	212
0	0
0	6
47	273
1	2840
2	88
631	807
0	28
70	368
183	142
0	119
0	0
7	462
0	0
0	286
0	484
0	1
0	0
0	0
0	9
0	22
0	0
63	3500
0	0
0	0
0	7
0	1
0	1476
0	0
5	209
1	485
1	473
4	397
3	211
0	6
0	422
2	71
0	0
0	0
0	32
0	67
0	11
0	0
16	1527
1	0
0	0
0	110
1993	491
2	78
6	16
0	0
0	0
25	774
0	0
0	454
263	384
119	289
0	25
0	0
0	0
0	295
0	0
0	0
0	0
4102	138
0	1
0	159
0	0
0	8
0	0
0	0
0	0
2	10
0	0
0	0
2	538
1674	1141
10	257
5	494
2	15
0	430
0	2
0	0
1	53
0	0
0	0
19	0
11	44
169	56
19	899
2	248
68	824
0	0
136	3135
2	82
0	0
0	11
24	1558
25	1178
1	398
466	17
2	18
0	0
0	0
0	0
12	493
0	118
0	1
0	0
41	33
0	132
0	0
0	1
1	0
0	465
1	385
0	50
0	2
2	0
8	298
0	15
22	2253
0	29
0	33
0	903
0	0
19	22
0	0
0	8
0	49
0	12
0	266
0	149
0	133
0	0
0	0
0	110
0	63
1	301
0	17
1	1
2	492
0	388
1	129
0	0
0	239
1	0
0	2521
0	2
0	0
0	5
57	117
0	0
0	236
0	0
0	146
213	0
0	0
848	1
0	89
6	3
0	0
0	3
0	1966
0	0
0	0
0	328
6	0
0	0
0	0
0	0
0	0
0	123
0	0
0	1
0	0
0	0
0	0
3	966
0	1
0	78
0	614
215	0
0	0
0	164
0	0
267	31
0	428
0	352
0	371
0	80
0	6
1	8
0	0
0	127
56	730
0	149
0	0
0	95
0	1522
0	23
2	391
0	165
0	4
0	545
231	0
19	1579
3	39
0	0
0	0
0	1
0	45
0	116
0	0
0	0
0	369
0	58
0	417
0	0
0	0
1	192
0	0
0	0
0	1
0	4
1	209
18	154
0	93
2	18
0	2183
10	554
0	276
0	18
12	313
0	6
0	7
0	8
68	353
7	15
0	404
0	0
95	209
0	375
0	0
0	22
1	73
43	1
0	0
0	0
0	0
0	64
0	628
0	0
2	207
0	11
0	0
0	5
488	1146
0	10
0	0
1	764
2	520
0	1
28	944
0	100
0	0
716	33
0	0
0	1
18	187
4	371
0	239
557	1908
0	289
0	0
0	0
0	0
0	0
0	3
0	962
0	0
0	893
0	0
0	8
1	239
36	418
18	17
656	47
0	0
0	1047
0	0
0	419
0	565
0	89
4	892
0	0
2	312
0	0
0	1
1	10
0	65
1	257
1	1
0	8
0	0
0	0
0	1
0	0
3	452
0	88
0	0
0	614
0	0
0	22
0	2
0	821
0	117
1	2
0	10
0	7
1	472
1	1922
13	15
59	424
52	1572
2	72
0	15
0	1064
0	0
0	0
0	275
766	238
0	40
0	654
299	1
0	0
2	0
0	1484
0	11
2	0
0	0
269	32
1	65
1	158
0	3
0	519
0	0
0	38
0	0
0	250
0	0
0	349
0	766
0	248
82	24
1	336
0	555
0	8
4	534
0	1577
0	0
0	303
0	1417
9	143
0	1058
0	40
0	6833
0	92
5	407
24	1525
0	519
7	47
0	545
35	0
0	11
0	47
0	0
0	1
4	524
0	0
3	721
24	195
0	0
0	661
9	408
6	66
0	0
0	49
0	20
0	0
200	309
0	50
1	32
0	227
0	1185
0	2
0	10
11	156
82	223
541	632
51	630
0	10
0	0
0	0
68	148
0	0
366	22
0	1370
0	210
2	183
0	29
0	0
0	116
0	977
122	1000
0	0
0	511
0	0
0	72
0	1
0	0
0	0
0	0
0	188
8	197
0	0
0	2
0	0
2	621
0	47
8	83
2	37
842	491
0	152
0	8
1	1548
0	51
0	0
0	0
0	167
0	1089
0	0
1	218
0	0
0	16
147	242
0	544
0	61
5	0
11	168
0	0
0	3
0	0
0	0
0	130
0	165
0	0
0	0
3	2061
0	0
2	828
112	941
0	1043
0	0
98	0
0	0
85	227
0	466
70	3128
0	0
0	714
0	906
0	941
0	147
10	321
0	0
0	10
0	0
0	0
0	164
49	969
0	20
0	887
0	0
0	339
35	369
0	0
0	9
170	646
3	1231
0	2
12	119
0	1
0	12
147	7
0	0
1	67
2	39
0	2
0	0
0	0
0	0
0	0
0	18
1	177
0	517
0	46
24	0
1	19
0	127
65	152
0	261
0	0
4	91
0	0
0	1763
13	990
195	34
0	0
0	69
0	32
0	0
14	46
0	0
2	2
0	0
0	11
0	0
0	330
687	0
0	0
0	292
12	3444
0	116
0	19
0	0
264	0
0	521
0	115
0	0
0	0
1	12883
1	187
0	8
44	181
0	6
0	0
0	13
579	1
3030	27
0	226
0	0
2	124
0	0
0	0
0	0
0	0
0	0
0	16
0	0
5	2
1	795
0	0
0	1
0	33
18	123
0	0
0	0
0	0
0	101
0	6
0	406
2	386
11	112
0	0
54	20
79	144
0	27
0	214
0	489
142	0
0	0
2	3
0	0
0	101
0	2
1	393
0	12
0	0
0	1
240	3
0	0
0	127
0	10
0	0
0	0
0	0
0	0
0	0
9	156
12	4
0	367
0	0
0	0
0	77
0	0
0	0
0	0
0	336
0	722
0	0
1	928
0	0
2019	748
0	0
0	367
0	0
0	2
0	0
30	6
0	87
0	472
0	0
196	57
5	71
0	2
7	9906
0	1
0	117
2	29
0	3689
0	0
0	532
0	4
0	1
145	396
10	3051
0	6
0	0
0	0
2703	1387
0	0
1	351
4	109
0	541
0	0
1	1
0	191
5	110
0	0
0	513
0	0
0	21
4	0
0	0
0	1103
0	16
1	19
0	232
0	61
0	15
1850	0
0	0
18	719
0	11
0	0
0	11
0	0
2	0
6	322
0	0
0	427
0	2
0	21
0	0
7	247
0	1
68	169
0	0
0	1
0	523
89	468
0	244
0	437
0	0
0	0
16	207
0	649
0	5
0	42
0	50
0	380
0	325
402	1
0	22
0	1875
3	415
0	607
376	45
0	138
0	0
0	0
0	0
0	0
0	0
0	0
4	371
0	640
0	1612
0	458
0	0
0	0
0	0
9	344
12	603
0	7
0	38
4	114
0	55
51	0
0	2
0	0
0	27
0	42
1	0
2	1883
7	1
2	305
0	375
0	0
39	29
0	86
0	6
0	0
0	1
0	329
0	233
1	79
0	0
0	13
0	11
0	11
0	9
0	0
4	4
3	11813
0	14
5	66
0	289
57	369
0	0
0	0
20	140
0	44
0	2
0	10
0	0
0	1
0	3
19	575
9	6
0	0
0	0
0	1661
0	147
3	1687
0	0
0	0
34	105
136	88
1	351
0	0
33	345
2	154
39	603
0	198
0	0
0	123
215	7
0	110
0	431
0	310
0	0
0	136
5	217
0	0
0	191
0	1
0	10
0	0
12	188
0	18
0	112
9	1324
0	510
55	712
0	22
29	314
0	0
16	67
11	393
0	283
0	1962
0	46
0	0
0	0
0	0
0	228
0	0
0	0
0	0
0	341
0	272
0	1
0	457
0	127
0	537
1	87
0	5
0	59
0	0
0	21
3	0
7	300
0	1
0	0
0	1
0	0
5	224
0	621
0	71
1077	1138
6	491
0	0
0	0
5	2280
149	135
0	0
0	320
5	808
93	542
11	161
0	1157
0	0
17	0
0	214
0	0
25	298
2	617
3	6
0	1
6	230
1	18
0	243
0	1
1	193
0	49
6	357
0	0
1	288
0	0
1	1062
0	54
117	0
0	126
78	4103
0	192
1	467
1	1571
0	0
0	15
0	18
0	217
0	54
0	0
0	3
0	45
0	0
70	8871
1	253
3	140
0	0
0	0
0	162
0	20
118	72
0	63
0	203
19	596
17	21
31	239
0	1534
34	5252
0	0
3	187
0	2227
0	0
0	52
16	73
1	1885
0	46
0	2
0	0
0	0
0	134
0	8
50	14
0	2
0	1
1	403
0	0
0	0
31	143
2	300
0	5
0	5919
13	3621
0	152
14	3176
528	310
5	227
0	546
0	0
0	215
0	4
173	979
0	614
173	105
0	0
403	1
1	598
43	254
218	0
6	620
0	557
0	38
0	17
0	0
1	284
0	0
0	46
0	0
0	0
0	0
0	72
86	42
2	33
0	0
11	428
0	138
0	0
0	134
0	0
0	71
0	33
0	0
1	344
0	0
0	142
2	1125
0	0
11	57
0	467
0	12
0	0
0	1
2	1027
17	109
0	502
0	0
2	158
0	88
0	0
1	0
0	1
0	709
0	165
0	8
0	761
0	0
0	0
0	1
0	595
0	13
0	1031
0	0
0	2
0	0
0	651
0	150
0	79
0	1415
0	47
0	534
1	247
0	110
0	2
0	237
0	0
0	0
1	1248
0	14
0	38
174	766
0	109
109	1455
5	578
0	0
0	0
0	212
0	123
32	168
0	0
0	625
0	0
2	8
0	0
40	123
0	4
0	0
0	14
80	0
0	459
663	20300
0	0
0	0
1	33
0	0
0	10
1	141
119	2
1	629
6	115
1	123
103	934
0	0
0	38
0	1
0	0
0	0
0	0
17	59
0	393
0	0
1	309
0	87
6	21
0	41
5	512
0	0
0	92
0	0
2	581
0	40
0	0
0	0
0	0
1	57
0	134
0	0
1	13
0	0
0	0
0	41
0	1144
0	0
0	0
0	0
0	0
0	11
5	1311
0	0
0	0
0	0
0	0
0	168
0	0
0	0
0	0
0	0
0	0
23	97
0	2
2	1172
0	84
0	0
2	315
0	0
0	0
0	7
0	7
0	0
3	60
0	0
0	119
0	1
0	0
0	0
5	41
0	0
0	8
16	3388
23	1015
0	0
0	0
1	15
9	4228
0	0
0	2
1553	1187
0	0
0	37
0	21
0	0
48	5329
0	0
0	0
0	0
2	12
0	304
0	0
0	0
0	0
0	375
0	0
0	312
0	0
0	0
0	61
1	2449
0	137
0	0
0	0
0	0
0	10
67	11
0	0
0	123
5	3045
0	0
1	76
0	134
0	0
0	0
0	322
0	216
0	0
0	0
0	0
0	0
0	0
11	0
0	519
0	0
104	35
0	0
0	44
0	0
0	2
0	14
1	360
0	0
0	0
0	25
0	0
0	10
77	4411
0	0
1	25
0	0
0	0
0	0
0	0
0	0
4	188
98	207
0	0
0	0
0	0
0	29
0	0
0	125
0	7
0	0
0	7
41	909
0	31
0	0
0	0
0	0
3	931
0	153
0	1
0	118
0	0
0	0
38	12092
0	0
0	0
0	0
0	8
0	630
0	510
0	0
0	342
0	0
0	0
0	0
0	0
0	0
1	5
0	504
4	22
0	0
0	171
0	0
0	106
0	241
0	0
0	70
0	123
0	32
2	284
0	326
0	0
0	0
0	291
0	346
0	0
14	1781
1	57
0	0
0	0
0	13
0	0
0	1362
0	4
0	0
0	0
0	28
0	0
0	0
0	0
1	431
0	12
1	523
0	0
0	0
0	0
0	0
0	0
0	0
2	120
0	21
0	0
6	578
0	0
0	5
0	0
0	0
0	0
0	137
0	0
0	0
0	948
0	0
0	0
0	0
0	0
0	0
0	0
0	204
0	0
0	0
5	87
2	7
0	0
0	0
4	701
0	0
0	0
0	3696
0	256
125	182
0	0
10	23
0	437
10	444
0	0
0	0
0	0
0	1169
0	0
0	0
0	0
6	405
0	0
0	0
6	290
0	0
0	199
0	0
0	0
0	0
0	3414
0	70
0	0
0	522
0	1
0	0
0	1027
5	756
0	454
0	0
1	180
2	184
11	10
0	22
0	0
0	0
0	319
0	0
1	205
54	70
0	1859
0	1
0	0
0	1
18	160
0	0
0	325
0	0
0	0
1	152
0	5
0	706
0	0
468	1361
0	0
0	0
0	1
0	2
0	0
0	325
2	15
0	0
0	10
157	489
0	3
0	1004
418	230
0	1
1	15
0	0
0	437
0	0
0	0
2	1678
7	0
0	298
0	8
0	0
0	100
0	0
0	0
0	58
0	98
0	0
0	0
0	0
0	8
0	237
0	0
0	0
0	0
1	0
0	22
1	387
0	3519
0	275
0	0
1	0
0	253
0	0
0	0
0	11
0	0
0	0
0	130
0	968
0	0
0	412
10	379
0	0
0	24
31	553
0	13
0	99
0	0
0	45
0	0
0	0
15	1109
0	181
0	0
0	0
0	25
26	283
0	35
0	0
0	0
0	6
0	49
0	4
0	0
0	19
0	30
0	0
1	756
0	0
0	3
1	166
0	0
0	10
1	204
0	5430
0	2390
0	0
0	0
0	0
0	0
0	0
0	0
0	785
21	36
2	61
0	0
1	209
0	0
0	0
1	889
152	353
0	491
1	102
0	0
0	0
137	331
4	13
0	444
0	0
0	22
0	0
0	1238
86	59
0	0
0	0
16	336
0	14
0	0
0	0
0	24
0	0
0	97
0	0
0	0
0	0
0	0
0	0
0	0
0	7
0	0
0	0
0	89
0	9
0	0
0	1
0	0
0	970
10	5
0	0
0	0
0	0
0	0
0	1191
0	0
76	9068
0	766
0	0
0	0
0	0
0	0
2	83
0	333
0	324
0	0
0	0
0	103
0	0
0	0
0	0
0	0
0	0
0	0
16	52
0	88
0	0
0	45
8	58
0	0
0	93
0	0
0	0
0	0
371	416
0	0
0	0
0	374
0	0
0	2550
0	1129
0	7
0	0
0	0
11	1229
0	0
0	104
0	1
0	0
6	139
0	26
0	158
0	61
2	49
0	6
0	0
0	226
0	0
0	0
0	0
1	277
0	1
0	244
0	0
0	0
0	0
0	0
0	0
2	912
0	0
0	0
0	0
0	29
0	50
0	499
0	0
0	0
0	0
0	0
0	0
0	9
0	214
0	0
0	2493
5	355
0	0
12	779
1	0
0	0
0	83
0	0
56	2056
0	0
0	0
0	0
0	21
0	0
0	0
0	0
0	35
0	100
4	635
0	0
0	23
0	81
0	0
0	400
0	82
0	0
0	3
0	0
2	854
110	445
1	420
0	76
0	5
0	0
13	506
0	0
2	220
7	1276
0	0
0	0
134	14
0	0
440	68
0	29
0	3
0	0
0	0
0	70
0	0
0	0
0	0
0	0
0	0
0	75
0	300
0	0
0	0
0	0
0	0
1	76
1	41
0	84
0	8
0	2
20	520
0	0
0	0
0	0
0	0
6	1356
0	0
0	0
1	224
0	116
0	15
0	0
0	0
0	0
0	167
0	0
0	0
0	7
0	0
0	0
0	23
0	0
2	1540
2	156
0	0
0	0
0	0
0	0
0	0
0	0
0	0
0	1
0	57
0	0
0	136
0	45
0	18
0	0
0	692
0	2
0	0
0	22
0	0
5	2418
0	0
0	0
0	0
0	0
0	92
0	0
3	0
9	0
0	0
186	5137
0	0
0	6
0	88
1	566
0	0
1	1455
0	130
0	0
0	1
0	0
0	0
4	150
0	216
0	25
0	52
0	0
0	1
0	2
1	43
0	15
0	1
1589	114
1	13
8	111
0	268
1394	632
0	0
0	0
0	95
0	6
0	392
0	95
2	89
0	0
0	0
0	108
0	0
0	0
0	0
1	76
5	736
0	488
58	313
0	0
0	0
0	0
0	121
0	0
0	0
0	0
12	11412
5	0
0	0
0	0
0	10
0	0
0	0
0	48
0	0
0	0
0	344
17	160
0	0
0	71
0	0
0	0
0	0
0	0
4	63
0	39
0	948
0	114
0	11
0	14
1	157
0	17
107	270
0	0
0	964
0	0
0	282
0	0
0	330
0	0
0	1
0	0
0	791
0	73
0	1025
42	1
0	0
0	0
223	120
0	18
9	256
0	0
0	0
0	0
0	0
0	0
12	719
0	1060
1	0
0	1
0	0
0	0
0	0
1	93
0	0
0	0
0	0
361	5442
0	4
0	1
0	0
0	0
0	21
0	188
0	0
0	0
0	0
0	0
0	0
0	0
0	277
0	26
0	0
0	0
0	0
0	0
0	1
0	0
0	0
0	0
325	216
0	0
0	0
0	2059
0	0
0	0
0	0
2	109
0	0
0	64
0	0
0	4
0	0
0	0
0	0
0	35
1	1
0	0
0	0
0	0
8	8733
0	0
0	186
0	3
0	0
1	4
0	5
0	630
0	77
0	0
0	1
0	990
0	322
2	1028
0	0
0	0
0	0
0	0
2	523
7	223
0	0
0	0
0	289
0	6
0	0
0	2
0	0
0	0
0	6
0	413
0	0
0	0
0	0
4	2
0	227
0	190
0	12
0	0
0	0
0	0
0	348
0	0
0	41
0	1
0	0
3	170
0	159
0	0
0	0
0	78
0	45
0	0
9	551
0	0
406	1710
12	1641
0	0
0	0
0	1
0	0
0	456
0	0
0	0
3	280
0	1
0	0
0	0
0	511
0	0
0	0
0	0
0	0
0	0
0	0
3	136
0	290
0	0
0	0
0	0
0	0
0	0
0	1203
0	0
0	0
0	0
19	0
0	0
0	0
1	20
0	122
0	1941
0	0
0	0
0	1
0	0
0	1
93	1220
0	0
0	0
0	28
0	0
40	0
4	2
0	13
0	47
27	185
298	597
0	0
0	16
0	0
0	828
0	13
0	0
0	0
0	37
0	0
0	541
0	0
0	0
0	0
714	11
0	0
0	0
0	0
0	0
0	0
0	2
0	0
0	1
0	0
0	112
0	0
0	0
0	7
0	0
0	0
0	0
0	217
0	0
1	45
124	0
0	0
19	441
1	10
0	0
1	158
0	43
0	625
12	1036
0	0
12	1473
0	0
0	0
0	0
0	1859
96	757
0	3
0	1
0	21
29	394
0	0
40	296
0	0
0	0
0	0
133	522
0	0
0	32
0	0
0	21
0	0
2	3
0	0
0	0
1	0
0	2162
0	2
0	1
0	127
0	0
1	0
0	0
0	889
0	488
0	0
0	7
0	0
0	0
0	0
144	5234
0	523
0	0
0	0
118	880
0	84
0	0
332	373
0	195
0	0
0	17
3	2548
0	0
0	1429
0	8
0	0
0	0
0	0
0	0
0	0
0	271
0	138
9	606
0	0
0	494
0	0
9	2246
0	0
0	0
0	1604
0	0
0	0
0	0
0	7
0	29
344	243
0	1
2	168
0	16
0	0
7	149
0	2
0	0
0	0
0	0
0	0
16	767
0	0
0	0
0	0
8	607
0	0
0	0
0	0
0	0
0	85
0	39
13	100
12	247
0	4014
0	1
1	170
0	1
0	2606
0	0
0	9
0	0
0	0
0	0
1	1
0	0
0	68
1	3
0	0
0	0
0	1
4	15
24	296
0	2
4	484
0	0
0	0
0	0
0	0
0	127
3	449
18	19
0	0
0	0
4	0
0	0
0	7
0	0
0	0
0	94
6	0
0	0
0	413
0	0
0	37
0	0
0	0
22	60
0	0
0	0
0	0
0	122
0	0
0	0
9	48
0	0
0	0
0	1
0	0
2	616
0	0
0	39
0	0
0	0
0	0
3	326
0	0
0	0
0	549
0	0
0	599
0	1
0	0
0	0
57	436
0	129
0	64
0	5
0	0
0	0
0	0
0	0
0	0
0	377
0	10
0	468
44	330
6	1079
0	0
4	185
0	1909
0	0
0	0
0	0
0	0
1	101
0	0
0	0
0	11
21	2440
1	243
0	0
0	584
0	0
0	51
0	276
3	104
0	5
0	53
0	0
0	6
0	0
0	418
0	0
1	0
0	9
0	35
0	0
0	62
0	0
1	94
0	0
0	0
0	24
0	0
0	3
0	0
0	0
2	198
0	0
0	710
0	26
0	0
0	0
0	4
0	86
0	123
0	1
0	1195
0	0
0	0
0	0
1182	253
0	53
41	499
0	1
0	0
4	476
1	5
0	0
0	0
0	0
0	26
0	0
0	0
0	173
0	0
0	1
0	0
0	0
0	0
0	0
1	19
0	1
1	982
0	164
0	325
0	0
0	0
0	0
0	0
0	0
0	0
3	0
119	136
0	0
0	188
0	0
0	0
0	0
1	2694
0	631
27	219
0	0
0	78
0	151
0	20
551	0
0	0
0	127
13	2708
0	0
0	156
0	0
0	0
3	0
0	1
0	0
0	0
0	0
1	17
0	509
1	129
1	4
1	26
4	7
0	0
0	0
0	0
0	0
0	736
0	325
0	2007
0	0
0	65
0	1
0	0
1	263
0	42
0	105
0	0
0	0
1	62
0	0
0	0
0	0
0	0
0	0
0	39
0	0
0	0
0	0
10	1407
0	0
9	326
0	0
32	363
0	0
0	0
0	0
0	0
0	0
4	228
0	500
0	11
0	0
2	813
3	0
0	0
0	0
0	0
3	562
1	3
0	0
0	0
0	85
0	0
0	0
152	226
0	0
0	0
0	361
0	671
0	0
57	634
0	0
0	15
0	0
0	500
0	0
0	203
0	85
4	180
0	31
0	0
0	0
0	0
1	257
1	1
0	219
0	2
0	37
0	104
0	0
0	0
3	1623
0	0
0	0
167	5381
0	0
0	0
0	370
0	0
0	172
0	0
0	2
0	0
0	0
0	0
0	0
0	430
0	530
0	0
0	262
0	299
0	0
2	193
0	59
0	0
0	0
0	283
0	3
0	0
0	7
243	0
0	0
62	134
0	0
0	0
0	44
0	0
5	35
0	25
0	0
0	0
4	1237
3	443
0	1
0	128
0	0
142	405
0	79
0	0
0	0
0	2
0	0
0	0
0	0
12	33
0	0
0	60
0	18
0	0
0	31
42	44
0	0
0	144
0	0
0	7
0	933
0	0
0	0
1	338
0	1466
13	1010
0	0
0	1
72	99
0	943
11	254
0	0
0	0
56	37
148	1182
0	17
2	137
7	287
0	0
0	0
1	1295
2	0
0	0
0	1006
0	0
0	5
0	163
0	12
0	307
0	0
0	0
0	59
0	11
0	14
4	35
0	0
34	2041
0	0
0	0
0	0
0	0
19	226
1	126
0	6
0	0
0	0
0	0
2	3741
0	117
1	359
0	0
0	27
0	0
1	114
0	1308
0	63
5	48
4	428
0	0
0	0
0	65
0	6
0	0
0	0
0	0
0	68
0	186
0	246
0	0
0	0
0	0
0	10021
0	1
0	92
0	2
0	0
0	0
2	149
0	937
0	0
0	0
0	248
0	1807
3	531
0	0
0	18
2	17
0	4
0	0
0	0
0	0
0	0
0	0
0	1
16	307
1	1
0	30
0	20
4	551
0	0
55	689
0	0
0	0
0	0
0	0
0	0
0	0
0	0
0	1
0	0
1	1148
0	581
0	0
0	550
0	0
0	0
0	5
1	0
2	2173
0	1
0	0
8	0
0	13
0	3009
3	455
0	546
0	0
0	0
0	0
0	0
0	0
0	0
0	0
2	345
4	56
1	442
0	84
0	137
49	269
11	129
0	575
4	1
0	0
0	0
0	5020
0	0
0	0
0	23
0	103
1	100
0	0
0	0
0	0
0	0
0	107
0	0
0	0
0	0
0	0
0	0
0	0
0	201
0	0
234	4
0	0
0	1
0	0
0	282
0	0
0	921
0	19
0	312
0	2
1	987
0	0
4	1664
0	0
0	719
0	19
0	153
0	0
0	1
0	0
0	0
1	76
0	0
0	679
0	0
0	0
10	1244
0	0
0	10
0	6502
0	0
0	0
0	0
0	1149
0	0
0	0
0	0
0	1567
0	44
8	153
0	0
0	134
7	111
108	510
0	2
0	0
0	16
0	0
23637	38
0	0
176	622
0	28
0	7
0	0
7	22
2	763
0	0
0	0
0	0
0	0
0	0
0	356
0	5
0	0
33	217
0	0
0	3
0	155
0	749
0	0
1	0
2	31
0	411
0	46
0	190
0	0
0	1
0	0
0	7
0	0
0	0
23	1722
10	345
0	682
30	51
492	519
1	821
0	0
0	0
0	7
0	0
0	6
0	0
0	0
0	0
0	1295
0	0
0	0
0	2
1	0
1	52
0	338
0	0
0	0
0	445
0	0
0	0
0	0
0	0
2	203
0	445
4	5
0	0
0	7
0	0
0	0
0	0
0	0
418	235
6	152
0	0
0	0
158	860
0	0
0	1
0	0
0	2
0	0
0	46
118	54
0	71
0	240
0	496
0	77
0	50
0	0
0	432
14	2508
0	0
0	0
0	420
0	2401
0	244
0	6730
0	60
0	0
0	0
0	1
0	157
0	0
0	1366
0	153
0	0
0	0
0	0
30	0
0	0
0	1
0	0
5	1701
0	418
0	1
0	0
0	0
0	0
6	48
0	73
0	0
0	7
3	242
0	242
0	0
0	0
0	0
0	261
10	2011
0	171
0	0
2	296
0	0
2	106
0	0
0	0
0	0
0	192
0	0
4	166
0	0
0	7
0	0
0	242
2	1270
0	0
0	0
0	0
0	0
1	827
4	0
0	507
0	0
0	755
0	0
0	2208
0	0
0	1579
0	5
0	144
0	0
2	317
0	95
1	127
18	231
0	0
0	0
0	134
0	0
2	287
6	79
40	6036
0	159
0	514
0	0
0	10818
1	49
3	240
1	1021
458	0
0	0
0	345
0	100
0	0
0	0
0	0
0	125
0	97
0	759
0	0
0	0
29	2181
0	0
0	0
0	0
0	0
0	0
0	0
0	0
0	31
0	0
0	0
0	36
0	0
0	428
0	0
39	490
0	76
1	127
0	377
121	538
15	397
7	627
0	0
0	0
0	0
0	2
445	1777
8	2
0	0
0	219
24	81
0	0
0	1953
0	0
0	3
0	0
0	0
2	457
3	199
0	457
0	0
1	625
184	0
0	0
0	0
0	5
0	0
0	1
307	198
0	5260
6	165
0	2
0	102
0	0
0	0
11	22
581	200
0	42
33	146
0	0
44	14
0	6
0	0
0	0
0	15
0	0
0	30
0	76
0	0
5	257
0	0
0	0
0	1
75	82
0	0
0	0
0	91
0	599
0	68
0	0
0	266
0	0
0	0
51	754
22	410
0	0
0	0
0	0
0	413
0	387
0	0
0	0
0	0
0	0
0	0
0	1
543	0
1	47
0	0
0	80
0	0
0	0
0	39
0	1
10	200
0	0
0	11301
0	3
0	18
0	0
0	0
0	31
0	0
0	303
2	31
0	109
0	0
0	0
0	388
1	0
2	19
0	0
0	5
0	0
475	9
0	0
0	0
0	193
0	0
0	0
0	0
0	0
0	0
0	286
46	851
0	0
0	0
191	182
0	0
4	770
0	0
1	0
0	0
5	123
0	0
0	0
0	0
0	206
0	0
0	0
0	0
0	170
0	0
0	0
0	0
0	0
0	1
0	12
0	1
0	0
0	1
0	0
0	17
0	0
0	0
0	487
0	0
2	3120
0	0
0	0
1	205
0	0
0	553
0	564
0	0
0	0
0	0
0	0
0	0
0	356
0	594
0	0
0	1020
0	1366
0	0
0	416
0	1
0	312
0	94
0	0
0	0
0	1
0	0
0	10
0	35
0	1
0	812
0	26
0	488
0	0
3	249
0	0
0	0
0	425
5	0
0	33
3	1
0	10
0	7
0	964
0	450
0	0
139	2376
0	0
0	496
139	4
0	1
332	288
0	0
7	515
0	1054
0	0
0	1358
0	3
0	0
0	0
0	13
1	120
0	0
0	0
1	60
0	0
0	0
0	0
0	0
0	0
0	97
0	0
0	467
0	0
1	1151
0	219
0	38
0	20
0	48
0	0
0	0
0	0
0	0
0	0
0	336
0	0
0	199
0	0
2	318
0	0
0	0
0	0
0	0
0	149
0	586
4	270
17	376
0	0
0	0
0	0
0	0
0	39
0	0
0	0
0	169
0	384
1	1110
0	451
0	0
0	0
0	0
0	0
0	47
0	0
0	0
0	20
599	89
166	2246
0	0
0	0
0	0
0	0
0	0
0	0
0	140
0	2
0	0
1	0
0	0
0	550
0	0
0	0
0	0
4	158
0	0
17	238
0	0
0	1108
0	9
0	1
0	0
0	0
1	94
1	6
0	21
1	251
0	0
0	0
0	0
21	560
0	0
0	0
0	25
0	245
0	955
0	81
0	0
0	509
0	0
0	1106
0	71
0	84
0	0
3	299
0	0
0	0
0	648
0	189
0	0
0	0
141	893
0	0
0	1272
0	133
0	0
0	422
0	0
0	0
1	1706
8	76
0	0
0	0
1	141
0	57
0	0
13	18
0	0
1	1917
31	2253
21	172
1	196
0	0
0	0
0	150
0	0
0	5
0	0
0	0
0	0
0	0
0	1
0	0
0	112
4	185
0	0
0	0
7	293
0	0
0	2
0	0
0	9
0	0
0	0
0	0
0	202
21	36
0	550
8	316
0	0
0	0
217	145
0	4520
0	0
0	0
0	186
0	0
0	299
0	0
0	0
161	0
0	0
0	1146
0	0
0	141
0	0
14	348
0	695
0	375
0	0
0	0
0	89
0	0
0	1
0	0
6	505
19	0
0	0
0	0
0	0
2	241
0	422
0	302
14	0
0	0
0	0
0	0
0	0
89	283
0	0
0	1
0	239
0	4
0	0
4	104
0	0
0	784
0	322
0	0
0	0
0	0
0	281
0	0
0	1452
0	0
0	90
3	9133
0	0
0	0
0	1
0	5
0	0
0	0
14	1527
1	979
0	5
1	2
0	0
0	0
2	360
3	202
0	1902
0	0
0	18
0	0
0	0
6	47
0	0
0	0
0	0
0	0
0	0
0	0
1	351
0	0
0	0
0	0
8	352
0	0
3	689
30	2999
0	156
0	0
0	491
3	12
0	5174
0	631
0	0
0	0
0	6
0	195
8	1596
0	0
9	11
3026	159
64	446
0	0
0	186
0	0
0	484
0	162
0	0
0	22
0	0
1	558
0	292
0	79
34	661
0	80
0	0
8	5132
1	522
0	54
0	0
1	388
0	31
0	0
0	0
0	15
8	0
0	628
0	0
1	1178
12	153
0	0
1	1
0	160
0	1
0	165
3	2029
0	528
0	0
0	36
73	1006
0	0
0	2
0	325
0	0
0	94
0	30
0	0
0	0
0	33
0	0
0	0
1	87
0	4
0	0
1	445
0	5
0	0
1	749
0	0
30	1168
0	0
0	0
1	783
2	38
3	2
0	54
12	43
0	1
0	0
0	0
0	0
0	0
0	0
0	323
0	0
0	0
1	24
0	0
0	172
0	0
12	2282
1	105
0	0
0	359
0	532
0	16
0	0
0	0
2	14
0	0
0	1
13	296
0	0
0	0
0	0
0	0
0	0
885	1239
0	0
3	2665
0	0
0	13
0	767
0	495
0	0
0	0
0	0
0	0
1	678
0	24
0	0
0	47
0	193
0	123
0	5
0	0
0	0
0	103
0	0
0	288
0	2
0	3
0	0
0	17
0	177
0	0
0	0
0	0
0	0
3	0
0	17
33	3335
0	0
1	2702
0	0
24	944
0	0
0	35
0	89
3	1
0	0
2	0
437	269
0	0
0	0
0	0
0	84
0	0
0	0
0	0
0	0
122	900
0	83
0	0
0	0
0	0
0	2
0	0
0	0
0	0
0	38
0	3
0	134
0	39
0	0
10	2265
0	0
0	0
0	0
0	107
0	3
0	0
0	0
0	1491
0	0
0	0
0	0
0	127
0	79
0	44
0	0
0	0
0	0
0	6649
0	0
0	0
0	0
0	182
0	1413
0	1201
0	16
0	0
0	455
0	29
0	0
0	4
8	755
0	0
0	642
0	0
0	0
0	0
0	0
0	0
0	0
1	45
0	0
0	622
0	0
0	0
0	1
9	1
0	11
0	32
0	0
0	0
0	0
0	0
0	0
0	837
0	546
0	1
5	2
0	0
0	440
0	12
54	710
0	0
0	1
17	410
0	0
50	544
0	0
271	58
0	454
0	0
1	401
0	0
0	322
437	126
0	0
0	0
0	36
0	0
0	186
0	5
1	478
0	0
0	29
0	0
0	0
0	0
0	0
13	150
0	0
1	83
0	0
0	0
0	1
0	5
0	46
0	1526
0	108
0	239
0	0
0	0
0	0
0	0
0	67
0	711
0	539
9	77
0	0
0	26
0	0
0	0
0	0
164	377
0	392
0	0
0	249
0	511
1	438
0	12069
0	0
0	0
0	0
0	0
0	52
0	0
1	20
0	6
0	0
0	0
0	0
5	22
0	0
0	0
0	2
0	12
0	0
0	0
3	8
0	525
0	25
55	570
4467	293
0	0
0	82
0	0
0	1
0	0
1	1067
0	153
0	44
0	0
0	0
0	1788
0	175
56	0
234	1639
1	82
0	0
2	7
0	1
0	24
15	806
0	0
0	1
0	2535
0	112
0	0
51	21
0	0
0	0
18	116
0	0
5	12
0	0
0	9
0	0
0	0
0	0
835	983
0	0
0	0
0	32
0	782
0	0
0	0
0	203
0	0
0	0
14	626
0	0
0	6
0	0
89	998
0	29
9	0
0	0
0	0
0	0
0	1631
0	349
0	0
0	0
0	0
0	0
1	46
0	335
2	608
0	2
0	0
40	2079
0	38
1	554
0	431
0	0
2	0
0	1
0	0
6	5
6	1755
7	171
0	0
0	0
0	0
0	0
0	0
0	0
0	0
0	43
6	30
0	0
0	0
0	24
0	0
0	0
0	0
0	0
0	1040
0	0
0	0
0	0
0	0
0	5
1	1
0	1
0	493
5	65
0	518
4	1407
0	0
0	52
0	202
0	0
0	0
0	0
0	11
0	0
0	0
0	0
0	0
0	0
0	0
0	0
0	107
0	6
0	0
0	0
0	0
32	2535
0	0
0	0
0	28
0	831
0	0
1	465
0	0
0	0
0	754
3	0
0	0
0	7
0	0
0	0
0	2108
0	0
0	0
0	0
0	216
1	936
0	0
0	0
0	30
0	0
0	0
8	52
0	0
0	0
23	476
0	0
0	1
0	0
19	197
5	1100
0	551
0	114
81	89
62	539
0	0
0	189
1	107
1080	1
0	0
0	115
0	0
0	0
0	543
0	0
0	220
0	110
0	597
5	496
0	118
0	0
0	0
0	57
1	888
0	0
0	784
0	266
0	0
0	3
0	1138
0	0
8	798
0	1095
0	0
0	136
0	0
0	0
59	203
1	12
0	0
1	1257
0	0
0	0
0	267
0	0
0	0
0	0
0	0
0	0
0	0
0	0
0	0
0	0
0	4
0	0
0	79
10	9074
0	146
0	1
0	0
0	0
0	0
0	0
0	132
0	0
0	0
0	0
0	0
0	20
0	0
0	1130
0	0
0	0
0	217
0	0
1	996
0	0
0	0
0	0
0	242
0	86
0	0
0	379
0	120
0	964
0	0
0	0
0	0
0	32
1	20
0	0
0	0
0	0
0	0
0	0
0	0
0	0
0	0
0	0
0	1
0	431
1	335
0	0
0	0
0	0
0	0
0	5
1	63
0	38
0	0
1	346
0	0
0	0
0	0
0	278
0	0
0	26
0	0
0	0
0	581
0	0
0	0
4	97
0	0
0	0
0	0
0	8
2	169
0	0
0	0
0	0
0	94
0	72
7	1275
0	0
0	0
0	1
0	0
1	455
0	42
499	968
0	0
0	2302
0	0
0	5
0	0
137	65
0	1921
0	0
0	1216
0	0
0	1
0	0
0	0
0	490
0	0
0	8
0	0
0	0
0	0
0	0
0	0
161	64
0	6
0	8
0	332
0	328
9	168
0	0
0	0
0	429
0	0
0	0
0	0
0	0
2	82
0	4
0	0
0	0
0	4
48	35
0	0
0	0
0	0
0	3602
0	206
0	133
0	291
0	0
0	0
0	0
0	140
0	303
0	0
1541	1035
0	0
0	249
0	102
0	0
0	0
0	86
0	0
0	4
0	0
4	137
26	1385
0	0
0	1
0	1316
2	1165
0	0
0	0
62	6775
7703	4
1	150
0	67
1	54
0	0
0	1
0	0
17	117
8	12
0	0
0	0
0	0
0	0
0	0
0	0
0	0
0	426
0	124
9	737
0	0
0	0
4	519
0	0
0	0
4	2658
0	53
0	37
0	10
0	154
0	19
0	0
0	56
1	161
0	27
0	0
2306	14795
0	0
0	0
0	0
0	289
0	33
0	0
0	0
0	134
0	0
0	0
0	0
0	0
0	0
0	0
88	839
0	88
0	860
0	0
0	0
0	340
3	235
0	0
2	42
0	0
0	0
0	29
1	351
0	0
0	0
8	1328
0	0
0	18
5	185
0	22
0	33
0	227
0	0
0	0
0	0
0	0
418	1
122	328
0	0
3	169
0	7
0	1794
0	0
0	0
0	0
0	394
0	0
0	0
0	0
0	0
0	0
0	0
0	0
68	0
0	172
0	0
0	0
0	13
0	0
0	28
3	2
0	0
0	0
0	0
3	274
0	146
0	413
0	0
0	0
0	353
0	0
239	505
0	0
90	11
0	26
0	0
0	0
1	468
1	0
0	0
0	0
0	0
0	1
0	9
0	1627
2	405
0	0
0	0
0	0
0	6
0	112
0	96
0	0
0	814
2	8
0	11
0	235
0	0
0	0
0	0
4	240
0	519
45	221
0	0
0	0
0	0
10	2700
0	0
0	421
0	0
0	0
0	0
0	2
0	0
0	0
3	10
0	0
0	4
0	2207
0	45
3	419
1	3279
0	0
0	671
0	114
0	347
0	0
0	0
0	43
0	0
0	362
3	411
0	0
0	0
0	0
18	659
0	734
0	0
0	0
0	2802
0	0
0	0
0	0
0	304
0	15
37	193
0	0
0	0
0	0
1	0
0	0
0	0
6	2704
0	0
0	0
0	0
0	86
0	55
0	5
0	343
0	0
0	0
0	0
17	58
186	23
0	189
0	0
0	0
0	0
0	1
0	0
0	24
0	0
1	118
1	20
0	1
0	9
1	232
2	286
4	688
0	0
0	51
0	1188
0	0
0	0
0	0
0	14
0	1103
0	0
0	3
1	13
0	0
0	0
0	0
0	1
0	88
0	0
0	0
0	26
0	793
0	0
0	0
0	16
0	0
93	78
0	139
0	0
0	0
0	4180
0	10
0	8
0	0
0	37
0	0
0	0
0	3
0	263
0	0
29	294
0	0
0	49
0	25
0	0
0	0
0	0
0	0
35	547
0	0
0	7
0	6
0	1
0	0
0	0
0	0
2	1498
0	10
0	0
0	0
0	0
0	1
0	0
0	45
0	0
0	0
0	5
0	2
528	5238
0	0
0	502
0	64
0	0
0	0
0	0
0	0
0	0
38	681
0	141
8	174
0	0
0	156
0	0
0	0
0	0
481	70
0	0
0	1
0	0
0	1288
0	525
0	0
0	0
0	0
0	0
0	0
0	0
0	7
0	136
8	0
0	69
0	0
656	1
0	0
0	0
1	1492
125	463
0	0
0	144
3	3460
6	132
0	0
0	1
0	36
0	81
0	316
0	0
0	0
0	280
0	39
0	0
0	0
0	0
2	594
0	4
0	0
67	50
0	0
0	2615
0	1
0	34
0	0
0	0
0	804
0	0
0	0
4	0
0	52
0	260
0	3
0	0
0	0
0	698
0	0
0	0
0	0
0	0
0	224
0	0
0	1691
0	0
0	0
0	0
0	0
0	0
0	0
0	0
0	26574
0	0
0	68
0	476
0	0
0	160
0	2372
0	0
0	0
43	14
0	0
0	3879
3	31
1125	0
1	590
0	0
0	0
15	331
0	0
0	0
0	2
0	1274
0	72
0	280
0	0
0	0
55	0
0	1
0	0
0	93
2	0
0	0
0	0
0	14
0	0
0	139
2	411
1	331
0	1
0	5
0	80
0	0
0	144
1	213
0	0
0	0
0	0
5	415
0	141
1	74
0	0
0	0
0	795
0	1
0	0
0	0
0	0
0	86
0	36
0	32
2	6
0	412
0	22
0	0
59	562
0	42
0	30
0	0
151	110
1	139
0	126
0	1
0	0
0	0
0	193
1	34985
0	0
0	0
0	5
0	0
0	0
0	7
0	1761
0	0
0	589
1	24
0	42
0	0
1	17
0	187
1	0
0	371
37	38
0	225
0	0
0	0
0	200
0	0
1	0
0	0
87	181
0	1
0	195
2	54
0	34
0	162
0	0
0	147
4	47
0	0
0	0
0	0
0	0
1	12
0	37400
0	200
0	0
0	0
0	0
0	0
1	33
9	5320
0	0
0	0
0	0
0	0
1	544
0	0
0	0
0	4012
0	0
0	1966
0	0
2	86
0	0
0	599
1	0
11	1283
0	952
0	195
0	0
0	0
0	0
0	0
0	0
1	442
141	3169
0	0
0	0
0	356
0	14
1	862
0	0
0	0
0	0
0	0
0	554
0	866
0	341
60	331
0	73
247	0
0	0
4	169
0	0
0	871
0	2
0	423
0	0
0	0
0	0
0	0
0	0
0	0
0	270
0	0
0	0
577	3276
0	0
3	859
0	0
96	6186
0	6
0	0
2	73
48	47
0	28
1	97
0	1577
3	103
0	0
0	0
0	1
0	0
0	0
2	121
0	0
0	11
0	0
0	0
0	0
0	0
0	348
0	1
0	0
0	288
231	2842
0	0
0	102
0	0
0	4
4	40
0	0
1	0
0	0
0	0
0	0
0	0
0	16
15	6372
33	731
0	9996
0	0
0	395
0	0
0	1
0	20
0	15
0	0
0	8
0	0
0	0
0	432
0	0
0	0
11	474
0	821
0	153
0	123
0	0
0	9
0	0
0	0
0	0
0	26
51	21
0	3978
0	1
0	0
0	750
2	12
0	0
0	0
0	0
0	28
0	1979
0	0
0	0
0	0
0	0
0	399
264	1251
7	2541
48	321
2	442
0	0
0	585
2	341
0	0
204	381
0	0
0	155
0	0
0	0
0	63
0	79
42	392
0	503
0	240
4	42
0	0
1	0
1	49
1	107
0	0
0	402
0	0
0	0
0	1
22	1861
0	0
0	1
0	0
0	59
0	143
14	4
0	0
0	0
0	1771
0	4
0	2
0	0
0	494
0	288
0	1885
0	252
0	103
0	56
0	0
0	0
0	0
0	19
0	0
0	0
0	0
0	400
0	0
0	0
0	0
1	47
0	73
0	0
0	0
0	0
26	3026
0	0
0	0
52	1025
0	0
0	0
0	0
0	294
0	0
0	0
0	0
0	16
0	0
0	1
0	0
0	0
0	0
0	0
0	0
0	0
1	47
0	0
3	341
0	0
0	275
0	0
0	120
0	0
0	0
0	0
0	0
0	0
113	1613
0	4264
0	2
0	0
0	271
7	387
0	0
6	218
0	4803
0	735
43	213
0	0
0	0
0	57
0	145
0	0
0	375
0	0
0	0
0	0
0	43
0	74
0	0
0	4
2	11
0	265
0	0
1	1204
0	149
0	1
116	15
0	0
0	0
0	0
0	0
10	393
0	0
2	268
0	176
0	76
0	0
0	150
0	0
1	27
3	14
0	0
0	376
0	99
0	0
0	0
0	0
0	6161
0	233
0	0
0	0
0	1419
0	0
0	0
0	0
4	656
0	1
0	166
0	0
0	285
0	0
1	6
0	0
0	0
0	0
0	1902
0	177
0	45
0	0
0	0
0	0
0	6
0	0
0	31
0	0
0	0
116	28
0	1618
0	50
13	44
0	386
0	0
0	0
0	0
0	127
3	5953
0	1
0	491
0	0
0	0
0	0
0	276
0	0
0	231
0	0
0	0
0	0
0	621
0	211
0	2994
0	151
0	567
0	0
0	0
0	10
0	5
0	2523
0	0
1	716
0	298
4	8
0	0
3	375
0	0
0	0
0	0
0	2
0	0
0	0
0	0
0	0
0	313
0	0
0	0
0	0
0	0
0	3
0	37
0	0
0	0
0	0
0	0
0	0
0	0
0	0
0	343
0	0
0	0
0	0
0	0
0	144
0	0
0	0
0	0
0	920
0	374
0	3
5	94
0	0
0	1
0	0
0	0
0	0
36	1
0	0
0	0
0	0
0	195
0	171
0	20
0	0
0	0
0	0
2	271
0	13
0	0
0	0
0	0
1	4491
0	49
0	1
0	237
0	0
1	160
0	74
0	1
0	0
0	0
0	0
5	433
140	6124
0	143
0	0
0	1070
0	607
2	77
0	0
0	0
0	0
0	0
0	0
0	0
0	22
0	0
0	343
0	58
4	1048
0	1
0	57
29	813
0	0
0	0
0	0
0	0
0	0
0	247
0	0
0	335
0	0
0	0
0	29
0	0
0	0
0	0
0	0
0	0
0	0
0	0
0	0
31	526
2	46
0	0
0	5255
0	108
0	30
0	108
0	0
0	93
0	0
1	1792
0	0
0	0
0	0
0	0
0	0
0	0
2	269
0	199
0	380
30	1705
4	175
0	1
0	1379
0	0
0	0
0	1654
2	736
0	0
0	54
48	8607
2	33
0	0
0	96
0	0
0	1
0	0
0	413
0	7
18	55
13	1111
0	0
0	0
0	0
0	23
2	0
213	1397
32	350
0	153
0	0
0	248
0	0
0	0
0	33
0	0
0	1375
0	4
0	0
0	197
0	0
0	0
40	11
0	114
3	9
1	13
140	2940
4	1
0	1
0	136
0	0
0	0
0	241
1	1009
1	287
0	0
1	138
0	0
0	0
0	0
1	1
0	0
0	0
0	0
0	1
0	9
0	15
0	584
0	0
0	0
0	11
0	254
0	0
0	0
0	0
0	0
0	1303
0	0
0	30
0	0
0	0
0	0
0	0
0	2095
0	0
0	0
436	304
59	10762
5	401
0	312
0	0
0	0
11	862
0	71
108	229
1	1453
0	1
1	1226
0	0
0	0
6	464
2	37
45	22
0	2
0	0
0	492
0	34
36	6766
0	0
0	655
2	168
0	0
0	101
4	147
0	34
0	9
0	0
2	0
0	0
3	181
0	25
0	0
0	0
0	0
0	35
2	261
0	430
0	0
0	0
0	0
0	0
3	344
0	0
0	0
0	0
0	0
0	0
4	197
0	0
0	0
0	0
0	1
0	6
0	0
0	0
0	0
0	389
0	0
33	102
0	2
0	4
0	0
0	0
9	48
0	0
0	196
0	0
0	1957
0	1
0	0
0	0
0	0
0	0
0	1546
1	1324
0	0
0	0
0	154
0	116
0	648
0	380
0	0
0	0
0	69
0	0
0	0
0	0
6	184
0	0
2	815
0	70
0	0
0	0
1	16
0	0
0	0
0	3
0	0
135	559
0	0
0	0
0	0
2	1
0	34
0	1
0	0
0	20
0	0
0	0
0	1
0	242
0	54
1	27
4	0
10	964
12	126
4	6
0	0
0	51
0	0
492	639
0	0
0	0
0	0
0	0
0	42
0	18
0	295
0	0
0	0
0	0
0	0
0	0
1	1105
7	70
0	0
0	0
0	0
0	29
0	0
0	0
0	0
0	48
0	15
0	0
0	0
2	0
0	119
0	286
0	380
0	0
0	0
0	79
0	0
144	57
3	38
0	0
0	0
0	0
0	97
0	0
1	0
0	0
0	0
0	76
2	1165
0	0
0	0
0	1837
0	0
147	38
0	186
0	0
0	0
0	3
0	0
0	39
0	0
0	0
7	493
0	0
0	6
0	0
0	0
0	109
0	174
0	1
0	63
0	0
2	162
0	0
86	483
0	0
1	129
0	0
0	5
0	0
14	2063
0	0
1	0
0	9
0	0
1	98
0	5
0	0
0	32
0	0
50	0
0	154
0	0
0	252
0	0
0	291
0	0
0	0
0	0
2	20
0	80
4	84
46	37
0	487
7	230
0	82
0	81
26	2082
1	170
0	290
1	64
0	101
0	152
0	0
0	4
0	512
0	402
0	0
0	494
0	246
0	0
0	0
0	0
0	0
0	0
0	0
0	507
15	530
3	8
0	0
0	185
3	112
0	0
0	0
0	7
0	0
0	0
0	222
0	0
0	9996
186	17
0	181
0	0
1	122
0	0
0	143
0	0
0	0
0	0
0	0
2	199
1	21
0	0
5	1077
0	0
0	5
1	69
0	16
0	0
0	0
0	0
0	0
167	0
0	9
0	0
0	0
0	154
0	0
1	291
0	0
0	196
0	0
0	0
0	0
0	694
0	0
9	54
0	320
0	0
0	0
0	0
0	7
0	142
0	933
0	37
0	0
0	0
0	0
0	0
0	269
0	346
0	0
0	0
0	0
1	763
0	0
0	0
0	0
0	529
0	0
0	0
0	117
0	0
0	0
0	0
0	0
0	0
0	0
0	0
0	0
129	66
0	1605
0	119
2	65
0	0
0	0
0	9
0	1
0	13
0	3
0	26
7	393
0	0
0	19
0	0
0	2
0	0
0	0
7	0
0	42
0	27
0	133
0	0
1	2152
0	0
0	0
0	0
0	0
4	397
0	0
0	43
0	0
0	0
0	57
0	1
1	65
1	630
0	3
0	0
0	0
0	14
0	0
0	23
0	0
0	121
0	401
0	1
22	796
0	0
0	286
0	0
40	178
3	278
0	0
0	0
0	143
0	0
0	0
0	243
0	0
0	255
0	0
0	60
0	1404
0	1164
0	0
0	0
0	374
0	0
0	223
0	43
0	0
0	0
2	119
8	370
779	3
0	0
0	0
0	0
117	124
0	0
0	0
0	0
0	341
0	130
0	0
1	1015
0	368
0	79
0	1
0	837
1	1587
0	50
0	0
0	23
0	0
0	335
0	0
0	0
0	196
0	0
0	0
0	0
0	0
0	0
1	77
5	245
0	0
0	117
13	47
0	531
0	311
0	0
0	18
0	0
2	377
0	964
0	0
0	0
0	0
102	348
0	565
0	49
0	65
0	0
0	0
6	6
0	0
0	287
0	0
0	0
0	2
0	466
0	0
0	0
0	25
0	1
18	2455
0	0
0	1089
0	124
0	0
0	3923
0	0
2	113
0	24
0	0
3	320
59	15
0	0
0	563
0	0
0	6
0	0
2	1416
0	0
0	283
4	39
0	0
17	71
0	0
0	0
0	0
6	522
0	0
0	0
3	599
0	0
0	11
0	54
0	0
0	31
0	209
9	1248
0	30
0	0
0	0
0	0
0	0
0	705
0	0
0	0
1	51
0	0
0	0
0	0
0	1509
0	0
0	0
0	0
0	0
0	78
0	78
0	0
0	232
3	5
0	104
1	2
0	887
0	0
0	0
0	1098
0	0
0	0
0	999
57	7249
16	1551
1	353
0	2
7	654
0	0
0	0
0	0
2	744
2	200
0	0
0	64
0	0
0	1
0	0
0	2747
0	0
0	188
0	0
28	471
0	288
0	33
0	4
0	1487
0	41
0	0
17	813
0	0
1	0
2	91
0	0
0	12
0	0
52	163
0	0
83	1677
0	0
1	2
0	0
0	2415
0	1
182	16
0	0
0	0
0	188
0	0
0	344
0	182
0	0
1	2120
0	33
0	118
0	0
0	0
1	0
0	86
100	770
0	120
0	0
0	26
0	0
0	4
9	523
0	0
0	0
0	0
0	0
0	0
0	74
3	64
0	0
0	0
0	45
0	454
0	0
0	0
0	0
0	0
0	0
0	0
0	0
0	3
0	70
109	140
0	611
16	1047
0	0
0	0
0	0
0	0
0	0
0	866
19	238
3	133
0	602
0	14
0	1
0	0
0	0
0	246
0	0
0	0
0	0
0	13
0	0
0	1
3	133
1	0
0	0
0	0
0	0
0	0
0	0
193	1034
3	250
0	716
0	290
0	0
0	0
0	57
0	0
1	111
10	1232
0	0
0	0
0	0
137	0
0	354
0	256
0	148
0	37
11	177
4	5595
0	0
0	291
0	8
0	0
126	198
0	1
0	0
0	0
1	10633
2	18
0	0
0	25
2	209
0	7
1	4
0	121
0	0
0	7
0	0
8	185
0	0
0	27
0	292
1	8
7	0
1	0
0	0
0	0
0	39
0	0
0	0
4	711
0	0
0	0
0	1339
0	0
0	0
0	7
0	4
0	0
0	325
0	4
0	0
1	0
0	10
0	0
0	0
0	31
6	137
0	0
0	31
0	13
0	0
0	0
0	129
0	1
0	165
0	0
0	0
0	148
0	0
0	0
0	0
13	666
4	13
0	0
0	0
0	0
0	118
0	124
104	48
0	0
1	135
0	1020
0	0
0	1
0	0
0	0
27	1199
0	0
0	0
0	0
0	0
0	0
0	0
0	4549
0	0
0	299
0	0
0	2
0	0
595	87
0	95
0	0
0	4
32	183
0	367
0	0
0	0
0	14
0	0
2	70
0	0
29	125
3	209
5	39
0	69
0	0
2	60
0	0
0	371
0	0
0	0
0	987
16	11
0	48
0	307
0	0
0	0
0	0
0	45
17	5
0	20
0	0
1	0
0	1646
0	0
88	202
22	0
0	219
0	0
0	273
0	0
0	0
0	0
0	0
4	220
1598	908
0	8
0	0
0	0
0	0
0	0
1	25
0	1419
0	1097
102	263
0	0
0	48
0	5
0	0
0	0
0	0
0	0
0	343
0	2159
0	0
0	0
4	1716
0	0
0	0
0	27
0	0
0	0
227	329
0	101
0	684
5	1019
0	0
330	331
0	2
3	6532
2	316
0	0
0	38
0	5361
0	0
0	0
0	34
0	0
0	0
5	11
31	1062
0	48
2	9
0	0
0	346
0	0
0	0
0	3
0	174
0	145
0	0
0	91
2	542
0	0
0	0
0	0
0	17
0	0
90	1286
0	0
671	1
0	136
0	1674
0	405
0	711
0	0
19	90
0	26
64	648
0	0
0	0
2	50
86	563
0	0
0	6
0	0
0	134
0	0
0	0
0	0
0	0
85	1559
0	0
0	0
0	41
0	234
0	1
0	51
0	262
0	448
0	1086
0	210
0	18
0	0
0	0
0	0
0	68
0	0
0	0
0	0
0	0
0	0
0	0
31	78
0	350
0	0
0	41
0	0
0	0
0	0
0	0
0	0
64	277
21	506
0	13
79	198
0	0
180	144
1	179
0	0
0	0
0	172
0	0
0	0
0	0
3	13872
24	149
18	1004
0	624
0	0
0	0
0	10
25	685
0	322
0	0
0	0
3	21
0	127
0	0
0	0
0	0
0	0
0	0
239	580
0	0
0	0
0	2
0	0
0	0
0	0
4	7
0	0
0	601
0	0
2	261
0	0
0	0
0	6
0	0
17	192
0	0
0	1
0	0
6	130
0	1997
0	0
1	12
0	0
0	0
0	0
0	15
0	8
13	1263
0	0
0	0
0	1
0	0
0	0
2	163
1	0
0	482
0	0
0	795
0	0
0	139
0	0
0	0
0	0
0	0
0	37
0	0
0	0
748	4520
0	0
0	0
1	306
0	143
0	0
0	235
0	2
1	6
16	1333
0	0
0	254
0	0
0	259
3	241
0	28
17	412
0	0
0	0
0	0
1286	27576
0	0
0	750
0	0
0	0
0	0
0	0
13	809
0	112
0	0
0	0
0	0
0	0
0	0
0	0
0	0
0	0
0	0
437	0
0	0
0	233
0	88
0	38
0	7
0	30
0	0
0	0
0	4
2	626
0	0
0	0
0	0
0	0
0	0
0	2
0	1832
0	9
0	0
0	78
0	0
0	0
0	0
0	0
0	12
0	1831
0	0
540	440
0	0
45	1662
292	170
0	0
171	35
0	2325
0	0
0	1138
0	0
0	367
0	157
0	78
0	74
0	174
0	0
0	262
0	42
0	0
0	1686
1	333
0	0
0	0
1	31
0	202
0	4
0	0
116	116
4	52
61	7
0	0
0	0
0	482
728	1569
0	0
0	0
68	664
0	7
0	0
0	0
76	132
0	144
0	0
0	0
0	0
0	0
0	0
0	265
0	0
0	0
2	27
0	390
3	1435
0	142
0	58
0	57
0	0
0	0
0	0
0	0
41	201
0	1
2	983
2	525
0	0
0	0
0	0
0	0
0	0
0	0
0	1543
0	0
0	1
0	71
1	126
0	0
0	0
0	0
0	0
0	0
0	0
0	18
0	0
0	0
0	1
5	173
0	31
7	4
0	71
4	174
0	0
0	34
0	76
1	333
23	19
0	0
0	1
0	0
0	0
0	149
0	213
0	0
0	20
0	0
0	0
0	0
0	0
0	0
0	2019
0	0
0	21
0	0
0	0
0	0
0	15
58	1195
0	320
0	0
0	13
1	11
0	7
0	173
0	0
0	295
0	0
0	0
0	46
0	0
0	0
0	38
0	391
21	46
0	1
0	0
6	0
0	0
0	0
0	1
0	5017
0	0
0	0
0	32
0	95
0	323
0	24
0	0
0	158
0	0
0	240
0	186
0	62
0	0
0	1
0	0
0	275
0	0
0	1
0	0
0	0
0	0
0	0
0	47
0	1
0	0
0	0
1	4
0	537
0	0
0	5
0	0
0	167
0	1
0	0
0	0
41	41
1	161
0	57
0	0
8	1
0	142
0	47
27	84
0	4
0	867
0	0
0	292
0	0
0	0
0	0
0	0
2	8
0	0
0	5637
0	3958
0	0
84	0
0	838
0	36562
0	0
0	0
0	0
0	428
535	0
0	157
0	41
0	0
0	0
0	556
1	305
0	0
1	56
0	1
0	0
0	465
0	0
0	0
0	0
0	632
0	13
0	0
0	268
1	90
0	0
0	9
0	21
0	1681
0	71
0	0
0	0
0	1
0	51
6	117
0	0
0	0
0	511
0	38
0	0
0	0
0	0
0	0
0	9
0	1
0	0
2	191
0	57
0	0
3	414
2	9
0	0
0	165
0	24
0	0
1	0
0	0
0	4
0	262
0	0
16	182
1	2
0	0
0	0
0	0
0	0
4	927
0	0
5	9460
0	2388
0	82
0	0
0	287
3	922
0	4
0	0
0	0
0	0
0	0
0	496
25	342
5	6957
0	0
0	7
0	0
1	51
0	1
5	4
5	0
0	262
119	1037
0	37
0	0
0	0
0	0
0	0
2	18
0	0
0	135
0	842
419	378
0	0
0	0
0	132
0	188
0	0
3	409
0	675
0	0
0	11
0	0
0	0
0	0
1	36
0	374
0	0
39	598
0	0
0	399
0	0
0	0
0	0
7	99
0	17
0	0
4	209
0	41
0	58
0	0
2	275
0	270
0	0
0	6
0	0
0	54
0	0
0	342
0	0
0	0
1	787
0	0
0	0
0	0
0	134
0	16
0	1
0	10
0	9
55	173
0	0
0	110
0	24
0	0
0	0
0	0
0	0
0	0
0	1
0	2
0	0
0	4
0	0
0	0
0	0
0	0
10	520
0	109
0	0
0	0
0	252
1	950
3	0
0	299
0	285
0	0
0	696
0	600
0	193
6	1150
8	10432
0	0
0	0
0	3709
0	674
1474	283
27	387
0	1
3	2
0	320
2	95
0	488
0	0
0	303
0	0
0	0
0	0
0	242
0	0
0	15
0	0
0	0
0	1671
2	257
10	1040
6	320
6	12
0	0
2	955
0	0
0	0
0	0
0	0
0	61
0	0
15	0
0	109
0	0
0	0
0	0
0	2
0	10
0	0
0	0
0	7675
0	0
0	0
0	0
3	49
0	79
0	0
0	0
0	0
0	2
1	5
0	0
21	274
2	1048
0	7
0	1673
0	87
0	43
0	0
8	961
0	358
0	0
0	85
0	0
0	24
0	0
0	418
0	0
0	48
0	47
0	0
0	0
0	852
0	0
0	0
2	2
0	0
0	0
0	358
0	25
0	0
4	1557
0	1955
0	162
0	0
1	2578
0	0
0	0
8	1
0	120
0	205
0	2
2	1868
0	204
1	31
0	0
107	313
2	1611
0	474
0	66
0	46
0	3
0	0
0	1
0	346
0	0
0	0
0	283
0	0
0	0
0	584
0	0
0	22
0	0
0	15
0	0
0	0
1	71
0	292
0	98
0	0
0	0
0	1
0	46
3	1070
0	0
0	257
126	454
0	0
0	0
2	28
0	0
0	0
0	0
0	0
0	248
1	270
0	47
0	0
0	2
0	2209
0	0
0	14
0	2111
0	0
0	576
0	0
0	0
0	533
2	171
0	196
0	0
0	0
0	69
0	0
0	22
0	316
0	113
0	0
2	335
0	0
0	60
0	0
0	0
0	0
24	2
0	0
0	0
0	68
0	0
0	0
3	137
0	0
0	1
12	737
0	0
0	0
0	129
0	0
0	0
88	168
0	0
0	0
449	111
0	43
0	0
0	1573
0	3009
2	668
0	1003
369	24
1	507
0	0
2	39
0	3
1	82
0	0
0	0
24	239
0	14
0	0
1	285
0	2
0	1
0	0
0	1
0	0
0	0
0	1
0	0
0	0
33	262
0	187
0	0
7	861
0	0
0	0
0	0
0	0
0	0
0	162
1	479
0	0
0	304
0	18
0	294
0	0
0	131
0	0
0	0
4	69
0	0
0	0
0	370
0	0
29	8543
0	0
0	291
3	756
35	933
78	5401
0	1682
0	0
0	0
0	0
187	67
0	0
0	0
0	0
0	15
0	0
0	0
0	18
0	335
0	41
0	0
2	282
0	0
0	0
0	0
0	0
2	948
0	2
0	0
0	218
0	0
0	960
0	0
6	386
1	45
0	1
0	32
0	326
0	0
0	26
0	0
2	399
0	0
0	0
0	2
0	0
0	4
0	0
0	0
0	567
0	0
0	0
0	1
0	967
0	0
1	4
0	0
0	88
0	0
0	0
0	0
0	0
4	365
0	0
0	0
0	0
0	0
0	121
0	21
1	664
0	60
0	0
0	0
0	1
0	0
2	71
0	0
739	308
1	215
0	0
0	201
0	284
0	0
832	24
0	0
0	0
0	0
0	0
0	705
1	26
0	0
0	0
6	379
0	0
0	7
0	0
0	0
0	0
0	27
2	447
0	2
0	10314
0	0
0	0
0	1
0	0
3	48
0	0
0	0
0	3
0	102
0	23
0	0
0	399
2	14
4	224
0	0
0	85
0	0
1	935
0	61
0	120
0	260
0	25
0	0
0	245
0	0
0	0
0	0
0	0
0	52
0	0
0	837
1	778
22	429
0	0
0	3019
0	0
196	3192
0	0
0	234
0	0
0	0
0	0
3	1
0	0
0	0
0	35
0	0
0	0
0	1478
0	0
0	639
3	87
284	163
0	792
1	5
0	0
0	3870
0	0
0	0
0	170
183	2075
0	6
0	0
0	1
1	635
0	0
0	1
0	0
0	106
0	777
0	0
0	17
0	0
0	258
0	3
32	826
0	0
3	3
0	0
0	0
15	322
0	0
0	0
0	0
0	0
0	0
3	256
0	0
476	0
212	314
0	0
0	0
0	1220
0	0
0	0
0	0
0	0
0	0
0	0
0	0
0	2
0	0
0	0
0	403
0	0
0	560
3	388
0	0
0	0
0	99
6	28
1	2187
0	385
0	70
0	0
0	1230
0	1
0	198
0	0
2	2238
0	0
0	0
0	338
0	1650
0	0
2	11
0	0
0	0
0	0
0	0
0	0
0	0
0	5
0	0
0	0
0	0
0	0
0	0
0	5
0	7
0	615
0	0
0	72
24	568
0	544
4	360
0	0
0	0
0	116
0	0
0	46
0	0
0	719
0	0
0	0
508	335
7	73
0	0
0	0
1	3
5	31
0	0
0	0
0	56
0	0
0	0
0	876
0	0
1	596
0	1027
0	0
0	0
0	0
0	0
0	0
11	362
0	8
0	1232
0	0
0	18
424	266
0	109
0	991
125	647
0	0
0	67
0	0
0	0
0	169
0	12
0	0
0	0
0	53
4	0
0	0
0	0
0	0
0	0
0	0
0	12
0	0
0	0
0	0
0	0
0	0
0	0
0	0
0	24
0	0
0	0
0	0
0	0
0	0
0	0
0	0
1	384
0	0
0	0
0	144
0	170
0	0
0	0
0	3532
0	12
0	0
3	308
167	97
0	0
0	0
0	81
0	0
0	0
0	433
0	0
0	13
0	8
0	5
0	796
1	71
0	0
0	0
0	0
0	0
0	669
0	244
1	154
0	92
3	232
1	162
1	1
0	0
0	0
0	0
0	204
0	0
2	6758
0	0
0	0
0	53
0	24
105	107
0	0
0	126
0	0
0	0
0	1
0	1
1	121
0	1
0	274
0	0
1	164
0	0
0	0
0	2
2	986
2	0
0	8
0	0
0	0
0	0
0	0
12	1289
0	0
0	0
0	0
23	664
0	0
5	89
0	0
23	141
0	49
4	308
34	1518
0	3607
1	0
0	0
0	0
0	0
0	358
196	320
0	0
3	2860
0	2
0	0
0	68
0	130
0	0
4	1172
0	16
53	950
0	0
0	0
0	0
0	0
0	150
0	0
0	0
0	22
0	0
0	83
0	0
0	0
2	971
0	4
0	0
0	0
0	0
0	0
0	6
0	0
3	52
0	4
0	0
0	250
0	0
1	2512
0	0
0	0
0	0
0	169
0	36
0	0
0	0
0	0
6	539
7	128
0	0
0	935
0	0
0	0
55	1372
0	26
2	138
0	0
0	1
0	0
0	76
0	0
0	0
0	0
0	0
0	0
0	319
39	678
0	0
0	0
124	1710
0	0
0	0
0	0
29	340
0	0
3	2256
0	0
0	0
0	0
0	427
0	9654
0	0
0	0
0	0
0	0
0	266
0	0
0	7
0	0
0	71
5	0
0	0
0	0
32	9673
0	69
99	76
366	595
0	0
0	1646
1	0
0	881
0	4
0	341
0	0
0	35
0	21
0	6
0	0
0	0
0	0
0	0
0	1
0	0
0	0
0	32
0	47
0	0
0	0
82	1027
17	1474
0	0
0	0
0	485
0	0
0	0
0	0
3	60
0	325
17	41
0	4
0	0
0	0
7	8
2	40
0	0
0	45
12	3184
0	0
0	0
0	86
0	519
0	3
0	82
0	795
0	3650
0	0
0	0
0	0
6	751
0	0
0	2
0	0
0	0
0	0
0	0
0	0
108	520
0	429
0	0
0	0
0	10
0	0
0	0
0	345
0	603
0	36
1	251
1	0
0	0
0	1365
0	239
0	1537
0	778
0	0
1	71
0	0
0	0
112	2
0	0
0	325
0	849
0	5
3	472
0	198
0	1244
0	0
0	0
0	710
0	0
0	2
0	0
0	6
0	0
0	0
0	3
0	0
0	0
0	0
4	832
0	2060
0	0
0	0
0	249
0	6
0	509
0	0
2	43
0	0
0	30
0	0
0	1
0	0
0	0
0	1
0	198
0	45
0	0
6	44
0	2
0	0
0	717
0	102
0	0
0	10
0	0
0	0
0	118
0	0
0	0
1	244
42	48
0	0
0	0
1	0
0	0
0	641
0	0
0	353
0	0
0	0
0	0
0	529
0	0
0	0
0	0
0	1
0	0
0	590
0	0
0	78
0	0
0	0
0	0
0	0
0	0
0	0
0	14
0	0
0	65
0	0
1	527
0	0
0	0
0	0
0	0
0	0
0	1
0	352
0	0
44	530
0	0
0	1841
0	0
0	0
0	1
0	0
0	0
0	106
0	408
264	0
0	0
0	6
0	0
0	127
0	0
0	0
0	2108
0	0
0	16
279	8563
0	0
0	1241
0	45
0	0
5	8
5	174
0	585
1	1954
0	2
22	2292
0	7
0	0
0	0
0	4
0	0
0	0
36	285
0	60
0	0
0	24
0	1631
6	66
0	0
5	22
0	0
3	1144
0	0
0	0
4	1535
0	93
0	0
0	0
0	0
0	0
0	0
0	0
0	0
0	0
0	0
0	0
0	0
0	0
0	0
2	1479
0	53
0	0
6	2109
0	416
0	0
0	0
0	0
0	446
0	0
0	0
0	0
0	7
30	552
0	6
0	1
0	91
0	6
0	0
0	0
1169	502
0	498
0	12
1	8
0	27
1648	461
54	2622
0	0
0	0
2	0
16	2404
1	677
0	0
0	79
0	0
0	3455
0	0
16	792
0	0
0	1162
0	24
1	270
1	889
1	60
0	398
0	0
0	640
0	0
0	1
0	0
0	0
0	9
0	217
0	256
0	142
12	198
0	0
1	5540
0	3
0	28
0	0
0	0
0	1
0	0
0	3
0	45
0	0
0	1
0	0
4	214
0	2
0	0
0	1
0	0
0	1760
1	19
0	0
0	461
0	2712
0	493
0	361
0	137
0	441
0	1
0	0
0	0
0	51
14	731
4	265
1	2718
0	39
0	0
0	674
0	0
0	67
1	325
0	36
0	59
0	36
0	0
0	147
0	0
0	0
1	939
0	0
0	3
0	42
1	53
0	183
0	0
0	10
0	52
0	1
0	0
1	1
0	100
0	0
117	362
8	5
0	0
0	41
0	0
1	44
0	0
0	6087
0	1
0	949
0	221
0	0
0	30
0	0
0	1
0	0
0	1864
0	5
0	0
0	2
22	490
0	0
0	0
0	1509
1	1121
0	0
1	70
0	79
523	399
3	1045
10	182
1	731
0	23
0	0
0	602
4	6
0	0
0	0
10	1118
0	20
1	0
0	2
0	263
0	5
0	0
0	13
1	373
32	505
0	0
0	0
0	44
0	0
0	842
71	1683
0	32
0	0
1	407
0	25
0	70
4	228
0	0
0	0
0	3
0	253
217	309
0	248
0	0
6	401
0	27
0	0
0	0
0	8
0	0
0	0
0	0
5	603
0	0
0	434
0	0
0	0
0	0
1	108
0	0
0	0
0	60
0	0
0	235
0	0
0	23
2	0
0	531
3	11
0	1
0	154
0	0
0	0
0	0
10	1005
0	0
0	0
0	0
0	8
0	3
0	0
2	4
2	144
0	0
69	19
0	0
2184	1247
0	6
8	266
0	33
12	3
27	3523
0	0
1	58
0	0
0	10
0	0
1	7
0	159
0	60
0	0
0	274
1	402
44	33
0	3
0	403
0	32
0	0
0	78
0	421
5	1
1	194
96	1700
0	3
0	0
0	132
0	58
0	374
0	0
0	419
0	0
0	0
0	1
0	1
0	124
0	0
0	834
0	0
5	514
0	260
0	0
0	5
0	0
0	11
1	635
3	620
0	0
0	0
0	25
0	1347
127	4988
0	0
273	151
5	2751
0	17
0	0
0	0
0	8
123	419
7	2095
0	165
0	245
0	0
0	0
63	551
0	395
0	0
0	1
0	768
0	616
0	83
0	12038
1	1575
0	0
0	147
2	33
3	1347
1	271
0	4
1	0
0	0
0	325
0	0
0	0
0	0
1	19450
0	0
0	0
0	150
0	17
14	154
1	498
0	63
1	1998
0	0
0	0
117	10
35	170
0	288
1	82
0	404
0	18
0	0
0	1
0	0
10	1520
2	1841
0	30
0	0
0	4139
0	1
1	46
0	38
0	0
0	0
0	943
0	310
0	0
4	1
0	0
0	0
0	0
0	0
0	0
2	140
0	0
0	15
0	185
11	768
1	142
0	0
0	0
0	0
0	0
0	536
0	11
0	0
0	0
0	1
0	1
0	0
0	0
0	0
0	0
0	4121
3	17
0	58
0	191
0	0
0	438
21	34
0	0
0	0
0	1411
10	175
0	0
0	255
214	697
2	140
0	0
0	6
0	0
0	0
0	1126
0	9
107	13439
0	1760
4	6
20	368
0	201
7	141
196	120
0	5642
0	30
1	2
0	25
0	1
0	304
0	74
0	0
0	0
0	0
0	16
1	31
0	0
0	0
0	5
0	1
0	340
0	0
0	0
0	50351
0	47
0	1927
0	0
0	322
0	318
0	0
0	0
0	0
0	355
9	362
0	49
4	10
0	0
0	0
0	84
0	110
0	266
882	203
49	21086
3	647
0	0
0	2221
0	0
10	9
1	24
36	1202
7	195
0	9
15	1543
0	7
0	0
0	0
0	8
17	502
5	33
31	554
12	859
6	154
0	32
0	56
0	0
0	0
0	0
3	7
1	0
0	228
2	39
1	4
0	418
0	225
0	134
0	0
6	70
0	1
0	0
0	172
0	0
0	0
0	0
10	417
0	0
0	0
0	55
0	0
0	25
0	30
0	0
0	2056
0	33
0	0
2	1165
4	0
0	0
0	314
38	462
0	9
0	3
0	2139
0	10
0	0
0	0
3	904
0	0
0	0
0	0
0	100
0	0
1	21
0	127
0	415
0	62
0	39
0	257
0	46
0	0
0	0
0	164
0	0
0	0
0	0
289	762
2	585
0	0
0	0
0	278
0	71
0	1
17	11
1	201
0	6
0	0
0	81
0	636
0	0
0	425
0	0
0	83
1	2
0	0
894	296
0	0
0	11
5	1675
1	42
0	0
1	474
0	38
1	28
0	296
0	0
0	0
3	422
0	0
0	0
0	0
0	113
661	410
12	276
0	1
0	2
4	298
0	0
0	60
0	2
0	1312
0	0
0	0
0	0
0	0
0	2210
0	592
0	39
0	0
1	777
0	0
2	862
0	0
1	10
0	6
0	263
1	3032
0	18
0	0
0	0
0	83
0	2
0	0
0	683
6	5120
2	1305
0	186
0	872
0	0
0	0
13	6733
0	10149
0	232
0	0
0	130
0	0
0	155
48	56
0	0
0	27
0	0
0	0
4	366
0	10043
0	265
2	11267
0	11
0	0
30	577
0	0
0	1
6	5262
0	0
0	4
0	1
0	36
0	390
0	0
2	435
0	0
1	0
0	0
0	274
0	0
9	812
0	0
0	195
0	41
0	13
0	9
0	11
0	0
0	348
35	71
0	0
1	4
0	22
1	2013
0	0
0	0
0	292
4	142
0	0
0	0
0	0
0	10
0	424
1	36
12	619
0	117
0	0
0	0
1	490
0	1
3	283
5	64
0	0
0	0
0	57
0	0
1	243
4	147
0	0
0	0
0	3220
0	510
42	1365
0	0
0	134
0	163
0	0
0	0
2	1
0	46
0	82
0	0
0	0
0	0
2	845
4	136
0	725
0	0
0	0
0	559
1	419
0	648
3	398
0	0
0	0
0	1320
0	72
0	136
0	0
0	0
0	2626
212	331
0	5
0	341
2	9085
13	685
0	0
94	1082
0	0
0	0
0	265
0	3788
0	6
3	200
2	212
2	20
0	5
0	262
0	0
0	1
0	15
0	496
12	895
0	0
0	0
0	444
0	3
0	0
0	2
1	215
0	93
0	0
0	1603
0	16
0	0
1	532
6	29
0	21
1	0
1	652
0	79
0	1
1	788
0	0
5	1
0	221
3	483
0	277
0	19
0	0
0	0
0	1
0	803
0	5
0	0
0	0
0	1
0	0
1	8
1	4
0	608
0	286
0	10
0	0
0	0
20	551
0	0
0	1
0	0
0	1444
0	0
0	483
0	6
1	134
0	2636
0	0
0	0
0	91
0	0
0	1424
0	0
18	64
0	0
273	124
0	0
0	174
0	43
10	36
0	0
0	0
11	633
0	0
0	0
5	4
11	523
0	134
1	208
0	134
0	380
43	1453
0	7
0	10
0	1
0	0
5	324
0	0
0	0
0	1
2	270
9	181
0	0
0	2
0	803
0	0
0	0
0	28
0	0
0	0
1	0
0	1
0	1488
0	869
0	1
2	10
21	432
0	922
0	0
57	1056
0	22
0	0
1	253
0	0
0	15
0	181
0	228
27	790
0	668
1	4
0	8963
0	0
0	271
0	5
0	739
0	0
0	1
0	0
0	0
0	23
0	21
0	283
0	0
0	0
0	36
0	26
0	1466
0	0
0	0
0	1
0	528
36	3528
0	163
1	268
0	366
0	0
3	148
4	142
0	0
0	0
0	0
0	0
10	354
0	31485
0	355
0	900
1	32
63	81
0	1
0	1
6	292
0	1
2	146
0	167
0	0
0	0
0	0
0	1
3	1164
0	0
0	0
100	3
0	82
0	332
5	272
2	1015
0	52
0	134
248	139
0	0
0	0
1	233
0	0
0	13
22	4
12	1296
0	0
0	11
0	0
0	2
0	29
0	0
0	155
0	25
0	29
0	2
0	0
0	31
0	125
0	0
1	7082
0	189
6	16
0	8
0	51
0	344
0	59
17	1537
0	0
17	166
146	475
1	30
0	20
14	568
0	0
4	86
0	58
0	1
2	308
0	591
1	239
0	1
0	292
0	0
18	8
0	31
0	163
0	0
0	45
0	8
0	603
52	2
0	0
0	10
0	0
0	75
10	19
0	0
0	199
5	37
0	9
342	317
3	91
0	0
0	0
0	1
0	0
0	708
0	0
0	9
0	23
100	2132
0	152
0	401
0	0
0	0
1	1893
0	7
0	1
0	0
0	398
1	67
0	0
7	534
0	18
0	0
0	0
5	1537
0	0
0	0
0	3938
1	41
0	834
0	0
0	0
43	664
0	0
0	33
3	604
0	0
0	0
0	73
0	251
0	0
0	27
0	0
20	861
12	60
0	0
0	1
0	0
0	1616
0	167
0	0
2	941
0	9
0	165
1	470
0	15
0	529
0	9
0	2669
0	0
0	0
11	264
13	10
2	6
0	0
0	783
0	10
0	280
14	1842
0	4
0	0
0	0
0	0
1	5
0	3734
0	1448
430	78
82	2634
0	3
595	1165
0	57
0	69
4	13
0	0
0	1
0	1
0	0
2	0
86	0
0	4
6	151
0	0
0	61
0	13
0	0
3	297
2	0
0	0
0	36
221	989
0	0
0	0
4	182
0	0
43	241
0	0
0	7
0	0
6	774
0	196
0	530
5	211
0	26
0	2
0	26
0	0
0	0
0	0
0	0
0	0
18	974
0	0
0	0
0	4028
0	350
0	8
0	0
0	27
0	1
0	0
0	19
0	844
0	1
0	42
4	20206
0	0
0	0
0	0
0	18
16	124
0	0
0	0
0	360
0	0
0	358
1	0
0	1826
0	0
28	45
0	0
0	0
32	230
0	522
14	446
0	73
0	1
0	0
0	20
0	1758
0	0
0	21
0	199
0	0
0	50
497	326
0	0
0	0
0	0
0	379
38	129
2	1159
0	12
0	1
0	52
0	178
0	0
0	508
0	0
1	0
0	0
0	0
0	106
0	2
0	6
0	1
0	1059
0	0
0	0
0	0
0	646
0	1258
0	9
0	0
0	21
0	36
0	4
249	1330
0	0
0	1053
0	0
0	0
0	0
7	4
0	914
0	226
0	17
0	17
0	2973
0	41
0	2
0	8
0	0
0	4962
0	0
0	0
0	47
2	269
0	454
0	0
0	47
0	0
0	15
0	2
0	0
0	0
0	1
0	20
1	72
0	0
0	0
0	0
0	25
0	0
0	0
0	0
0	829
0	0
2	3
2	0
0	204
0	2
0	316
0	0
0	330
163	379
4	71
0	8
12	51
0	0
0	0
1	78
0	40
0	0
0	0
21	222
0	306
0	714
0	0
18	1397
0	1433
0	6
0	182
0	48
1	407
0	0
0	0
0	4
0	0
0	0
0	436
0	0
0	3
9	1743
6	392
0	0
1	7
0	0
0	359
0	0
0	0
0	0
0	338
0	0
2	1743
0	229
0	3676
0	366
8	2518
0	189
0	5
0	0
0	21
4	14
0	5243
0	20
0	21
0	2
0	1
0	106
0	1
0	0
0	0
0	170
0	0
0	0
0	0
0	721
1928	2528
0	0
0	0
0	0
0	0
0	686
0	0
2	27
0	0
0	0
0	0
0	2
0	22
31	113
1	305
17	29
0	35
1	56
0	17
0	27
0	488
0	45
0	0
0	0
0	156
0	0
0	0
0	282
0	79
85	870
0	0
0	0
0	0
0	2
115	447
0	9
9	399
0	124
0	0
0	0
0	1883
0	199
0	41
1	18
0	47
0	40
0	3
0	93
0	3881
0	18
0	0
0	0
107	486
0	0
3	599
2	33
2	7
0	23
0	967
0	1
2	27
0	0
0	0
0	0
0	0
0	238
0	45
0	49
0	113
0	1
0	0
0	0
0	219
1	0
0	6
0	1
1	2263
0	650
0	30
0	383
0	4652
0	270
2	1
0	0
2	221
0	0
0	0
0	0
5	858
0	4
0	35
0	0
9	7
0	71
0	5
0	0
0	14
0	0
33	1
0	0
0	0
1	0
0	0
0	0
36	288
0	1
0	11
0	0
1	0
0	0
1	748
0	0
0	0
2	1010
0	5
1	69
0	25
9	596
0	145
0	300
91	2019
64	1
0	0
0	5
0	0
1	0
0	0
1475	724
0	801
0	80
0	8
9	1309
1	54
0	1
1	10
0	329
0	0
0	18
17	2
0	0
1	2480
0	0
53	239
36	702
0	124
0	4
0	3
46	3351
0	2
0	7
0	3
1871	310
1	5439
55	20
0	610
0	0
0	0
0	0
0	0
0	383
0	0
0	9385
0	132
0	374
0	0
0	4
0	0
0	1786
0	768
0	0
0	0
0	0
0	7
4	398
0	0
0	21
0	41
0	0
0	0
0	19
0	0
0	0
0	680
0	3445
0	0
0	2
1	418
0	0
0	51
0	266
1	1616
0	0
0	252
0	0
0	0
2	4152
0	5
0	0
0	574
1	48
0	0
0	316
0	0
0	0
0	5
0	0
0	13
0	18
0	16
0	0
0	33
0	0
0	124
0	201
0	0
0	0
0	0
0	0
0	0
0	119
0	0
0	573
0	268
0	0
0	0
0	0
0	5
0	0
0	111
0	0
0	55
3	255
0	54
9	348
0	261
0	0
2	77
0	10
0	74
0	13
0	0
0	0
0	0
0	0
0	0
0	160
0	22
0	33
1	573
425	0
0	0
0	0
0	0
0	0
0	1
0	0
0	114
0	0
0	24
0	507
0	0
0	0
0	0
0	31539
1	11678
0	115
0	0
0	0
25	1
0	106
0	210
0	0
0	4
0	0
0	58
0	0
0	48
0	0
1	1221
0	2
3	625
0	1848
2	147
0	1930
0	146
0	0
24	0
42	976
0	529
36	597
0	1
0	0
65	677
0	0
0	55
0	2644
1	135
0	0
0	204
4	3
0	0
0	186
0	8
0	58
0	940
0	7050
0	0
0	0
379	183
0	0
0	119
0	0
4	0
0	170
0	23
0	0
0	261
0	0
0	0
0	3
0	0
0	2489
1	285
0	7
0	53367
0	298
0	0
0	388
0	0
0	429
0	22
0	0
0	258
8	2453
0	1342
1	570
0	3
0	0
0	0
0	218
0	25
0	39
1	2009
0	0
1	566
0	1
0	52
0	797
0	0
0	2191
0	0
0	0
0	0
0	42
0	3
0	1
0	0
0	1053
3	25
1	34
62	6036
0	0
0	139
48	384
0	5
0	0
0	0
0	107
0	52
0	0
0	0
2	43
0	4
0	0
0	334
0	0
0	14
106	396
0	0
0	4
5	214
0	0
0	80
0	1
3	48
0	84
0	1
9	132
0	21
4	269
0	600
2	11
0	0
0	639
6	794
0	233
0	669
0	0
0	157
3	4833
0	0
0	0
0	0
0	976
0	262
0	2490
176	394
0	1533
3	75
1	175
0	0
0	0
0	243
0	0
0	203
0	0
0	0
0	391
0	0
0	0
2	3094
222	259
1	111
0	0
0	425
0	136
0	185
0	0
0	7365
30	773
0	0
0	391
0	13
0	0
7	155
0	17
1	2483
0	6
0	0
15	8864
0	0
0	0
0	206
1	228
0	17
0	115
0	52
0	28
105	124
7	767
0	490
27	53403
3	0
0	38
0	9
0	0
0	60
0	0
0	920
0	0
0	987
0	0
0	1
0	0
0	28
0	161
0	48
18	366
1	16
0	0
0	0
0	0
0	0
0	0
0	0
8	135
0	0
0	0
385	4660
0	0
0	15
0	0
78	881
0	0
0	15
0	0
0	0
0	42
0	6
0	4
0	0
0	8
11	243
0	0
0	1
0	45
0	0
0	0
0	0
0	433
0	11
0	0
0	0
0	0
0	85
100	169
0	829
9	825
0	7
0	318
0	148
0	1099
0	98
0	127
3	204
0	1
0	0
0	0
0	0
0	0
11	254
0	35
0	0
0	0
5	440
0	0
1	1120
0	0
0	17
0	442
0	2
0	1997
0	0
0	0
0	173
0	158
2	840
2	146
0	6
0	0
0	11
349	812
0	0
0	0
6	480
0	2
0	0
0	51
0	33
0	0
0	0
0	72
2	31
0	46
0	16
0	0
0	0
0	0
0	0
0	0
0	1
110	3214
0	0
0	0
0	0
0	667
20	1143
0	0
0	23
0	161
0	0
0	86
0	31
0	1521
0	1
2	328
1	176
6	22
0	10
0	572
0	0
0	47
13	704
0	0
0	0
7	20
0	18
0	98
178	190
13	3
0	42
0	325
1	1
0	0
0	140
0	553
138	39
3	718
0	0
0	0
0	4
0	306
0	0
0	3
0	171
0	687
1	791
17	5239
0	467
0	1012
11	22
0	83
0	1
20	1016
0	0
0	1234
0	3
0	0
0	0
0	2
0	0
0	1
0	0
0	1
0	530
0	10
0	0
0	479
0	1159
0	11
0	0
23	25
6	593
1	626
0	21
0	0
0	3
0	540
0	159
944	3198
0	0
3	26
0	0
0	132
0	0
2	94
1	1318
1	111
5	14
0	90
5	252
0	103
0	0
0	0
1	0
0	1
0	0
0	0
0	2
0	344
0	0
0	0
0	0
0	25
0	287
0	0
0	1014
0	638
0	0
0	107
0	2
1	2
0	0
0	0
8	1
0	0
0	20
4	4
0	0
0	0
0	0
4	351
0	106
0	211
0	31
0	762
0	0
5	329
0	63
0	0
0	0
0	0
0	0
0	0
0	14
0	56
0	0
3	24
0	549
0	93
0	40
0	0
0	6
0	53
0	1583
31	174
0	0
0	0
0	1
0	0
0	0
0	32
0	0
0	2136
0	0
0	264
0	12
0	708
0	0
3	99
0	63
2	75
0	0
0	33
0	0
0	0
0	903
0	192
0	7
0	28
0	225
57	838
104	600
0	0
0	0
0	36
0	45
0	6
0	944
1	46
0	43
0	453
0	0
0	0
0	2
0	432
0	710
0	3
0	1544
0	0
7	1244
0	17
0	0
0	1
33	472
0	0
0	0
0	0
0	0
0	0
0	171
0	8
0	24
0	0
0	0
1	920
1	1
1	0
8	193
0	23
0	44
0	0
0	19
0	40
0	56
8	0
0	0
4	442
0	157
0	378
0	7
0	122
0	0
0	8
0	0
0	62
0	193
1	86
0	1121
0	0
0	0
0	83
1	983
0	0
0	259
0	1
0	523
0	18
5	583
0	0
1	12
0	244
0	0
7	560
0	447
126	752
0	0
0	5
0	359
1	135
0	0
0	0
1	11
2	0
2	702
0	0
0	453
0	164
0	48
0	239
1	84
0	0
0	0
0	85
1	357
0	0
0	0
1	671
0	8
0	19
0	9
0	0
0	5
0	0
0	20
0	1032
5	1606
0	629
0	472
0	0
0	303
0	0
0	0
3	1431
0	12
7	75
13	721
0	559
0	0
0	19
0	529
2	92
0	124
0	79
0	69
0	359
0	0
0	0
0	0
0	0
1	1880
8	542
0	11
0	16
0	0
0	0
0	0
1	235
0	0
0	3
0	155
0	33
0	303
0	0
46	2503
0	43
0	0
0	458
0	0
0	891
0	9
0	0
1	0
0	317
0	238
13	194
45	2171
10	43
0	119
1	380
15	12
1	115
0	0
0	0
0	764
7	325
0	469
219	192
0	0
0	70
28	9
0	136
0	0
48	4662
0	43
0	5
0	0
0	0
0	288
0	0
59	104
0	384
0	135
0	569
1	49
0	0
0	0
0	2
50	792
2	303
23	1676
0	0
0	1
0	23
0	0
0	0
0	5
0	118
0	0
0	0
0	35
1	22
0	0
0	103
0	0
0	119
0	424
0	205
0	1
0	0
0	51
0	11
0	97
0	0
0	0
0	0
0	274
0	0
0	0
0	676
0	1222
0	55
0	0
0	96
0	0
0	0
2	157
0	0
0	0
0	0
0	0
0	271
0	5
0	48
0	170
0	0
0	0
3	81
0	0
0	14
0	361
0	62
0	0
6	688
5	548
0	0
35	1142
0	260
1	1175
0	138
0	0
1	39
0	0
0	63
0	2
0	42
0	202
0	96
0	9
0	0
0	215
2	1303
0	252
1	572
0	548
3	95
19	314
0	0
2	170
0	23124
1	321
0	8
0	138
0	2265
1	1
0	0
1	3
0	130
0	560
0	0
0	1
281	153
0	0
1	158
0	0
16	196
0	85
0	0
6	4250
0	0
0	113
0	0
0	43
0	526
0	0
0	0
0	252
0	2
0	106
0	0
0	485
0	0
0	0
2	880
0	0
0	264
0	329
2	80
0	0
0	0
0	1
5	272
1	3377
0	0
26	440
0	6
0	0
0	841
1	1
0	0
0	12
208	1464
1	199
0	0
5	1706
0	86
0	29
0	0
0	0
0	0
0	3
0	32
0	0
0	1522
0	281
0	0
0	0
0	0
0	0
0	1341
0	0
0	0
0	1
74	51
0	0
0	1334
0	0
0	0
0	0
150	25
0	0
0	260
0	99
0	173
0	99
0	2
0	81
0	501
31	218
0	0
0	0
0	0
0	0
4	609
0	0
0	574
0	0
0	7
0	1
0	0
0	347
55	966
0	916
0	55
0	0
0	0
1	182
0	1326
2	23
0	0
0	164
0	140
0	45
0	115
0	0
0	0
0	178
23	410
1	0
10	24
0	1510
0	0
0	66
0	0
0	0
0	0
0	78
2	25
0	0
0	0
0	90
0	504
4	3
0	3
1	198
0	54
0	0
0	475
0	0
0	7
0	0
0	83
0	56
0	0
0	12
0	114
26	3187
0	0
0	61
0	0
0	0
0	248
3	742
0	231
2	27
0	0
0	0
51	214
0	23
0	11
0	5
1	42
0	2
0	77
0	502
0	947
0	0
0	0
1	264
0	245
0	61
0	25
0	740
0	1100
1	134
0	314
0	8
0	0
0	77
0	28
0	0
0	0
2	477
0	0
0	71
0	70
0	9
0	13
1	125
0	19
2	4
0	1
1	6074
0	0
0	0
0	0
0	0
0	283
1	6
0	864
0	36
0	0
0	0
1	7082
3	0
0	186
0	132
0	119
0	214
1	416
0	0
0	222
0	0
0	0
0	0
0	0
7	791
0	0
0	516
0	0
0	211
0	0
0	0
0	0
0	240
3	2
0	177
0	39
0	215
0	11
0	6
0	6
0	0
0	9
0	0
1	82
7	2423
1	6
0	9
0	1
0	6
0	0
0	0
0	0
7	49
0	0
0	3
0	0
0	570
0	0
0	0
0	147
0	1514
0	0
0	0
0	0
2	473
8	7
0	0
0	0
0	366
0	0
0	0
0	0
0	16
0	685
0	191
0	851
0	0
0	9
0	0
0	89
0	417
4	132
0	10
37	1363
0	0
0	15
0	135
0	1135
0	422
0	0
0	1
0	94
0	0
0	16
0	0
0	2
0	0
0	1543
0	106
0	202
0	0
0	5559
1	131
20	172
0	0
0	10
0	0
0	3
1	166
0	0
0	0
0	401
5	400
0	4
1	1
0	0
4	53
1	0
0	0
0	8
0	0
4	381
0	2
0	0
0	0
0	5
0	36
1	600
0	56
0	0
0	0
0	0
0	0
0	0
0	0
2	49
0	6
0	37
5	0
563	726
0	0
0	18
10	9
0	0
0	0
0	76
39	360
0	78
2	362
1	14
0	0
0	0
0	0
0	21072
0	102
0	172
0	1
0	67
3	236
0	420
40	67
0	0
0	4
0	27
0	2
0	0
1	67
0	0
0	21
0	0
0	0
0	574
0	0
0	862
0	12
0	8826
0	0
0	0
0	0
0	0
0	0
0	0
0	0
52	23
0	0
0	0
0	79
0	0
0	144
0	0
0	537
0	50
5	40
0	37
2	47
0	1928
0	0
0	0
0	524
0	0
0	34
1	2
0	490
0	2
0	0
0	0
0	1
4	168
0	11
0	0
0	4
1	58
2	255
0	0
0	57
0	0
0	0
0	3
1	27
0	198
0	35
0	0
28	526
0	0
1	3922
0	0
0	185
1	48
8	817
8	36
0	0
0	2
1	52
22	636
0	161
0	0
0	2
1	29
11	120
0	486
0	4
0	1880
0	2423
0	0
2	675
0	1611
2	15
0	624
0	0
0	0
4	392
0	31
0	7
0	0
0	0
0	0
0	4
0	2
0	21
2	60
0	189
0	0
0	0
0	7
2	33
1	4850
0	6
0	19
1	78
1	212
0	0
0	134
3	10
5	1875
0	2055
0	1
4	3
0	0
4	34
0	1635
0	1918
1	7
0	0
281	129
71	2220
1	19
0	0
1	257
0	104
0	0
9	722
0	0
2	739
0	0
0	0
0	115
0	0
0	0
0	0
1	3
0	22
0	0
0	0
0	4
0	7
0	577
0	0
0	50
0	4
0	1
0	55
1	466
0	0
0	291
0	2180
0	0
0	3
0	10
0	2306
0	0
0	3
16	1169
0	565
0	0
0	62
0	0
0	0
0	844
0	0
0	0
0	51
0	0
0	169
8	791
8	35
1224	2883
0	0
0	0
0	0
0	0
0	168
0	0
2	165
0	3
0	0
0	0
0	236
0	0
0	0
1	425
0	57
0	189
1	260
0	0
0	0
0	100
0	0
0	297
0	0
0	0
0	13
0	0
0	0
0	624
24	368
0	19
0	304
3	984
0	34
0	173
0	113
0	0
2	6
13	1065
0	0
0	84
0	396
0	274
0	0
0	107
0	554
0	7
149	40
0	9
1952	650
1	165
0	0
0	0
0	0
0	0
0	0
1	382
0	0
0	0
6	2
0	0
0	0
0	38
0	26
0	0
0	1796
0	0
0	73
4	319
0	1
0	743
0	5
0	0
0	0
0	35
0	6
0	0
0	873
0	60
1	545
0	37
0	0
0	574
0	0
1	104
0	14
72	5441
0	0
0	2
0	0
0	129
0	8602
0	77
0	1
2	331
0	16
0	0
1	900
2	206
0	50
0	0
1	1106
0	5980
0	1
0	152
0	0
0	0
2	574
0	0
268	1295
0	174
0	19
2	572
0	0
0	0
0	8
0	0
0	1
1	0
1	1
0	0
0	246
0	0
1	115
0	0
1	210
0	5659
0	0
0	0
0	1808
0	23
0	4
0	496
0	298
0	7
1	29
0	82
0	4674
1	0
0	697
0	0
0	0
0	0
0	0
10	309
1	415
0	73
0	257
0	0
0	534
0	5
0	366
0	0
6	330
0	565
0	11
0	5121
1	560
0	0
0	511
0	6
0	55
0	3
0	0
0	11
0	1890
0	211
0	0
0	0
0	2
0	0
0	40
2	195
0	0
0	371
0	0
0	0
0	1
0	47
0	29
158	5
0	70
0	269
3	579
82	270
0	378
0	308
0	0
0	454
0	39
0	0
19	620
0	0
0	0
4	1373
0	242
0	12
0	101
0	7
0	1
0	31500
0	6236
0	0
8	107
0	79
1	25
0	11
0	287
0	661
0	41
0	0
1	3
19	967
0	4752
12	385
0	167
0	885
0	2874
0	8
2	6871
0	78
0	97
0	0
0	0
0	0
5	12
0	0
0	0
0	0
0	0
4	73
0	0
0	0
0	0
0	18
0	14
0	0
0	0
0	24
0	221
0	48
0	0
0	44
0	70
0	0
0	667
0	0
0	0
0	198
0	228
465	0
0	0
0	0
0	0
1	0
0	419
0	0
0	45
0	0
4	38
0	8
0	0
0	1123
30	308
0	96
0	12
0	472
0	0
0	32
0	0
0	1
4	618
0	1
0	0
2	10
0	41
2	2855
0	0
0	8
27	26
0	163
0	0
0	1
0	0
7	180
0	5
4	294
2	86
2	679
0	0
0	0
0	4386
0	0
0	2
0	91
0	0
0	0
0	2
0	297
0	0
1	541
0	0
14	199
0	29
5	67
0	11
1	53
0	0
0	0
0	0
106	113
0	0
0	0
12	3133
0	138
0	58
2	353
0	192
0	0
25	95
1	722
2	196
0	0
0	103
0	0
4	64
1	40
0	106
0	0
0	133
0	0
0	0
0	39
0	0
0	0
0	0
0	254
0	51
0	7
0	0
0	0
0	0
6	247
0	194
0	0
0	0
0	1
0	0
0	1
64	1266
0	200
0	0
0	0
30	81
0	0
0	789
1	19
0	0
0	0
0	0
2	252
1332	1342
0	0
3	60
0	0
0	144
0	137
0	407
0	3
1	140
9	1544
0	2
0	158
0	748
1	89
0	74
0	360
0	0
0	0
0	1900
0	0
0	3
0	262
0	31
0	309
0	0
42	16356
7	2642
0	0
0	0
0	1185
1	467
0	0
6	119
0	57
0	2
1	888
0	130
0	0
0	16
1	0
0	0
0	3
0	212
0	5
0	2
0	128
45	260
0	784
0	60
0	401
0	2
0	0
0	0
30	781
0	1331
0	0
0	1
0	0
0	0
5	11160
0	152
0	667
0	15
0	0
0	45
1	23
0	0
0	0
55	254
0	22
0	233
13	287
0	75
10	443
0	0
0	2
4	14
0	25
0	129
0	0
0	2247
0	0
0	0
0	0
0	5
0	0
60	501
0	44
0	0
0	1
0	0
0	0
0	1
0	4021
0	6
0	2
0	5
0	45
0	0
9	18
0	13
0	0
0	23
0	1
1	59
1	141
29	917
0	1516
0	0
0	0
0	3163
0	0
0	123
0	1
0	331
0	1
0	147
0	146
0	0
0	0
0	0
0	0
54	805
1	749
9	78
0	0
0	0
0	4
4	1031
0	0
0	0
0	1
0	943
1	205
0	269
0	0
0	23
0	1
0	1
0	1412
0	3
0	0
3	26
0	0
0	0
4	400
14	289
0	1
0	259
0	241
0	0
0	1
0	0
0	0
0	0
0	16
0	49
0	0
0	1
0	5
0	0
0	2
115	233
0	952
0	0
0	0
13	367
0	0
0	0
0	0
34	633
1	122
0	441
0	17
0	2
0	0
0	0
0	2
482	576
0	0
0	0
44	103
0	0
29	1800
0	15
0	517
0	1
0	99
0	81
0	0
0	196
21	25
0	179
0	528
0	0
0	0
0	490
0	0
0	17
0	149
0	0
0	37
0	8
0	510
0	177
0	0
0	742
0	231
2	85
0	96
0	431
0	0
0	0
0	15
0	232
0	0
0	0
0	203
0	0
0	334
0	18
0	0
0	832
0	438
0	0
1	8
7	1377
0	65
12	942
0	0
0	7
0	41
0	239
0	284
1	768
0	88
0	47
0	16
0	28
0	0
3	1003
19	347
0	0
2	204
17	1105
0	191
0	1
0	0
9	0
702	326
0	8
0	41
0	26
0	126
983	1210
0	0
4	379
1	0
0	1
0	0
0	0
0	96
0	0
0	0
0	1509
0	69
0	687
5	10
0	117
0	0
0	5
0	0
2	24
0	176
0	45
0	0
0	1
0	1
0	2
0	538
1	204
0	243
0	1
0	663
0	1002
9	8953
0	0
2	100
0	0
0	0
0	0
1	272
0	0
0	920
0	0
0	0
0	0
0	40
1	172
0	0
0	0
0	768
72	1
0	0
0	0
0	0
0	347
2	714
0	0
0	248
0	0
0	23
2	1
0	28
5	1044
0	99
0	4
0	61
0	0
0	0
0	204
1	638
2	578
0	643
0	100
4	5
2	1
0	2
0	5184
0	0
3	267
0	0
0	5
0	0
0	5
54	8578
0	0
0	634
0	0
156	202
0	151
0	0
0	0
0	0
0	32
0	84
0	0
0	296
1	274
0	627
0	181
0	0
0	0
0	0
0	13
0	15
0	211
1	577
1	249
0	26
3	728
0	0
0	0
0	746
0	2431
0	0
0	1495
0	0
0	0
0	0
0	0
0	422
0	98
0	1140
0	59
1	6
0	421
0	0
0	120
5	1298
0	17
0	897
0	3
0	0
0	0
4	6307
0	620
9	7
0	2648
0	154
0	0
0	343
2	10
0	74
0	101
0	0
0	0
0	0
0	0
0	613
0	0
0	0
0	0
0	0
0	79
0	73
0	5715
0	0
0	5
0	963
0	0
0	0
0	200
0	330
0	15
1	230
0	0
14	2
0	184
0	181
0	89
0	0
0	7
0	62
0	2
0	0
0	0
38	62
0	0
2	333
0	0
2	26
0	0
0	113
4	5082
0	50
0	0
5	5
3	3771
0	40
0	470
0	32
0	6
0	0
3	195
0	0
0	0
0	4
0	233
0	0
0	0
0	116
0	109
0	0
1	44
2	6
0	2
0	0
0	60
0	0
0	87
0	0
7	503
0	0
11	569
1	241
0	0
0	0
0	0
0	1
0	0
0	54
0	0
2	4629
0	847
0	76
0	0
0	256
0	77
2	874
0	64
0	14
0	48
0	901
0	2
1	79
1	225
0	368
105	1924
0	1347
0	0
0	910
0	4
2	13346
0	223
0	577
0	4
6	298
38	52
0	12
2	2
213	486
0	30
0	0
0	9
0	120
0	63
0	46
24	58
2	706
0	1579
13	19
0	213
0	536
0	0
125	826
0	125
1	103
0	0
0	1586
0	0
0	292
0	0
0	0
0	180
0	863
1	1
0	392
0	2
0	0
0	600
6	6
41	82
0	207
3	5325
0	0
0	585
0	0
0	0
0	0
0	4
0	51
0	0
0	0
0	1
0	7
0	0
0	0
0	0
0	556
1	280
0	0
0	45
1	421
0	357
0	339
0	1
0	0
0	0
13	626
0	650
0	52
0	178
0	0
0	14
0	0
0	7
0	304
0	2016
0	0
5	17
0	15
0	0
0	1
0	7
0	0
0	0
0	0
2	2
0	0
12	2332
0	1915
0	1
0	375
0	256
0	196
0	44
1	3
18	3634
10	322
0	2
0	0
0	192
0	249
0	25
0	40
240	12512
1	5
0	0
0	0
0	5
0	833
0	0
0	1
0	621
0	69
0	0
1	206
0	0
0	0
1	1
0	0
0	6
0	0
0	125
0	99
1	1486
0	189
0	0
0	1
0	0
0	0
4	0
1	644
0	233
0	15
0	0
73	297
0	0
1	0
0	158
11	111
0	19
0	325
0	435
0	0
0	0
0	0
0	10
0	0
0	0
0	0
5	167
0	0
0	0
0	5
0	2
0	0
10	658
23	39
0	416
2	52
266	122
0	0
0	0
0	0
0	0
0	9
0	0
0	391
0	42
0	0
0	1
0	14
0	238
0	0
18	1501
0	30
0	278
17	78
0	0
0	781
0	0
0	0
1	58
0	0
0	163
0	157
0	0
0	903
1	0
0	0
0	26
222	24
27	0
0	9
7	27
0	0
0	12
16	966
0	0
0	0
0	0
0	126
39	86
0	0
0	0
22	1239
0	6
0	10
1	426
0	12
24	551
0	1728
0	0
2	324
2	217
0	5
0	23
0	127
0	308
0	0
0	3
0	2574
0	0
0	0
0	1796
0	0
0	0
0	49
0	73
0	16
0	0
0	0
0	1
2	0
0	22
0	0
0	1
1	864
0	348
0	0
1	12041
1	0
3	166
0	0
0	0
1	1955
0	163
0	0
0	0
0	514
1	60
0	0
0	36
0	0
0	3
0	0
21	568
0	0
0	9003
0	433
0	159
0	174
0	24
0	2
225	717
0	145
0	403
7	30
0	24
0	0
0	19
35	69
0	6
0	23
0	0
0	149
0	47
4	613
0	990
0	0
0	12
0	0
0	4
0	0
24	125
0	125
0	11
0	1
0	1175
0	0
0	2
10	153
2	62
363	540
0	1242
0	580
0	248
111	165
0	0
0	954
0	79
0	0
0	0
0	155
0	8
0	482
0	0
103	1752
2	5
0	24
0	111
0	58
0	135
0	402
0	262
8	748
0	270
0	0
0	0
0	0
1	170
0	28
2	1051
0	1
0	26
0	12
0	1648
0	0
0	0
25	28
0	31506
0	763
0	1
2	1123
0	0
0	0
0	0
6	116
0	0
14	1013
0	446
0	0
0	0
0	0
0	176
0	2
2	76
0	66
0	0
1	551
0	0
3	4
300	395
0	0
14	54
0	12
2	550
0	0
0	71
0	1
0	2
0	1
0	192
2	368
0	0
105	2
0	3
0	1
4	188
0	24
1	132
0	0
0	0
0	0
0	0
0	888
0	0
0	2568
0	0
0	284
0	28
0	10
0	1
0	1250
25	35
0	59
0	0
0	16
0	1
0	0
0	166
0	0
0	647
0	188
0	0
3	4
0	0
11	88
0	0
0	0
0	654
0	3675
0	201
0	0
194	1349
0	4781
0	0
0	12
0	26
0	0
0	0
65	419
1	46
8	231
0	271
0	0
0	0
0	13
0	0
0	0
0	330
0	0
0	3
0	0
0	0
0	6
0	23
0	0
0	159
1	62
3	262
0	456
0	1
0	120
0	0
0	0
475	880
0	0
0	0
2	100
0	311
0	0
0	1
0	13
1495	1886
0	0
0	5
1	665
0	321
14	2093
0	584
2	120
0	110
0	0
0	0
10	899
0	0
0	0
0	928
3	22
1	40
0	81
3	49
0	559
0	0
0	421
7	17
0	126
14	1045
0	0
0	64
0	56
2	158
0	0
0	95
0	167
0	935
0	497
1	0
0	0
59	759
0	0
1	32
0	0
0	0
0	0
0	1
0	151
0	0
0	0
0	0
1	103
0	0
265	245
0	0
0	1321
0	233
0	575
1	0
0	0
2	118
2	1220
0	12
0	33
0	0
0	0
0	0
490	61
0	635
2	908
0	292
0	0
0	0
0	0
0	0
0	0
0	308
35	148
0	399
0	43
12	826
0	242
0	0
0	9
0	9
0	0
10	54
0	173
0	221
1	864
0	697
0	1648
5	167
0	49
0	0
0	5
0	10
0	0
6	87
0	89
0	0
3	861
0	1
22	173
0	0
0	0
0	0
0	0
0	92
0	617
0	1
2	17
8	119
0	0
0	0
0	0
0	0
0	52
0	1
0	0
3	347
0	0
0	0
0	0
0	0
0	325
0	29
1	648
0	200
0	88
0	331
0	359
0	1
0	55
0	17
0	1
0	847
0	712
0	27
3	5
0	0
0	0
0	735
0	0
0	0
82	4
53	114
0	0
0	59
0	13
5	55
0	39
0	7
0	16
0	0
0	0
2	14
0	0
392	3
0	3
0	0
0	12
0	0
0	439
1	159
124	232
0	5
0	0
0	76
0	7
0	0
0	0
1	607
0	0
0	0
8	4963
4	162
0	39
0	2
0	0
27	79
0	1
0	0
0	645
0	2
1	234
0	0
0	56
0	971
0	554
0	0
3	226
0	7082
4	1
1	29
0	0
0	1022
0	96
0	0
0	2244
0	227
1	150
170	3776
0	4
0	0
64	8
0	0
0	15
0	0
0	0
0	0
0	1
3	25
78	41
3	305
1	0
1	252
64	67
0	0
0	0
0	112
0	9
0	0
1	3
0	791
0	122
8	201
0	0
0	0
0	5242
0	156
0	1334
0	0
0	0
0	0
0	225
0	0
0	0
0	0
0	0
8	254
64	7
0	356
0	0
0	94
0	0
0	0
0	152
0	0
0	104
0	50
0	1643
0	374
0	0
0	0
0	0
0	1
0	0
0	0
0	1488
0	0
0	1374
0	1238
0	3964
9	62
0	0
0	208
0	138
0	0
0	0
0	0
0	0
3	773
0	3
0	83
0	156
0	69
0	0
0	263
1	887
3	2979
0	3
21	388
2	838
0	189
0	0
0	186
0	11
0	0
0	177
0	2
4	17831
0	0
14	1312
0	387
0	70
0	136
0	1
0	0
1	493
0	0
0	228
7	762
0	147
0	3535
17	552
0	189
0	0
2	203
0	0
0	13
0	0
0	4
8	1865
105	31
0	57
0	0
0	76
0	38
0	0
0	11
0	135
23	32
0	894
0	186
0	0
0	0
0	0
0	0
15	136
0	0
0	256
0	2
0	0
0	0
0	763
0	0
0	69
0	324
0	0
0	0
0	0
2	7336
0	10
0	26
0	0
6	1247
0	0
0	253
0	200
0	291
0	0
1	1871
0	195
0	39
0	2395
0	0
0	0
0	0
4	3896
4	184
0	0
9	398
8	165
0	0
0	0
21	185
0	0
0	0
1	79
0	12
0	107
1	190
13	331
0	41
0	115
0	0
0	53
0	3
0	0
0	971
1	479
5	215
0	0
3	16
3	166
0	104
278	306
0	0
15	180
1	0
3	309
0	0
0	318
0	36
0	6
0	0
0	3
0	2
0	0
2	188
0	0
0	16
0	0
0	149
0	0
0	537
0	0
0	0
0	210
0	410
0	73
0	0
0	136
0	97
0	0
0	0
0	0
0	0
0	0
11	694
0	1
5	413
1	45
0	139
0	0
0	465
0	0
11	1746
0	0
0	0
0	0
2	291
0	0
0	0
0	0
9	1458
0	368
0	286
0	307
0	610
2	718
0	26
0	0
0	0
0	134
0	11
0	41
11	403
0	10
0	0
0	4
0	0
0	10
0	0
0	29
0	0
0	0
0	0
3	504
0	0
0	0
0	34
23	6
0	42
0	0
0	16
0	374
0	62
0	1140
0	0
0	302
18	212
0	18
0	1
0	0
0	1
237	150
1126	2482
0	0
0	112
7	17
18	162
0	0
0	465
0	2233
0	166
0	146
1	740
0	137
0	1
0	0
0	0
0	0
0	0
0	1
0	0
1	51
5	104
0	0
0	0
0	0
0	1925
8	246
535	355
0	12
8	2805
0	114
0	0
0	0
0	0
0	0
0	0
0	0
0	0
0	537
0	0
0	3
0	0
0	1
0	37
1	884
0	83
0	789
0	161
0	648
0	175
0	2
0	0
1	0
0	0
0	33
0	8
0	0
0	2
5	128
0	1
0	79
0	0
0	7
0	1
0	5
0	163
0	0
0	0
0	891
0	1
0	1062
2	639
0	0
0	0
0	0
0	0
0	0
1	1
0	7
0	0
2	0
0	0
0	0
0	4
1	0
3	26
0	0
0	2
0	333
0	1334
0	0
1	0
0	0
0	1
0	0
1	114
0	5
0	389
0	421
0	0
2	776
0	0
4	1756
53	3365
0	0
2	627
0	46
0	0
0	61
0	1
0	0
0	0
1	427
0	1615
0	0
0	214
0	11
0	1
7	628
0	3
0	207
0	0
0	0
0	0
0	0
0	0
0	25
0	0
0	0
0	0
1	167
0	0
1	146
0	2121
0	0
3	75
4	364
0	18
0	0
0	0
60	218
0	263
0	98
0	0
0	0
0	151
0	0
0	6092
2	629
0	413
0	818
0	0
0	0
0	0
0	1
0	728
1	82
14	10
0	276
0	0
0	3
0	0
20	674
0	4
0	0
0	0
0	4
0	0
0	18
18	131
0	2
11	812
0	13
0	11
0	8
0	272
0	7001
0	750
0	138
0	0
0	0
0	0
0	177
9	517
0	0
0	0
0	211
0	5
0	8690
6	889
0	0
2	17
0	1
2	0
0	420
0	0
0	0
0	0
0	0
0	0
1	25
0	0
0	14
0	203
0	0
8	57
0	73
0	0
0	0
0	53
0	0
0	0
0	680
0	199
0	0
195	858
0	0
2	135
0	67
0	563
131	0
0	0
0	0
0	0
0	1
0	403
0	1425
0	139
0	35
6	258
0	4
384	110
0	25
0	5
0	21
3	1923
0	0
0	58
0	42
0	1326
3	1
0	0
0	1
0	0
1	0
419	476
1	569
0	4585
0	0
34	126
0	67
0	0
0	0
0	317
0	121
0	0
0	1
0	8
0	0
1161	5
1	134
0	0
0	4647
1	605
0	0
0	217
0	0
0	0
0	136
0	272
0	1646
0	0
0	0
0	5372
8	1448
3	0
2	40
0	598
0	15
0	0
67	83
2	321
0	1
0	68
1	2885
1616	757
0	0
0	0
4	36
0	107
0	0
0	0
0	0
6	7
0	0
0	0
17	455
0	168
1	114
0	0
0	519
0	520
0	10
0	198
0	1895
0	0
0	0
3	4
10	66
0	394
0	0
3	6913
0	277
0	0
0	0
67	260
0	0
2	173
0	3
0	0
0	0
0	409
0	0
3	684
0	17
0	245
1	1
2	755
0	0
77	5
0	2276
0	125
0	0
0	523
0	0
0	0
0	45
26	403
2	524
0	0
2397	3710
0	1692
0	0
1	197
0	36
0	0
0	10
1	156
1	12
7	281
0	0
0	0
0	0
0	0
5	1707
0	0
0	0
0	0
0	0
0	0
0	0
32	555
0	297
0	84
0	0
0	69
0	1283
0	116
0	0
0	6
0	6
7	993
0	0
0	10
0	116
0	204
0	5
0	0
0	151
0	150
0	0
0	4
0	15
0	1391
0	6
0	277
2	21
0	0
0	206
155	4912
0	389
0	150
0	0
0	12
1	75
0	0
0	1097
0	2
0	8
0	5
0	5
0	151
0	275
0	288
0	0
0	4803
0	148
0	52
7	5683
0	0
0	0
0	0
1	2
0	0
0	0
2	1398
0	139
3	265
418	394
0	290
0	0
0	2297
4	337
0	3
17	1154
0	0
0	1
0	45
1	0
0	325
0	0
0	0
38	714
0	0
0	0
1	40
0	816
4	282
0	123
0	1
0	49731
22	762
0	0
0	0
0	1
0	1895
0	688
0	264
0	3
0	166
0	0
0	45
0	0
0	0
0	285
92	115
2	1564
0	0
0	0
0	0
0	0
4	60
14	875
0	0
0	10
0	49
3	797
0	535
0	0
0	0
438	337
0	4
0	202
0	0
0	1
0	428
0	0
0	0
0	0
0	0
7	284
0	102
0	75
1	115
0	0
0	51
0	108
0	7
0	2519
0	625
4	13
0	0
146	0
0	0
0	119
0	0
0	1
0	0
1	68
0	196
0	126
0	0
0	5
0	0
0	0
0	0
0	0
23	610
1	0
0	0
0	2
0	0
0	1
0	51
0	0
0	95
0	1
4	596
0	1266
0	1703
0	72
0	7
0	0
0	0
140	376
2	721
0	0
0	54
0	5
0	1
0	15
0	3
0	31518
0	0
1	1
0	0
0	0
0	2
0	0
0	0
0	56
0	0
0	0
489	2452
0	0
14	189
0	8356
0	0
0	1
0	373
0	872
0	0
0	11
0	115
0	0
0	3
0	19
0	0
0	211
0	0
3	81
0	0
0	728
0	0
0	7261
0	20
0	0
0	123
0	25
0	25
0	0
0	2
0	518
0	26
0	21
0	0
0	0
0	0
0	2
2	431
7	250
0	0
1	140
0	98
0	0
0	0
12	738
45	4914
0	0
4	505
0	0
0	0
0	191
9	1671
0	0
0	74
0	2780
1	423
0	574
0	0
0	282
0	32
3	125
0	44
0	593
0	0
0	11
1	287
0	0
0	1
0	10
0	49
0	4
0	277
0	0
0	3
0	1
0	0
0	0
1	0
0	0
2	213
0	0
0	219
0	4756
0	0
3	130
1	836
0	129
0	17
0	0
0	140
0	744
0	28
0	0
0	1
0	0
0	20
0	49
0	0
0	0
0	96
0	0
0	0
278	5821
3	1
0	160
0	0
13	2155
1	64
0	77
1	663
0	0
0	0
0	363
0	0
0	0
1	0
0	410
6	168
0	96
0	108
0	4
0	1447
0	0
0	0
0	0
0	85
0	17
0	0
0	269
0	0
0	0
0	0
0	0
0	0
5	15
0	1
0	0
0	3
0	0
0	0
7	162
2	746
0	0
0	0
0	0
0	0
0	14
0	644
0	0
0	388
0	0
0	0
0	1
1	38
0	0
0	2
0	4
28	1209
0	0
12	10
0	367
0	0
0	66
10	5
0	0
11	0
0	0
0	0
13	318
0	433
1	2888
3	95
2	63
0	54
0	1
0	1
0	0
0	138
0	735
0	5321
0	2
50	9
0	0
1	64
0	0
0	25
0	299
0	0
20	2708
0	94
0	721
0	709
0	746
0	0
0	756
0	242
16	140
0	93
0	51
11	120
0	39
0	187
0	59
29	102
0	62
0	239
1	228
0	2540
0	114
0	6
1	118
0	0
0	0
0	0
0	367
0	0
0	282
2	563
0	0
0	0
0	0
0	0
23	8578
2	755
228	167
0	0
2	2416
2	21
24	217
0	0
0	0
0	4
0	1
0	0
0	0
12	490
0	1
0	5
2	261
16	2
34	743
20	61
0	961
0	0
0	1
0	18
0	517
5	142
4	998
0	3
0	748
0	0
0	0
0	1
6	162
0	0
0	0
0	0
0	0
0	0
0	311
1	221
14	139
0	1
0	0
0	0
0	411
0	0
0	47
0	0
0	0
0	275
18	773
0	0
1	3540
0	134
0	0
0	1080
0	0
0	78
0	0
0	40
0	774
1	255
0	0
1	84
1	0
0	0
0	0
0	37
0	0
1	1390
0	0
0	0
0	0
0	0
0	2
0	1
0	0
0	0
0	0
19	3350
0	0
0	0
0	0
0	0
0	0
0	0
0	9
0	0
0	0
0	0
1	41
6	18
0	19
0	151
0	0
0	51
0	13
0	15
0	7
0	37
0	8
55	0
0	115
0	0
3	0
0	2153
0	0
0	27
0	0
0	0
0	0
0	23
0	224
0	0
1	3
0	214
0	586
0	1156
2	221
0	41
0	0
0	72
0	0
0	73
0	0
0	0
0	0
0	741
0	0
0	0
1	53
0	0
0	476
0	0
0	476
0	0
0	0
0	0
0	66
0	5
0	0
0	0
0	0
6	16
0	15
0	0
5	0
0	95
0	0
0	0
3	32
0	0
0	1
0	55
0	0
0	0
0	52
0	213
0	0
0	0
0	3
0	95
0	0
0	0
0	0
0	0
0	3
0	0
0	0
0	0
0	62
0	0
0	0
0	0
0	0
5	864
1	0
0	157
0	0
0	0
0	0
0	0
0	0
3	28
0	664
1	265
0	0
0	9
0	278
0	560
0	10
0	433
0	2
0	0
1	1
0	12
0	0
0	0
0	0
0	147
0	7
0	0
0	44
3	186
0	3
0	2
0	0
0	0
94	1920
0	0
0	1
0	0
0	0
0	0
7	149
0	0
0	0
0	0
0	0
0	0
1	84
0	0
0	1
0	3
0	0
0	0
0	0
0	0
0	25
0	0
0	0
0	23
0	0
0	0
0	0
0	0
0	93
0	0
0	3
0	0
0	0
0	0
0	374
0	1
0	2
0	5
1	10
0	0
0	5
0	0
0	0
0	0
0	0
0	54
0	3695
0	848
0	0
0	0
1	188
0	1
0	0
0	13
1	358
0	0
0	0
0	0
0	0
0	0
0	0
0	2
0	0
0	60
0	262
0	0
0	0
0	0
0	671
0	0
0	99
0	5
0	0
0	9
0	1
0	0
0	0
1	9
0	17
0	0
0	0
0	52
0	0
0	0
0	0
0	0
0	0
0	334
0	0
2	224
0	0
2	979
0	0
0	0
0	0
0	0
0	8
0	0
0	217
0	1
0	0
0	0
0	0
0	0
0	212
0	0
0	106
0	38
0	0
0	0
1	4
0	2
2	2
0	0
8	292
0	0
1	302
0	0
0	0
2	254
0	414
0	5
0	87
1	1479
0	0
0	170
0	0
0	0
0	9
0	0
0	13
0	0
0	268
38	28
1	322
0	0
0	1202
3	47
0	36
0	0
0	1
0	0
0	1
0	0
0	0
0	15
0	0
0	236
0	0
0	0
0	0
0	0
0	504
0	0
0	0
0	0
0	0
0	0
0	0
0	1
0	0
0	0
0	0
0	0
0	0
0	29
0	11
0	589
1	34
0	378
5	776
0	0
0	0
0	27
2	1
0	0
0	0
0	0
0	228
1	29
0	138
0	0
0	0
0	0
174	769
0	0
0	12
0	0
0	1
0	0
0	0
0	0
0	0
0	0
0	122
0	0
0	0
0	0
0	0
0	0
0	5
0	0
4	24
0	265
0	50
1	21
0	0
0	0
0	0
0	0
0	0
0	44
0	0
0	0
0	0
0	0
1	1418
0	195
0	0
0	4
0	0
0	222
0	0
0	4
0	0
0	0
0	0
0	0
0	0
0	0
0	0
0	0
0	0
0	0
0	0
0	0
0	316
0	0
0	8
0	210
0	0
0	0
0	0
0	0
0	0
0	0
0	23
0	63
0	28
0	0
1	27
0	78
0	0
0	83
0	0
0	1
9	717
0	1
0	0
0	0
0	0
0	0
0	63
0	0
6	260
0	58
0	267
0	0
0	676
0	79
0	0
0	17
0	0
0	0
0	1
0	7
0	1
0	3
0	0
0	0
0	0
0	0
0	0
0	0
0	0
0	0
0	0
0	0
0	1
0	0
6	8
0	0
0	0
0	10
0	0
0	1154
0	1041
0	0
0	50
2	0
0	0
0	0
0	0
0	0
0	35
0	0
0	0
0	242
86	644
0	83
2	458
0	831
4	0
1	0
2238	6122
0	0
0	6
0	0
0	51
0	166
0	518
1	7
0	0
0	0
0	0
0	15
0	1
0	0
0	0
1	0
0	0
0	0
0	23
0	0
0	0
1	55
0	10
2	0
0	0
0	0
0	30
0	9
0	12
0	0
0	731
0	1065
0	58
1	9
0	2
0	0
0	0
1	170
0	52
0	343
679	315
1	105
64	13
0	0
0	0
0	1
0	0
0	0
0	0
0	0
0	0
0	1
0	0
0	59
0	92
0	16
5	20
0	268
0	20
0	112
0	0
0	0
0	0
0	0
5	0
0	203
0	0
2	10
0	0
0	0
0	1
0	0
0	0
0	0
0	0
0	0
0	3300
0	0
0	3
0	0
0	108
0	0
0	163
0	0
0	0
0	0
0	0
0	0
0	0
0	0
5	1443
0	0
2	0
0	0
0	1441
0	33
0	4
0	0
0	0
0	0
0	0
0	0
0	12
0	0
0	0
0	0
2	1
0	0
0	0
0	0
0	9469
0	2
0	0
0	0
4	46
0	0
0	1
0	1
0	0
0	0
0	46
0	0
0	0
0	0
0	15
4	467
0	0
0	888
1	10
101	24
0	0
0	0
0	51
0	0
0	2
5	636
0	0
4	27
0	0
0	0
0	60
0	0
0	0
0	1
0	0
0	0
0	3
0	0
5	11
0	0
0	0
0	0
0	290
0	1688
0	15
0	1
0	8
0	0
3	3
0	0
0	3
0	0
0	0
0	0
0	0
0	0
0	0
6	11
0	410
0	0
0	18
0	44
0	0
0	0
0	0
6	0
0	12
0	435
0	706
0	105
0	0
0	0
1	78
0	1885
0	26
0	0
0	234
0	627
0	0
0	0
0	0
0	0
20	2284
0	0
0	0
4	22
0	0
0	1
0	0
0	0
0	9
0	6
1	91
0	39
0	0
0	0
0	3
0	0
0	0
0	0
0	9
23	40
0	0
1	0
0	0
0	0
0	0
0	0
0	0
0	3
0	0
8	29
8	306
0	0
0	0
0	0
0	1
0	0
0	0
0	14
0	0
0	0
0	0
0	0
0	534
0	0
0	0
0	0
0	0
0	17
0	0
0	23
0	0
0	1
1	137
0	435
0	0
0	0
0	161
0	0
0	0
0	0
0	4
0	0
0	1900
40	0
0	0
0	766
0	0
0	107
0	0
2	0
1	0
0	0
0	113
0	0
0	0
0	11
0	0
0	0
0	0
0	0
0	0
0	1413
1	123
0	3
0	0
0	52
0	0
1	1
6	36
0	498
0	399
0	4
0	0
0	38
0	0
0	0
0	0
0	0
0	29
23	0
1	0
2	0
0	1
0	1
609	1245
0	1210
0	0
0	0
2	6
0	609
1	0
0	106
0	677
0	0
310	2
0	943
0	0
0	2523
0	0
0	18
0	0
0	0
0	0
0	0
0	0
0	0
0	4
0	0
0	0
0	0
0	137
0	6
0	48
0	0
0	0
41	47
0	320
0	0
0	34
0	8
0	741
0	0
0	171
0	268
0	193
0	2
6	5292
0	0
0	0
0	100
0	0
0	37
0	0
0	255
0	2
0	112
0	0
0	56
0	0
0	0
0	0
0	6
0	1184
0	0
0	0
12	60
1	7
0	0
0	3
0	60
0	0
0	0
0	0
0	0
0	0
0	0
0	0
1	354
0	0
0	0
0	0
0	0
0	0
1	367
0	48
0	0
0	0
0	0
0	0
0	0
1	736
0	126
0	87
0	3
0	0
0	0
0	0
0	3
0	244
0	0
0	0
0	0
0	0
0	0
0	0
0	328
0	0
0	0
0	0
0	280
0	0
0	0
0	46
0	1075
0	0
0	2
0	108
0	0
0	0
0	0
0	0
0	0
2	0
0	0
0	1
0	0
0	0
0	0
0	7
0	0
0	0
0	172
0	0
0	0
0	0
0	217
0	3
0	1
0	0
1	6
0	0
0	716
2	574
0	0
0	0
0	0
0	0
0	318
0	2
0	311
8	209
18	0
0	0
0	0
0	254
1	8
0	0
0	0
0	0
0	0
0	2
0	5
0	0
3	53
0	0
0	124
5	29
1	0
0	0
0	0
0	14
0	0
0	0
0	0
0	316
0	0
3	1250
0	1
0	0
0	37
0	0
0	0
0	92
0	0
0	0
0	0
0	24
0	0
0	0
0	122
1	105
0	0
0	2
0	0
0	0
0	17
0	0
0	199
0	525
2	77
0	29
0	0
0	0
0	27
0	0
0	4333
0	3
0	0
0	0
0	0
0	147
0	0
1	0
0	1
0	1131
0	0
0	0
0	0
0	171
0	0
0	0
5	12196
0	0
0	0
0	0
0	6
0	293
1	295
0	2
0	224
0	719
0	0
1	253
0	0
0	0
1	1
0	0
0	0
0	0
0	0
0	45
0	4
0	424
0	136
0	0
2	133
0	0
0	0
0	0
0	34
0	0
0	982
0	3
0	7
1	30
0	0
0	0
8	5
0	3
4	0
0	132
0	0
0	0
0	4
0	0
0	0
1	731
0	0
0	0
0	60
10	47
0	0
0	0
0	0
0	1
0	82
0	0
0	0
0	0
0	8
72	56
38	127
0	69
0	0
0	0
0	0
3	1555
1	94
0	20
0	0
1	4
0	0
0	0
0	0
0	22
0	271
0	0
0	1274
1	209
0	0
0	0
121	269
0	0
0	0
0	0
0	357
1	2032
0	0
0	4
0	11
0	0
0	0
1	0
0	6
2	17
0	233
0	6
4	27
0	7
0	0
0	608
0	534
0	603
0	0
0	0
0	0
0	0
0	0
0	215
0	0
0	0
2	208
0	0
0	3
0	0
0	0
40	148
4	39
0	0
0	58
0	204
0	85
5	86
0	7
0	0
0	1
1	17
0	0
0	4086
1	0
0	0
7	42
0	0
0	0
0	0
0	0
0	0
0	0
0	453
0	108
0	0
0	3
0	0
2	19
0	0
1	75
0	0
0	0
0	1049
0	0
0	6896
0	0
0	0
0	0
0	464
0	0
0	470
4	384
0	0
2	1
0	463
0	0
0	0
6	31
1	0
0	0
0	2
1	288
0	0
0	46
0	134
0	0
0	1
0	0
0	53
0	0
0	388
0	34
0	0
0	49
0	4
0	0
0	153
0	0
0	1
2	34
1	209
0	0
0	0
0	0
0	54
0	0
0	0
0	0
0	69
0	0
0	0
0	25
16	2188
0	0
0	0
0	0
2	663
0	0
0	443
0	0
0	0
0	0
0	1218
1	168
0	0
0	2643
0	0
0	1675
4	15
0	0
0	0
1	29
0	0
1	74
0	0
0	0
0	0
0	51
0	86
1	0
0	0
0	0
0	26
2	64
4	388
0	0
0	0
0	0
9	1
0	626
0	0
0	0
0	0
0	459
0	0
1	1
0	1
0	0
0	3
0	0
0	0
0	0
0	2
0	0
0	1
2	151
0	5
0	1
0	2
0	106
6	264
0	6
0	0
0	0
1	1363
4	63
0	0
4	20
0	56
0	6
0	0
0	0
0	235
3	2
0	63
0	0
0	75
0	0
0	0
0	13
0	1
0	114
0	0
0	0
9	1250
0	1
0	0
0	0
0	0
4	142
0	4143
2	5
0	0
0	1
0	54
0	0
0	57
0	0
0	0
0	0
0	0
0	0
181	18
0	0
0	257
1	30
0	0
0	2
0	245
0	0
0	0
0	385
0	542
0	81
1	123
0	0
0	210
0	236
0	0
1	0
0	206
0	0
0	0
0	0
0	1
0	462
0	0
0	0
0	149
0	0
0	0
0	0
0	7
0	0
0	0
0	0
0	1
0	0
0	0
0	1
0	179
0	0
0	0
0	0
0	0
0	6
0	0
0	3
0	0
0	0
194	26
0	69
0	0
0	5
0	1
0	227
0	6
0	0
1	65
0	0
22	680
0	0
2	243
1	66
0	0
1	1030
0	0
0	40
2	58
0	0
0	267
1	41
0	7768
0	0
8	1042
0	0
0	0
0	0
0	119
0	0
0	0
0	294
3	446
0	0
0	0
0	0
0	0
0	387
0	3
0	0
0	0
0	410
0	0
0	2
0	3
0	0
15	0
0	0
0	0
0	0
0	0
0	0
0	0
0	2
0	401
0	76
7	1382
0	0
0	1
1	8317
0	0
0	0
0	0
0	0
0	0
51	661
0	1157
0	160
0	0
0	0
0	0
0	0
0	1
0	0
0	0
0	0
0	1251
0	0
0	0
0	506
1	0
0	446
0	0
0	0
0	391
0	2
0	9
0	190
0	0
0	94
0	0
0	81
0	12
7	384
0	15
0	0
36	99
0	0
0	0
0	0
0	1
2	457
0	0
0	0
0	0
0	9
0	0
0	238
0	0
0	47
0	0
0	0
0	0
0	0
0	0
0	0
0	0
0	0
0	0
0	0
0	35
0	98
0	0
0	46
0	0
0	0
0	0
0	160
1	44
0	0
0	0
0	0
0	0
0	0
0	5733
0	0
0	0
0	1
0	8
0	479
2	15568
0	0
0	0
39	179
0	0
1	9
0	0
1	0
0	0
1	58
0	0
0	101
0	315
0	6
0	0
0	0
0	0
0	0
0	145
0	0
0	0
0	0
0	0
0	0
0	0
0	0
0	23
0	0
0	206
0	0
0	0
0	1097
0	1
0	0
0	2
0	0
0	0
1	35
0	1
0	0
0	6
0	10
4	1289
0	0
0	1
0	0
0	20
0	0
0	3
1	0
0	118
1	69
0	50
0	166
0	3
0	0
0	18
0	5
3	30
0	774
0	1157
0	0
0	20
0	44
0	386
0	0
0	394
0	0
0	0
0	0
0	0
0	0
0	0
0	0
0	49
0	340
7	62
0	0
0	0
0	25
0	0
0	523
0	30
3065	7082
0	0
0	7
0	0
0	0
4	587
0	0
0	0
0	231
4	23
0	0
1	23
0	0
0	0
0	0
0	55
0	0
0	0
0	0
0	0
4	1307
0	0
0	0
3	5
0	333
0	0
0	99
0	0
0	193
0	0
0	127
0	0
4	5
0	0
0	2
0	38
0	5
0	2
0	175
0	0
0	126
0	151
0	687
3	47
0	95
0	0
0	0
0	0
0	389
0	0
11	1012
0	436
0	0
0	694
0	0
0	9
0	39
0	0
0	0
0	0
0	4
0	0
0	36
0	26
2	210
0	7
0	0
0	9
0	0
0	0
0	0
0	0
0	0
0	7
0	280
0	0
0	0
0	0
0	494
0	0
0	12
4	860
0	0
0	0
0	215
0	0
12	2193
0	0
0	0
0	1
0	76
0	0
0	0
0	73
0	655
0	3
0	113
0	9
0	0
0	0
0	609
0	30
0	0
0	0
0	0
0	0
4	5
0	0
0	54
0	13
0	115
0	0
0	2
0	209
0	374
0	1350
0	0
0	0
0	267
0	0
5	0
0	0
33	2072
0	321
0	27
1	4
0	0
0	0
0	0
0	300
0	0
0	0
0	14
0	0
0	0
0	0
0	14
0	0
0	0
0	0
0	0
0	0
0	0
0	0
0	20
16	21
0	0
0	0
0	0
0	0
0	0
0	5
0	0
0	0
0	165
0	0
0	144
0	7
0	0
0	0
0	0
0	0
0	0
0	0
0	0
0	9
0	256
0	2178
0	0
0	0
0	427
0	16
0	0
0	1003
0	0
0	0
0	0
0	0
0	0
3	0
0	757
0	0
0	74
0	0
0	1
0	0
0	0
0	7
0	213
0	0
0	0
9	21
0	1
0	6
0	0
1	1
0	0
0	0
0	0
0	0
0	0
0	0
0	0
0	270
0	1
0	0
0	0
0	914
0	0
0	0
43	827
0	0
0	78
0	116
0	0
0	1
0	92
0	0
5	209
0	0
0	0
4	27
1	1
0	4
0	403
0	14
0	0
1	7
0	3273
0	1254
0	83
0	0
0	80
0	0
0	0
0	8
0	0
2	333
0	0
0	230
0	0
0	27
0	0
0	0
0	4
0	95
0	0
0	92
0	0
0	107
0	406
0	0
0	0
2	32
0	0
3	1
0	0
0	0
0	0
0	0
0	0
0	0
0	0
0	0
0	8
0	0
0	0
0	66
0	174
0	0
0	0
0	0
0	0
0	15
0	0
0	0
0	179
0	0
0	0
0	0
0	9
0	0
0	0
0	252
0	0
0	0
0	0
0	0
0	0
0	0
0	3
0	2
0	0
0	0
0	6
0	0
0	10
0	0
0	0
0	0
0	4
0	0
0	1
0	0
0	0
0	0
0	10
5	644
0	23
0	0
0	0
0	0
0	1
0	0
0	1
0	0
0	3
0	0
0	353
0	360
2	6
0	514
0	14
0	57
0	0
0	2
0	109
0	10
0	169
0	70
0	0
0	0
0	0
0	0
0	6
0	0
0	4
0	6
0	0
5	0
1	0
5	0
7	3
0	0
0	33
0	0
1	8
0	0
0	0
0	0
0	0
2	0
0	0
0	35
1	156
5	322
0	0
0	0
0	0
0	0
0	0
0	0
0	175
41	13
0	0
0	206
0	0
0	0
0	124
3	0
0	161
0	2
3	1548
0	3
0	89
0	27
0	0
0	0
2	547
0	996
0	0
0	0
0	2
0	0
0	2
0	804
0	0
0	0
0	134
42	427
0	0
0	0
0	0
0	195
0	0
0	674
3	2
0	156
4	1240
0	0
0	0
0	0
0	10
0	406
0	0
22	0
0	11
0	0
2	389
0	0
6	21
0	10
0	357
0	0
0	114
0	0
0	0
0	0
0	3
0	0
0	446
0	0
14	129
0	0
1	5
0	0
2	540
0	0
0	0
0	0
0	28
0	0
0	0
0	2
0	0
0	281
0	0
0	0
0	0
0	0
0	0
0	18
0	1
0	0
0	0
0	0
0	0
0	0
0	0
0	66
1	65
0	0
14	156
0	0
0	0
0	0
0	10
0	0
0	0
0	0
0	153
0	2238
0	3380
0	0
0	1
2	317
0	270
0	0
0	0
0	3
0	0
0	136
0	43
0	0
0	4
0	0
0	0
0	0
0	0
0	0
1	124
0	0
0	82
0	408
0	0
0	0
0	0
0	0
0	43
0	188
0	13
0	0
0	0
0	0
0	0
0	0
0	0
0	0
10	217
0	0
0	588
0	0
0	748
0	0
0	6
0	36
0	18
0	0
0	0
0	0
0	0
0	0
0	0
0	142
0	0
0	93
0	0
0	6
1	84
0	0
0	0
0	67
0	17
0	1
0	0
0	0
0	49
0	0
0	0
1	26
1	13
0	0
1	137
0	325
0	0
16	2
0	0
0	411
0	0
0	0
0	3
0	0
0	11
1	194
0	0
0	0
0	0
0	0
0	967
0	1022
0	0
0	33
0	216
0	0
0	2
10	1278
0	0
0	0
0	0
0	32
3	20
3	630
0	0
60	227
0	0
0	7
0	0
0	0
0	457
0	0
0	6
0	0
3	242
0	0
1	379
0	1
0	113
0	3
0	0
0	76
0	0
0	0
0	0
1	154
0	0
0	2
0	0
0	10
3	648
0	1
0	8
0	0
0	0
0	0
0	0
0	0
0	0
0	227
33	626
0	2
0	20
0	1
0	0
0	0
0	0
0	22
0	0
0	0
0	3
138	1117
0	100
0	108
0	14
0	0
2	112
0	0
0	0
0	0
0	0
0	0
3	31
0	98
0	0
0	4179
0	85
0	0
2	113
0	0
0	1
0	0
0	0
0	0
0	96
0	0
0	3926
4	1490
0	0
0	249
0	0
1	0
1	1
0	59
0	0
7	114
0	15
0	0
0	25
0	29
0	22
0	75
1	2455
0	0
0	25
2	29
0	0
0	0
0	0
0	2
0	0
0	0
0	0
0	0
0	0
0	88
86	163
0	0
0	1
0	562
0	0
0	0
0	0
0	0
0	55
0	577
0	0
5	4
0	0
0	1
0	0
0	1
0	172
0	0
0	14
0	75
0	0
0	0
0	11
0	166
0	0
0	0
1	0
1	821
0	0
0	0
0	0
0	1
2	457
0	0
0	0
0	36
0	0
0	347
0	384
0	0
0	67
1	414
0	19
0	24
0	0
0	89
0	0
0	0
0	0
0	0
0	0
0	0
6	151
0	8
1	140
0	0
1	1
5	300
0	0
0	1
0	0
0	0
0	0
0	160
0	0
0	583
0	0
0	0
0	1
0	170
0	0
1	392
3	5
0	33
0	0
0	0
0	1
0	2
0	335
0	0
0	452
0	737
0	0
0	0
0	0
0	0
0	341
0	0
0	3
0	0
0	0
0	0
0	0
0	0
1	23
0	0
0	2
0	0
0	3
13	882
0	1054
0	0
0	721
0	1
0	0
0	0
0	777
0	0
0	0
0	2221
0	0
0	1943
0	0
0	639
0	13
2	7
0	0
0	0
0	0
0	0
16	6
0	16
0	0
0	0
0	0
0	730
0	0
1	0
0	473
0	114
0	16
0	0
0	40
0	0
0	20
0	0
0	0
0	0
0	0
0	0
0	1
0	0
0	53
0	0
0	0
0	0
0	9
0	97
1	0
0	226
0	0
0	2
0	367
0	592
878	0
0	0
0	0
0	0
1	24
2	904
0	0
0	0
0	362
0	0
0	453
0	0
1	133
0	0
43	65
0	0
0	15
0	1292
0	0
0	0
0	0
0	21
0	0
0	0
0	0
0	0
0	0
0	0
0	0
0	747
0	0
0	1
0	88
0	0
0	1
0	0
0	0
0	0
0	0
0	100
0	757
3	98
0	0
0	269
0	0
0	61
4	329
14	25244
1	251
0	67
0	0
0	6
0	0
0	211
0	1
0	0
0	200
17	2
0	0
0	8221
0	0
0	0
0	0
28	289
0	3
0	0
0	2
0	0
0	0
0	408
3	496
0	0
0	0
1	358
0	0
0	0
0	10
0	0
0	322
0	2
0	209
0	0
0	201
0	0
0	15
0	0
14	2629
0	143
0	1
0	0
0	0
0	318
0	395
1	179
0	27
0	0
59	476
0	0
0	0
0	0
0	0
0	206
0	0
0	0
0	57
0	0
0	0
0	723
0	202
0	31
0	0
0	0
0	0
4	1
0	210
0	0
0	0
0	0
0	0
0	237
0	6
0	0
0	1
0	43
0	2355
0	0
0	211
0	0
0	11
0	291
0	0
0	424
0	0
0	0
0	0
0	0
0	0
0	0
0	0
0	0
0	0
0	0
0	4
0	0
0	0
0	408
1	0
0	70
0	0
0	207
0	112
0	10
0	0
0	0
0	53
0	0
0	0
0	0
0	0
0	0
0	0
0	1
5	1203
0	2159
0	0
0	8
0	2
0	0
0	12
0	0
0	0
0	0
0	292
1	46
0	367
0	106
0	4
0	10
0	391
0	0
0	0
0	0
0	122
1	0
0	5
0	0
0	0
2	0
0	0
0	670
0	0
0	397
1	292
0	58
1	0
0	303
0	229
0	0
0	3
0	0
0	0
0	1
0	0
0	0
0	159
0	0
0	30
0	242
0	0
0	124
2	95
0	0
68	48
0	439
0	1139
0	1
0	815
1	14
0	128
0	14
0	40
0	0
0	0
0	0
0	139
0	0
0	0
0	0
0	0
0	0
0	32
0	0
0	5
0	0
0	348
2	186
0	0
0	0
0	1
0	0
0	0
0	0
0	22
0	7
0	44
0	0
0	0
0	42
0	0
0	121
0	0
0	183
2	353
0	0
0	518
0	0
0	0
0	20
0	16
2	0
0	0
253	186
0	369
20	11
0	0
0	188
0	0
0	307
0	0
0	34
0	0
5	712
0	0
4	39
1	0
0	0
0	0
0	1
0	0
0	0
0	0
0	0
0	18
0	0
0	107
0	0
0	0
0	333
0	0
0	0
3	38
0	0
0	0
0	0
0	37
0	0
0	0
0	44
0	464
4	770
0	0
0	0
141	394
0	42
1	74
0	1555
0	0
0	238
0	0
0	0
0	0
0	0
0	0
0	2
0	470
0	22
0	0
0	0
0	0
0	199
30	0
54	39
0	1
0	105
0	15
0	0
0	0
0	0
0	2
0	0
0	0
0	0
0	0
0	44
21	17
0	0
29	1272
0	0
0	0
0	0
0	0
0	3
0	0
0	36
2	539
14	3395
0	0
0	13
0	0
0	0
0	8
0	9
0	0
0	1
0	31
0	33
0	0
0	0
0	0
0	1155
0	15
0	0
0	10
0	0
0	278
0	15
0	0
0	0
0	0
42	424
0	0
0	234
0	0
0	518
0	3
0	12
7	405
0	0
0	0
0	18
0	84
0	214
0	1
0	0
0	0
0	174
0	0
0	0
0	0
0	0
0	0
0	0
0	0
0	0
0	20
0	157
0	0
0	0
1	73
0	113
0	0
0	0
0	0
0	5
0	2216
0	62
0	142
0	0
0	0
0	0
0	0
0	93
0	2
0	0
0	0
0	85
0	107
0	107
1	1
0	780
0	0
0	0
0	0
0	21
0	946
0	0
0	0
0	0
0	0
0	0
0	0
1	3
0	575
6	412
4	0
0	50
0	0
0	0
0	0
0	0
0	1697
0	0
0	183
0	0
2	82
0	0
2	1944
28	310
0	6
0	0
0	0
0	0
0	9
0	0
0	29
0	23
0	15
0	0
0	862
0	0
0	50
0	0
0	0
1	4
0	0
0	0
0	679
0	1
0	242
0	14
0	0
0	212
1	0
0	73
0	0
0	41
1	44
2	3797
0	13
0	0
0	99
0	0
0	0
0	263
0	0
0	0
0	1678
0	0
0	184
0	0
0	94
0	5
0	0
0	2
0	0
0	16
354	98
0	0
0	0
0	377
0	31
3	6
0	0
0	0
0	0
0	0
0	0
0	1387
0	0
0	0
2	0
0	10605
0	1344
0	2
0	150
0	0
0	2
0	2
0	0
0	0
8	296
2	0
0	0
0	169
0	3927
0	0
0	28
0	0
0	118
1	0
0	799
0	18
0	0
0	12
0	0
16	2507
0	0
0	0
0	88
0	0
0	0
0	589
0	0
0	1
5	311
0	3
0	0
0	2
13	0
0	2
0	0
0	0
1	156
0	0
0	0
0	0
0	0
0	0
0	0
0	0
0	0
0	0
0	0
1	110
0	36
0	0
18	0
0	11
0	174
0	0
7	42
4	0
0	23
0	0
0	802
1	33
0	1113
0	35
4	153
0	1
16	259
0	509
0	0
0	237
0	8
1	5
52	1191
31	279
0	0
0	105
75	13740
2	352
0	0
1	104
0	0
0	0
0	6
0	69
0	49
0	0
0	0
0	0
0	106
0	0
0	215
0	11
1	155
2	166
24	108
4	194
0	0
6	202
0	67
0	1
0	6
0	0
0	0
28	18
0	469
0	0
0	62
0	59
0	233
12	117
10	0
0	6
3	5
2	48
0	0
0	6
0	0
0	77
0	286
2	1
0	459
0	0
0	0
2	1
0	0
0	0
0	137
0	0
0	450
0	149
1	43
0	0
0	0
0	2
0	1
0	366
0	0
0	0
4	700
0	308
0	0
0	60
0	0
0	60
0	107
0	0
0	0
0	0
0	0
0	289
0	0
0	130
0	147
0	0
0	0
0	0
0	516
0	0
0	0
0	0
0	0
1	148
0	0
0	0
0	0
21	4969
0	197
0	0
0	0
0	0
0	0
0	0
8	78
0	0
0	0
0	0
1	17
0	63
0	10
0	0
0	0
0	0
0	0
0	1
4	698
0	263
1	0
0	0
0	0
0	9
0	82
0	0
0	0
0	0
0	0
0	32
0	0
0	534
1	1273
0	264
0	0
0	0
0	273
0	0
0	0
0	0
0	327
0	121
0	0
0	90
2	3
0	0
0	0
0	0
0	0
0	0
0	0
2	95
0	0
0	0
0	0
0	0
0	374
2	50
0	0
0	0
0	0
0	31
0	0
0	28
0	3
0	65
0	7
0	2121
1	171
0	0
257	734
0	0
0	0
0	0
2	38
0	0
0	328
0	0
0	0
0	0
0	0
0	0
40	141
0	11
0	0
0	0
0	8
5	0
0	0
5	263
0	0
0	0
38	1311
3	147
0	0
2	41
18	157
1	91
0	0
0	0
0	62
0	0
0	0
0	0
0	28
0	0
0	0
1	990
0	0
0	2
0	8
0	0
0	274
0	0
0	15
0	9
0	7
0	0
0	0
0	0
0	0
0	0
0	12
0	1133
0	2
0	0
5	132
0	22
0	0
0	0
0	0
0	1
0	0
0	501
355	194
0	41
0	0
0	0
0	6
0	0
0	0
0	0
0	0
0	121
0	375
67	3362
0	0
0	133
0	0
0	398
0	0
0	0
0	0
0	0
0	0
0	0
0	2
0	439
0	286
0	0
0	157
4	15
0	0
0	0
0	0
0	0
0	0
0	0
0	2
0	39
0	0
0	0
0	0
0	7
0	2
0	0
0	0
0	248
0	0
1	26
0	264
0	0
0	844
0	0
0	0
0	0
0	0
4	37
0	242
0	0
0	0
0	0
0	0
0	0
0	1
0	0
0	0
0	136
0	6
0	0
0	33
0	0
1	0
0	1
0	0
0	17
0	189
0	237
0	112
0	84
0	0
1	153
0	23
0	2
0	0
25	0
0	0
0	1
0	0
1	55
0	0
0	0
4	98
0	146
0	184
0	1
0	0
0	0
0	0
0	0
0	28
0	435
0	15
12	4380
0	92
0	0
0	32
0	30
51	221
0	0
0	83
0	0
0	0
0	0
0	1337
0	135
0	48
5	44
4	1115
0	0
0	50
0	0
0	0
0	0
2	238
0	0
0	0
0	0
0	0
12	26
0	26
0	0
0	217
0	0
0	0
2	832
0	0
2	193
0	462
0	0
0	1
0	2
0	0
1	354
0	42
0	541
0	178
12	97
4	1348
0	3
0	0
0	1
0	0
0	377
0	53
0	0
0	85
0	0
0	6
0	0
0	0
0	29
0	0
0	362
1	209
0	1284
0	83
0	1
0	0
0	245
0	0
0	93
0	0
1	131
0	0
0	0
0	0
0	210
0	75
0	0
0	121
0	0
0	198
0	250
0	0
0	0
0	708
0	0
0	0
0	8
0	0
0	0
0	0
0	0
0	0
0	69
0	1
0	256
0	0
0	0
0	0
0	0
5	26
252	17
0	1
0	265
0	0
1	392
0	371
0	603
0	1539
0	0
0	0
0	0
0	0
0	0
4	176
0	204
0	0
0	227
1	15
0	0
0	0
0	0
4	47
0	0
0	0
15	2
1	0
0	0
0	0
8	1760
0	0
0	8
27	527
0	1733
0	0
0	15
0	292
0	0
0	0
1	476
0	22
0	0
0	0
1	324
1	120
0	0
0	24
0	0
0	1132
0	0
0	6
1	208
0	1
0	72
0	185
0	21
0	0
0	0
0	0
0	120
0	0
0	0
0	0
0	33
0	0
0	0
0	1875
0	34
0	0
0	92
0	0
7	597
0	0
0	1
0	842
0	190
0	209
0	1
0	0
5	2788
0	283
0	0
1	0
85	1619
0	0
0	33
0	0
140	3319
12	16
0	0
0	0
0	1588
0	0
0	0
0	0
0	10043
0	0
0	0
0	9
0	0
0	0
1	17
0	0
0	0
0	0
3	1011
0	0
0	491
0	0
0	2450
0	0
0	0
1	0
0	40
4	685
0	122
0	0
1	16
0	318
0	0
0	0
0	1067
0	0
0	0
0	0
0	0
0	0
7	1073
1	66
0	0
0	0
0	1
0	0
0	56
0	0
0	0
4	791
0	0
0	0
0	0
0	196
0	5
0	0
0	0
0	0
0	36
0	0
0	0
0	0
0	325
0	14
0	0
0	264
0	0
60	0
0	0
0	0
0	52
3	39
0	0
0	24
0	1
0	0
0	0
0	261
0	0
0	0
0	0
0	0
0	0
1	128
0	0
0	232
0	1
0	0
0	132
1	39
0	0
0	0
0	0
1	799
0	7
0	3
0	0
0	8
0	0
0	0
0	0
1	24
0	0
0	7
0	0
1	385
0	0
0	61
0	76
0	0
0	1
0	0
0	125
0	0
0	0
0	97
0	0
23	370
0	0
0	285
0	0
0	22
0	0
0	57
0	88
0	0
0	0
0	0
0	0
0	18
108	256
0	3
0	0
0	561
0	13
0	97
0	9
14	155
0	0
0	0
0	473
0	0
0	148
0	0
1	506
0	5
0	35
0	0
0	0
0	16
1	0
0	0
0	6
0	0
265	2
0	0
0	23
0	0
0	0
0	10
0	656
0	0
0	0
0	0
0	0
0	0
0	0
0	60
0	0
0	0
0	0
2	16
0	0
0	0
0	868
0	0
0	0
0	0
0	176
0	0
0	0
0	7
0	3
0	0
0	152
0	0
0	0
0	0
0	0
0	142
0	1557
0	1762
0	44
0	83
0	78
0	0
2	39
2	0
0	1
0	0
0	0
0	0
0	2775
0	542
0	125
0	1
0	71
1	1
0	0
0	4
0	0
0	6
0	2
17	768
0	7
0	0
0	0
0	0
0	0
0	35
0	0
0	0
0	0
0	19
0	0
0	22
4	36
0	425
2	997
5	119
0	665
0	0
0	0
0	0
0	0
0	234
0	438
1	1
0	147
0	22
0	0
0	133
0	0
0	0
17	666
0	0
0	0
0	0
0	0
0	2
0	0
0	2
22	106
0	0
0	0
0	0
0	0
35	0
0	49
0	0
0	0
0	0
0	0
0	0
0	0
0	0
0	0
0	0
0	120
0	539
2	865
5	196
0	0
0	0
0	7
0	0
0	0
0	0
0	0
0	0
0	0
5	292
0	0
9	1379
0	0
0	1
0	203
0	46
0	181
0	0
0	0
0	4
0	0
0	0
0	0
0	338
0	0
0	7
0	165
0	36
0	0
0	0
0	0
0	0
0	0
0	0
0	0
3	0
0	0
0	0
0	1
0	0
0	315
0	1405
0	4
0	0
0	1
0	289
0	0
5	1455
0	0
10	29
0	3
0	0
0	0
0	0
0	27
0	0
0	0
0	0
0	0
0	0
0	0
0	57
0	158
0	10
0	0
0	0
0	1
5	779
0	0
0	179
0	0
0	0
0	0
0	0
0	65
0	37
9	221
0	23
0	0
0	17
0	25
0	60
0	95
0	0
0	0
300	439
0	5
0	301
2	2
0	35
0	0
0	0
0	20
0	0
0	4
0	0
0	0
0	0
0	0
0	0
0	0
0	0
0	0
0	0
0	0
0	0
0	1539
0	0
0	578
166	119
0	20
0	0
0	0
0	0
0	1668
0	1509
0	0
1	131
0	0
1	0
0	0
15	60
0	0
0	0
0	0
0	0
0	3076
0	0
0	0
2	130
1	776
7	2118
0	2
0	0
0	0
0	1
2	0
7	239
0	0
0	8
1	1227
0	0
0	0
0	0
0	171
0	0
0	3
0	24
0	524
0	0
0	467
0	14
0	0
0	0
0	0
0	487
0	0
0	200
0	199
0	0
0	2
0	0
0	0
0	0
0	8
0	0
0	110
0	0
0	2250
0	5
0	0
0	0
0	0
0	30
0	2223
3	0
0	5
0	0
0	0
0	0
2	1542
1	16
0	8
0	331
0	46
0	0
0	207
0	0
0	3
0	153
0	103
0	0
0	0
1	135
0	87
0	0
0	0
0	30
0	0
0	0
0	0
0	0
0	0
0	0
0	7
0	2
0	132
0	0
8	124
0	0
0	0
0	0
0	0
0	0
0	166
0	0
0	0
0	0
1	1434
0	0
0	0
1	105
0	0
0	0
5	54
2	339
0	1
0	50
0	0
0	0
0	0
0	0
0	0
0	40
0	0
0	0
0	20
0	0
4	27
0	197
0	0
0	0
0	0
0	0
0	126
0	254
0	0
2	0
0	0
1	513
0	43
0	0
0	0
0	0
0	54
0	0
0	0
0	28
0	0
0	0
2	0
0	0
0	15
0	0
0	11
0	14
0	0
0	1052
0	96
0	0
0	0
1	40
0	0
0	18
0	1267
0	0
0	0
0	35
0	0
0	0
0	68
0	0
0	0
0	446
12	664
0	2538
0	0
2	84
0	222
0	17
0	4
0	220
0	0
0	0
0	1525
0	26
0	0
0	0
0	0
0	286
0	0
0	0
0	0
0	0
0	22
0	105
0	4
0	0
2	811
0	0
0	0
0	0
0	0
0	0
0	879
0	7
0	0
0	4
0	0
0	52
0	0
0	2
0	0
0	264
0	310
0	0
0	495
0	0
0	0
0	0
0	3
0	112
0	0
0	0
0	0
0	0
0	0
0	0
0	0
0	5
1	19
0	2128
0	212
0	0
0	0
0	2
0	1
0	0
0	142
3	11
0	0
0	181
1	42
0	0
0	0
0	4
0	331
0	57
0	0
0	950
0	0
0	15
0	315
0	45
0	0
0	0
0	0
0	0
0	0
3	166
0	0
0	498
0	41
0	0
1	189
0	72
0	0
0	18
0	0
0	8
0	0
0	10
0	22
0	0
0	3
1	569
0	0
0	1705
0	0
0	0
0	0
0	0
0	0
0	2000
0	2
0	87
0	0
0	0
0	0
0	655
0	112
1	32
0	5
0	4
0	164
0	11
0	198
0	2
0	0
0	0
0	0
0	299
0	0
0	2528
0	8
0	0
11	51
0	0
0	0
0	0
0	0
0	2
0	6
0	146
0	159
1	93
0	0
0	0
3	67
0	0
0	40
0	5
0	0
0	0
0	25
0	80
0	0
0	0
0	365
0	0
0	0
0	56
0	22
0	34
0	0
0	2
0	0
0	0
0	8
0	0
1	0
1	16
0	8
0	0
0	76
0	0
0	0
1	27
0	0
0	0
0	0
0	0
0	0
0	0
0	0
0	2
0	68
0	0
1	0
0	0
0	0
0	307
0	0
0	4006
0	0
0	51
0	0
0	0
0	0
0	0
0	0
509	2102
0	0
0	0
0	0
0	0
0	0
0	0
1	129
0	0
0	432
3	265
0	0
0	2
0	0
2	10
0	0
0	0
0	0
0	0
0	721
0	520
0	0
0	0
0	0
0	0
0	436
0	71
0	0
0	2274
16	158
0	0
0	0
0	0
0	0
0	0
0	32
0	2705
0	5
3	0
0	0
0	0
0	2
0	67
0	186
0	0
0	0
0	0
0	0
6	641
0	263
0	0
0	4
0	0
0	0
1	8
0	0
0	0
0	0
0	0
0	145
0	52
0	1
0	124
0	0
1	0
3	0
0	2
1	43
0	1731
0	34
0	2
0	168
0	82
0	0
0	0
0	0
0	1
0	94
0	0
0	0
0	0
0	0
1	21
133	1446
1	192
0	33
0	0
0	0
0	78
1	326
4	3
0	0
0	51
0	0
0	191
0	0
0	0
0	0
0	1
0	0
0	158
0	0
0	1
0	0
0	0
2	59
0	5
0	16
39	1435
0	8
2	110
5	20
0	0
0	0
98	489
0	0
4	5
1	4
0	0
0	1
0	140
0	5
0	0
1	0
0	0
0	80
0	788
2	8
0	13
0	0
0	0
0	0
3	92
0	0
0	0
0	230
0	2
0	0
0	0
0	0
0	0
0	0
0	0
0	0
0	0
0	0
2	93
0	0
0	16
5	7
0	0
1	16
0	862
0	1
0	0
0	0
3	7
0	2195
0	0
0	0
2	26
0	0
0	82
0	0
0	74
0	0
10	296
0	0
0	189
0	0
0	0
3	40
0	58
0	0
9	0
0	4
0	0
0	0
0	0
0	0
0	0
0	0
0	25
3	0
0	728
0	0
0	1287
0	0
0	3
0	0
2	54
0	26
0	0
718	1314
0	0
0	0
0	0
0	4
0	191
0	44
0	0
0	126
0	0
0	0
0	0
0	0
0	0
0	246
0	281
0	20
0	0
3	140
0	25
0	0
0	2770
0	5
4	478
0	0
0	5588
0	0
0	0
0	9
0	0
1	57
1	986
0	0
0	2
0	0
0	0
0	16
6	0
0	4
1	116
0	0
0	0
0	0
0	0
0	10
0	0
0	0
0	0
0	15
0	0
0	702
0	9
0	0
0	0
0	0
0	0
0	0
0	210
0	580
0	386
0	0
0	0
0	17
0	1966
0	0
0	0
0	6
0	163
0	0
0	0
15	2
7	62
0	223
0	2
0	0
0	486
0	34
0	0
4	219
0	0
0	0
0	0
0	0
0	1
0	0
0	99
0	337
0	1
0	0
0	2
6	0
0	0
0	0
0	10
0	0
0	0
0	0
0	0
0	100
6	254
0	1054
0	0
0	21
0	0
0	1
0	44
0	0
2	862
0	0
0	0
0	0
0	0
0	0
560	4254
0	0
0	0
0	0
0	1
0	3
0	149
0	0
0	8
0	0
0	1911
0	0
14	160
0	0
0	0
0	686
0	0
0	0
0	0
0	0
0	0
2	1
0	0
1	12
0	18
0	140
0	1
0	0
0	0
0	0
0	409
0	6233
0	7
0	0
0	0
0	464
0	144
0	0
0	313
0	0
0	1
0	0
0	0
0	0
19	36
0	0
0	0
0	0
0	0
0	0
1	258
0	74
0	0
0	0
6	95
0	0
0	0
7	163
0	473
0	0
0	0
0	10
0	0
0	0
1	20
0	0
2	2880
0	631
0	0
0	0
0	0
0	312
0	0
0	2281
0	0
0	0
0	0
0	1
5	11
0	4
0	0
0	0
0	277
16	341
134	154
3	0
0	6
0	0
0	101
0	0
0	562
0	0
0	85
2	462
0	0
0	0
0	0
0	0
0	0
0	574
0	0
0	5
1	1050
47	99
0	0
0	0
0	776
0	0
0	0
0	31
0	0
0	4
0	0
0	0
1	91
0	0
0	0
0	0
0	0
0	34
0	0
3	0
0	0
0	783
0	0
0	10
0	38
0	1
0	0
0	0
0	0
3	120
0	98
0	190
0	83
0	0
0	145
0	271
3	133
0	0
0	0
0	3
0	0
0	46
0	2
0	3
0	6
0	1040
0	723
0	0
0	0
0	340
0	54
0	91
0	0
0	0
0	93
0	0
0	0
1	111
0	0
28	65
0	0
0	0
0	0
0	11
1	0
0	0
0	86
0	0
3	0
0	0
0	0
0	0
26	753
0	716
0	0
0	0
0	0
0	0
0	0
0	0
0	9
0	45
0	74
0	0
0	632
4	342
0	306
8	0
2	16
0	149
0	52
0	4
0	57
0	0
0	95
0	0
1	2
0	300
10	168
0	3
0	0
0	0
0	19
0	0
0	0
0	0
0	122
0	937
0	7
0	0
0	0
0	1
0	0
0	0
0	0
3	288
2	781
43	109
1	0
0	425
0	0
0	0
0	70
0	0
0	0
1	22
0	0
0	0
0	0
0	0
0	231
0	0
0	0
0	0
0	16
0	0
0	1
0	4
0	0
0	0
0	0
2	631
10	4706
0	9
0	18
14	93
0	0
4	125
0	17
0	1
0	36
0	187
0	19
2	0
0	0
0	5
1	433
0	7
0	0
0	1287
0	0
0	31
0	0
0	986
0	658
0	0
0	0
0	106
0	167
0	0
0	75
0	362
25	0
0	0
1	134
0	0
0	28
0	0
0	19
0	62
0	0
0	46
0	1051
0	0
0	2030
0	0
0	0
0	112
0	101
0	0
0	0
1	489
0	56
0	155
0	0
0	0
0	0
0	0
0	0
0	0
3	614
0	1
0	228
0	0
0	0
1	460
0	0
0	0
0	612
0	35
0	19
0	2540
0	0
0	0
0	19
0	0
0	8
0	2534
0	0
0	0
0	183
0	732
0	0
0	0
0	0
0	0
0	215
0	0
0	0
1	0
0	281
1	0
0	0
0	17
0	604
6	134
0	2
0	0
0	52
9	16
0	3
20	913
0	0
0	0
0	1
0	1727
2	162
0	1377
0	460
0	0
0	0
0	0
0	0
0	47
0	2
0	0
62	278
0	5
0	14
0	0
0	0
0	1
1	80
0	0
0	0
0	802
0	0
0	22
3	6
0	1
0	83
0	0
0	0
16	3069
0	0
64	589
0	0
0	0
0	730
0	207
0	1088
0	0
0	45
0	0
2	6
0	0
1	714
0	0
0	0
0	0
0	0
0	0
2	0
0	0
0	57
0	0
0	658
0	21
0	0
7	602
0	0
0	764
0	0
0	0
0	33
35	613
1	0
2	15
0	79
0	0
0	138
0	0
0	0
0	0
0	1
0	5
0	0
0	334
0	0
0	0
0	19
0	0
0	252
0	1
0	0
0	161
0	446
0	0
0	0
0	0
0	15
0	0
5	9
0	0
0	0
0	0
0	0
0	118
0	0
0	0
0	104
0	0
0	0
0	448
1	171
0	20
1	151
0	1551
0	0
0	111
0	909
1	25
0	0
7	1413
0	0
0	0
0	0
1	2450
1	46
0	154
0	0
0	13
1	0
0	0
4	0
0	282
0	0
0	0
0	0
0	0
0	0
2	12
0	0
0	53
0	360
4	160
0	0
0	0
0	33
0	0
3	194
0	0
0	0
0	325
0	0
0	0
0	0
0	0
0	0
0	0
0	26
1	0
0	0
0	0
0	0
0	0
0	32
0	24
0	207
0	37
0	13
0	0
0	1
0	0
0	0
0	0
0	0
0	0
41	1089
0	0
0	0
0	318
0	27
0	0
0	0
1	437
0	0
0	0
0	2
1	0
0	0
0	0
0	0
0	301
0	0
0	0
10	71
0	0
0	34
1	5
4	606
0	9
0	1
0	16
0	1
0	4
0	1
0	0
1	2435
0	145
0	0
0	0
1	37
0	0
0	26
0	0
0	5
0	0
0	0
0	0
1	14
0	3
4	25
4	9
2028	229
1	36
0	350
0	6977
0	0
0	0
0	113
0	0
0	0
0	0
0	0
0	631
0	0
0	338
0	0
0	294
0	0
0	0
0	0
0	0
0	0
0	2000
0	0
0	0
0	0
14	580
0	0
0	0
0	1
1	325
0	2
0	0
0	4
0	31
0	5
0	0
0	0
0	1
0	0
0	0
0	0
0	3
0	0
917	5778
0	1257
0	0
0	0
0	0
0	0
0	195
0	1636
0	0
0	597
0	606
0	0
4	0
1	0
0	0
0	0
0	0
0	0
0	3
0	1
0	97
0	0
0	258
0	1
0	31
0	1
3	585
0	5
0	0
0	0
0	0
0	27
0	838
0	20
0	0
0	358
0	88
0	3504
0	0
0	238
0	0
0	0
0	0
0	0
0	0
0	0
0	0
1	2
0	144
0	0
0	0
1	0
0	0
0	0
0	1
0	0
0	0
3	492
0	0
0	15
1	27
0	0
0	0
0	3
0	0
0	0
0	0
0	0
0	0
0	0
0	18
0	0
0	0
0	0
0	2
0	0
0	6
0	106
0	0
40	510
0	0
0	2132
0	76
1	608
0	0
0	0
0	108
0	3
0	0
0	0
0	349
4	13
0	359
3	25
0	0
10	11
0	46
0	41
0	0
0	0
0	0
8	169
0	0
0	309
0	543
0	0
0	48
0	0
0	0
3	7
0	1
0	0
0	0
0	0
13	29
0	0
8	1405
11	89
1	0
0	104
0	0
0	20
0	1
0	18
0	0
0	0
0	8
7	3
0	0
0	0
0	0
0	0
0	0
0	0
0	0
0	0
2	55
0	0
0	0
0	0
0	75
0	0
0	0
0	0
0	0
0	38
0	0
0	0
0	0
0	0
0	0
0	127
0	407
0	0
0	0
0	113
1	1133
1	95
0	0
0	0
0	0
0	71
0	0
0	0
0	0
0	629
0	0
0	2398
0	6
0	0
0	29
0	227
1	385
0	0
0	0
0	0
0	0
0	0
0	93
0	0
0	0
0	59
0	9
0	6
0	0
0	145
0	0
0	0
0	0
0	0
2	165
1	38
0	8
0	258
707	1465
0	0
0	0
0	0
0	105
0	0
0	0
2	38
0	0
0	50
0	895
0	311
0	0
0	0
0	4
0	0
0	0
0	0
0	62
0	0
140	503
0	0
0	344
0	35
1	1461
0	0
0	0
0	146
0	0
0	0
0	0
0	566
2	20
0	0
0	0
0	7
0	0
0	5
0	2
0	0
0	0
0	0
0	0
0	95
0	0
1	0
1	40
0	119
0	0
0	0
0	0
0	0
0	0
0	1
0	0
0	6
0	1465
0	1629
0	0
0	0
0	0
0	0
0	1
0	0
0	0
0	38
0	34
0	0
0	1402
1	11
0	0
0	0
0	0
2	209
0	0
0	0
0	517
0	0
0	0
2	0
0	0
0	0
0	18
0	0
0	0
0	13
0	0
0	0
0	1490
0	434
0	0
0	214
0	0
0	0
0	0
0	0
4	167
0	0
0	0
0	0
0	36
0	0
0	0
0	0
0	0
2	48
0	0
0	13
0	581
0	0
0	0
0	0
0	0
0	0
0	0
2	61
0	0
0	0
0	0
0	66
0	0
2	121
0	0
10	117
0	0
0	122
0	0
0	0
0	0
0	0
0	0
0	0
0	0
0	95
0	0
0	0
0	0
0	0
0	310
0	0
0	0
0	0
0	0
0	91
0	19
0	0
0	165
0	94
0	256
0	0
0	3
0	52
0	0
20	636
0	198
0	0
0	92
0	31
0	0
0	371
0	0
0	16
0	54
0	0
0	29
0	0
1	212
0	0
0	0
0	0
0	0
0	0
0	69
0	0
0	0
0	0
0	0
0	0
0	48
0	7
0	0
0	0
0	699
0	31
0	0
0	0
0	58
0	180
0	0
2	0
0	0
0	64
0	0
0	0
0	432
1	77
0	0
1	370
17	643
0	187
1	7
0	0
0	0
0	1
0	102
0	0
0	0
0	0
0	0
0	0
0	0
0	1
0	7
0	1
0	0
0	0
0	0
3	185
3	39
0	0
0	0
0	7
0	0
0	138
2	597
0	0
0	25
0	0
0	0
0	2
12	71
1	539
1	0
0	0
2	4
0	0
0	0
0	221
0	514
0	49
0	0
5	32
0	9
0	0
0	0
0	0
0	0
0	0
0	0
0	0
0	0
0	27
3	22
0	0
1	991
0	167
0	0
0	62
0	0
2	0
11	582
0	0
0	0
0	7143
0	7
0	23
0	4
0	0
0	0
0	0
0	107
0	1
0	0
0	0
0	0
14	75
0	0
0	0
0	0
0	117
0	2
0	0
0	0
0	17
4	3
1	0
0	0
34	271
0	56
0	0
0	0
0	0
0	0
0	0
19	22
0	120
8	0
0	12
0	0
0	0
0	0
0	0
1	1
0	0
0	91
0	0
10	7
13	3380
1	22
0	52
0	132
0	0
0	7
0	0
0	0
0	0
0	102
0	0
1	21
0	0
0	292
0	351
0	28
119	438
0	0
0	0
0	0
0	1
0	0
0	0
0	0
0	6
2	220
2	255
0	43
0	20
0	57
0	0
0	74
0	0
0	116
0	0
0	0
0	0
796	1185
0	0
0	0
0	0
0	0
0	134
0	0
0	0
0	0
0	0
0	0
0	0
0	28
0	0
0	207
0	0
0	0
0	0
0	0
0	0
0	0
0	0
0	27
0	0
0	25
0	0
5	556
0	0
3	275
0	234
0	0
0	0
0	1
0	758
0	169
0	0
0	81
0	176
0	0
0	57
0	25
0	0
0	643
0	0
0	0
0	1
0	5
0	0
0	0
1	441
1	88
2	0
0	0
0	0
0	0
0	435
0	0
6	0
0	138
0	0
1	27
0	217
0	0
0	0
0	1
0	562
0	160
0	0
1360	428
0	0
0	0
0	0
0	0
0	0
1	2033
0	0
0	0
3	164
48	244
0	0
0	0
0	0
0	0
0	836
0	0
0	0
0	1
0	0
0	229
0	0
0	9
0	0
0	33
0	0
0	0
0	0
2	0
2	0
9	182
11	462
0	0
2	63
0	0
0	0
0	0
0	22
3	3756
0	0
0	0
0	0
0	0
0	109
0	9
0	0
0	0
0	0
0	0
0	8
2	559
0	4
0	1
1	2584
0	274
0	42
0	0
0	145
0	0
0	0
221	1803
0	0
0	0
0	0
1	568
0	11
0	0
10	2110
0	10
0	0
0	0
0	1
0	0
0	394
0	0
0	0
0	0
0	70
8	193
0	0
0	0
0	0
0	0
0	0
0	0
1	9
0	0
0	13696
0	0
0	0
0	1
0	0
0	0
0	0
0	0
0	42
0	0
0	27
0	227
0	313
0	0
0	0
0	12
0	0
0	0
0	0
0	0
0	0
0	0
1	0
1	0
0	0
0	11
0	302
0	19
0	0
0	3
0	506
0	0
0	100
1	2
376	3283
0	0
3	593
0	2
0	0
0	0
0	0
1	160
5	0
0	0
0	79
0	0
0	163
0	113
0	0
0	363
0	2
0	0
0	0
0	0
0	0
0	0
78	592
0	0
0	0
1	313
0	2
0	10
0	41
0	1
0	0
0	0
3	33
6	58
0	0
0	0
0	154
0	0
0	0
4	0
0	892
0	2
0	0
0	0
0	4936
0	0
0	150
0	0
0	0
0	0
1	286
0	0
0	0
0	9
0	0
0	3
0	392
0	90
0	0
3	88
0	0
6	1
2	7
0	65
0	0
0	226
0	183
2	290
0	2
1	9222
6	622
0	367
0	0
0	0
0	20
35	24
0	204
0	205
0	116
0	0
0	34
0	0
0	0
0	1789
0	77
0	0
0	0
0	0
0	0
0	3
0	0
0	0
0	0
4	2
0	301
0	0
0	0
0	0
0	0
0	0
0	0
0	259
0	731
0	0
0	0
0	33
0	0
0	86
0	73
4	885
0	0
0	0
0	0
0	595
0	1
0	0
0	0
0	0
0	0
0	103
0	69
0	0
0	4
0	812
0	0
0	1
1	286
7	245
0	0
0	0
0	13
4	367
0	0
0	0
0	0
1	0
0	0
0	0
0	67
0	246
0	0
3	426
9	640
1	379
0	0
0	0
0	14
0	0
0	5
1	0
0	3
0	165
0	7
0	0
0	0
0	2
0	0
1	184
0	1
0	142
0	8
0	86
0	0
0	787
0	0
0	0
0	0
0	0
0	9
0	0
0	0
0	0
0	6
0	0
0	6
0	0
0	0
1	0
0	10
2	13
0	0
0	0
0	1
0	0
3	387
0	0
0	0
0	18
5	321
0	175
0	134
0	0
0	0
0	11
0	26
0	0
0	21
0	50
0	0
0	0
0	562
0	0
0	252
0	0
1	284
0	0
0	0
0	0
0	0
0	98
0	35
0	26
0	0
0	0
0	0
0	0
0	4
0	0
2	0
0	120
0	0
0	698
0	0
0	0
0	0
0	0
0	0
0	0
0	0
1	622
2	0
0	0
7	14
0	21
0	0
0	0
0	0
0	23
0	0
0	0
0	0
0	0
0	0
0	1043
0	0
1	170
0	55
0	0
0	0
0	60
0	106
1	1232
0	0
0	0
0	135
0	186
1	70
0	0
0	36
0	0
29	11
1	0
0	0
0	0
3	45
1	0
0	483
0	117
5	29
1	0
0	0
0	107
0	0
0	0
0	13
0	0
0	0
0	2
0	0
0	146
0	0
0	134
0	0
0	0
0	1
0	0
2	13
0	0
0	0
0	0
0	0
0	2
1	81
0	286
0	1394
3	462
0	0
0	0
4	198
0	1
9	43
0	0
0	45
0	0
1	368
0	14
0	0
0	0
0	0
0	0
0	0
0	0
0	1965
0	157
0	10
0	3
0	0
1	0
0	0
0	0
2	77
0	44
0	0
0	84
0	652
0	0
0	0
0	916
0	20
0	0
7	4
1	136
0	0
1	84
1	50
16	1
0	0
0	0
0	0
0	1787
0	0
0	0
0	578
0	0
0	0
0	139
0	0
0	0
0	0
0	0
0	0
0	275
0	3
0	0
0	0
0	0
0	3
0	0
0	107
0	0
0	0
0	0
0	0
0	17
0	0
0	0
0	0
0	2
0	0
0	0
1	92
0	0
0	0
0	0
0	0
0	0
0	0
0	0
0	297
0	0
0	454
0	36
0	0
0	0
0	0
0	6
0	0
0	0
0	1506
49	867
0	0
0	0
0	154
0	0
2	507
0	0
0	0
0	1386
0	5
0	0
0	55
10	750
0	0
0	0
0	0
0	140
0	0
0	0
0	74
0	3
0	1151
0	42
0	1
0	0
0	0
0	0
0	0
0	0
0	22
0	0
0	0
0	0
0	0
0	769
0	518
0	0
1	59
0	0
0	0
0	244
1	38
8	160
0	523
0	0
0	56
0	11
0	63
0	272
0	495
0	0
0	0
0	339
0	1136
2	709
2	12
6	2
0	124
2	1
0	0
0	14
0	9724
0	156
0	0
0	0
0	417
0	0
0	0
49	0
0	89
0	42
53	331
0	468
59	12
0	17
0	0
0	0
0	14
1	2
0	0
0	38
0	0
4	61
0	0
1	21
0	0
0	0
0	14
12	832
0	1
2	0
0	0
0	0
0	35
0	0
0	0
0	0
0	50
0	77
0	0
0	0
0	690
0	21
0	312
1	1
0	92
0	0
0	16
0	3
0	0
0	0
0	0
0	0
0	5632
0	0
0	0
0	190
16	3
0	42
0	66
0	0
4	3499
0	0
0	0
0	16
15	0
6	189
0	0
0	2
0	3
0	0
0	0
0	0
4	47
0	7
0	0
0	0
0	407
0	0
0	110
0	0
0	3
3	1193
0	2034
0	63
0	0
0	0
0	0
0	0
0	0
0	10
0	0
0	0
0	149
0	69
0	0
0	0
0	0
0	167
2	0
0	56
119	637
0	1
0	131
0	0
0	393
0	0
1	116
0	3
0	14
0	569
0	208
2	984
1	3
0	740
0	90
0	0
0	0
0	0
0	324
4	30
0	8
0	0
0	0
1849	760
0	0
0	0
0	560
0	0
0	43
0	2
0	0
0	470
0	0
7	1200
0	384
0	0
0	0
0	0
0	0
0	0
0	718
0	27
0	59
0	0
0	0
0	0
0	122
0	0
31	28
0	0
0	0
0	0
0	0
0	0
0	221
0	0
32	16
2	1259
0	0
0	0
0	0
0	441
0	0
0	0
0	0
0	0
0	0
0	299
0	0
0	0
1	2
0	752
0	2
0	26
0	0
0	0
0	0
0	0
1	280
0	0
0	0
0	0
53	0
1	138
0	0
3	23
0	160
0	0
0	38
0	12
0	0
0	2
0	2
0	89
0	1387
0	2274
0	0
0	118
0	0
0	0
0	114
0	0
0	0
0	0
1	6
11	160
0	0
0	0
0	0
0	0
0	0
0	29
0	0
0	0
0	0
0	0
0	20
0	0
1	43
1	0
0	929
0	0
153	80
0	0
0	1
0	0
0	1
0	0
0	0
0	14
0	0
0	0
0	1
183	120
0	0
0	0
16	361
0	0
0	0
32	437
1	6
0	263
2	38
0	199
0	654
0	0
0	21
0	0
0	349
0	0
0	1
0	0
0	1
0	189
0	0
0	853
0	0
0	0
0	0
0	62
0	6
0	0
0	120
0	0
1	804
1016	400
0	0
2	86
0	0
0	8
0	0
0	0
0	128
0	208
0	0
0	0
0	0
0	0
0	0
0	0
0	0
0	0
0	3
0	567
0	0
0	1
17	298
17	0
3	77
0	214
0	472
0	1
0	0
0	0
0	0
0	0
0	3269
0	264
19	39
1	373
0	0
79	1537
0	67
0	1411
0	1
0	0
2	1173
0	0
0	1
0	0
0	0
0	0
0	0
0	1
0	0
0	0
1209	284
0	0
0	0
0	0
0	1340
0	0
0	0
0	0
0	0
0	0
0	120
0	0
0	27
0	14
0	0
0	2
0	0
2	446
0	2
0	1176
0	106
2	1
0	0
0	0
0	0
0	0
0	1
0	0
0	3136
0	24
0	0
0	0
0	42
0	0
0	1
0	1413
0	0
0	116
0	0
0	0
0	79
0	0
0	0
0	18
0	369
0	0
3	31
0	272
0	5
4	429
0	258
1	927
0	20
0	0
0	104
0	0
0	44
0	899
1	0
0	34
39	1631
0	0
0	0
1	4
0	7
0	0
1	469
0	0
488	150
0	0
0	0
0	537
0	0
0	0
0	2329
0	0
0	0
0	18
0	0
0	5049
0	0
0	0
0	0
0	1
0	0
1	19
0	0
0	69
0	0
0	0
0	0
0	0
0	28
0	49
0	0
0	0
2	248
0	0
3	22
0	0
0	0
0	0
0	339
0	569
1	0
0	0
0	914
0	0
0	0
10	676
3	618
0	2
0	0
0	0
1	0
0	0
0	73
0	2
0	0
0	0
0	0
1	24
0	0
0	0
2	428
18	2
6	149
0	29
0	0
0	0
0	0
0	0
0	191
12	53
0	0
0	0
0	38
0	0
0	373
0	12
0	191
0	0
0	0
0	0
0	775
1	48
2	30
0	222
0	0
0	18
0	0
3	12
0	0
0	16
0	3
0	0
0	0
4	21
0	1
0	23
4	0
0	0
0	0
0	30
0	0
0	0
0	0
494	160
0	26
0	0
0	69
0	3
3	12
0	3348
0	76
0	0
0	52
0	0
0	424
0	5
2	74
0	225
0	200
1	48
3	0
0	0
0	0
0	0
0	0
0	0
0	0
0	0
4	6
1	4174
0	2679
0	0
0	0
0	1
0	0
0	46
0	0
0	1103
0	0
0	0
0	0
0	0
0	0
0	162
0	0
0	0
0	5
1	730
0	0
0	20
0	3630
0	0
0	0
0	0
0	0
0	0
0	0
0	5
0	0
1	949
0	8
0	0
0	0
0	0
1	13
79	3
8	123
0	0
1	18
39	11383
0	48
0	11
0	0
0	0
0	0
0	2
0	14
0	0
0	0
0	0
0	0
0	944
0	0
0	10
0	373
0	36
0	0
0	0
2	594
0	1
2	62
0	15
0	0
0	7
1	59
0	4
0	0
0	0
55	4
0	0
0	0
21	520
0	174
0	0
0	51
0	732
0	295
0	42
0	1205
0	0
0	4
0	232
4	13
0	0
0	0
1	328
0	0
0	0
0	0
17	637
0	0
0	62
0	12
0	22
0	0
0	0
0	0
0	0
0	0
0	0
0	0
0	227
0	1
0	3
0	0
0	0
0	52
1	13
0	0
0	533
1	27
0	0
0	25
0	57
0	120
0	4
2	0
0	0
0	0
0	0
0	0
0	0
0	0
1	8
0	0
0	0
0	9
1	708
0	0
0	183
0	152
0	0
0	89
0	18
32	0
0	221
0	10
0	0
0	369
0	105
0	584
0	0
0	59
2	201
0	0
0	0
0	0
0	0
0	0
0	0
0	0
0	0
0	0
0	0
0	9
0	27
0	0
0	0
0	0
0	0
0	0
0	70
2	2
2	11
0	0
0	447
0	131
0	0
0	206
2	249
0	50
15	389
0	0
0	18
0	0
0	0
0	278
8	0
0	92
0	0
0	0
0	0
1	2
0	0
0	0
0	0
0	68
0	231
0	182
0	0
0	0
0	41
0	0
2	0
6	163
0	0
0	1
0	3
0	0
0	0
10	406
0	0
0	172
0	47
0	0
0	0
0	0
0	0
2	7
0	0
0	5
0	0
0	2
0	0
0	456
0	0
2	26
23	2368
0	0
0	0
0	0
0	1
0	0
0	0
0	86
0	551
9	812
0	0
2	266
0	0
0	0
0	0
0	138
8	127
0	0
1	191
2	4
0	4117
0	6
0	0
0	31
0	167
0	0
0	1
0	514
7	4
0	0
479	0
0	0
0	0
0	0
0	1
0	5
0	12
0	0
0	145
0	265
0	0
0	0
0	0
0	389
0	0
0	0
0	0
0	0
0	0
0	0
2	68
1	122
0	535
0	59
0	0
2	13140
0	0
0	0
0	0
0	25
0	0
0	0
0	0
0	0
0	73
0	0
0	11
0	93
0	0
0	37
0	61
0	0
0	7
0	0
0	1884
0	0
0	0
0	155
0	0
1	1550
0	46
1	10
0	69
0	0
1	280
0	0
0	0
0	0
0	775
0	0
0	0
5	219
0	0
0	115
0	0
6	923
0	267
1	0
0	0
0	0
0	457
0	0
0	0
0	0
0	245
0	346
0	0
0	1573
0	0
0	0
0	0
0	0
0	74
0	0
0	0
0	0
0	530
29	0
0	58
0	0
0	0
0	1
0	1731
0	0
0	367
0	0
0	0
0	0
0	0
0	0
0	0
0	394
0	0
2	789
0	0
0	0
0	20
0	2
0	0
0	154
0	155
0	0
25	625
0	0
0	308
0	0
0	382
0	0
464	1
0	0
0	0
0	0
0	354
0	0
0	0
7	227
0	22
0	0
1	125
0	0
0	0
0	0
0	0
0	6
0	0
1	199
0	274
0	0
0	0
0	70
0	0
1	382
0	0
0	4
0	0
0	0
0	0
0	0
0	1
0	1426
0	0
0	0
0	206
0	0
0	45
0	0
0	0
0	1
0	0
0	0
0	72
0	119
11	12
0	0
0	188
1	30
0	12
1	257
0	0
0	1
0	0
0	36
0	0
0	13
0	0
0	4
0	0
0	248
0	0
0	610
0	0
0	19
0	0
0	23
0	0
0	0
0	4
0	0
0	4
0	1
0	0
0	11
0	208
0	0
0	51
50	1215
0	237
0	0
0	0
1	224
0	57
0	146
0	0
5	3
0	0
0	0
1	26
0	0
0	0
0	111
0	3
0	0
0	3
0	11
1	408
0	0
0	1
0	37
0	75
0	0
0	0
0	0
0	0
2	11
0	0
0	0
0	0
0	23
82	467
0	1
0	0
5	69
0	0
0	8
0	0
0	0
0	0
0	16
0	197
0	0
0	0
1	32
0	0
0	0
6	68
0	117
0	2874
0	0
0	0
0	0
0	0
0	0
0	0
0	23
0	1
7	24
0	0
0	0
0	0
0	0
0	0
0	0
0	0
0	0
0	1
0	0
0	106
0	0
0	0
0	0
0	0
0	175
3	2134
0	0
12	1165
0	0
1	600
0	0
0	430
0	0
0	14
0	792
0	12
0	0
0	0
0	0
0	0
0	0
0	466
0	24
0	0
0	1
0	0
0	254
6	0
0	0
0	1142
0	0
0	0
0	24
0	186
0	0
0	71
0	0
0	168
0	41
0	0
161	31
0	0
0	10
0	1058
0	0
0	0
0	0
0	0
0	0
6	195
1	0
1	71
0	1
1	1
0	152
0	32
0	116
0	0
0	0
0	0
0	0
0	1
0	0
0	0
0	70
10	32
0	0
0	180
0	2
0	93
0	1
0	204
0	0
10	125
5	532
0	20
0	91
0	0
0	2
0	199
0	0
0	381
0	0
0	4
0	0
0	263
2	1372
0	0
0	0
1	1
0	0
0	98
0	3
0	0
1	81
0	0
0	2
0	0
0	76
1	14
0	0
0	0
0	0
0	0
0	0
0	0
0	0
0	1027
0	0
0	18
0	0
0	20
1	225
0	800
0	0
0	0
14	283
0	2
0	0
0	76
0	0
0	0
1	9
0	0
0	0
0	0
0	0
0	1371
0	0
0	0
0	0
0	0
2	44
4	190
0	0
0	0
0	118
0	0
0	0
0	0
0	0
0	0
0	0
0	7
0	7
1	112
1	0
0	105
0	0
0	17
0	4
0	0
0	0
0	0
0	0
0	99
0	0
0	0
4	1
0	0
0	0
0	0
0	0
0	0
10	238
7	0
1	54
0	0
0	0
21	86
0	65
2	827
0	5
4	393
0	15
0	84
0	2
4	0
14	118
0	80
0	3449
0	16
20	1169
0	218
0	0
1	424
0	0
0	111
25	135
0	248
52	638
0	0
0	49
0	51
0	15
0	0
0	30
0	28
0	13742
0	0
0	0
0	0
0	0
12	25
0	0
0	0
0	422
0	0
0	0
0	3
1	105
0	0
0	0
0	0
0	14
18	409
0	88
0	0
0	0
0	0
0	0
4	39
1	1383
0	3
0	3
0	0
0	0
0	0
0	0
0	3
3	44
0	582
0	29
0	0
0	0
0	0
0	0
0	0
0	0
0	0
0	1
0	48
0	0
0	91
0	27
40	0
0	0
0	5
0	0
2	231
0	0
0	0
8	941
0	0
3	55
0	1
0	0
0	0
0	7
11	93
0	0
0	0
0	0
0	0
0	121
0	0
5	565
0	2
0	0
0	0
0	0
0	283
2	5
0	1101
0	76
0	175
0	0
0	0
0	0
0	3514
0	562
0	0
0	0
0	8
1	359
0	0
0	0
40	743
0	0
0	221
0	2
0	0
0	0
0	31
1	15
0	98
0	0
0	17
0	238
0	273
0	0
13	1131
0	2012
0	0
0	1
0	0
0	0
0	199
0	0
0	0
0	0
0	0
0	0
0	77
0	0
0	0
0	358
0	161
0	0
147	51
1	3
0	0
0	0
0	0
2	35
0	0
45	0
0	0
0	0
0	395
0	0
0	1351
0	0
0	139
0	982
0	0
35	11
0	3
0	20
0	131
0	225
0	2
0	0
0	36
0	0
0	1
0	144
0	267
0	0
0	23
1	68
0	34
0	0
4	1147
0	382
0	0
0	305
2	0
0	4
0	0
0	0
0	1
0	0
0	5
0	0
0	109
0	496
0	868
0	0
0	0
0	0
0	5
0	0
0	234
0	0
0	217
0	0
0	0
0	16
0	0
0	0
66	0
0	0
1	2
0	262
1	79
0	0
0	0
0	0
0	0
0	614
0	5
0	0
0	22
0	0
0	0
2	1572
0	3
0	11
0	26
0	0
0	0
0	0
0	0
8	405
0	0
0	0
0	1
0	0
1	0
0	3
0	0
0	2
0	0
377	1254
0	15
0	280
2	268
0	812
0	14
0	21
79	8
0	204
0	1
0	0
0	0
0	0
0	0
0	0
0	0
0	1
0	0
0	0
0	0
0	0
3	388
0	0
0	0
0	0
0	239
0	0
0	65
7	230
0	0
0	0
0	0
0	221
0	0
0	0
0	9
0	0
0	0
0	0
0	65
0	7
0	0
12	1
0	0
0	0
0	145
0	0
0	159
0	88
0	0
0	0
0	389
0	0
0	0
0	0
0	0
0	0
0	0
0	0
0	0
0	4
0	0
0	0
0	115
0	0
0	2
0	0
0	62
0	0
0	362
0	0
0	0
0	537
0	59
0	1
0	0
0	0
0	0
1	366
0	22
2	0
0	0
0	496
0	0
0	0
1	718
0	0
0	0
0	0
0	2298
0	563
0	30
0	0
685	447
0	0
1	222
0	0
1	416
0	149
4	4
0	0
0	2
0	0
2	893
0	0
0	64
0	0
0	0
0	71
0	0
0	212
0	0
2	41
89	99
0	140
0	0
0	2
1	4561
0	0
82	6
6	678
0	7
0	250
0	19
0	0
0	5
1	107
20	83
0	103
0	0
0	0
0	0
0	0
0	0
0	1162
0	0
0	385
0	4753
0	39
0	3003
0	0
0	0
3	172
1	0
0	30
0	0
0	0
0	0
0	0
0	0
0	0
0	0
159	158
0	198
0	213
0	16
0	0
0	0
0	0
0	0
0	0
4	2
1	439
2	0
2	0
0	7
0	0
0	0
0	0
1	4
0	0
1158	22
0	0
1	587
0	162
0	147
0	21
0	572
1	1
0	66
0	354
0	0
0	1
0	0
0	0
0	0
0	507
0	0
1	19
0	0
1	10
0	346
0	0
0	8
0	0
0	0
0	0
1	1038
0	0
2	0
0	0
0	6
0	0
0	0
0	133
0	0
0	0
0	0
74	0
0	0
2	2
1	35
0	95
0	0
0	1
0	0
0	0
2	16
0	0
0	58
0	0
0	68
0	0
0	150
0	0
649	575
0	237
0	0
0	2
0	0
0	0
0	0
0	22
0	486
0	0
0	0
1	793
0	0
0	0
0	765
0	0
0	53
0	8
0	1374
0	0
0	4
5	0
0	0
0	0
0	0
0	0
0	0
0	716
0	20
0	0
0	500
0	0
2	39
0	0
0	0
0	0
0	0
0	0
0	0
0	0
0	488
0	0
0	2
0	0
0	0
0	49
0	0
0	0
0	8
0	0
0	73
0	0
2	0
0	39
0	0
0	0
0	835
0	0
0	0
0	0
0	0
0	0
0	1
0	0
0	0
0	6
0	0
0	0
65	68
0	0
0	0
1	48
2	352
0	0
0	0
0	7
0	0
0	0
0	0
15	53
2	77
14	105
0	8
0	1
0	0
0	0
0	0
0	0
0	0
0	0
1	27
0	0
0	4
0	0
0	0
6	1283
0	0
0	0
0	0
0	0
0	0
0	2
0	376
0	0
0	26
0	0
0	33
0	0
0	4
0	0
0	0
2	17
0	0
0	5
0	36
0	0
1	0
4	867
0	3
0	0
0	0
20	325
0	414
0	1
319	112
0	0
0	0
0	0
0	1
0	0
0	0
0	0
0	23
0	16
11	54
0	0
0	0
0	28
0	0
0	1
0	0
0	0
0	10
0	25
0	0
1	216
0	0
0	16
1	5
0	0
0	2
0	0
0	0
0	844
0	0
0	0
0	4
3	1059
0	16
0	0
0	9
0	0
0	0
0	0
1	278
0	11
0	581
0	310
0	0
0	1
0	0
0	0
0	82
0	5
0	0
0	115
0	0
0	173
0	0
0	68
0	0
0	23
0	105
0	0
1	3
0	0
0	0
8	45
0	0
0	0
0	22
0	0
0	0
0	181
0	0
0	0
0	719
0	153
0	1164
2	29
0	234
0	0
0	0
0	54
0	0
0	0
0	149
0	0
4	49
0	253
0	7
0	0
0	0
0	0
0	2
0	0
0	23
0	416
2	1018
0	1
2	10
7	45
0	0
0	3
0	0
0	0
0	0
0	0
0	0
0	655
0	45
0	0
0	11
0	732
0	41
0	0
1	0
0	0
0	0
0	0
0	0
0	706
0	0
0	11
0	0
0	8
0	5959
0	0
0	0
0	0
0	0
0	3
0	3
2	2
0	1
0	18
0	0
0	0
2	314
0	0
0	47
0	0
12	136
0	43
8	0
0	0
0	131
0	50
0	0
2	42
0	7
0	687
0	0
0	2
0	101
0	0
0	0
0	611
0	40
0	1013
0	10
0	0
1	4
0	5
0	3
0	0
0	0
7	328
0	0
0	812
0	203
0	0
0	0
0	0
1	0
0	162
1	0
0	535
0	0
6	586
0	0
0	25
0	347
0	0
0	0
0	0
0	0
0	0
0	0
0	0
1	8
0	7
0	0
0	483
0	0
1	4948
0	0
0	220
0	1587
0	1
0	0
0	19
0	0
2	16
0	489
0	0
0	2313
0	0
0	44
0	96
0	0
0	69
6	1186
11	70
0	81
0	0
1	3
0	0
0	3
0	4
0	73
0	0
0	0
0	0
0	0
0	0
3	95
4	3
0	0
0	1745
2	774
0	26
0	9
12	165
1	249
0	0
0	0
0	0
0	0
0	0
1	840
0	0
0	0
0	0
0	0
0	0
0	15
0	1302
0	0
0	139
0	0
1	319
0	890
5	775
0	0
0	0
0	0
0	0
0	56
0	1
0	0
5	741
0	65
3	335
0	0
1	3
0	0
2	159
0	0
0	113
0	1
1	63
0	0
0	0
0	0
0	0
0	181
0	8
2	255
0	553
0	0
0	392
0	0
0	0
0	0
0	0
0	0
0	0
2	44
2	0
0	361
0	0
0	1
5	45
0	0
1	5
0	0
0	5
0	0
0	0
0	3647
0	0
0	0
0	0
0	20
0	0
0	1
0	0
0	0
0	2
0	0
0	17
1	330
0	61
0	0
0	106
0	1
0	0
0	0
0	3
0	0
0	0
0	0
0	25
0	1
0	40
0	0
0	0
44	642
97	0
0	0
0	18
0	139
3	2
0	0
0	0
3	289
0	0
0	1163
0	2
0	0
0	785
0	0
0	0
0	0
0	0
0	0
0	0
0	1150
0	2
0	0
0	10
2	651
0	0
0	18
0	0
0	0
0	3234
0	286
0	1
0	0
0	0
0	0
0	0
0	0
1	188
0	0
0	0
0	0
0	0
0	6
4	3
0	37
0	0
0	0
4	48
1	109
0	0
0	14
0	979
0	0
0	0
0	231
0	0
0	13
0	0
1	22
0	466
2	198
0	0
0	0
5	2454
0	0
0	15
0	896
0	0
0	0
0	43
0	0
0	1
0	25
0	0
0	12
0	25
0	0
0	130
0	0
0	0
0	0
4	1926
0	0
0	0
0	673
0	0
0	0
0	120
0	27
12	145
0	0
0	126
6	195
0	137
0	0
0	0
0	634
0	0
0	1346
8	11730
0	0
0	0
0	24
0	397
0	179
0	4
0	0
0	0
0	0
0	415
0	0
0	0
1	3
0	13
0	0
0	43
0	16
165	1
0	0
0	0
0	0
1	8
0	0
0	0
3	1473
0	0
0	0
0	26
0	0
0	0
0	0
0	60
0	0
0	0
0	1381
28	62
0	130
1	151
0	21
0	1036
0	62
0	18
1	169
1	131
0	347
1	0
0	0
0	0
0	0
0	0
0	90
0	0
0	0
270	237
0	0
0	0
0	1041
0	0
0	1
0	62
0	0
0	4
0	8
0	0
0	277
0	0
1	22
0	3
0	0
0	0
2	341
1	103
0	19
1	723
0	0
0	90
0	1384
0	0
0	0
0	0
0	55
5	27
0	0
0	0
0	390
0	309
0	0
0	0
0	0
32	6
0	115
0	0
0	0
0	0
0	0
0	0
0	1
0	0
0	0
0	3
0	32
0	0
0	0
1	215
0	0
1	1272
0	0
0	0
0	0
0	50
1	372
0	0
3	155
0	0
0	0
0	3
3	4
0	0
0	0
0	24
0	3
0	0
0	1
0	0
0	0
1	107
0	200
0	2
0	0
0	0
0	0
0	2
0	2
0	0
0	39
0	0
0	0
0	2
0	0
0	0
0	0
0	2
0	11
0	0
0	0
0	0
0	0
0	0
0	29
4	643
0	0
0	0
0	65
0	46
0	0
0	6
0	0
0	0
0	171
0	0
0	0
0	504
1	174
0	0
0	659
0	0
0	34
0	16
7	534
0	0
0	0
0	0
0	2
0	0
0	0
0	0
0	0
0	0
0	61
17	6
0	0
0	0
0	0
0	1
1	69
0	0
0	0
0	0
0	0
0	0
0	0
0	0
0	0
0	0
0	304
0	0
0	4
0	0
0	26
0	0
0	0
0	0
0	0
4	17
0	164
0	0
0	4
0	174
0	249
0	10
0	0
0	13
0	0
1	344
0	6
0	0
0	14
0	0
0	0
6	5
0	0
0	0
0	0
0	605
0	1
0	0
0	0
0	1209
0	4
0	0
0	26
0	46
0	0
0	0
0	39
0	2
0	107
0	8
0	15
0	70
0	0
0	0
0	19
0	92
0	277
0	0
0	0
0	437
0	0
2	2843
3	1
0	0
0	0
2	95
0	19
0	475
0	1239
0	0
0	33
1	1
2	143
0	0
0	0
0	134
0	0
0	0
0	1
0	0
0	0
0	0
1	504
0	0
0	25
0	2
0	19
0	0
4	58
2	0
0	3
0	27
0	27
0	768
0	12
0	0
0	113
0	0
0	0
0	67
0	62
493	92
0	21
0	0
0	0
0	0
0	0
0	0
0	0
0	0
2	380
0	0
0	0
0	0
0	0
0	4
0	340
0	232
0	326
0	182
0	0
0	0
1	5
0	354
1	3
1	3
0	2
0	0
1	646
0	0
0	0
0	0
11	322
0	0
2	9
0	9
0	0
0	1
1	0
0	0
0	0
0	0
0	1
0	58
0	53
116	83
0	0
0	3
0	0
0	573
0	0
0	0
0	206
0	0
0	0
8	1
0	0
0	1788
0	66
0	6
0	0
0	42
0	0
0	0
0	0
0	4
0	0
0	0
0	177
0	0
0	0
0	203
0	0
1	0
0	0
2	34
0	91
1	113
0	22
0	0
0	0
0	0
1	0
1	107
0	18
0	1
0	256
0	0
0	0
1	2679
0	109
0	593
0	0
0	0
0	147
0	0
0	0
2	442
0	0
0	0
0	1
1	109
0	0
0	3
1	39
0	0
0	82
0	0
0	0
8	267
0	0
8	0
0	38
0	0
0	0
2	1
0	77
0	0
0	1
2	0
3	0
0	0
0	10
9	1319
4	871
0	0
0	80
0	11
0	40
0	0
0	0
0	0
25	155
0	0
12	160
0	34
1	213
0	8
0	0
1	8
0	12
0	0
14	1460
0	0
0	0
0	1
0	0
0	0
0	0
0	0
9	536
0	3
0	372
1	0
31	3
0	20
0	0
0	26
0	0
0	2
0	0
0	0
0	0
0	3
0	94
0	0
0	27
0	0
0	0
0	8
0	4
0	0
0	109
0	25
0	0
0	272
0	61
0	0
4	0
101	221
0	230
0	1
0	39
0	0
0	0
1	164
0	0
0	0
0	0
0	4282
0	0
0	1896
0	0
0	0
0	0
0	34
0	20
0	746
0	0
2	7
0	1
3	3
0	1
0	0
0	0
0	2
0	0
0	0
0	0
0	26
0	121
1	786
0	2
0	0
0	66
0	28
0	0
0	0
0	2
0	653
7	0
0	0
0	0
0	0
0	0
0	0
0	1
0	0
1	0
0	0
2	95
0	0
0	0
0	0
0	46
1	7
0	0
0	219
0	44
0	0
0	19
2	7
0	0
0	63
0	1
0	14
0	0
5	0
0	103
0	0
0	2676
0	1815
0	0
0	251
0	0
0	48
7	31
0	15
1	37
0	0
0	2
0	0
0	0
0	0
0	54
0	90
0	353
1	19
0	4
2	2449
0	0
0	0
0	12
0	22
0	29
0	0
1	74
0	0
0	0
0	4
0	266
0	0
0	0
0	78
0	61
0	35
11	0
0	0
0	0
1	1542
1	2
0	0
0	62
0	0
1	0
0	0
94	0
0	0
0	0
0	1022
0	506
0	0
0	1
0	0
0	449
0	18
0	0
0	0
0	14
0	4
0	0
0	13
0	0
0	135
1	182
0	0
0	8
0	0
1	150
0	0
2	230
1	0
0	30
0	466
0	0
0	0
0	177
0	122
0	422
2	1311
0	9
0	217
0	22
1	471
0	0
0	0
3	21
0	0
0	0
0	0
0	0
1	1389
0	21
0	9
0	0
0	0
0	620
0	0
11	1124
0	0
3	675
0	0
0	0
0	0
0	31
1	44
0	9
0	193
0	3
7	24
0	113
0	1
0	3
0	0
0	1805
0	0
0	56
0	23
0	128
0	218
0	1393
469	400
0	0
0	15
0	123
0	0
0	0
0	1
0	228
1	299
0	0
0	0
0	200
3	115
0	627
0	51
0	43
0	0
0	0
0	0
0	535
1	974
0	88
0	0
0	0
0	8
0	0
14	0
0	0
0	0
31	283
0	0
0	0
0	8
0	0
0	0
0	86
10	0
8	866
0	0
1	8
0	0
0	0
4	736
0	0
4	10
0	1
0	9
0	4
0	901
0	85
3	20
0	0
0	1
1	0
0	0
0	0
0	0
0	220
0	1
51	1719
0	0
0	4
0	0
0	0
0	2
0	796
0	249
0	0
0	0
0	3112
0	0
0	202
0	0
0	0
0	0
0	0
0	0
0	3
0	1
0	0
0	0
0	0
0	530
0	0
0	0
0	1
0	0
2	0
1	0
0	79
3	19
2	0
0	0
0	74
0	0
7	73
0	149
0	0
1	3
0	0
0	0
0	0
0	453
0	0
0	72
0	0
0	134
0	3
0	0
0	415
5	214
0	1
0	0
0	0
22	0
0	406
0	12
0	167
2	163
0	0
0	3218
59	43
0	238
0	717
4	192
0	62
0	1110
0	357
1	80
2	8
0	0
0	0
0	0
0	2
0	0
0	0
0	0
0	0
6	161
0	88
0	393
0	0
0	0
0	0
0	0
0	320
0	0
0	1468
0	0
0	64
0	0
1	1
0	3
14	526
0	0
0	0
0	0
0	0
0	0
29	448
0	0
0	51
0	0
0	135
0	3
0	0
0	1326
2	8
0	30
0	0
0	29
0	67
0	113
0	0
0	0
0	0
0	0
0	0
0	303
0	41
1	107
0	0
0	0
0	277
0	0
0	1175
0	0
0	0
0	0
0	0
0	447
0	0
0	0
70	30
0	0
0	0
0	0
0	0
0	0
2	479
0	180
0	1
0	3
2	395
0	0
0	0
1	235
0	91
0	0
0	0
0	0
1	502
4	693
0	0
0	0
0	0
0	0
2	108
4	194
0	0
0	153
1	508
4	29
0	0
0	0
0	3
0	9
0	9
0	15
0	0
0	88
0	0
0	0
0	0
0	198
0	0
10	1272
1	15
0	0
0	30
0	0
2	0
1	1011
0	1
0	605
0	0
0	0
0	0
0	0
46	3337
0	0
0	391
0	5
2	6
0	0
0	1
0	0
0	1
2	78
0	0
0	0
0	561
0	0
0	38
0	67
0	0
5	100
0	0
0	51
0	0
0	349
25	10
0	0
0	1
0	523
0	0
0	328
0	0
0	26
0	0
0	9
0	99
0	0
0	22
0	0
0	0
0	0
0	0
0	25
0	0
1	2
0	0
0	0
0	165
0	1
0	0
0	0
17	1250
0	0
0	0
0	23
0	0
0	1
0	193
0	186
0	0
0	73
0	1
0	115
0	21
0	0
0	0
1	0
0	0
0	0
0	0
0	153
0	162
3	93
0	0
7	366
0	0
2	8
0	0
0	0
19	71
3	2
0	3928
0	0
1	0
0	0
0	0
0	528
0	0
0	0
1	248
0	5
0	128
0	0
0	0
0	0
0	148
0	0
0	0
0	10
0	0
0	0
67	1
0	0
0	0
0	1
0	0
0	0
0	0
1	52
0	231
0	0
0	0
0	1751
0	4383
0	0
0	114
0	1
6	8
0	0
13	1
0	0
0	2
0	0
0	0
0	0
0	0
0	0
0	0
0	0
0	203
0	0
0	0
1	136
0	16
2	93
0	0
0	6
0	0
0	0
0	0
0	1658
14	1
0	243
0	0
0	34
0	0
3	148
0	0
0	0
0	0
2	14
4	886
0	0
0	5
0	778
0	0
0	0
0	0
0	0
0	0
3	1761
2	209
0	13
0	0
0	15
0	0
0	0
0	10
3	269
0	0
0	0
0	0
0	0
0	1
0	0
0	2
0	0
0	279
0	1032
0	0
0	11
1	345
0	0
0	57
0	0
0	0
0	3
0	23
0	3
0	0
0	0
0	3
0	0
0	0
1	3
0	4
0	0
0	17
0	0
0	0
0	0
0	29
0	5
0	0
24	154
0	0
0	330
0	2
0	37
0	6
0	0
0	0
0	114
0	74
1	3880
0	3
0	7
0	0
0	529
0	2
0	13
0	1
0	0
0	0
0	0
19	2056
0	112
0	0
0	0
0	41
1	325
1	57
0	0
6	1380
0	33
0	0
0	0
0	0
0	132
0	1
0	227
0	0
0	0
0	0
0	0
0	86
0	0
0	0
0	0
1	212
0	0
0	51
0	1
0	164
0	0
0	10450
0	621
0	0
0	0
0	3
0	0
0	1
0	0
0	33
0	0
0	69
0	0
0	0
0	142
0	0
0	0
0	11
0	0
231	120
0	0
9	1904
0	0
0	393
0	0
0	393
0	401
0	0
0	3
0	28
0	166
0	0
0	1
3	153
0	0
0	472
5	0
0	9
0	1
0	0
0	0
1	0
1	13
0	0
0	0
0	1
0	0
0	217
0	57
0	0
0	5
0	0
0	40
0	3
0	29
4	1
2	19
0	1
1	322
0	1
0	6
0	77
3	167
0	0
6	22
0	0
0	50
0	0
0	0
0	143
0	39
162	56
0	6
0	90
0	7
0	0
0	0
0	0
0	49
0	1
0	65
0	0
0	0
0	0
0	59
2	20
0	0
0	0
0	0
0	590
0	184
0	0
1	339
841	613
0	0
0	0
0	0
0	138
0	0
0	0
0	9
0	0
0	0
0	0
0	0
1	6
0	0
0	2
8	4
5	206
0	0
0	0
0	760
0	0
0	600
0	0
0	0
0	226
6	65
0	0
0	107
0	36
56	1215
0	243
0	0
0	2
0	142
0	0
0	34
0	0
1	617
0	9
0	0
0	0
0	32
0	0
0	442
0	60
0	25
0	0
0	296
0	0
0	3
0	78
0	0
0	0
0	0
0	1
0	42
0	689
0	0
0	20
0	1
0	0
0	1
0	0
0	0
1	22
0	0
0	0
0	746
0	0
0	0
27	8829
0	0
0	17
1	1
0	4
1	8
0	2
0	51
0	1
0	8
0	176
0	125
0	0
0	0
0	1
0	0
0	0
0	0
0	0
0	0
0	41
0	30
0	0
0	0
0	0
0	0
0	0
0	0
0	1
0	0
0	0
0	11
0	1
2	743
0	0
0	19
0	203
0	0
0	47
0	0
0	17
0	245
0	0
0	373
0	0
0	0
0	0
0	1
0	288
0	11
0	0
0	0
0	151
0	668
0	0
0	0
0	0
8	34
0	1154
0	0
0	51
0	0
0	0
0	0
0	1
38	96
0	99
20	28
0	0
0	0
41	34
0	28
0	0
0	946
0	7887
0	0
0	0
0	0
7	66
0	0
0	0
0	142
1	34
0	1237
0	1
0	17
0	0
0	0
0	0
0	0
0	0
0	0
0	0
2	1159
0	0
1	87
0	0
0	193
0	0
0	0
0	0
0	2
0	12
2	0
0	22
0	35
0	0
0	91
0	8
0	66
0	0
9	52
0	0
0	0
33	356
0	44
0	19
1	0
2	143
0	179
0	2
0	25
0	229
0	0
0	0
2	0
0	419
0	42
0	0
0	62
0	0
0	27
0	0
4	0
0	1
0	255
0	0
1	103
0	3
15	103
0	0
0	1
0	0
2	123
0	0
0	5
0	0
0	7
0	0
0	0
0	0
9	296
0	0
0	0
0	127
1	1
0	0
1	3
0	277
0	0
0	1
0	13
0	0
0	0
0	0
0	0
1	142
0	13
0	42
0	0
0	0
0	0
0	0
0	0
0	0
0	244
0	4
1	55
0	1
0	213
0	0
0	0
0	0
0	0
1	0
1	464
0	0
3	580
1	30
0	604
0	233
0	0
0	0
0	6
0	0
1	17
0	0
0	1
0	0
0	0
0	96
2	2
0	1635
0	0
0	0
3	71
0	0
0	149
0	70
10	168
0	0
0	6
1	0
0	0
0	0
0	68
0	0
0	0
0	17
0	300
0	0
0	58
0	0
0	0
0	0
0	4
0	0
1	111
3	112
0	0
0	0
0	0
0	0
0	0
0	0
0	0
0	0
0	0
0	97
0	0
0	323
0	0
0	3
0	0
0	0
0	0
0	0
0	1
1	59
1	8
0	0
0	120
1	118
0	0
0	35
0	0
1	0
0	28
0	0
0	0
0	31
0	0
0	2
0	28
0	0
0	0
0	0
0	0
2	6
0	0
3	38
0	0
0	147
0	4
0	8
0	0
0	40
0	0
0	9
0	0
0	0
0	0
0	264
4	9
0	6
0	54
0	50
0	0
0	231
0	196
0	0
0	563
0	0
0	0
0	0
0	0
0	26
0	126
0	31
0	1
0	18
0	5
44	2944
0	7
0	182
0	0
0	0
1	177
0	0
0	0
0	0
0	0
0	0
48	1
0	0
1	0
0	0
0	21
0	35
0	79
0	410
0	0
0	0
0	0
4	740
0	0
0	0
0	17
0	197
1	6
0	67
0	0
0	0
0	150
0	0
1	72649
0	0
0	157
0	0
0	0
0	0
0	0
1	0
0	1
0	0
0	616
0	142
23	45
0	19542
0	45
0	0
0	8
0	47
0	0
0	0
0	76
0	2
1	0
0	48
0	17
0	0
0	0
81	434
0	199
0	14
0	0
0	0
0	0
0	0
0	0
0	0
0	0
0	0
0	0
0	0
0	0
0	0
0	0
0	0
0	91
0	613
164	644
0	86
0	1
0	0
0	0
0	24
0	0
0	38
4	0
0	441
0	0
0	2
0	0
0	0
0	3
0	151
5	1160
0	0
0	156
0	13
0	27
0	0
0	28
0	0
0	25
0	194
0	87
0	1321
0	0
0	0
0	1217
9	39
0	0
0	237
0	0
0	0
0	84
0	1
0	0
3	15
1	219
0	0
4	336
0	0
0	0
0	0
0	0
0	0
0	0
0	0
0	149
102	154
0	0
0	0
0	281
0	65
0	0
0	0
2	308
0	0
0	1248
0	0
0	0
0	0
0	1
0	0
14	0
0	2
1	47
0	0
0	44
0	0
0	0
0	2
37	3924
0	0
0	0
0	1
0	5
0	8
0	23
0	0
0	0
0	0
1	28
0	264
0	143
64	0
0	0
0	80
0	33
0	0
0	328
2	846
0	70
0	0
0	0
0	0
4	991
0	0
6	1
0	0
0	65
2	0
0	18
0	7
0	0
0	0
0	69
0	0
0	20
0	0
0	1
0	0
0	0
0	0
0	35
0	0
9	34
0	0
0	467
0	4
7	124
0	0
0	0
0	32
0	0
0	0
0	3
0	0
0	168
0	386
0	1145
0	1
0	0
0	0
0	1
0	4
0	2
0	0
0	473
0	21
0	0
0	17
0	140
11	0
0	19
0	4
0	0
1	0
2	0
0	0
0	0
0	6136
0	0
0	1
0	26
2	22
0	2
0	0
2	11
0	0
0	0
0	0
0	0
0	29
0	0
0	0
0	696
0	0
0	0
0	47
25	470
0	2
0	0
0	0
0	0
0	0
0	2361
0	1
0	195
0	0
1	389
24	0
0	0
0	20
0	45
0	99
0	302
0	0
0	0
0	0
0	0
0	0
0	0
0	0
0	0
0	0
0	1
0	92
1	11
0	0
0	1419
0	0
0	500
0	49
0	262
1	1
9	75
0	0
0	0
0	0
0	0
0	0
0	0
0	0
3	1727
4	0
0	0
0	0
0	0
0	0
0	0
0	0
0	0
0	24
0	913
0	0
0	3
1	17
0	0
2	5
0	1
0	0
0	0
0	0
0	0
0	0
0	0
0	2
0	0
0	0
1	0
0	59
1	0
0	36
0	87
0	8
0	0
0	2
0	0
2	16
0	0
0	0
0	102
0	0
0	0
0	0
0	0
1	1
0	20
0	0
0	1
0	0
0	0
0	1
0	0
0	0
0	0
45	220
0	0
0	0
0	3
0	10
2	78
0	0
0	0
4	170
0	0
0	3
0	37
9	68
0	54
0	0
0	0
0	0
0	0
0	1
0	0
0	0
0	7316
0	386
0	0
0	0
0	0
0	0
0	1
0	53
8	3
0	180
0	197
0	108
0	0
1	2
0	0
0	0
2	612
0	1129
2	19
0	0
0	0
0	0
4	139
0	0
0	0
0	47
0	0
0	39
0	0
3	20
16	138
0	0
0	0
0	0
0	2
0	0
0	0
0	0
0	54
0	263
0	0
0	1
0	183
0	0
0	0
0	0
0	0
0	23
0	117
0	350
0	58
0	2
0	0
0	159
0	253
0	1
0	0
0	1416
0	0
0	0
0	0
0	0
0	0
0	7
9	139
0	0
0	5
0	0
3	148
0	1
0	0
0	148
6	925
2	29
0	0
0	342
0	0
0	7
0	5
0	0
0	0
0	0
0	25
0	1
0	0
0	0
0	146
0	0
0	838
0	0
6	165
0	6
0	0
0	0
0	0
0	1143
0	0
0	24
0	0
0	0
0	22
34	4
0	0
0	51
1	180
0	311
0	227
0	4
0	0
0	0
0	1
0	0
0	4
0	0
0	0
0	1
0	0
0	0
0	91
1	4
1	20
0	0
0	154
0	0
0	0
0	0
0	14
0	0
0	0
0	1637
0	0
0	38
0	14
0	0
0	80
0	0
0	0
0	5
0	1
0	5
1	3578
5	0
1	42
2	0
0	1
0	0
0	0
0	0
0	0
0	0
0	148
1	4
0	3
1	6
0	0
0	1
0	24
0	0
0	0
0	0
0	118
0	0
0	0
0	0
0	0
0	5
0	10
0	0
1	41
0	0
0	0
0	276
0	0
0	0
0	0
2	120
0	5
0	0
23	811
0	0
0	1
0	9
0	0
1	214
0	13
0	0
2	1
62	0
0	0
0	0
0	0
0	94
0	1095
0	0
0	0
0	4
0	404
0	0
0	0
0	1
0	0
0	0
3	1254
0	164
0	0
0	0
0	0
0	0
0	0
0	0
0	0
0	0
0	0
3	0
0	0
0	0
0	2
0	0
1	16918
0	0
0	0
0	0
0	1
0	3
0	0
2	0
0	0
0	9
0	0
0	1
1	0
0	100
0	3
0	33
0	0
0	0
0	0
0	49
0	136
0	0
1	28
0	0
0	0
0	4
0	6
0	36
0	0
0	1
0	0
0	76
0	0
0	0
0	0
2	3
0	0
0	1
1	92
0	1
0	1334
0	0
0	0
0	0
0	46
0	48
0	9
0	4
0	0
0	0
2	24
0	0
0	58
0	460
0	0
11	781
98	0
0	3
0	0
0	24
0	0
0	51
0	0
0	5
0	163
0	0
2	75
0	0
0	81
2	296
0	184
0	81
0	120
3	146
0	496
0	0
0	3
0	0
4079	1392
0	0
0	11
0	109
0	0
0	0
0	0
0	0
0	69
0	0
1	307
0	2
0	25
0	134
0	2
6	0
0	11
0	0
0	0
0	0
0	0
0	0
0	67
0	69
1	5
0	32
0	0
6	0
0	0
0	234
0	853
8	131
0	8
3	131
0	78
0	45
0	79
0	31
0	34
0	28
0	0
0	0
0	0
0	5601
0	0
0	0
1	0
5	34
0	24
1	64
0	0
0	0
0	9
0	0
0	278
0	0
0	0
0	0
0	0
1	27
0	111
0	2
0	0
0	0
4	4
0	174
0	0
0	0
0	0
0	0
0	0
0	0
0	0
0	0
0	0
0	93
0	0
0	0
0	0
0	1
0	0
0	0
0	0
1	23
0	65
0	1095
0	0
0	3
0	157
0	0
0	16
0	0
0	0
0	0
0	0
0	26
0	1
1	22
1	147
0	0
0	0
0	353
0	53
0	3
0	1613
0	0
0	5
0	48
0	94
0	0
0	0
0	0
0	16
0	853
0	0
0	0
0	0
0	61
3	268
0	0
0	0
0	0
0	5
0	0
0	13
0	573
0	0
0	0
0	0
0	0
2	13
1	13
2	0
1	15
0	150
0	0
0	24
0	11
0	54
0	0
0	0
0	0
0	10
0	939
0	0
0	0
0	5
0	4
0	0
4	331
0	0
0	316
0	219
1	708
0	23
0	315
0	235
0	0
0	46
0	0
0	0
0	0
2	125
0	0
0	0
0	0
0	0
0	1
0	0
0	11
0	6
0	0
0	1
0	10
0	40
0	0
0	0
0	0
0	0
0	1
0	175
0	0
0	0
0	51
0	0
0	0
0	1
0	149
0	113
0	2
0	0
0	0
0	0
0	0
0	0
12	0
0	4
0	0
3	3836
0	0
0	1078
0	172
23	0
0	0
0	0
0	66
0	29
0	2
0	46
1	2
0	157
0	121
0	0
0	0
0	2335
0	2
0	0
25	2033
0	87
4	514
1	0
0	36
2	170
0	0
0	0
0	0
0	91
1	0
0	0
0	5079
0	5
0	0
0	35
0	0
0	24
2	103
0	0
0	1
0	20
0	0
0	225
0	2
6	0
0	50
0	0
0	21
0	241
0	1023
0	0
0	638
0	0
0	0
0	0
0	0
0	0
0	1
0	0
0	0
0	0
0	26
0	0
0	0
0	0
0	0
0	109
0	1
0	0
0	0
0	89
8	0
0	0
1	148
0	61
25	2229
0	0
0	31
0	0
0	2
0	639
0	76
0	99
0	4
0	0
0	0
1	300
0	0
0	0
0	75
1	64
0	0
0	0
0	0
0	0
0	9
0	0
0	1
0	0
0	0
0	0
0	0
0	0
1	47
0	99
0	43
0	1
9	54
1	0
1	58
0	8
0	0
0	0
0	0
0	0
0	0
0	0
0	0
0	315
0	12
0	0
0	0
0	5
0	790
0	53
0	648
13	162
10	64
0	0
0	0
1	16
0	0
0	0
30	1613
0	11
0	0
0	2
0	16
0	60
0	0
0	35
0	0
0	0
1	0
0	0
0	0
3	15
0	2
0	0
3	2
0	190
0	0
0	6
0	86
1	0
0	62
0	0
0	0
0	0
189	144
2	49
0	0
0	12
0	1
0	0
0	0
0	0
0	0
0	0
0	0
0	0
0	0
0	0
0	494
0	0
118	189
0	0
0	0
0	0
0	1
0	0
0	60
0	1109
1	3
0	396
0	0
0	0
0	147
0	0
0	0
0	97
0	26
0	7
1	945
0	0
0	0
0	0
2	8
0	0
0	2
0	0
0	136
0	56
0	77
0	1522
0	55
0	0
0	10
0	0
2	223
0	833
0	908
0	0
5	550
0	259
0	0
0	132
0	0
0	3
0	0
0	6
0	0
0	0
0	365
0	0
0	3365
0	0
0	0
0	143
0	0
0	0
0	0
0	450
0	0
2	0
0	0
0	0
0	2
0	9
0	10
0	7
0	0
0	0
1	0
0	43
1	1281
0	0
2	158
0	569
0	1642
0	6
2	0
3	680
0	0
4	238
0	0
0	57
0	11
0	159
0	0
0	7
3	169
0	42
0	0
0	4008
1	17
0	0
0	0
0	3
0	0
0	290
0	0
0	5
0	0
0	0
0	0
0	0
0	698
0	837
0	1002
0	0
0	20
0	0
0	5
0	0
0	0
1	1688
0	52
0	0
0	0
1	146
0	0
0	0
0	0
0	14
0	232
0	16
0	0
1	28
0	319
0	0
2	185
0	0
0	118
0	6
0	0
0	0
0	0
0	126
0	29
0	5
1	73
6	1059
0	0
0	0
0	0
0	0
0	0
0	93
0	1
2	5722
0	5
0	14
0	0
1	256
0	0
0	0
0	0
0	0
0	1
0	14
0	39
0	76
0	1
2	1
0	0
1	2
0	152
0	2
0	0
0	0
0	0
0	0
0	0
0	0
0	71
42	0
0	0
0	165
0	0
0	1
0	0
0	0
0	339
0	3
0	0
6	105
1	0
0	0
0	15
0	0
0	0
0	0
0	0
0	0
0	8
0	0
0	60
11	314
0	6
0	0
0	0
0	0
1	34
2	357
0	0
0	0
0	0
0	0
0	0
16	6
4	28
0	0
0	0
0	0
0	0
2	65
0	0
0	45
0	0
0	67
0	0
0	2
0	0
22	2509
16	833
0	0
0	231
9	3
0	0
0	106
0	172
1	0
1	0
0	157
1	43
0	0
0	0
0	0
0	33
0	4
0	220
0	0
0	0
2	189
0	280
0	0
0	0
3	48
0	4
0	0
0	166
0	203
0	0
0	0
0	0
0	0
0	235
0	0
0	0
0	4
0	2
0	0
524	350
1	197
0	5
0	1
33	545
0	0
0	0
0	0
0	0
0	0
0	0
0	34
0	0
0	0
0	0
0	0
0	275
0	6
0	0
0	68
0	1259
0	3
4	24
0	0
0	0
0	64
0	9
0	0
0	0
0	0
0	0
0	0
0	8
5	0
0	84
8	1
0	0
0	0
0	0
0	12
0	0
0	0
0	162
0	2
0	712
0	2
0	0
0	1944
0	589
0	0
0	0
0	0
0	2
0	0
0	2
0	0
0	243
0	0
2	0
0	0
0	0
13	0
0	157
0	139
0	0
0	9
0	0
0	0
5	2
0	0
0	0
0	0
0	251
0	0
1	50
0	3
0	0
0	0
0	0
0	0
0	225
6	5
0	190
0	0
0	6
2	371
2	144
0	0
0	0
0	52
0	0
0	0
0	103
13	0
98	0
1	0
0	0
0	0
0	3
0	0
0	3
0	0
0	0
0	0
0	648
0	4
0	219
0	0
0	0
0	41
3	3
0	41
19	17
4	579
0	0
0	344
0	0
0	0
0	0
0	0
0	1590
23	711
17	0
0	0
0	0
0	0
0	0
0	30
4	0
0	0
0	0
0	0
0	38
0	55
0	325
1	0
0	0
0	0
1	3
1	0
0	128
0	0
0	10
0	0
0	0
0	0
0	0
0	0
3	22
0	0
0	125
0	0
0	4
0	0
0	0
0	0
0	153
0	15
0	0
0	551
0	0
0	0
0	10
0	0
0	0
10	0
0	0
1	8
0	0
0	0
0	0
0	0
0	10
4	0
0	714
0	0
0	0
0	138
0	0
0	0
0	0
0	30
0	12
0	120
0	0
3	2150
0	129
0	64
0	0
0	77
0	1
0	0
2	14
0	0
0	2
0	1
4	0
0	62
0	0
3	567
0	45
0	253
0	1
0	0
0	55
0	225
0	0
0	650
0	0
0	727
0	37
0	93
0	11
0	0
0	37
0	216
0	64
9	21
0	0
8	714
0	0
0	155
0	0
0	0
0	0
0	1
0	4
0	0
0	0
0	0
0	0
0	2
0	794
0	0
0	211
0	0
0	0
0	0
0	20
0	99
0	94
1	2
0	37
0	0
0	9
0	217
0	0
0	0
72	1503
0	0
0	0
0	0
0	11
0	62
0	0
0	3437
0	0
0	58
10	680
0	0
0	0
0	0
0	0
0	0
0	0
27	273
0	0
0	0
0	0
0	98
0	3
0	65
1	136
0	1
1	139
0	0
0	0
0	36
1	0
0	0
0	0
0	1374
1	357
7	598
0	0
2	45
0	0
0	0
0	0
0	0
0	0
0	0
2	8
0	2
0	21
0	0
0	102
0	0
0	0
0	1129
0	0
0	0
0	0
2	191
0	0
0	1776
0	0
0	998
0	0
0	0
3	12
11	2
1	42
0	9
4	14
0	19
0	0
0	0
0	0
1	47
0	0
4	509
0	0
0	24
0	3
0	20
0	0
12	223
0	0
0	68
7	0
2	1
0	358
0	0
8	395
0	155
0	0
0	0
0	41
0	74
1	44
0	46
0	0
0	0
0	0
2	68
6	125
2	115
0	2
0	489
0	0
0	0
0	4868
0	48
0	0
1	8
0	0
0	0
0	0
0	0
0	5
0	0
2	244
0	0
0	396
0	0
0	0
0	0
0	0
0	0
0	118
0	233
0	16
0	0
0	0
0	0
0	3626
2	63
0	0
0	0
0	0
0	0
0	0
0	0
0	0
0	0
5	19
0	137
0	0
0	1
0	1
2	41
0	66
0	0
0	0
0	38
0	0
0	108
440	0
0	0
0	0
0	1
0	0
0	0
10	73
0	860
0	0
0	0
0	0
0	8
0	0
0	11
0	1
0	0
0	0
8	138
2	2175
0	0
0	0
0	0
0	998
0	0
0	0
0	0
0	0
0	0
0	0
0	0
0	0
0	6
0	0
0	0
0	0
0	11
0	0
0	0
0	103
0	27
0	0
0	0
0	70
0	0
0	0
0	60
0	0
0	0
0	9
0	21
0	1
0	489
0	0
0	28
0	0
0	0
0	1
0	3
0	0
0	15
0	0
0	29
0	0
0	0
1	0
0	614
0	0
0	231
0	16
0	0
0	0
0	0
0	0
0	257
0	5
0	0
0	250
0	0
0	1
0	21
0	0
0	0
0	0
0	21
0	0
0	140
0	8
0	0
0	300
0	15
0	0
0	67
0	0
0	0
0	15
2	0
6	0
0	8
0	15
0	93
0	18
0	77
0	284
0	325
0	0
0	0
0	769
0	0
0	1
0	0
0	17
0	52
0	1
1	1
1	829
0	51
0	0
0	136
0	114
0	0
0	0
0	314
0	0
0	0
0	710
0	4
0	0
0	2
6	0
0	57
1	26
0	29
0	2
0	3
0	0
0	3
0	0
0	0
0	147
0	25
0	526
0	0
0	0
83	0
0	563
1	51
0	0
0	0
1	3014
0	298
0	0
0	1
0	0
0	0
0	512
0	73
1	18
0	0
0	551
0	0
0	0
0	91
0	2
6	0
0	0
0	0
0	13
0	0
0	0
4	792
6	7
0	1
0	0
16	1539
0	0
2	24
0	118
0	68
0	0
0	11
0	0
0	0
0	0
0	0
0	0
0	1
0	1
0	0
0	16
0	0
0	0
0	0
0	21
0	0
0	0
0	0
0	0
0	0
0	6
0	94
0	0
0	1
0	182
1	2779
1	761
0	1
0	0
0	480
0	19
0	2219
0	74
0	0
0	149
0	18
0	3
0	62
0	0
0	0
0	40
0	0
0	30
0	0
0	0
0	23
0	8
0	42
3	313
0	0
0	257
1	10
0	0
0	0
0	1
0	0
0	0
0	41
0	0
0	151
0	0
0	269
0	5
0	0
0	0
0	0
0	2
0	131
0	21
0	1
0	0
0	0
0	0
0	0
0	0
0	0
0	143
4	8
0	0
3	17
1	1
0	0
0	1545
0	0
0	70
0	0
0	4
0	69
0	0
0	0
4	2
1	0
0	0
0	21
0	0
0	0
0	0
0	0
0	0
0	9
0	0
0	0
0	0
0	19
4	1
0	7
0	0
0	0
0	614
0	163
0	9
0	0
0	38
0	352
0	0
0	0
1	0
0	160
0	38
0	0
0	15
0	0
0	0
0	199
0	8
0	21
0	927
135	11272
0	11
0	0
0	14
0	0
1	233
1	206
0	0
0	0
0	220
0	124
0	0
0	0
0	1
0	5
0	0
1	40
0	0
0	0
0	0
0	0
0	0
0	0
1	0
0	0
0	1333
0	374
0	0
0	0
0	114
0	0
0	131
1	7374
3	0
0	0
0	0
28	1
0	16
0	0
0	161
0	2
0	0
0	2
0	2
1	379
1	1751
0	0
0	0
0	0
0	4
0	0
0	0
1	0
8	1171
0	2069
0	32
1	92
0	2
1	0
0	0
0	63
0	0
0	0
0	2
0	0
0	8
0	0
0	1
0	14
0	0
0	0
0	0
0	0
0	0
0	0
0	0
0	0
0	20
0	0
65	34
1	265
0	0
0	0
0	4
0	0
0	0
0	0
0	77
0	0
0	0
0	0
44	274
1	0
0	0
0	52
0	0
1	45
0	0
0	0
0	0
0	0
0	0
0	0
0	1
0	1
0	792
0	48
0	0
41	335
0	2
0	0
0	0
0	0
0	8
0	0
0	0
0	227
0	0
1	36
0	1
0	0
0	0
0	427
0	295
0	0
3	1943
0	149
0	805
0	0
0	0
0	520
3	43
0	0
0	0
0	0
1	467
0	0
0	0
0	0
0	0
0	57
0	0
0	0
0	18
2	677
0	179
0	0
0	297
0	0
0	18
0	0
0	12
0	0
0	11
10	134
0	77
1	31
0	1
0	0
0	112
0	0
0	129
0	0
0	0
0	106
0	4
0	58
0	0
0	0
0	18
0	0
0	1
0	0
0	0
0	0
2	0
0	0
0	10
0	0
0	6
0	0
0	0
0	20
0	0
0	1
0	0
0	0
0	0
0	0
0	2
0	1
0	3
0	1
0	1
0	13
6	0
0	0
0	0
0	0
0	0
0	0
0	0
0	0
0	1
1	82
0	0
0	5
0	0
0	0
4	88
0	0
34	2034
0	54
1	0
0	59
0	0
0	0
0	0
0	80
0	35
0	0
0	0
0	35
0	242
4	11
4	0
0	13
0	15
0	0
0	0
0	1
0	1
0	0
0	1
0	4
0	0
0	0
0	13
1	546
0	0
0	0
5	5
0	0
0	2
8	1
0	0
0	0
0	0
0	3
0	7
0	63
0	0
0	25
0	0
0	24
0	211
0	4
0	0
0	0
0	5
0	0
0	8
0	153
0	0
0	11
0	121
0	0
0	868
0	0
0	0
0	10
0	792
7	0
7	118
3	68
0	0
0	19
0	31
1	267
0	3
0	13
0	4
0	0
0	0
0	1706
1	18
1	1094
0	0
0	0
0	0
0	2
3	95
0	13
0	0
1	10
0	0
0	0
0	0
0	1
0	7
0	0
0	16
0	630
5	192
0	878
0	0
0	0
0	0
0	11
0	0
0	0
0	116
0	0
0	0
0	0
0	2
1	444
0	0
0	0
1	552
0	20
93	0
0	0
0	0
0	0
32	343
0	0
0	2
0	0
0	8
0	0
4	162
0	4
0	2
0	0
20	135
0	0
0	0
0	0
3	6
0	87
0	0
0	51
0	3
0	23
0	0
0	0
0	0
0	0
0	0
38	235
0	0
0	2
0	62
0	0
0	0
0	0
0	0
0	0
0	5
12	0
0	0
0	0
0	352
0	28
32	2618
0	0
0	0
0	174
0	119
3	8
0	0
0	0
0	0
0	0
0	0
0	0
0	1
0	0
0	542
0	147
0	0
0	5
0	51
0	413
2	0
0	0
0	179
0	0
0	0
0	5
0	0
0	50
0	12
0	1
96	0
0	41
0	0
0	68
1	605
0	20
0	0
4	1
5	0
0	0
0	0
0	1
0	0
0	175
0	0
0	51
0	429
0	0
0	0
0	0
0	0
0	0
4	42
2	1195
1	130
0	0
0	1
0	63
0	0
0	140
0	0
0	0
0	0
0	13
0	20
0	0
0	128
0	7
0	0
3	174
0	1
0	0
0	61
0	0
0	0
0	0
0	0
0	0
0	0
0	0
0	250
0	0
0	0
6	138
0	14
0	0
0	0
1	166
0	0
1	5
0	0
0	90
0	15
0	0
0	0
0	2
0	66
0	0
0	0
0	12
0	4
0	0
0	0
0	0
0	0
0	249
0	1775
0	0
0	1
30	4
0	354
0	0
0	1
0	0
0	0
0	13
7	266
0	0
0	0
0	1
0	1
0	0
0	0
0	0
0	0
0	0
2	26
0	6
0	0
0	264
0	0
0	0
2	509
4	0
0	0
0	9
1	770
0	0
0	0
0	84
0	1284
0	43
0	12
0	0
0	115
0	79
0	8
0	0
0	2950
0	0
0	4
1	42
0	0
0	0
0	168
0	0
0	686
0	18
22	66
24	31578
0	1
0	0
0	0
0	56
0	103
0	56
0	0
0	17
0	1432
0	0
0	0
7	81
0	0
0	23
0	0
0	0
0	0
0	2
0	2
0	0
1	33
0	225
0	1
3	813
0	0
2	89
2	7
0	0
1	57
4	9717
0	0
1	0
6	44
0	0
0	0
0	1
0	0
0	55
0	31
0	6
0	11
0	1
0	0
2	411
0	1
0	0
0	0
0	79
0	0
0	0
0	0
0	35
1	556
0	11
0	0
0	17
4	40
0	0
1	27
0	149
0	0
0	538
0	0
0	747
0	0
0	0
0	1
0	0
0	0
1	75
0	0
0	0
0	0
0	10
0	530
0	0
0	0
0	0
1	6
1	446
10	879
3	2951
0	0
0	0
0	1
0	0
0	2
1	136
0	971
0	0
4	171
0	0
0	4
0	3
0	167
0	33
0	0
0	63
0	0
0	0
0	0
0	640
0	0
0	12
0	0
0	0
0	0
0	0
11	26
0	7
0	4
0	0
0	1
0	0
0	0
0	77
0	0
0	0
0	36
0	0
0	0
0	0
0	0
0	0
0	0
0	0
2	81
0	0
0	0
0	0
0	91
0	32
0	148
0	0
0	80
0	7
0	22
3	947
0	216
0	1
0	43
0	1
0	424
0	0
0	0
1	456
0	0
0	0
0	0
0	0
0	0
0	0
0	0
0	25
0	0
0	0
0	0
0	0
0	0
0	13
0	0
0	5
0	0
0	0
0	0
0	0
0	0
0	0
0	0
0	0
0	6
0	0
25	934
0	3
0	0
0	88
0	0
0	0
0	0
0	25
0	0
0	13
0	0
0	0
0	2
0	9
0	0
0	55
0	0
0	0
0	54
0	0
0	812
0	0
6	0
0	0
0	0
0	6
0	101
0	0
0	0
0	12
0	76
1	0
0	208
0	38
10	6
0	8
0	0
0	242
0	1
0	0
0	274
0	0
0	2
0	0
0	0
1	211
0	0
1	0
0	72
0	0
0	12
0	2
0	0
0	29
0	0
1	89
0	0
4	98
0	0
0	8358
0	0
0	0
0	0
0	6
3	0
0	0
5	1661
5	266
1	16
0	0
0	0
0	32
0	1
0	0
0	0
0	596
0	0
0	21
0	6
0	312
0	0
10	1
0	0
0	1
1	0
0	53
0	12
0	0
0	0
0	0
0	4
0	0
0	0
0	0
0	3
0	0
2	26
0	0
0	0
213	229
0	76
0	0
0	0
0	3
2	8
0	3
1	75
0	0
0	1
0	152
0	0
0	0
0	0
36	11
0	0
0	0
0	0
0	359
0	0
4	1062
0	0
1	7
0	388
0	1
0	0
18	397
0	0
0	0
7	1
0	0
2	39
0	0
0	0
18	0
0	0
0	3
0	0
0	0
0	26
0	19
0	549
3	27
0	27
0	20
0	578
0	72
0	0
12	1245
0	0
0	0
0	0
4	795
0	0
0	30
0	0
0	0
0	0
0	0
0	189
0	2
0	0
0	5
0	0
0	95
0	0
0	136
0	0
0	130
0	0
0	0
0	68
0	0
0	0
0	5
0	31
1	81
0	0
0	79
9	283
0	0
0	129
0	0
0	0
0	34
0	0
0	110
0	0
0	0
5	341
0	0
1	153
0	0
1	94
1	5
0	0
0	0
0	0
0	64
0	0
0	55
0	381
0	4
0	0
0	0
0	18
0	0
0	80
0	4
0	0
0	0
0	56
0	0
0	541
0	93
0	0
0	0
0	254
0	31
0	0
0	0
0	0
0	13
0	0
0	0
0	683
8	693
0	23
0	0
0	810
0	0
0	0
0	258
1	0
0	0
0	0
0	0
0	3
0	0
41	96
1	793
0	0
2	52
0	0
0	2
0	0
0	0
0	1236
0	0
0	0
0	0
0	0
0	0
2	50
0	12
219	277
0	1
0	0
1	124
0	21
0	91
0	0
0	0
0	0
19	0
1	12
0	0
0	0
0	52
0	1
0	18
0	32
0	692
0	31
0	0
0	0
0	0
0	0
0	0
0	24
0	123
0	0
1	4
0	1
0	1
0	0
0	680
0	12545
0	0
0	1
0	169
0	73
0	3
0	2
0	0
0	0
0	5
0	0
1	83
1018	0
2	13
0	0
2	45
0	0
0	531
0	0
0	116
3	43
0	0
0	70
58	23
0	129
0	76
0	538
0	562
0	0
1	0
0	0
7	0
0	0
0	8
0	0
0	471
0	0
0	0
0	0
0	0
0	12243
0	51
0	0
48	5
1	3
0	0
0	0
0	2
0	2589
0	0
0	3
0	7
2	0
0	274
0	0
0	0
1	0
0	0
0	131
1	6
0	1219
0	0
1	64
0	35
0	5
1	0
0	0
0	53
0	0
0	5
0	29
3	520
0	0
0	308
0	0
3	95
50	131
0	0
0	0
0	0
0	0
15	51
0	19
0	5
0	0
0	0
0	0
0	0
0	55
0	36
0	0
0	473
0	8
0	187
0	0
0	0
0	0
0	1
0	0
0	1
0	0
0	223
0	2
17	28
0	9064
0	0
0	0
0	1
0	10
0	0
0	71
0	0
0	34
0	3
0	0
0	277
0	0
0	0
4	253
0	264
0	0
0	175
0	710
2	504
0	369
0	325
0	6
0	0
0	3
0	0
0	85
2	0
0	0
2	410
0	1
0	0
1	267
0	146
0	153
0	0
0	0
219	2554
0	0
9	78
0	121
0	0
0	1064
0	1
14	0
0	0
5	687
0	0
0	268
0	0
0	0
0	191
0	326
0	191
0	0
2	504
1	236
0	0
0	55
0	4
0	0
0	39
0	0
6	396
1	0
4	48
0	25
0	158
0	0
1	3347
0	172
0	0
1	10
0	0
12	5
1	0
0	1050
0	0
200	3069
4	121
0	0
16	7773
0	816
1	164
0	17
0	0
0	0
0	16
0	0
0	3
0	45
7	79
0	0
0	367
0	0
0	1
0	1104
561	462
0	1085
1	137
0	4
0	0
0	0
0	1038
0	5
0	1
0	0
0	1658
0	0
1	0
0	0
0	0
0	0
0	0
0	13
0	0
0	0
0	0
0	0
0	28
0	0
0	1805
0	1
0	0
10	6984
0	18
6	0
0	1427
59	206
0	0
0	0
0	0
0	14
0	163
0	0
0	33
0	650
0	90
0	0
0	37018
0	1
0	0
0	0
0	19
0	0
17	0
0	0
0	79
0	460
2	646
0	0
0	0
0	0
0	0
0	0
0	0
0	0
0	31
0	80
0	0
0	331
0	65
0	0
0	114
0	24
0	6
0	8
0	0
0	0
0	2
0	147
0	0
0	5
0	160
0	466
0	93
1	148
0	14
0	73
0	1174
0	23
0	0
0	0
0	17
0	0
15	124
0	0
0	0
0	0
14	17
0	13
0	322
15	1430
0	0
0	0
2	9
3	3
0	0
0	0
0	0
0	0
0	0
0	0
1	123
0	0
0	0
0	73
0	30
0	0
0	0
0	129
0	5
0	0
0	0
0	1
0	17
0	104
0	0
0	0
0	0
0	475
232	215
1	1327
0	1
0	162
4	0
0	0
0	2
0	100
0	0
0	2
0	172
0	368
0	16
0	56
0	0
0	89
0	4
0	0
0	0
0	0
0	0
0	1951
0	692
0	983
0	4984
0	453
0	0
3	34
0	46
0	2
0	0
0	0
0	156
0	0
0	154
0	4
0	0
0	142
0	4
0	0
0	5
2	2
0	27
0	0
0	25
0	105
1	16
0	0
1	0
0	0
0	458
0	0
0	0
0	56
0	0
0	0
0	18
0	70
13	233
0	0
12	84
8	0
0	0
0	34
0	0
0	17
0	0
0	829
0	0
0	0
0	1
0	0
0	0
0	0
0	0
6	236
0	10
5	0
0	0
1	217
0	0
0	0
0	134
0	6
0	0
0	0
0	464
0	24
9	327
0	0
0	0
0	0
0	34
0	347
0	0
0	0
0	620
0	0
481	0
0	50
0	0
0	0
2	121
0	0
0	0
0	0
0	0
0	0
0	0
0	7
0	0
0	139
0	2935
0	0
0	0
0	806
0	0
0	0
0	0
0	16
0	0
0	2
0	24
0	0
0	0
0	0
0	0
0	0
0	0
0	1
0	0
6	5
0	0
0	0
0	0
0	0
2	18
0	42
0	0
0	0
0	0
0	4
3	306
0	1
0	0
0	0
0	0
0	0
0	0
0	164
0	0
0	86
0	0
0	0
0	0
0	113
2	99
0	47
0	0
0	0
0	0
0	0
0	0
2	64
0	238
0	0
0	0
0	0
0	0
0	0
0	6
5	0
0	0
0	10
0	0
0	7
0	728
0	0
0	3
0	1433
0	0
29	0
0	11
0	0
1	625
0	0
0	0
0	0
0	3
0	1
0	0
0	33
0	0
0	1458
0	279
0	0
0	27
0	56
0	138
0	46
0	0
0	0
0	22
0	0
0	31
0	0
0	66
0	0
0	1
0	36
0	168
0	0
0	0
0	633
0	0
1	495
0	0
0	66
0	1
12	50
0	0
177	967
0	9
0	0
0	1
0	45
0	17
0	306
0	0
0	9
1	45
0	0
1	478
1	0
0	212
0	20
0	402
0	11
0	70
0	43
4	127
0	57
0	0
0	0
0	244
1	0
0	0
10	15
0	810
0	270
0	4134
0	68
3	100
0	0
0	73
0	13
0	0
0	122
0	0
0	0
0	79
0	277
1	0
37	3310
13	120
3	20
0	0
0	0
0	0
0	236
0	0
0	1
0	1897
2	0
0	0
0	0
0	251
0	7
0	0
0	9
0	0
0	8
0	0
0	938
0	0
0	20
0	0
0	0
0	0
0	0
0	11
0	0
0	0
0	780
0	0
0	58
0	0
0	0
0	1
0	8
0	10
0	112
0	0
0	166
0	0
0	0
0	0
0	266
0	0
0	25
0	0
0	0
0	0
1	392
0	0
3	23
0	0
0	2
0	0
0	0
0	1579
0	0
0	467
0	0
0	28
1	0
0	1
0	186
2	2
0	29
0	0
0	0
0	5
0	0
0	0
0	69
0	0
0	0
0	54
0	733
0	1
2	78
0	2
0	0
0	0
0	0
0	0
0	14
0	0
1	85
3	12
0	0
0	379
0	0
0	0
0	21
0	0
0	0
0	174
0	18
0	1
2	0
0	84
0	0
8	1
0	0
2	85
0	0
0	9
0	0
0	0
0	1895
2	20
0	1
0	1409
0	10
0	301
0	1
0	162
0	0
0	0
0	0
0	0
0	327
0	263
0	0
0	0
0	14
0	0
0	268
0	0
14	14
0	63
0	0
0	0
0	31
0	7
0	0
0	0
0	0
3	17
0	0
0	30
0	5268
0	15
0	2186
0	23
0	921
0	1
0	28
0	55
0	0
0	0
0	0
4	766
0	0
1	53
1	0
0	0
0	7
0	1
0	1058
0	0
0	0
43	822
0	5
0	0
0	1
0	0
1	3
0	0
0	0
1	0
0	8
0	0
0	0
0	19
0	1
0	435
0	2
2	132
3	924
0	290
0	0
0	42
0	0
0	39
0	0
0	0
0	0
6	205
0	0
0	0
0	0
0	0
0	0
0	0
0	0
0	0
2	0
0	135
0	0
0	0
3	0
16	7
0	216
3	3
0	4
0	0
4	2
0	2
0	0
0	0
3	31
0	5
0	997
0	0
0	0
0	0
1	462
0	1
0	0
0	0
12	272
0	0
4	41
0	0
0	11
0	0
0	17
0	0
15	2318
0	0
1	60
0	0
0	0
2	4
0	3248
0	2
0	76
0	10
348	13600
0	0
0	5
0	31
0	0
0	0
3	113
0	0
0	1
0	313
0	0
0	0
0	0
0	0
0	4
1	257
0	142
0	444
0	0
4	2
0	0
0	0
2	2
0	0
0	86
0	55
0	0
0	0
3	1
88	0
0	44
0	19
0	4
0	0
0	52
0	0
0	49
1	64
0	606
10	65
10	1589
0	0
0	2754
0	0
0	89
959	4018
0	0
0	0
0	189
0	0
0	0
1	0
0	0
0	0
0	24
0	753
0	12
0	221
0	0
0	0
0	0
0	0
11	6
0	183
0	9
0	0
0	0
0	140
0	3
0	0
0	0
0	0
0	0
0	0
0	0
0	102
1	22
38	333
0	0
0	766
0	0
0	177
0	1448
0	0
1	1181
1	0
4	540
1	8
3	69
0	0
0	1
0	11
10	65
0	0
0	0
0	0
0	0
0	0
5	0
3	0
0	470
7	0
0	0
0	0
0	0
3	30
0	31
0	0
0	0
0	0
0	110
0	0
0	0
0	0
0	0
0	0
0	0
0	0
0	29
32	16829
0	3
0	0
0	2
1	0
0	20
0	0
0	0
0	0
19	2
0	0
183	362
0	1
0	1
0	0
0	47
0	0
0	0
2	1945
0	8
0	565
0	0
0	0
0	26
0	88
0	7
0	0
0	90
0	19
0	0
0	217
10	4
7	16
0	90
0	1
0	1
0	0
0	0
0	0
0	168
0	338
0	3
0	0
0	0
0	0
0	465
4	641
0	0
0	76
0	0
0	0
0	0
419	26
0	0
5	173
0	73
0	220
0	0
0	0
3	74
0	0
0	63
0	90
0	3
0	0
0	542
0	13
0	0
0	0
2	190
0	0
0	19
6	172
0	312
0	0
0	57
0	80
0	0
1	145
0	0
0	583
0	0
1	2
0	0
0	0
0	0
0	3
0	0
0	4
0	270
0	0
0	69
0	0
0	46
0	1705
0	0
0	0
0	0
0	0
1	0
0	0
0	0
0	13
0	0
0	0
0	0
0	1
0	30
0	0
0	0
0	9
0	170
0	125
0	6
0	0
0	0
0	7945
0	0
0	0
0	7
0	0
0	0
0	8
0	959
0	6
0	125
0	0
0	26
0	28
0	0
0	0
0	0
0	0
0	4
0	22
0	1
0	0
0	0
0	126
0	15
0	955
0	0
0	0
0	0
3	159
0	0
0	4
0	0
7	499
0	0
0	0
0	69
0	0
0	237
0	0
0	0
0	0
0	1
0	54
0	0
0	3
0	0
0	0
0	0
0	0
0	29
1	0
0	38
0	100
0	466
9	1640
0	20
0	0
4	1
1	635
0	0
0	4
0	3
0	8
1	0
0	0
0	5
0	12
0	0
0	0
3	586
2	0
0	51
0	18
0	0
0	0
14	1259
0	2
0	0
9	10
0	1
0	0
0	0
0	0
0	0
0	0
0	0
0	29
0	0
0	0
0	3
0	6
2	805
1	31
0	0
0	26
0	0
0	0
0	39
1	0
0	1304
0	0
0	0
0	0
39	172
0	0
0	0
0	0
0	0
0	0
0	94
1	224
0	0
0	0
0	3
0	0
0	0
0	0
0	0
1	23
0	0
0	0
0	59
0	1
0	1
0	3
0	17
0	117
0	0
0	0
2	0
0	0
1	0
0	21
0	3
0	0
0	0
0	1
0	0
0	45
0	0
0	0
0	0
0	0
0	35
0	16
0	10405
0	60
9	0
0	4
0	10
0	9
2	93
0	0
0	0
0	0
0	0
0	0
0	103
0	61
3	107
0	0
10	11
0	0
0	0
0	231
0	0
0	0
1	247
0	0
14	1370
0	0
0	174
0	0
0	14
1	185
0	38
0	0
0	0
1	118
8	0
6	939
0	1
0	0
1	45
0	0
0	87
0	0
0	0
0	0
0	0
0	0
0	0
0	0
0	0
0	0
0	0
1	1231
27	810
0	195
0	0
0	291
0	1769
0	0
0	4
0	87
2	4
0	0
10	6
0	0
0	70
0	194
0	0
1	68
0	0
0	0
0	11
1	0
0	0
0	0
3	33
0	0
0	0
0	0
0	0
0	0
0	187
0	1
0	1
1	169
1	894
0	0
0	0
0	1
2	58
0	0
0	0
0	0
62	93
0	0
0	5
0	0
0	0
0	0
0	0
0	312
0	0
0	3
0	1105
0	229
0	0
14	2
0	0
1	117
0	0
0	0
0	0
0	0
0	54
0	0
0	0
0	0
1	41
0	55
0	3
0	6
0	13
0	0
1	4
0	0
0	0
0	0
1	288
5	562
0	18
0	4
0	0
0	0
0	0
1	0
0	0
0	0
0	0
2	1
0	0
0	1
0	110
0	0
5	0
0	0
0	113
0	0
0	0
0	7
0	0
0	0
0	0
0	0
0	0
0	2
0	13
0	0
0	98
0	21
3	274
0	0
0	0
0	0
0	0
0	0
0	388
2	0
0	0
0	0
13	7160
0	0
0	318
0	12
0	0
0	0
0	0
0	0
0	0
1	180
0	0
0	1
3	204
0	0
0	0
34	45
0	66
0	0
0	1
0	0
0	0
3	89
0	0
0	0
0	92
0	29
0	43
0	239
0	0
0	62
0	6
0	0
0	0
0	315
0	0
0	6
1	0
0	3
0	0
0	13
1	4677
4	854
0	51
0	15
0	0
0	13
0	0
0	0
0	0
0	3
0	0
0	0
0	0
0	0
0	1
0	46
0	0
0	0
0	0
0	71
0	0
0	0
0	8274
0	0
0	0
0	17
0	0
0	0
0	0
0	5546
0	4
0	7
0	0
18	395
1	135
0	226
0	0
27	4
0	0
0	0
0	0
0	28
0	10
0	8
0	0
0	0
0	0
0	0
0	0
0	0
0	3
0	0
0	0
0	0
0	2870
0	0
0	73
0	244
327	307
0	12
0	54
0	0
0	252
0	0
0	0
0	0
0	8
0	0
0	9
1	696
0	0
0	0
0	0
0	2
0	1
0	0
0	0
0	0
0	176
0	121
0	0
0	0
2	26
0	1
0	1583
0	0
0	0
0	0
0	0
0	0
0	948
0	0
0	2219
1	0
0	0
0	0
0	117
0	0
0	2
0	0
0	608
0	0
0	830
0	0
0	2
0	0
0	399
0	0
0	204
0	0
0	0
0	2
0	0
0	0
0	0
0	0
0	0
0	55
0	0
0	1923
0	1
1	61
10	28
0	520
0	7
0	462
0	1097
0	292
0	1
0	961
0	0
0	18
0	0
0	0
0	3710
0	0
0	7
0	0
53	238
3	185
0	0
0	25
0	0
0	0
0	0
0	0
0	0
0	0
0	0
0	0
0	0
0	0
0	0
1	26
0	0
0	1
0	0
0	73
0	0
3	0
0	1
16	2422
0	54
0	2
0	0
0	123
0	337
0	0
0	7
0	325
1	1
0	10
0	0
0	0
0	4014
0	0
0	0
0	282
0	29
0	11
0	0
0	0
0	0
1	128
0	62
0	0
1	167
0	299
1	0
0	45
0	0
3	126
0	0
0	15
0	1
0	58
0	74
0	0
0	106
0	1
0	1
0	0
0	0
0	0
1	0
0	78
0	0
0	0
0	0
0	0
0	0
3	80
0	0
0	440
0	16
0	0
0	17
0	41
0	0
0	2
0	0
0	25
0	0
0	25
0	0
0	0
0	0
0	0
0	0
0	0
0	0
0	0
0	0
0	134
0	0
0	67
0	0
0	0
0	0
0	773
0	0
0	18
0	0
0	0
0	0
0	109
1	95
0	0
0	0
0	933
0	0
0	30
0	8
0	2
0	0
0	0
0	415
0	0
0	1
0	1
0	0
0	0
0	0
0	23
0	27
0	0
0	0
0	1
0	0
0	0
3	1
0	494
34	47
0	24
0	0
0	1
0	889
0	0
0	0
0	0
0	488
0	0
1	86
0	412
0	0
0	12
0	146
0	0
1	0
0	1
0	2113
0	65
0	0
0	9
0	15
0	0
0	8
2	30
0	0
0	0
0	9
0	0
0	36
0	1
7	76
0	44
0	0
0	409
0	192
0	45
8	0
0	291
0	52
0	90
1	129
0	0
1	0
0	0
0	0
0	0
0	95
0	29
0	0
160	7
0	0
0	0
0	30
0	0
1	0
0	0
0	259
1	2
0	47
0	0
0	0
0	1574
0	53
0	0
0	0
1	213
0	0
2	0
0	0
0	0
0	0
0	9
0	0
0	0
2	63
0	0
0	0
0	0
0	0
0	0
0	150
0	1
0	0
0	187
0	0
0	0
0	0
0	12
0	0
0	859
0	0
0	0
0	2
0	0
0	2
1	10
0	123
0	0
1	1069
0	222
2	1189
0	71
5	82
0	3
0	0
0	0
0	672
0	0
0	0
5	348
0	0
0	0
0	0
0	0
10	160
0	0
0	0
0	183
0	84
0	0
0	4
0	0
0	0
0	0
0	0
0	1
0	0
0	0
0	0
0	0
0	276
2	0
0	0
0	45
0	0
0	0
0	0
0	0
0	0
0	0
1	4
0	0
0	0
0	0
0	0
0	0
1	1167
0	0
0	4
0	0
0	5
0	0
0	0
1	243
0	0
0	0
0	160
0	7
0	0
1	51
0	0
0	65
0	4
0	0
0	0
1	0
0	0
0	0
1	71
0	0
0	19
0	0
162	217
0	0
0	50
0	212
0	206
0	0
0	0
0	9
0	1
0	0
0	0
0	45
3	594
0	3903
0	0
1	498
2	39
0	11
0	6
0	0
0	0
0	82
0	0
0	43
0	33
0	103
0	0
0	49
0	0
0	0
0	43
0	1
0	0
0	3
6	16
0	187
0	0
1	0
0	0
0	0
0	400
0	31
1	23
0	206
0	0
0	0
13	700
0	0
0	0
0	206
0	9
0	8
0	0
0	557
0	8
0	11
0	41
0	613
0	1
1	227
0	9
0	65
4	407
9	100
8	1644
0	0
0	62
0	65
0	152
0	0
0	6
0	26
14	0
0	0
6	0
0	1
0	13
0	0
0	32
0	0
0	0
0	0
1	356
0	0
1	6
0	6
0	0
0	0
0	0
0	720
0	0
0	0
0	0
0	3
0	0
0	2
0	0
0	0
0	140
1	38
0	0
0	5
0	0
0	1
0	0
0	0
5	1060
0	100
0	0
1	0
0	0
1	0
0	0
0	41
5	1360
0	0
0	0
0	4
0	0
0	39
0	0
0	0
0	0
2	13
0	136
0	3
0	0
0	62
7	67
6	27
0	0
9	130
0	20
0	0
0	207
0	0
0	371
0	178
0	0
1	99
0	197
0	0
0	114
0	113
0	139
1	0
0	0
0	144
0	106
1	287
0	28
0	0
0	0
0	27
0	0
0	237
0	0
1	116
0	90
3	395
0	11
0	0
0	8
0	0
0	0
0	76
0	0
0	0
0	0
0	2
0	736
0	1
0	0
1	28
0	221
0	23
0	27
0	0
1	1024
0	0
2	370
0	100
0	12
0	1
0	485
0	460
0	0
0	6
0	0
0	1
0	8
0	0
5	315
0	0
0	0
0	0
0	34
0	61
0	1
2	4
0	56
0	28
0	0
0	82
0	288
0	0
0	27
0	0
0	0
0	2
0	499
0	43
0	0
0	13
0	0
0	195
0	0
0	27
0	13
3	0
0	0
0	36
0	6
4	108
0	28
0	0
0	21
0	35
0	133
0	0
0	1152
219	143
0	2
1	17
0	0
0	0
0	72
27	654
0	103
0	0
0	0
0	0
0	181
0	0
0	0
0	175
0	33
0	0
0	0
0	0
0	4
0	0
2	0
0	101
0	0
0	6
0	0
1	206
0	0
0	0
0	83
0	0
0	0
0	0
0	0
0	7
0	77
0	127
0	111
0	269
0	0
2	1582
0	9
0	0
0	0
0	0
0	29
0	5
0	0
0	0
0	0
0	0
1	59
1	10
0	496
2	300
0	0
0	3
0	0
0	422
1544	968
0	258
0	0
0	61
0	0
0	0
0	1147
0	2
0	0
0	0
0	0
4	147
0	0
0	0
0	0
1	48
0	74
0	0
0	35
0	0
0	361
0	0
0	159
0	0
0	0
0	0
0	1
0	3
0	0
1	0
0	0
0	0
2	347
0	258
0	23
0	6
0	0
1	219
0	0
0	0
0	13
0	0
0	291
0	112
0	0
0	727
4	74
0	0
0	19
0	0
0	549
0	0
0	0
0	50
0	6
0	0
0	0
0	0
0	1
0	0
0	0
0	0
0	23
0	0
0	0
0	0
0	334
0	0
0	0
1	19430
0	458
0	0
0	0
0	0
0	0
0	0
0	932
0	11
1	0
0	7
445	214
0	0
0	18
0	248
0	43
0	1
0	0
0	29
0	0
0	5
0	0
0	59
0	0
0	1328
0	1
0	120
0	0
0	28
0	1
3	326
0	12
1	0
0	0
0	0
0	0
0	1
0	1
0	322
0	0
0	0
0	0
0	0
0	36
0	72
0	3
153	271
0	64
3	43
2	2
0	0
0	0
0	0
0	0
0	0
0	0
0	0
0	0
0	631
1	10
0	10
0	1
3	675
0	709
0	28
0	0
0	0
1	14
0	0
4	0
0	37
0	0
0	0
0	0
0	311
1	31
0	2289
0	0
0	0
0	81
0	9
0	1133
1	320
0	1460
0	0
8	217
0	0
0	0
0	0
0	0
0	0
0	689
50	645
0	3
0	0
0	0
0	70
0	0
0	0
0	2
0	0
0	0
0	2
0	10
0	99
0	7
0	0
0	9
0	27
0	0
0	0
0	0
0	170
0	0
0	0
0	0
0	0
0	0
7	181
0	4
0	0
0	15
0	773
0	0
0	101
0	0
0	0
0	0
0	433
0	0
0	26
0	0
0	0
1	20
0	1
0	0
0	0
1	119
0	0
0	0
0	836
0	31
0	25
0	0
0	882
0	47
0	0
0	510
0	418
0	7
0	0
0	0
0	0
0	0
0	0
0	46
14	2335
0	0
0	215
2	0
0	0
0	28
5	82
0	0
2	13
0	492
0	0
0	0
0	0
0	0
0	0
2	439
0	0
0	0
0	0
0	0
0	0
0	3
0	276
0	0
1	0
1722	1240
0	0
0	0
0	0
0	8
0	1957
0	0
0	0
0	0
0	0
0	0
0	8
0	0
0	97
1	75
0	0
0	0
7	13
0	908
0	0
0	0
0	482
0	913
0	2
0	0
0	0
21	495
0	32
0	7
0	0
0	8
0	0
0	164
1	56
0	6
1	419
2	641
0	0
0	0
0	0
2	67
0	0
0	280
0	13
0	0
0	0
0	0
1	269
0	6
29	5
0	2
7	3263
0	0
0	146
0	92
6	354
0	0
0	180
0	0
1	61
0	0
0	0
0	0
0	0
0	1
0	8
0	0
0	38
14	89
0	237
0	217
0	0
340	1452
0	1
6	343
0	0
0	121
0	41
1	871
0	0
70	1361
0	818
0	341
1	1500
0	0
0	0
3	0
0	0
0	0
0	0
0	0
0	0
0	2790
0	0
0	2
0	157
0	0
0	2
0	933
0	34
0	0
0	137
0	7
0	3
0	386
0	7
0	0
0	0
0	20
0	23
0	0
0	1
0	1
213	889
0	79
10	5
0	0
0	6
0	0
0	3
0	0
0	0
0	0
0	39
0	902
0	829
0	0
0	791
1	0
0	0
0	0
0	112
0	346
0	0
0	8
0	0
1	40
0	53
0	74
0	0
1	519
0	21
0	0
0	13
2	93
2	12
0	0
8	368
0	53
0	862
0	0
0	0
0	6
0	1
0	5
0	0
0	14
0	0
0	0
0	66
513	0
0	0
0	0
1	0
0	0
0	66
0	0
0	0
1	943
0	12
0	238
0	0
0	0
0	102
0	0
0	0
0	0
0	18
0	135
0	0
0	2
0	6
0	1316
0	0
0	6
0	0
0	0
0	230
1	3
0	0
0	0
0	0
0	22
0	2
12	50
0	0
0	0
0	412
0	0
0	0
0	0
0	0
0	0
0	0
0	0
0	0
5	3
6	72
0	0
0	392
1	3
0	26
0	0
0	52
0	1
0	0
15	685
0	0
0	0
0	0
0	0
0	4
0	11
9	184
0	0
0	0
21	2
0	43
1	4
0	0
0	0
0	0
0	30
0	0
0	0
0	2
0	0
0	32
0	0
0	0
0	0
0	0
0	142
0	0
0	0
0	2614
0	1
0	0
0	0
0	4
4	544
0	20
0	6
2	948
0	263
0	0
0	429
1	0
5	0
0	0
8	0
0	48
0	0
12	92
1	63
0	0
0	4
0	0
0	0
0	2689
0	28
0	939
0	26
2	0
0	0
0	0
0	0
0	0
0	576
0	0
0	0
0	0
0	0
0	0
0	0
0	135
0	301
0	725
0	0
0	31
1	40
0	0
0	0
0	3
0	0
0	2
0	0
0	0
0	0
0	0
0	78
1	49
0	9
0	46
0	0
11	26
0	0
0	0
6	436
0	239
0	0
0	0
7	0
0	0
0	0
0	0
0	0
0	20
0	1
0	0
0	0
0	10
0	2
1	1435
0	0
0	16
0	0
0	0
0	309
0	5
0	26
1	47
3	0
0	0
0	29
0	34
0	0
1	1
0	33
0	0
0	2
0	52
6	1
0	0
0	0
0	0
0	0
0	40
0	0
0	0
0	0
0	2
0	0
0	0
0	0
0	0
0	1915
0	175
0	1
0	0
0	0
0	5
0	0
0	0
0	223
0	2
0	5
0	0
0	0
0	63
0	0
4	0
0	139
0	12
0	0
0	28
0	520
0	0
2	5
0	0
0	0
0	0
0	0
0	24
0	40
0	101
1	3
0	1
0	0
0	1
0	0
0	0
8	196
0	0
0	23
0	0
0	186
0	0
0	0
0	0
0	25
0	0
0	0
0	0
0	0
0	0
0	2
0	0
3	1097
0	0
3	0
0	0
0	67
0	0
0	0
0	0
0	0
0	10021
0	1124
2	54
0	0
0	0
1	0
1	398
0	0
0	0
1	34
0	0
0	0
73	0
0	21
1	4
0	16
2	3
0	0
0	0
2	4
0	0
0	0
0	0
0	2
15	282
0	0
0	462
0	19
2	1094
0	25
0	0
0	3
0	11
0	0
0	9
1	234
0	0
0	28
0	0
0	25
0	0
0	0
0	61
0	0
0	0
4	1007
0	48
0	0
0	0
0	0
0	0
0	7
0	0
0	1
0	0
0	1
0	0
0	14
0	0
0	0
0	0
0	0
0	150
0	0
0	0
0	0
3	137
0	53
0	0
0	0
0	0
1	9
7	155
0	0
0	0
4	103
0	107
0	0
0	0
0	0
2	0
0	0
0	91
1	296
0	0
0	0
0	0
0	1
0	0
0	0
15	0
0	2072
0	0
0	0
0	0
0	241
0	0
0	2
0	0
0	0
0	89
7	215
0	0
32	2230
0	0
0	0
0	0
0	0
0	0
0	0
0	0
0	0
0	0
0	0
0	1
0	0
0	2
237	12305
0	0
0	656
0	1
0	0
1	0
0	29
0	0
0	3
0	0
1	0
0	0
0	2
0	0
870	46
0	0
0	37
0	64
0	0
0	0
0	280
0	0
0	0
0	0
5	379
14	59
11	167
0	218
0	105
0	1465
0	330
0	0
0	118
0	0
0	0
0	0
0	71
0	0
0	0
0	0
0	0
0	0
0	65
25	16
0	5
2	823
0	0
0	10
11	387
1	12
0	141
0	7
0	0
3	1
0	0
9	0
0	0
0	65
1	271
0	31103
0	0
0	0
0	13
0	165
0	0
0	0
0	0
0	0
0	1848
0	0
0	0
0	2
0	1
0	0
0	0
1	329
0	2
0	0
0	0
1	624
0	320
7	6
0	0
2	7
0	0
0	0
0	1
0	0
0	0
0	0
0	0
0	0
0	0
0	0
0	0
1	1
0	1
0	0
0	0
183	125
0	0
22	173
0	1002
0	0
0	157
0	322
1	4
0	0
0	0
0	34
0	67
0	0
0	0
0	354
0	0
0	553
0	0
0	113
14	3914
0	0
0	0
0	0
0	0
0	1
0	0
0	3
0	211
0	245
0	0
0	1
0	0
0	140
0	0
3	52
0	0
0	0
0	0
39	939
0	71
0	0
0	0
0	138
0	5
0	0
0	77
0	0
0	0
0	1
0	36
3	152
0	0
2	0
0	0
0	0
14	318
0	0
0	0
0	50
0	0
0	0
0	69
0	0
0	0
0	0
0	516
0	1
0	0
0	0
0	0
0	0
0	0
0	24
0	0
2	1
0	1
0	0
0	7
0	0
0	0
0	0
0	5
0	21
0	0
0	0
0	20
0	0
0	0
0	4097
0	0
0	284
0	0
1	143
0	0
0	622
0	1212
0	0
0	0
0	0
0	0
0	9
0	0
2	229
21	83
11	0
0	1
0	0
0	0
0	0
0	0
0	0
0	0
3	3
0	252
0	0
0	0
0	0
0	0
0	39
0	0
1	24
0	38
0	10153
0	0
0	1
1	0
0	77
0	0
0	0
0	0
0	0
1	6335
0	485
1	100
0	0
40	1048
0	0
0	0
0	0
0	398
0	8
0	32
6	0
0	0
1	215
0	0
0	0
0	1
0	21
0	0
0	0
0	706
0	0
0	18
0	67
0	0
0	176
0	19
11	3
0	24
0	62
1	140
0	0
7	7
0	0
0	0
0	0
0	0
0	0
0	15
0	436
0	215
0	0
28	440
0	0
0	787
2	1
0	65
0	0
0	9
0	0
1	2
0	0
0	0
8	148
0	0
1	176
0	32
1	0
0	16
0	7
0	0
0	0
1	202
0	374
0	0
0	0
0	1
0	0
0	0
0	0
1	79
0	19
0	1
0	0
0	4
8	180
0	0
0	30
0	341
0	0
0	73
4	1366
0	0
0	0
0	80
0	103
0	1876
0	0
0	26
0	0
4	365
0	10
0	8433
0	37
0	0
0	0
0	0
2	1619
0	0
0	0
0	0
0	0
0	0
0	300
0	1
0	0
0	229
1	28
0	0
0	0
0	80
0	0
0	0
0	3181
0	0
0	627
7	629
0	74
0	0
0	0
0	0
0	2
0	0
0	28
0	0
0	0
0	2
0	0
1	1218
0	0
0	0
0	386
2	219
0	1
0	29
0	0
0	0
1	1
0	0
0	0
6	62
0	0
0	0
0	21
0	502
2	7
0	0
2	2
0	212
0	359
0	0
0	3
0	0
0	0
0	0
0	0
0	29
0	462
0	131
0	135
0	0
0	0
0	0
0	0
1	37
0	48
0	0
27	741
0	4
0	0
0	0
0	13
2	185
2	19
0	0
0	13
0	0
0	0
0	8
0	0
0	0
0	20
0	6
0	0
5	322
0	0
0	266
0	0
0	15
0	0
0	0
0	0
0	57
1	0
0	31
0	0
0	0
0	31
0	0
0	0
0	1
0	0
0	0
0	645
0	2
0	0
0	0
2	0
0	0
12	13907
6	351
0	5
0	0
0	117
0	0
0	6
0	814
0	0
0	25
0	0
0	0
0	177
0	0
0	1274
0	0
0	0
3	391
0	0
0	0
0	527
1	60
0	3
0	0
19	42
0	0
1	168
0	0
370	717
0	0
0	0
0	0
1	1
0	250
0	0
0	0
4	61
0	0
0	0
1	133
1	11
0	0
1	9
1	18
0	461
0	0
3	33
0	0
0	0
0	0
0	0
0	0
0	0
18	626
0	0
0	0
0	2
0	13
0	0
0	189
0	0
0	0
0	25
0	0
0	411
0	0
3	654
0	0
0	1
0	286
0	0
0	0
0	0
0	0
0	11
0	5
1	0
0	4
0	0
0	0
5	0
0	0
0	0
0	0
0	0
0	44
0	130
0	0
0	0
0	0
0	0
2	0
1	0
0	0
0	0
0	29
0	0
0	326
0	1
0	3
15	79
0	0
0	28
3	2
0	1
0	430
0	1
42	10
0	4
0	0
0	3
0	0
0	648
0	0
0	1085
0	3
1	51
0	0
98	53
0	771
0	84
0	0
0	402
0	23
0	0
0	0
0	0
0	0
0	21
0	0
0	0
0	0
0	375
0	0
0	0
0	0
2	8314
0	0
0	86
0	0
0	0
0	66
0	0
0	0
0	86
0	0
0	0
0	0
0	0
2	112
0	0
0	0
0	0
0	0
0	46
0	0
0	1
0	0
4	0
0	13
0	19
0	0
0	0
0	0
0	0
0	0
0	0
0	0
0	0
0	0
0	0
0	0
0	0
0	89
0	477
4	11
0	0
0	0
2	0
0	1327
0	42
0	1
0	20
0	321
0	0
0	0
0	496
0	62
0	42
0	0
0	0
0	0
0	0
0	0
0	22
6	149
0	330
0	424
0	0
0	85
0	6
0	61
0	0
0	0
0	16
0	0
0	0
0	0
0	0
0	10
0	0
0	0
5	0
0	0
0	838
0	0
0	113
0	0
0	265
0	0
1	323
0	289
0	0
0	0
0	1
0	0
0	0
3	104
0	4
0	13
0	0
5	0
15	0
0	0
0	26
0	0
0	0
0	0
0	0
4	1189
0	8
0	0
0	0
0	0
0	0
0	0
0	11
0	1
0	221
0	0
0	0
0	236
18	720
0	58
0	26
0	29
0	0
0	0
0	0
0	0
1	0
0	42
0	0
0	0
0	84
0	1
2	476
0	36
0	0
0	0
0	0
1	70
0	16
0	0
2	21652
0	22
0	0
0	2
0	0
0	0
0	3
4	183
0	3
0	30
0	0
0	0
0	0
0	0
0	292
0	0
1	340
0	43
5	8
0	23
0	0
0	0
0	2
0	0
0	0
0	0
7	31
0	0
0	0
3	202
0	0
0	0
0	0
0	0
0	0
0	11
2	14
0	0
0	0
0	287
0	0
0	1
0	0
0	0
0	35
1	0
0	0
0	122
0	1
0	12
0	65
0	33
5	60
0	0
0	0
0	1
0	1733
0	0
66	0
1	405
0	0
0	0
0	4
0	549
0	0
0	1
0	1
2	86
0	8
0	0
0	0
0	0
0	0
0	789
1	531
0	0
0	600
0	6
0	0
3	0
0	2
0	0
0	0
61	930
0	0
0	4
0	0
0	12
0	268
0	0
0	0
0	0
0	0
3	17
0	0
0	44
0	0
0	293
0	3
0	0
0	46
0	0
0	2
0	0
10	2
0	0
0	0
30	6
0	0
0	11
0	46
0	0
0	112
0	0
0	0
0	4
0	0
0	22
0	0
0	1817
0	0
0	661
0	0
0	0
0	0
1	0
0	33
0	0
0	33
0	0
0	0
0	0
0	0
0	66
0	1
0	0
0	50
0	25
0	0
0	4
5	106
0	0
0	38
0	0
0	0
0	37
0	0
0	43
0	0
0	78
0	15
0	0
0	0
0	3
0	0
4	74
1	12
1	134
0	79
0	29
0	0
0	1615
0	0
0	0
0	0
0	61
0	0
0	69
0	1954
0	0
0	917
0	0
3	6
0	0
0	1114
2	0
0	14
0	17
0	6
0	303
0	151
3	1
0	0
0	114
0	59
0	0
0	58
0	0
0	5
0	0
0	36
0	1679
0	1398
0	1
0	3
0	0
0	0
0	0
0	0
0	0
0	0
0	0
0	0
0	0
0	32
0	143
0	0
0	0
4	12669
0	0
0	640
0	0
0	0
0	4
0	103
5	11
0	0
0	29
2	1
0	0
0	0
0	339
0	15
0	0
0	14
0	0
0	0
0	0
0	0
0	0
0	0
0	9
0	0
0	0
0	12
0	185
3	0
1	0
0	3
0	0
0	0
0	0
0	0
0	30
0	0
2	0
0	0
0	6
0	0
0	0
0	294
0	3
0	0
0	0
0	186
0	0
0	7
0	0
1	6
0	57
0	0
0	0
8	386
0	0
0	0
0	0
0	37
0	91
0	3
0	0
0	0
1	0
0	3
0	112
0	1
0	740
0	0
0	0
0	3
74	1
0	6
0	19
0	0
0	0
0	253
0	28
0	0
0	0
0	0
0	0
0	0
0	240
0	0
0	0
0	0
0	0
0	52
0	0
1	312
0	257
0	0
0	39
3	364
0	0
0	309
0	0
0	0
0	39
0	0
0	0
0	1
0	19
0	0
0	0
0	5727
0	5
9	0
0	0
0	31
0	15
0	0
0	0
0	0
0	0
0	0
0	5
0	0
0	186
5	0
0	66
0	0
0	2
0	1
0	0
0	1485
0	2
0	0
0	696
0	0
0	10
0	0
0	17
0	0
0	522
0	0
0	0
0	28
2	1
0	0
0	0
0	268
0	0
0	17
0	1
0	1
0	0
0	0
0	632
0	0
51	1863
0	0
0	3
0	0
0	65
0	0
0	33
0	0
7	464
1	19
0	1313
0	0
0	0
0	0
0	6
0	0
0	2273
0	44
1	39
0	0
0	57
0	494
0	1
0	5
0	0
0	0
0	46
0	0
1	186
0	0
1	0
0	8
0	0
0	224
0	1555
0	0
0	0
0	144
1	2
0	0
5	8
0	916
0	0
3	27
18	0
0	3
0	1
0	244
0	388
0	0
0	28
0	0
0	0
0	0
0	0
0	311
45	54
9	0
0	0
0	0
0	1
0	29
0	0
1	2
0	0
0	0
0	20
0	0
3	9
0	0
0	204
0	9
0	119
1	63
0	0
0	0
0	164
0	0
0	0
23	240
0	0
0	0
3	1386
0	0
0	0
0	37
0	0
0	0
0	0
0	0
0	17
0	6
0	1
0	190
4	179
17	329
0	409
0	0
0	18
1	243
0	0
0	8
0	2
2	222
0	1925
0	0
0	49
0	31
0	0
0	0
0	0
0	0
0	821
0	0
0	0
0	55
0	0
0	0
0	8
0	733
0	1
0	0
0	0
0	57
0	344
0	60
0	0
0	0
0	0
0	13
0	0
0	44
0	339
0	0
0	0
0	0
0	10
2	8
0	465
11	0
0	0
0	724
0	51
0	0
0	0
0	39
0	54
0	2
0	14
0	1
0	357
0	35
0	53
0	2
0	0
0	1
0	0
1	24
0	0
0	0
0	180
0	1
0	0
0	0
0	0
0	5
0	0
0	12
0	0
0	104
0	0
0	171
0	0
0	0
0	0
0	0
0	0
0	0
1	56
0	357
0	0
0	7
0	56
0	231
0	1
2	1079
0	0
0	2283
0	0
0	0
0	8
0	0
0	51
2	28
0	0
0	0
1	0
0	1212
0	65
0	0
2	415
0	0
0	0
0	0
0	0
0	0
0	0
4	58
0	0
0	0
0	0
0	0
5	0
0	17
0	0
0	0
0	334
0	37
0	60
0	63
0	68
1	1
0	1
0	1
0	0
0	0
0	93
0	0
0	366
0	0
0	1
0	0
4	16
0	15
0	0
0	0
0	0
0	97
0	15
0	0
0	127
0	1219
1	5
0	0
0	891
0	32
0	0
0	0
0	0
2	18
0	182
0	28
0	0
0	19
0	0
0	0
9	241
1	0
0	20
0	20
0	31
0	72
0	20
0	1
0	0
0	0
5	982
0	0
0	0
0	220
0	0
0	0
0	0
0	0
0	19
0	0
0	195
0	0
0	95
0	0
0	163
41	53
0	78
1	376
0	0
0	0
0	0
12	641
0	0
0	7
0	0
2	70
0	0
0	1
0	0
0	0
0	610
0	0
0	0
0	0
0	0
0	7
0	0
0	133
0	0
0	77
0	0
0	0
2	15
0	0
0	18
0	273
0	487
0	0
0	4
0	0
0	0
0	0
0	0
0	0
0	34
0	0
0	0
0	0
0	0
0	0
0	39
0	1
0	0
0	294
1	267
0	7
0	0
0	3
0	0
0	0
1	0
0	101
0	0
0	0
6	1
0	0
0	0
0	0
0	0
1	0
3	0
0	35
0	6
0	0
0	0
0	220
33	379
0	3
0	0
0	0
14	0
0	258
0	0
0	0
0	50
0	0
0	345
0	0
0	15
0	0
0	0
0	0
0	285
0	0
0	1326
0	0
0	0
113	69
0	0
0	0
0	0
0	0
0	0
0	18
0	0
0	18
0	46
0	0
0	1
1	3392
0	0
0	0
0	26
0	4
0	102
0	17
0	0
1	1
0	0
0	0
2	1
0	0
10	202
0	0
0	0
0	0
0	6
0	6
0	0
0	0
0	663
0	0
0	0
0	0
0	9
0	0
5	112
0	4
0	0
1	262
0	91
0	0
2	2
0	0
0	0
0	1974
0	1
0	0
0	6
0	0
0	0
0	0
0	0
0	0
0	0
0	0
0	0
0	0
0	0
0	0
0	278
0	0
0	0
0	0
0	0
0	0
0	0
0	111
0	450
0	22
0	196
0	0
0	0
1	495
1	288
0	874
0	0
1	0
0	39
0	135
0	7
0	576
0	0
0	282
0	0
0	3
0	0
0	0
0	94
0	8
4	42
0	0
1	356
0	0
0	222
0	0
0	0
0	0
0	0
0	44
0	2
0	0
1	101
0	3
0	1
0	0
0	1061
0	0
1	23
0	0
0	0
0	0
0	0
0	71
0	84
0	94
0	0
0	25
1	0
0	6750
0	0
0	0
0	0
0	0
0	17
0	2
0	27
0	8
0	0
0	0
0	0
0	0
0	160
0	12
0	6
3	96
0	3
0	0
0	21
0	0
0	0
0	412
0	0
0	8
0	0
0	0
0	100
3	4
0	0
0	0
1	0
0	0
0	0
16	547
4	0
0	0
0	0
1	8
0	726
0	0
0	0
0	0
0	0
0	5
0	10
0	0
0	50
0	1
0	0
0	0
0	1
0	6
4	1
70	98
0	687
0	0
0	0
0	254
0	4115
0	0
0	460
0	0
0	6
0	17
0	0
0	0
0	1039
0	0
0	0
0	27
0	5
0	167
0	0
0	0
0	0
0	0
0	0
0	53
0	0
0	0
0	15
0	0
0	0
0	102
0	0
0	0
1	15
0	0
5	60
0	0
0	54
0	28
0	0
0	0
1	47
0	5
0	0
1	70
1	6
0	0
0	0
0	0
0	672
0	0
0	0
0	893
0	1
0	73
0	0
0	0
0	0
0	0
0	1
0	0
0	1
5	823
0	4
0	0
0	2
0	30
0	0
0	9
0	233
0	0
0	0
1	9
0	396
0	12
0	0
0	2411
0	0
0	8
0	0
0	438
0	0
0	0
0	0
0	0
0	0
1	6
0	0
0	0
0	0
0	2
0	0
4	0
0	17
0	0
0	0
0	52
7	1272
0	24
0	0
0	85
0	0
0	0
0	196
0	125
0	0
0	0
0	2
0	9
0	39
0	66
0	0
0	370
0	845
0	928
0	0
0	147
0	2948
0	0
0	0
3	218
0	0
0	1
0	0
0	0
0	168
0	2
0	0
5	8
0	0
0	0
0	1814
0	0
0	0
0	0
1	0
0	31
0	0
0	0
1	354
2	1
0	0
0	0
0	0
0	0
0	0
0	0
0	0
0	9
0	0
0	145
0	0
0	0
3	3
0	232
0	767
0	46
0	134
0	0
0	33
0	0
0	218
0	22
0	0
2	262
0	3
0	54
0	0
0	0
5	869
0	0
1	0
0	96
0	0
0	9
2	355
0	0
0	0
0	0
0	0
3	22
0	7
0	38
3	404
0	0
0	435
1	4
0	0
0	4
0	8
0	0
0	2
0	501
0	10
0	1481
0	1
0	0
0	0
0	1
0	0
0	25
0	0
0	9
1	10639
0	0
0	0
0	0
2	17
0	0
0	0
0	0
5	145
0	0
0	1
0	0
0	2
0	30
492	1110
0	0
0	242
0	0
0	1
0	0
0	0
0	48
0	0
0	0
0	27
0	0
0	11894
0	46
0	29
0	21
0	0
0	325
112	195
0	0
0	0
0	0
0	4
0	203
0	0
0	0
3	1
0	0
0	0
0	0
7	13
0	0
0	0
0	239
0	1
0	16
1	1472
2	9
0	41
0	0
0	1
0	33
1	229
19	9
0	0
0	0
0	0
0	82
0	2
0	0
0	0
0	0
0	0
0	0
1109	768
0	0
0	608
0	0
0	0
0	2612
0	0
0	205
0	0
0	330
3	18
0	18
0	632
0	0
0	0
0	1
0	52
0	1
0	8
0	6
0	0
1	8024
0	10
0	0
0	0
0	5
0	81
0	0
0	0
0	6
0	468
0	1
0	776
0	0
0	0
0	0
0	0
0	0
0	819
3	46
1	0
0	0
0	0
2	39
0	0
3	18
0	0
2	1
0	392
0	0
0	68
0	102
0	0
0	0
0	0
0	2
0	0
0	11
7	299
0	510
1	784
0	0
0	4
0	0
0	0
0	0
0	5
0	0
0	448
1027	286
0	70
0	97
0	0
0	31
1	22
9	1069
0	0
0	5
0	1664
0	0
0	53
0	0
0	1
13	10058
0	2274
22	1764
0	0
0	0
0	0
0	0
0	103
0	2
0	1
0	0
0	0
0	12
0	1
1	1
0	0
0	2
0	43
0	0
0	1482
0	318
0	0
0	1
0	0
0	105
0	0
0	0
0	0
0	0
0	0
0	0
0	0
0	54
0	0
0	393
0	507
0	0
0	13
0	0
0	0
0	4
0	0
0	0
0	0
53	82
7	19
0	0
0	134
0	445
0	0
0	0
0	11
0	0
1	7
0	0
19	16
0	142
0	0
0	0
0	0
0	0
0	1171
0	0
1	23
0	0
0	0
0	1641
0	0
0	0
21	160
12	390
1	225
0	0
0	1
0	3
0	0
0	0
0	0
0	0
10	3431
0	2
0	0
0	0
0	257
0	1146
0	0
0	0
0	0
0	468
0	0
0	1
0	221
0	88
0	75
0	0
0	0
0	5
0	0
0	0
0	752
0	629
1	20
0	0
0	0
0	0
1	0
0	0
0	90
5	0
0	232
0	382
0	7
0	3
0	21
3	0
0	0
0	5
0	0
0	0
0	0
0	0
0	1
0	4
0	1
0	0
0	394
0	0
0	330
0	9
0	0
5	22
0	0
0	0
0	1
0	31
38	388
84	0
1	38
0	4
0	0
0	0
0	0
0	78
1	30
0	0
2	366
0	12
0	0
0	0
0	0
0	0
1	742
0	0
0	2
18	0
0	15
1	5
0	6
1	1
3	101
0	0
0	16
0	0
1	1
0	0
0	0
0	7
1	0
0	3
0	1
0	0
330	528
0	5
0	1240
0	0
0	647
0	8
0	0
0	838
0	523
1	953
0	0
0	0
0	1
0	0
0	0
0	16
0	0
0	274
0	46
0	0
0	20
0	843
0	510
0	1214
0	193
0	0
0	0
0	18
0	34
0	0
0	0
0	0
0	0
0	209
8	1
0	144
0	0
0	0
0	0
0	3
0	1
0	0
12	0
0	1
0	0
0	0
0	1872
0	1
0	0
0	23
2	6
0	0
0	0
32	36
0	0
0	0
0	218
0	23
2	1
0	0
0	0
0	0
4	156
464	966
0	225
0	1436
0	12
0	0
0	7
0	0
0	0
0	0
0	0
0	0
0	95
0	0
0	12
0	5
2	0
0	0
0	0
0	0
0	0
0	196
0	0
1	599
0	0
1	9
0	0
0	2
10	330
0	141
0	0
0	0
0	20
0	0
0	0
0	0
0	0
0	191
0	10
0	0
1	62
0	0
0	8
0	27
0	0
0	0
0	0
0	0
0	7
0	0
0	0
0	0
0	227
0	0
0	2
0	0
0	0
0	16
0	0
0	287
0	246
0	0
0	13
0	0
0	0
6	138
0	3
0	0
1	2
0	0
3	189
15	0
0	17
0	40
0	12
3	5
0	0
0	437
0	152
0	151
1	9
0	0
0	1
0	10
0	67
0	0
0	0
0	7
0	212
0	0
0	0
0	0
1	0
0	0
0	0
1	8
0	1611
0	8
0	175
0	0
0	0
1	29
0	0
0	0
0	12
0	0
1	14
0	244
0	0
0	0
0	0
0	0
0	6
0	2
0	1
0	89
0	0
0	0
0	0
0	0
137	27
0	141
0	0
0	0
0	0
2	0
0	3
0	94
1	245
6	99
0	2
0	2
0	3
0	125
0	118
0	0
0	0
0	0
0	29
0	0
1	89
0	158
0	33
0	5
0	0
0	0
0	0
0	0
0	0
0	0
0	0
0	0
35	75
0	0
0	750
0	0
0	0
0	10635
0	265
0	57
0	117
0	0
0	0
0	0
0	46
0	226
3	114
9	129
0	0
1	46
0	74
0	3240
0	4
0	0
0	0
0	0
0	0
0	41
0	0
0	0
0	0
0	10
0	0
1	0
0	0
10	31
0	20
0	4
0	261
0	459
0	632
0	0
0	0
1	7
6	583
0	0
0	154
0	0
1	32
0	0
0	62
9	6
0	0
0	0
0	0
0	3
1	6
0	0
1	299
0	0
0	0
2	1178
0	0
0	98
0	0
0	0
0	151
0	0
0	6
0	8
0	0
0	0
0	103
8	0
0	0
0	0
0	0
0	573
0	2
13	0
13	166
0	0
1	780
0	0
0	0
0	0
0	0
0	0
14	0
0	0
0	0
0	0
0	0
0	0
0	100
0	0
0	126
0	0
0	0
0	0
1	0
3	730
0	1
0	0
0	7
0	40
0	514
0	0
0	106
0	50
0	285
0	0
0	0
0	396
0	13
0	1
10	363
0	0
0	0
0	0
0	590
0	377
2	71
0	551
0	0
0	151
0	0
0	5
1	0
0	0
0	1
0	0
0	0
0	0
0	549
0	0
0	0
0	0
0	9
0	0
0	0
0	3
0	2
0	197
0	0
0	9
0	0
0	32
0	1
0	3
0	0
0	0
0	0
3	0
0	9
0	0
0	0
0	0
0	7
0	0
0	0
0	3
0	290
0	1428
0	26
0	0
3	2
0	2
0	0
0	0
0	210
0	341
0	91
0	280
0	0
0	0
1	8
0	0
0	0
0	0
0	0
0	0
0	0
0	0
0	0
0	0
0	0
0	27
0	446
0	0
104	547
0	182
0	0
0	0
0	0
0	0
0	106
0	0
0	95
0	0
1	0
0	0
3	1
0	0
2	103
0	0
55	10121
0	115
0	1
0	232
2	74
0	22
0	0
0	0
0	0
0	0
0	442
0	10
0	19
0	1
0	312
0	345
0	55
0	0
0	0
0	7
1	651
0	0
0	0
0	0
0	0
0	0
0	0
0	0
0	0
0	59
0	0
0	262
0	12
0	0
0	3772
0	137
0	182
0	0
0	0
1	17
0	0
0	0
0	0
0	0
0	0
0	485
0	0
1	18
0	0
0	0
0	0
0	0
0	0
0	0
0	74
25	1307
3	0
0	7
0	86
0	0
60	271
0	38
0	0
5	36
0	0
0	417
0	0
0	1
0	0
0	0
0	22
2	0
0	0
0	4
0	0
0	52
0	0
0	0
0	341
0	111
0	23
7	192
0	41
2	191
0	0
0	0
0	0
5	0
0	0
0	0
0	0
0	1980
0	855
0	25
0	0
1	9
0	14
0	0
0	0
0	0
0	215
0	0
0	0
0	0
0	219
0	0
0	0
0	0
0	0
0	0
0	44
11	5
0	356
0	8
0	0
0	0
0	0
0	0
0	0
0	0
0	1
0	0
0	0
0	0
0	0
1	451
2	0
0	968
0	0
3	0
1	437
0	2070
0	0
7	14
0	0
0	0
0	519
0	116
0	0
0	206
1	0
0	0
0	1312
0	885
0	0
0	0
0	0
0	4371
0	0
0	0
0	0
2	1024
0	0
0	99
0	0
1	1243
0	516
16	117
0	0
1	19
0	0
0	363
1	75
0	0
0	0
0	24
0	0
0	50
0	0
0	2
29	2902
0	0
0	0
0	6888
110	176
0	168
8	280
0	509
0	0
0	0
0	0
0	257
4	0
0	19
0	0
0	0
0	2
0	0
1	0
7	10222
0	0
0	163
0	0
0	273
0	0
2	122
0	0
0	0
0	0
0	0
0	0
9	173
2	0
0	557
0	0
0	0
0	0
0	0
8	1759
0	0
0	0
0	557
0	0
1	59
0	0
0	64
0	0
0	1533
0	116
0	1
0	23
0	0
0	13
0	0
29	53
0	0
0	0
0	293
0	47
1	40
0	1
0	166
0	0
0	0
1	10
0	31
0	0
0	774
0	407
0	18
1	38
4	18
0	0
0	11
0	1
0	137
0	0
0	1
0	0
0	0
0	0
0	0
0	0
0	0
0	4162
0	57
0	510
1	990
0	0
0	0
0	5
4	374
0	22
0	0
0	1583
0	0
0	778
0	0
0	59
0	12
0	0
0	5
0	0
0	55
0	0
0	5
0	233
0	0
0	27
0	190
0	0
0	0
0	1
0	0
0	12
0	56
0	13
0	4
0	15
0	403
0	0
2	199
0	0
0	191
0	0
0	18
0	0
0	2
1	1674
0	0
0	0
1	602
1	0
0	33
0	3
1	1701
6	21
0	0
1	256
0	8
0	7
0	105
0	0
0	0
0	0
0	234
0	0
0	0
0	0
0	42
0	0
0	0
10	11
0	198
0	1
0	0
99	251
0	0
0	34
0	0
0	0
0	16
0	0
0	51
0	0
0	3
0	149
0	2
0	0
0	0
0	27
0	0
0	3
0	6
1	26
0	0
0	0
0	9945
0	19
0	3645
0	14
0	1
8	1016
0	1
0	0
0	0
1	15
0	4
0	0
0	0
0	0
0	94
0	0
0	285
0	0
0	0
0	0
0	0
0	0
2	5
0	50
0	0
0	77
0	0
1	549
1	93
0	0
1	2066
0	0
0	6
0	0
0	0
0	11
0	0
2	343
0	0
0	0
0	17
0	0
0	0
0	0
0	0
0	0
0	13
0	0
1	21
0	0
974	3358
0	0
0	123
0	0
0	0
0	127
0	0
0	0
0	0
0	0
0	0
0	0
0	0
0	62
0	0
0	56
0	0
0	0
0	359
0	0
0	0
2	148
0	0
0	3891
0	0
0	0
0	0
0	18
0	0
0	0
8	34
1	283
0	0
0	0
0	0
0	0
3	14
0	0
0	0
0	324
0	0
0	36
0	0
0	0
0	198
0	6
0	188
0	5
0	0
0	0
0	1
0	35
0	3
0	0
0	0
0	2
0	0
0	0
0	0
0	3
3	1
0	8
0	0
4	72
0	5
0	0
0	18
0	0
0	51
0	245
0	0
0	0
0	15
0	0
0	806
0	0
0	29
0	0
2	315
0	0
0	0
0	0
0	4802
4	1216
0	0
0	0
0	0
0	344
0	0
0	0
0	0
0	1459
0	0
0	0
2	78
2	162
0	0
0	73
0	0
0	10
0	0
1	249
0	10
1	55
0	0
0	0
0	1
0	20
0	0
0	3
0	368
0	1
0	29
0	25
0	0
113	643
0	2
0	0
11	269
0	1539
0	0
0	150
0	0
0	0
0	0
0	1
0	0
0	0
0	90
0	35
0	1234
0	4
0	0
0	0
1	79
0	7
0	92
0	0
9	295
0	0
0	0
0	64
0	0
2	216
0	22
0	0
0	0
0	0
0	15
2	0
0	717
0	0
0	0
0	0
0	189
0	0
0	1
0	0
0	0
0	0
1	17
0	82
0	24
0	0
0	0
0	56
0	0
0	0
0	0
1	1
0	1
0	0
0	0
0	209
0	0
0	0
0	0
0	11
0	0
0	1
0	0
0	805
0	0
0	0
0	0
0	0
0	95
0	31
0	116
0	1
0	1
7	146
0	0
0	461
0	0
0	0
0	107
0	0
0	0
0	0
0	3133
874	0
0	0
0	565
0	0
0	0
0	37
0	0
0	0
0	0
0	122
0	1
0	0
0	134
0	0
0	1
1	273
3	1
0	14
0	0
0	0
4	261
1	0
0	0
0	2
0	0
0	562
1	251
0	0
1	0
0	0
0	0
2	4
0	4
0	392
0	50
0	0
0	0
0	862
0	1
0	0
0	22
0	0
0	7
0	1
0	0
0	3
0	193
0	70
0	1
0	0
0	0
0	1612
0	0
1	0
0	419
10	3487
0	0
0	4
0	0
0	0
0	31
0	26
0	0
0	0
1	0
0	0
1	104
0	28
0	0
0	0
0	0
0	0
0	1
0	0
0	141
0	1
0	84
0	1
0	0
1	87
0	0
0	0
0	1473
0	0
0	0
0	2
0	244
0	0
0	171
0	71
0	0
0	0
0	6
0	18
8	1224
0	27
0	0
0	0
0	20
0	0
0	0
0	9
0	97
1	143
0	0
0	3
0	3
1	176
0	1
0	20
0	107
0	0
0	0
0	301
0	88
0	69
0	0
0	6
0	0
0	1
0	0
0	10
0	18
9	190
0	0
0	0
0	0
0	0
0	0
0	0
0	227
2	0
0	0
0	0
0	1
0	0
0	0
0	0
1	15
0	84
0	95
0	479
0	0
0	7
2	1
1	663
0	0
0	562
0	0
0	2780
38	623
0	0
0	0
0	0
0	4
0	289
0	0
0	0
0	0
0	17
1	4
0	0
0	73
0	6
0	0
0	5
3	14
0	390
0	0
0	0
0	204
0	0
0	0
0	0
0	0
0	0
0	3
0	85
0	0
0	16
1	802
0	1
0	626
0	0
32	743
0	0
0	0
0	0
0	0
0	0
0	41
0	1
0	55
0	0
0	15
0	99
0	0
0	44
210	582
0	3
0	196
0	538
0	0
1	396
0	0
0	144
0	0
0	1
0	0
0	0
3	0
0	0
0	0
0	740
0	120
0	0
0	0
0	61
0	0
0	18
0	0
0	733
0	0
0	1
0	0
0	380
0	39
2	46
0	0
0	0
0	0
0	0
0	0
0	0
0	0
2	52
0	2224
5	14
0	0
0	721
0	0
0	0
0	0
0	70
0	0
0	0
0	0
0	0
0	35
1	473
0	1
2	959
0	0
0	0
0	445
0	0
0	18
3	0
0	0
3	606
0	148
0	1525
0	28
0	0
0	171
0	21
1	73
0	0
0	0
3	23
0	0
0	1
0	151
0	0
0	63
0	0
0	0
1	0
1	41
0	178
0	0
10	1827
0	0
2	83
0	0
0	0
3	139
0	0
0	6
0	0
0	8
0	1
0	0
0	0
0	0
0	0
0	0
0	0
0	0
0	0
0	0
0	0
1	0
0	43
0	0
0	2
0	0
0	2
0	0
0	0
1	0
0	0
0	2
1	271
0	9
0	477
0	0
3	2
0	0
0	1
0	0
0	132
0	0
0	0
0	443
0	0
0	0
0	0
0	0
0	1
0	0
0	0
0	2
0	50
0	29
0	13
0	52
0	0
0	67
0	1
0	0
0	443
0	0
0	40
0	3
0	1
0	0
0	0
0	0
0	46
0	0
0	0
0	605
0	0
0	6
0	0
0	630
1	67
0	0
0	10
0	1
0	0
0	36
13	73
0	338
0	57
0	0
2	302
0	0
0	0
1	0
0	121
0	627
0	0
0	0
0	98
0	0
0	651
0	175
0	28
0	5
1	81
0	0
0	10
0	19
0	13
0	24
0	0
0	0
0	0
0	113184
0	0
0	0
59	31
0	264
0	5
0	0
0	0
0	162
3	310
0	82
0	309
0	0
0	4
0	119
0	2132
0	0
0	0
0	0
0	0
0	0
1	0
0	0
1	227
0	94
0	0
0	0
0	10
0	6
4	0
0	0
3	574
0	0
0	0
0	6
0	0
1	0
0	0
0	0
0	2
0	0
0	50
0	0
1	1
0	0
0	0
1	56
0	0
0	0
0	1
0	0
0	1
0	0
0	0
1	0
0	0
0	52
0	0
1	7
0	0
0	0
0	0
0	380
1	836
0	465
0	0
4	4
0	0
0	0
0	3
0	18
0	0
0	0
0	0
0	61
0	0
0	0
0	0
0	4
0	0
0	0
0	50
0	53
0	0
0	0
0	0
0	0
0	0
0	128
1	262
1	15
3	1288
0	0
0	0
1	65
0	0
0	5
0	0
0	1757
0	984
0	180
0	0
0	12
0	0
0	0
0	0
0	6
1	7
0	0
0	0
0	1
0	0
0	19
18	0
0	267
0	0
0	0
0	44
0	2
0	0
28	0
1	3
3	0
0	4
0	0
14	287
12	41
0	0
0	0
0	0
0	2
98	754
0	0
2	225
0	237
0	29
1	0
0	15
0	597
0	0
0	0
0	0
0	0
0	0
0	18
0	0
0	479
3	57
0	0
0	59
1	0
0	36
1	851
0	0
0	0
4	9
0	5
0	11
0	0
0	17
0	0
0	0
0	0
37	209
0	0
0	0
2	0
0	246
2	16
0	4
8	3
7	10
0	3
0	2569
0	289
0	13
0	0
20	80
0	2
0	0
0	0
1	196
0	0
0	0
0	0
0	0
0	10
0	0
0	28
0	424
0	18
1	0
0	1054
2	78
0	710
0	0
0	0
0	0
0	72
0	0
0	63
0	1232
1	0
0	0
60	934
0	0
0	5
0	4
0	0
0	148
0	21
0	0
0	0
0	240
0	0
0	0
0	0
0	40
0	0
0	59
0	0
0	0
5	219
0	0
2	21
0	144
6	171
0	0
0	127
0	253
0	0
0	481
0	0
0	0
0	1075
0	0
0	0
0	0
0	0
0	0
0	6
1	31
0	69
0	0
0	245
0	0
0	0
1	309
13	27
0	225
0	0
0	0
0	0
0	10
0	0
2	0
2	0
0	0
2	0
0	1
0	0
1155	824
0	8
206	45
0	2
0	0
0	74
1	372
0	0
1	33
0	0
0	1
0	0
0	0
13	219
0	482
0	612
1	0
5	99
0	0
0	40
0	0
0	655
2	0
0	14
0	30
0	0
0	447
1	0
12	893
0	91
0	0
0	1
6	5
0	0
0	0
0	13
0	0
0	20
0	21
0	56
1	133
0	0
0	0
0	265
0	18
2	0
0	10
0	92
1	150
3	119
0	0
2	102
0	0
1	33
0	0
0	0
0	0
0	0
0	0
0	0
0	245
0	7
0	0
0	281
0	0
0	100
0	0
0	4
0	78
14	0
0	0
0	0
0	0
0	177
0	0
0	1
0	11
0	0
0	0
0	8
0	46
0	7
0	0
0	0
0	4
0	7
1	45
0	0
5	1555
0	0
0	0
0	2
0	7
0	0
0	70
0	0
0	3
2	333
0	0
0	30
0	0
0	11
1	0
0	0
0	0
0	10
0	0
0	3
1	11
0	1
0	0
0	0
1	0
0	2
0	3
0	0
0	18
0	0
0	0
0	0
0	0
0	0
0	0
0	0
0	0
0	0
0	0
0	98
0	0
0	5
0	0
0	0
0	0
1	0
0	54
0	0
1	0
52	6
0	0
0	0
0	0
0	0
0	19
0	0
1	165
1	292
0	0
1	1821
0	0
0	1379
0	0
0	1
3	0
0	15
0	1
0	40
0	233
1	633
0	0
0	549
0	0
1	311
0	9
0	373
0	0
0	3
5	708
0	0
0	6
0	24
0	0
0	72
0	0
0	0
3	68
0	1
0	163
4	2106
0	15
4	12043
1	0
0	51
0	6
0	11
0	0
0	12
0	0
0	8
0	200
0	0
0	0
0	0
0	8
0	3
0	0
0	38
0	0
5	10
0	0
0	0
0	0
0	1
0	14
0	0
0	0
0	0
0	341
0	0
343	1665
5	4397
0	0
0	0
0	26
0	0
0	0
0	0
0	525
0	0
19	1975
0	0
0	0
0	0
0	0
0	793
0	1
1	4653
0	0
0	0
0	0
0	0
0	0
0	80
67	84
0	7
0	0
0	99
0	0
0	0
125	166
0	0
0	0
0	0
0	103
0	126
0	0
0	0
0	2
0	0
0	0
4	283
0	38
0	158
0	190
0	0
11	25
0	0
0	0
0	0
0	195
0	5
0	0
0	0
0	0
0	27
0	35
0	3
0	1215
0	86
0	0
46	12
0	0
311	269
0	0
0	321
0	141
7	1427
0	0
0	0
0	0
1	0
0	11
0	0
0	151
0	0
3	28
12	382
11	33
1	0
0	0
0	0
0	0
0	11
0	0
0	31
0	0
0	115
654	3024
0	0
0	0
0	2
0	0
0	0
0	1
0	93
0	9
0	0
0	0
0	0
0	6
0	0
0	0
0	0
0	23
0	0
0	0
0	0
0	0
0	257
0	0
0	7
0	13651
0	0
1	0
2	61
0	0
0	338
2	0
1	167
0	0
0	0
0	1
0	0
0	0
0	148
1	75
0	1
0	0
0	0
0	1115
0	660
1	8
0	530
0	1
3	0
0	0
0	0
0	0
0	2
0	2
0	122
0	0
0	0
0	59
0	8
0	0
0	269
0	2
0	0
0	0
0	58
0	0
0	0
36	7
0	35
0	5
0	0
0	0
0	0
0	0
0	161
2	35
0	0
0	0
0	92
1	54
0	218
3	1026
0	353
0	0
0	0
0	0
0	4
0	0
0	0
0	0
0	0
0	5
0	0
0	17
0	0
0	117
0	0
0	79
2	1
1	0
0	8
10	20
0	49
14	131
0	0
0	0
0	2
0	260
0	0
0	28
0	233
0	0
0	65
0	2
0	748
0	0
0	0
0	7
0	0
0	0
0	0
0	0
1	351
0	0
0	0
0	0
0	170
0	532
0	451
0	0
0	0
6	121
0	1
0	0
0	0
0	0
0	41
0	0
0	145
0	0
0	18
0	206
0	84
0	0
0	0
0	0
0	0
0	224
0	0
0	2863
0	2001
1	6
0	0
0	0
0	0
0	115
25	147
0	5
0	3
0	0
0	0
0	0
0	1
0	0
0	0
30	23
0	0
0	892
0	0
0	0
0	0
0	0
0	0
0	37
6	145
0	0
1	8
0	184
0	0
0	0
0	0
0	173
1	79
0	852
0	525
0	0
0	0
1	43
1	1081
0	0
0	39
0	35
0	755
0	7
1	4
0	0
0	0
0	0
0	0
0	0
0	0
0	0
0	0
2	8
1	94
0	1
1	455
0	80
0	0
0	379
0	0
0	0
1	405
0	0
0	9
2	167
0	0
0	0
0	0
0	0
1	15
0	46
0	0
0	3
0	0
0	0
0	464
0	121
0	0
0	0
0	0
0	1022
0	0
0	0
0	106
2	1
5	311
2	79
1	195
13	675
10	0
0	524
0	0
2	9
0	11
0	166
0	0
0	0
0	8
0	0
0	0
0	3
0	0
0	204
4	65
0	0
0	0
0	3
0	0
0	216
0	0
0	0
0	0
8	43
0	0
0	189
0	0
0	296
0	0
0	0
0	0
0	0
0	0
1	59
0	0
1	0
0	0
0	0
0	2
0	2697
0	5
0	9311
0	0
1	582
0	162
0	32
0	0
0	0
0	17
0	0
0	0
0	0
0	1
0	10
0	8
1	32
0	0
0	94
0	0
1	1049
0	808
0	0
3	12
0	0
0	0
0	98
0	3429
0	0
0	0
0	0
0	0
0	0
0	0
1	2
0	282
0	0
0	125
0	378
0	92
0	0
0	0
0	47
1	77
0	1
1	214
0	0
0	6
0	487
2	188
0	150
0	0
0	0
2	3200
0	25
0	183
0	0
0	0
0	0
0	0
0	29
0	0
0	96
0	3
0	0
0	0
0	29
0	0
0	0
21	67
0	0
0	0
0	0
0	0
0	0
0	80
0	5
1	28
0	8
1	9
0	1
0	0
0	2
0	0
0	40
0	0
0	0
0	75
0	0
0	0
3	0
0	693
0	0
0	0
0	17
1	32
0	1
0	0
0	0
0	0
0	0
0	0
0	3
0	170
0	0
0	0
0	0
0	0
0	0
0	0
0	0
0	0
0	19
2	216
0	1
6	80
0	0
0	85
0	23
0	0
0	21
0	4
0	0
4	1239
0	0
0	0
0	2
0	10
0	0
0	0
0	0
0	0
0	0
0	0
0	0
0	5
12	31
2	20
18	0
0	10
0	0
0	0
0	37
14	541
0	1
0	0
0	1062
0	0
0	3
0	0
0	20
0	75
0	0
0	341
0	3
0	412
0	457
0	0
0	0
0	0
0	480
0	1168
0	0
0	0
0	0
0	0
2	278
0	0
0	0
0	0
0	0
0	43
0	0
6	0
0	0
123	624
0	4922
0	4
0	5
0	0
0	247
0	0
0	0
0	225
0	91
0	0
0	29
0	0
0	207
4	1566
0	831
0	1
5	278
0	0
0	1
1	136
0	8
0	1137
0	0
0	0
0	113
0	0
0	0
0	0
0	21
0	1072
0	9
0	13
0	1382
2	42
0	0
1	29
0	0
0	0
3	3
0	0
0	0
0	36
0	56
0	0
0	17
0	131
0	0
0	134
0	73
0	0
0	85
0	4
0	129
0	1
0	0
0	275
2	389
0	75
0	0
1	0
0	320
0	0
0	0
2	1
0	0
0	2
8	228
1	0
0	0
0	1
0	2020
0	0
0	0
1	361
13	195
1	0
20	0
0	26
1	0
3	0
0	0
0	6
0	3
0	595
0	25
0	295
0	63
0	0
0	0
0	200
0	0
0	65
0	280
0	0
0	0
10	41
0	6
0	0
0	58
0	0
0	0
0	210
1	726
0	0
0	0
0	0
0	15
0	0
0	293
5	75
0	0
0	6
0	0
0	0
0	0
1	913
0	35
0	1
0	389
0	0
0	0
1	0
0	2
0	99
0	0
0	0
0	2
0	0
0	0
0	203
0	0
0	2
0	0
0	1539
0	0
0	0
0	80
0	12
0	0
0	0
0	432
0	51
0	0
0	0
0	0
20	6653
0	24
0	142
0	0
0	777
0	0
0	0
0	0
0	0
3	122
0	6
0	0
0	0
5	250
0	0
0	28
0	0
0	0
0	0
0	0
0	0
0	0
0	154
0	8
0	2
0	0
0	101
3	117
0	0
0	0
0	0
0	300
0	1
0	558
0	2
0	419
0	0
0	0
0	0
0	1
0	1860
0	0
0	0
0	1
0	0
0	0
0	0
1	107
0	0
0	0
0	0
0	42
26	0
0	0
0	0
1	1
0	808
3	9
0	102
0	0
0	0
0	244
0	0
0	0
0	3
0	0
0	0
0	1
9	0
0	0
0	0
0	0
0	35
0	0
0	0
0	0
0	99
0	0
0	108
0	160
0	0
0	384
0	0
0	0
0	500
0	3
1	0
0	0
0	19
0	2
0	9853
1	9
0	0
2	7
0	76
0	0
1	4
0	0
0	2236
0	16
0	777
0	1
0	0
0	0
0	5
2	2
0	146
0	18
0	27
0	104
0	9
0	245
0	86
0	63
0	0
0	56
0	0
0	179
0	82
1	2486
8	7
0	0
0	0
0	16
0	222
3	261
0	394
2	799
0	4
0	0
0	289
0	1
10	335
0	90
0	0
2	16
0	108
0	0
0	0
0	0
0	215
0	0
0	0
0	0
0	0
0	63
0	0
0	528
0	0
0	122
0	45
0	0
0	0
0	0
11	5
0	0
3	120
1	595
0	0
0	2
0	139
0	0
0	117
0	0
0	0
0	71
0	0
0	0
0	0
0	186
0	86
0	0
0	1
0	256
0	0
0	0
0	0
0	81
0	0
0	0
0	0
13	504
0	719
0	49
0	73
0	17
0	165
1	159
1	1
0	0
0	52
0	0
0	58
0	0
5	283
0	0
0	0
0	1
0	0
0	1
0	0
0	98
0	7
0	6
0	0
0	0
0	231
0	738
0	241
0	1358
0	0
1	338
0	1
0	0
0	0
6	0
0	0
0	0
0	18
0	4
0	0
0	0
0	0
0	0
33	63
0	0
0	0
0	448
0	3330
0	3
0	0
0	8
0	0
0	2
0	1
0	0
0	0
0	0
0	0
0	14
0	105
0	0
0	0
0	0
205	401
0	0
0	0
0	6
0	1
7	0
0	107
0	0
0	140
0	547
0	0
0	0
0	0
0	1
0	0
0	84
0	0
0	0
33	354
0	0
0	637
0	0
0	0
0	2
0	0
38	275
0	0
0	0
0	0
0	0
4	538
0	0
0	0
0	0
0	0
0	60
2	79
0	0
0	0
0	0
0	0
0	129
2	0
0	88
0	0
0	129
0	0
0	0
0	6
0	609
0	63
0	0
0	0
0	0
1	123
0	158
8	104
0	0
0	0
0	0
0	0
0	0
0	0
0	0
0	0
36	149
0	0
0	37
0	2
0	0
0	0
0	20
0	0
0	0
0	3
0	0
0	20
0	11
0	0
0	0
0	0
0	16
0	15
0	0
0	0
0	0
0	3
0	0
0	0
0	89
0	0
0	0
0	0
0	1
1	636
1	4
0	58
0	139
0	0
3	216
0	0
0	0
0	19
0	2
0	0
0	0
0	0
0	0
0	7
0	0
1	0
0	54
0	0
0	0
0	0
0	204
0	0
11	4
0	191
0	2092
0	70
0	48
0	35
0	0
0	572
0	0
0	0
0	9
0	0
0	5
0	0
0	1
2	231
0	0
0	0
0	271
2	322
8	1224
0	0
0	0
0	0
21	1382
0	0
0	52
0	2
6	691
0	0
0	143
0	0
0	0
0	0
0	2
3	4
0	59
0	43
0	1651
0	0
0	0
0	0
0	0
1	1
1	500
0	20
13	302
0	0
0	30
0	0
0	0
0	0
14	592
0	0
3	220
0	0
0	146
0	0
0	0
0	7
0	0
5	0
0	12
0	0
0	0
0	0
0	0
0	0
0	0
1	395
0	0
0	371
2	19
0	0
0	0
0	0
0	992
2	0
0	0
1	3
0	405
0	0
0	12
0	0
0	0
0	0
0	4
0	0
0	0
10	41
2	309
0	0
0	15
0	0
1	168
1	95
0	25
0	512
0	1540
4	1540
0	275
0	0
0	0
5	2
0	9
0	0
0	0
0	0
0	0
0	0
0	1089
0	0
0	171
12	42
6	8
0	1
0	0
0	0
2	1003
0	0
0	0
0	0
0	133
0	0
0	0
0	661
0	0
0	0
0	326
0	2220
0	0
0	0
0	9
0	708
13	182
0	0
0	0
0	18
0	19
0	0
0	518
0	0
0	0
0	21
0	0
1	12
0	0
3	1052
0	12
0	1
0	0
1	2
0	0
0	110
0	0
0	0
7	14
0	38
0	5
50	294
0	83
0	0
0	6
0	458
0	0
0	0
0	0
0	25
0	0
0	0
0	1114
0	0
0	0
0	195
0	4
0	0
0	0
0	0
1	175
0	1587
0	3
0	1
0	11
0	0
0	0
0	0
0	6
0	1
0	176
0	2
0	35
0	29
0	0
0	252
0	219
0	2
0	0
0	0
0	0
0	0
1	0
0	289
0	0
0	0
0	0
0	0
0	18
0	1
149	106
0	3075
0	0
0	0
0	0
3	130
0	0
0	53
0	133
6	510
0	234
0	0
0	0
4	9
21	110
0	0
3	311
0	1
1	165
0	0
0	2
0	295
0	0
0	0
0	0
0	0
0	0
0	0
0	27
3	114
0	0
0	19
0	0
1	0
0	0
0	0
0	137
0	84
0	0
0	0
0	0
0	0
0	0
0	92
0	1903
1	3
0	0
0	0
2	4
0	2
1	3620
1	11
0	24
2	0
0	0
1	78
0	9
0	2
0	0
0	0
0	0
0	393
0	115
0	3
0	12600
0	2
0	0
0	22
1	0
0	0
0	0
0	0
0	20
0	0
0	0
0	33
0	102
6	52
0	0
0	144
1	1776
0	25
4	10
0	212
0	4
0	9
0	0
0	2
0	0
0	11
0	565
0	0
0	0
0	684
0	0
0	1
0	297
0	0
0	0
0	525
4	14
0	0
0	278
0	0
1	19
0	0
0	36
12	206
0	0
7	3
1	0
0	0
0	0
0	33
0	0
0	178
0	0
1	151
0	0
0	0
0	0
1	172
1	126
0	9
0	504
0	0
1	0
1	0
0	31
2	124
0	0
0	0
0	0
0	9
0	86
0	169
0	0
1	86
0	0
0	0
0	0
0	0
0	27
5	0
0	0
0	0
0	18
0	1
0	0
0	5
0	0
0	0
0	0
0	0
0	499
18	46
0	4
0	1
0	140
0	0
0	0
0	0
0	8
0	0
0	54
0	38
0	0
0	0
0	0
0	21
0	0
0	0
0	168
2	390
0	4320
4	2
0	11
0	93
0	4
0	8
0	0
0	0
0	0
0	0
1	0
0	87
0	0
0	13
1	50
0	35
0	0
0	0
3	426
0	0
0	68
0	0
0	38
4	202
0	0
0	29
0	0
0	1
0	108
0	0
0	8
0	5
0	181
0	0
0	0
0	0
0	37
0	261
0	0
0	0
0	0
0	7
2	0
0	0
0	0
0	10
0	0
0	0
2	175
0	0
0	30
0	79
0	3
0	0
0	0
2	0
0	2
0	47
0	2440
0	5
0	0
0	0
0	0
0	0
1	0
0	0
7	564
0	0
0	28
0	7
0	0
0	0
0	9
1	45
0	147
0	0
0	0
0	12
1	0
0	160
0	100
0	0
0	0
1	98
1	0
0	0
0	8
0	0
0	0
0	0
0	0
0	0
0	0
0	23
0	4
0	0
0	0
0	246
1	108
0	0
0	0
0	9
0	7
3	71
0	0
0	0
292	0
2	83
0	5472
0	0
0	0
0	0
0	0
78	0
0	0
2	233
0	0
0	0
0	0
25	310
0	0
5	0
0	6
0	0
2	0
0	0
0	196
0	221
0	1849
0	8
0	0
0	166
0	266
0	27
0	0
0	0
0	0
0	1
0	17
4	154
0	0
0	0
0	2
0	335
0	0
9	464
0	0
0	0
0	0
0	0
0	391
25	5
0	0
56	1582
0	12
0	23
0	0
0	0
0	9
0	589
0	0
0	38
0	0
0	0
0	184
0	64
0	27
0	448
0	0
0	10
0	0
0	0
0	0
0	74
0	0
0	21
11	161
0	0
0	8
0	1
388	270
0	0
0	0
0	0
0	0
0	1
0	0
0	0
0	62
0	1
0	0
0	0
0	565
0	0
0	0
0	0
0	0
0	9
0	384
0	0
0	0
0	136
0	35
0	0
0	14
0	0
0	0
2	48
0	0
0	0
0	18
0	35
0	166
0	0
0	369
0	0
0	0
0	0
0	0
0	41
0	5
0	11
0	0
0	0
0	0
0	0
0	0
0	0
0	0
0	0
1	1600
0	0
0	39
0	0
0	30
0	0
4	157
0	32
0	0
2	1163
0	0
0	140
0	0
0	1452
3	198
0	0
0	0
0	0
0	0
0	0
1	84
0	8
0	4
0	0
0	0
0	419
1	54
0	1
0	12
0	40
0	18
1	19
0	0
0	133
4	0
0	0
0	0
0	1
0	0
0	0
1	64
0	2514
6	181
0	385
0	1
0	3551
0	0
0	367
3	6
1	4
0	0
0	12168
0	0
0	47
0	0
0	0
0	0
0	27
0	5
0	1
0	411
0	0
0	0
0	1
0	0
0	0
0	12
0	9
0	737
0	0
3	1
0	51
0	0
0	128
0	0
0	0
0	0
0	2
0	1288
0	0
2	134
0	0
9	0
0	0
0	633
0	105
0	7
0	40
0	0
0	0
0	43
0	0
1	45
0	0
0	2
0	0
0	0
0	0
3	81
5	885
0	0
0	304
1	438
1	0
0	0
0	5
0	0
15	1871
8	1340
0	38
0	1
2	6
1	131
0	0
0	0
0	0
0	109
0	0
9	1597
0	0
0	186
0	0
0	0
0	651
0	42
0	432
0	1524
7	5
0	66
0	3
0	0
0	0
0	0
1	6
0	0
0	0
0	0
1	0
0	0
1	39
0	0
0	0
0	61
0	522
0	0
2	24
0	9
0	7
0	0
0	0
0	835
0	0
0	0
0	0
0	0
0	1348
0	41
0	2609
0	321
1	70
0	386
0	52
1	251
0	1
14	38
0	2
0	0
0	57
0	274
19	1257
0	0
0	1
0	2
0	45
0	0
0	0
0	0
3	0
0	0
0	0
0	0
0	1
0	437
0	0
0	0
0	0
2	27
28	537
0	1
1	0
0	0
0	51
0	0
0	119
3	7
1	136
0	0
0	0
0	0
3	395
1	335
0	480
0	0
0	0
0	0
0	302
0	0
0	140
0	0
0	1
1	0
0	417
0	632
0	0
1	0
0	0
0	0
0	0
0	0
0	0
0	3
0	2
0	0
0	0
0	0
0	37
0	0
0	0
0	0
0	0
0	1
0	0
0	0
0	0
0	61
0	0
0	0
0	0
0	0
0	966
0	9
0	9
0	0
0	0
0	0
0	8
0	0
0	7
1	4
0	147
0	0
0	157
0	0
0	18
1	0
0	22
0	38
0	299
0	720
0	0
0	2
0	1
1	2
0	0
0	0
3	28
0	0
2	63
0	0
0	11
0	0
0	276
0	1
0	0
0	0
0	1
0	0
2	0
0	0
0	734
0	121
0	0
0	3
1	289
0	0
4	9
0	0
2	31
1	0
0	168
0	2
0	0
0	0
0	0
1	3
1	13929
0	213
0	0
1	423
0	976
437	0
0	0
0	0
0	45
0	0
0	0
0	880
0	12
0	6
0	0
1	83
0	0
0	11
0	0
0	2
0	26
0	300
0	0
0	0
0	257
0	102
0	1710
0	0
0	0
0	0
0	0
0	0
0	3
45	1339
0	47
0	0
0	130
0	0
0	10967
1	38
0	0
0	0
0	0
1	422
0	0
0	0
0	0
0	195
0	20
0	0
0	0
0	7
0	617
0	726
0	0
0	0
0	1
0	0
0	0
0	7
0	21
0	2
0	0
0	3
0	184
0	12
0	0
0	0
0	0
0	2721
0	1842
0	0
0	0
0	0
0	0
0	3
0	4
0	0
0	0
0	93
0	28
0	3
0	0
0	101
0	11
0	0
0	0
0	11
0	451
0	0
1	5
0	0
22	459
0	95
0	1
0	1411
0	9
0	1
0	59
0	859
0	2284
0	19
0	0
0	0
0	0
1	1
0	58
0	0
0	0
0	5
0	0
0	2
0	0
0	6
0	6
0	0
0	0
0	0
0	7
115	855
0	0
2	0
1	1303
1	140
0	0
0	236
0	2
3	59
16	220
2	0
0	0
0	3
0	0
0	4488
0	2
0	27
0	0
0	23
0	0
0	0
0	505
0	0
0	0
0	0
0	0
13	0
0	0
0	12
1	182
0	134
0	0
0	0
0	0
0	0
0	0
5	90
0	0
0	0
0	0
0	0
0	0
0	0
143	293
0	0
0	0
0	89
0	0
0	0
1	4
1	266
0	1
0	17
0	0
1	239
0	0
2	53
0	2408
1	29
0	0
1	1
0	0
2	3
0	0
0	0
0	44
53	5218
1	911
0	0
4	229
0	63
0	57
0	0
0	399
0	5
0	0
0	4
2	0
0	0
0	74
0	0
2	61
0	0
2	1
0	18
0	7
2	12
1	201
0	45
1	0
0	1
0	0
0	0
0	0
2	3221
0	493
0	0
0	0
0	135
0	0
0	0
0	0
0	0
3	917
0	0
0	0
0	0
0	0
1	0
0	0
6	3568
0	594
0	0
0	0
0	0
0	0
0	284
0	0
0	0
0	0
0	358
0	0
0	0
3	1
0	14
0	3
0	998
0	0
0	0
0	18
3	182
0	0
0	476
0	0
1	7
0	272
0	0
41	327
0	0
13	3
0	0
0	0
0	0
0	0
11	2236
0	0
0	1588
0	0
0	151
0	0
1	472
0	111
0	0
0	691
0	0
0	0
0	0
0	2
0	0
0	0
0	0
0	3851
1	0
0	238
0	0
0	0
0	34
0	0
0	469
0	366
0	0
0	23
0	0
0	0
0	0
0	0
0	8
0	80
0	0
0	14
0	0
0	241
0	0
0	12
0	0
0	268
0	0
0	14
0	0
0	0
0	0
0	0
0	0
0	368
0	0
0	695
0	45
0	0
0	210
0	63
0	262
0	1482
4	43
0	1435
0	0
0	4
0	0
0	0
0	71
2	151
0	244
0	0
0	681
0	11
0	0
0	0
0	0
0	1
0	640
0	0
0	0
0	0
0	0
0	0
0	0
0	0
0	0
0	269
0	0
0	9
0	2
0	57
0	0
0	0
0	49
0	0
5	180
0	88
0	142
0	0
1	124
0	1
0	21
0	0
2	75
0	35
0	0
0	11
0	0
0	0
0	6
0	0
0	0
1	13
0	70
6	323
0	0
0	18
0	927
14	84
0	0
0	0
0	0
0	0
9	185
0	0
0	44
0	0
0	0
0	0
0	248
0	1426
0	0
0	0
0	0
0	0
0	145
0	0
0	0
0	0
0	0
0	3
0	0
0	0
8	276
0	274
2	20
0	0
0	0
0	0
0	14
0	13
0	2
0	163
0	995
2	63
0	0
0	0
5	0
2	1
0	0
1	9
0	0
0	0
0	0
0	170
0	0
0	23
0	3
0	0
0	512
0	538
0	0
0	1
0	0
0	0
0	0
0	0
0	131
1	0
0	0
0	554
0	0
22	882
0	0
0	0
0	69
0	0
0	0
2	0
1	2
0	0
1	667
0	0
0	142
0	0
0	0
0	2
5	160
0	7
1	485
0	0
4	213
0	0
0	0
0	60
0	0
0	0
0	0
0	0
0	0
0	0
3	5529
0	1
0	1504
0	374
0	151
0	0
0	131
2	0
7	1988
0	0
0	0
0	0
23	0
13	1250
0	0
1	53
0	0
0	0
0	0
0	0
0	14
0	0
1	116
0	0
0	420
0	0
0	0
0	0
0	0
0	0
2	0
0	0
0	0
0	0
0	0
0	0
0	0
0	1
0	66
0	0
0	0
0	56
1	0
0	0
0	0
0	1
0	0
0	0
0	0
0	573
0	202
0	0
0	1
0	53
0	0
0	14
0	0
0	0
0	0
1	30
0	86
0	0
0	14
0	0
1	0
0	0
0	0
0	1
0	0
0	0
0	34
2	204
0	0
0	0
0	88
0	10103
0	0
0	0
1	96
0	1349
0	0
0	4
0	0
0	0
0	0
0	0
0	1130
1	46
0	0
0	0
0	0
2	34
0	490
0	7
0	0
0	6
0	0
0	0
0	0
0	0
3	5
0	2
0	1421
0	1596
0	0
0	42
0	0
0	0
0	1
0	170
1	27
0	450
1	103
0	0
0	68
41	128
0	0
0	0
0	0
0	0
0	53
0	4
0	33
0	99
0	1611
0	0
0	4
5	48
0	0
0	0
0	0
0	100
0	3
0	4
0	0
0	0
5	55
0	76
1	0
0	0
0	47
0	0
0	0
0	7
0	190
0	0
0	0
0	0
0	0
0	15
0	1
0	0
0	27
0	0
0	1
0	0
0	3
1	21
0	0
0	0
0	502
8	0
0	80
0	0
0	5
0	0
0	334
0	0
0	0
0	0
0	593
1	163
0	0
1	2
17	0
0	0
0	61
0	0
0	0
0	57
23	77
0	0
0	0
0	0
0	1185
3	53
0	0
0	680
0	0
3	6
4	19
2	99
0	0
0	0
0	0
0	18
0	614
0	32
0	0
0	0
0	40
0	2
0	0
0	0
0	1
0	9
0	0
0	0
0	0
0	0
0	0
0	7
0	0
0	0
0	0
0	0
0	0
0	0
0	19
0	59
1	39
0	0
0	0
0	3
15	10
0	322
0	186
0	0
0	366
0	312
0	0
0	0
0	0
0	0
0	12
0	0
0	0
1	106
0	277
0	0
1	6
0	0
0	170
77	49
0	62
0	0
0	0
0	0
0	95
0	11
0	0
0	0
1	87
0	0
0	476
0	0
0	508
0	0
0	0
0	0
0	1
0	359
0	11
0	2228
0	2
0	0
0	2
0	0
0	0
0	0
6	1628
0	191
0	110
0	134
0	0
0	0
0	0
1	13
0	0
0	6
0	0
0	0
0	0
0	55
0	64
0	0
0	5
0	94
1	230
0	0
5	204
0	434
0	0
0	1125
0	0
0	9
3	112
0	0
7	1
0	4
0	0
0	8
0	153
0	0
0	2
0	9
0	10
8	3408
0	0
0	39
0	170
0	1
11	32
0	70694
0	38
0	0
0	0
2	0
1	1
0	0
0	0
0	0
0	65
0	0
2	75
0	70
4	6
0	4
0	0
0	0
0	0
0	0
0	0
0	4
1	0
0	1
0	9
0	0
0	0
0	10
1	0
0	131
0	0
0	3
10	311
0	0
0	354
0	0
0	0
0	0
0	2
0	0
0	0
0	0
0	348
0	2
0	0
0	141
0	0
0	1
0	0
2	372
0	288
0	0
0	0
0	1
0	8
5	45
0	7
0	0
0	425
0	0
0	0
1	1
0	359
0	396
0	1
0	344
11	19
0	484
0	2
0	0
0	0
0	0
0	0
0	0
0	270
0	0
23	0
0	1154
0	0
0	1
0	0
0	0
0	0
0	0
0	2
0	52
1	9
0	0
0	0
0	0
0	0
0	61
0	0
0	0
0	14
1	7
2	15
0	58
0	0
0	0
0	0
1	7
0	55
1	158
0	0
0	101
0	0
0	0
0	0
0	98
1	19
0	0
2	35
0	0
0	27
0	0
0	10
0	6
0	0
0	0
0	1860
0	0
0	1
0	520
0	0
0	10
0	0
0	290
0	0
0	4
0	4
0	0
1	0
0	218
0	0
0	0
0	0
0	0
0	0
0	387
48	10
3	0
0	0
1	213
0	0
0	0
0	0
0	0
0	133
1	0
0	97
0	0
0	0
0	1
0	91
0	0
0	0
0	0
0	5
0	169
0	0
0	0
0	0
0	0
0	10
0	0
0	2
0	0
0	0
0	1
0	8
0	339
21	75
0	5
0	0
6	24
0	6
0	4
0	6
0	33
0	0
0	0
0	5
0	3
0	0
0	25
1	0
12	193
0	0
0	0
0	0
0	0
2	239
0	1
0	54
0	171
0	0
0	0
0	0
0	0
0	0
4	2
0	2
0	1991
11	386
0	443
0	0
0	0
0	0
0	0
1	37
4	0
2	269
0	0
0	329
0	0
0	0
0	0
0	0
5	113
0	0
0	37
0	0
0	0
3	63
0	0
1	0
1	0
0	0
0	229
0	488
0	50
0	1038
0	0
0	27
0	52
0	648
0	0
0	0
0	0
0	4
0	5
0	899
0	0
13	338
25	45
0	0
0	0
0	0
0	0
0	108
0	0
0	0
0	52
0	0
0	14
0	227
0	99
0	0
0	43
0	8
0	290
0	0
0	0
0	0
0	0
0	0
9	8
0	20
0	0
0	0
0	0
0	0
0	43
0	312
0	7
0	0
9	182
0	0
0	0
0	0
0	0
0	0
0	124
1	0
0	0
0	469
0	1
0	33
10	72
0	671
3	114
0	0
0	80
0	366
0	5
0	0
0	714
0	0
0	0
0	2
0	0
1	178
0	138
0	0
0	0
2	1
0	93
4	167
0	0
0	86
9	115
0	0
0	22
0	0
0	0
0	2
0	124
0	0
0	0
0	94
0	0
0	0
0	491
0	363
0	22
0	37
0	29
0	1
0	89
0	0
0	3
0	0
0	0
0	694
2	435
0	628
0	20
0	0
0	35
0	0
0	0
0	40
1	368
0	3
0	1
0	491
0	0
0	0
0	0
0	0
0	9
1	26
0	0
2	453
0	0
0	0
0	7
0	2
0	165
0	130
0	0
0	0
0	2
0	0
2	44
0	0
0	10
0	1
0	10
4	1
1	920
0	278
0	0
5	0
0	0
0	0
0	0
0	151
0	61
0	0
0	0
0	0
0	0
0	557
0	0
0	445
0	1
0	0
0	634
0	2
0	0
0	0
0	0
1	60
1	5
0	0
0	335
0	0
4	62
0	0
0	426
0	3
0	0
97	41
0	0
18	0
0	0
0	0
23	11
1	611
1	0
0	15
0	1
0	0
1	3
0	0
0	0
0	0
0	0
0	0
0	344
0	137
0	2
0	0
0	0
0	183
1	76
0	24
0	4012
0	0
0	0
0	0
0	2
1	91
0	0
4	138
0	0
0	0
0	5
0	0
0	0
0	49
0	0
0	0
0	0
0	7269
2	51
0	0
0	0
0	0
0	41
0	0
0	0
0	0
0	0
0	13
0	1
5	11
0	6588
0	0
0	25
0	0
0	954
0	0
678	2120
0	0
0	0
3	88
0	0
0	0
5	249
0	9
0	64
0	0
0	57
0	0
0	0
0	0
0	1096
0	168
0	468
0	0
0	0
0	0
0	0
0	81
1166	234
0	0
0	37
0	55
0	0
0	41
0	0
0	3
0	285
0	2
0	0
0	75
0	0
0	0
0	0
1	39
1	2
0	0
0	19
0	0
10	0
0	54
0	0
0	0
0	0
0	9
0	0
1	555
105	9
0	0
1	678
0	0
0	8
0	0
0	0
0	0
0	0
0	11
0	1
0	291
0	0
0	278
0	0
0	0
0	75
0	66
0	6
0	100
0	185
0	16
1	4
0	0
1	67
8	1
0	0
0	12
0	64
0	119
0	0
0	644
0	105
0	0
0	0
0	0
0	0
0	0
0	102
0	0
0	0
0	5198
2	0
0	2
0	57
0	1
0	0
0	0
0	0
0	0
0	0
0	2
0	69
0	631
2	116
0	0
0	0
0	0
0	0
0	2
0	0
0	0
0	0
0	0
0	0
0	0
0	1
0	256
3	413
0	0
0	0
0	0
0	134
0	0
0	2
2	44
0	0
0	23
0	0
0	0
0	0
0	123
0	0
0	1244
0	88
0	0
0	0
0	0
0	0
0	35
0	0
0	0
0	11
0	11
0	29
0	0
0	65
0	2
0	100
0	89
0	60
2	26
0	61
1	3
0	0
0	15
220	211
0	0
0	2
0	121
0	0
0	0
0	22
0	2006
0	6
0	95
0	0
0	1
0	236
0	0
0	772
0	77
0	0
0	0
0	10
1	86
0	0
0	0
0	66
0	0
0	768
0	7
0	0
0	0
0	0
2	10
2	0
0	34
0	0
0	42
0	0
0	0
0	0
0	28
0	0
0	1662
0	216
0	0
0	60
0	0
0	0
0	7
0	0
4	1
0	0
0	11
0	34
0	44
0	0
0	0
0	0
0	0
0	0
0	191
0	0
0	1
1	44
0	0
0	0
0	44
0	0
0	0
0	0
0	0
1	0
0	0
0	0
0	3
0	0
0	0
0	42
0	1
0	0
0	1383
2	188
0	306
6	23
8	36
0	1
0	0
1	119
0	0
0	0
0	297
0	3
0	0
2	605
0	7
0	0
0	13
1	1398
4	437
0	0
0	5
0	86
0	0
0	0
0	0
0	8
0	931
0	0
0	0
4	74
0	0
0	0
0	0
0	4
0	0
0	0
0	0
0	0
0	0
0	82
0	0
0	2
0	0
54	10
0	0
0	0
0	38
0	0
5	104
0	0
0	1
1	98
0	1
0	3
0	0
0	0
0	0
0	0
0	0
1	25
0	1
0	0
0	15
0	0
0	262
0	0
0	0
4	185
0	0
0	2
0	0
0	0
0	0
0	0
0	0
0	0
0	0
0	1447
0	0
0	0
0	0
0	0
0	0
0	53
0	0
0	18
0	4
0	0
0	0
0	0
0	0
0	0
1	39
3	14927
0	1088
0	112
3	26
0	55
9	18
0	0
0	0
0	29
1	667
0	0
0	8
0	0
0	173
0	768
0	55
0	0
0	58
1	196
0	0
102	75
0	93
0	0
0	0
0	0
0	0
0	0
0	599
0	0
0	72
0	9
0	0
0	0
0	5
2	1
0	1
0	0
0	427
0	0
0	0
0	0
0	543
0	6
0	3
0	0
0	31118
0	0
0	8
0	192
0	0
0	0
0	3029
0	0
0	181
0	72
0	0
0	0
135	12
0	5
0	3
0	21
0	0
0	0
0	23
0	18
0	0
0	9409
0	0
0	0
0	0
0	0
0	170
0	1
0	0
0	109
0	17
0	0
0	0
0	0
0	56
4	0
0	1
0	14
0	0
0	708
1	21
0	311
0	2
0	0
0	0
0	329
0	6
1	67
3	6
0	2
0	0
0	0
0	0
0	328
0	0
0	0
0	56
0	0
0	0
0	0
0	3
1	28
0	0
0	0
0	0
0	81
0	0
0	0
0	0
0	221
12	67
0	97
0	194
0	33
0	1
0	16
0	0
1	628
0	21
0	0
1	0
60	432
0	0
0	0
1	0
0	53
0	0
0	0
0	0
1	2
0	0
0	1
1	4
0	0
0	0
0	968
0	116
0	0
4	4
0	982
0	0
0	0
0	116
0	122
9	488
0	0
1	296
31	0
0	0
0	0
0	2
0	17
3	550
0	108
0	5
2	25
0	369
0	0
0	0
1	133
0	0
0	85
0	0
17	164
0	0
0	20
0	0
0	0
0	0
0	0
0	0
0	1
0	43
0	0
0	0
0	0
0	100
0	0
0	0
0	0
0	17
0	0
0	0
0	0
0	0
0	0
0	0
2	0
0	132
0	1
0	0
0	149
0	0
0	32
1	83
0	0
0	0
0	38
0	0
0	0
0	0
0	38
0	42
0	3
0	0
1	1
0	0
0	0
0	4
3	466
0	0
0	0
0	205
0	0
2	148
11	5
0	0
0	0
0	408
0	580
0	1
0	0
11	375
0	59
0	0
0	390
0	0
21	5279
0	0
0	0
0	0
0	0
0	3
0	0
0	940
0	0
0	0
1	61
0	1
0	143
0	1
0	42
0	10
1	117
0	15
0	0
1	1883
1	18
0	0
0	90
0	0
0	0
0	0
1	207
0	0
0	0
0	0
0	0
0	200
11	194
0	0
1	94
0	10
0	2
0	530
0	23
21	41
6	237
0	11
0	0
0	4
5	596
0	27
0	0
0	5
0	0
0	0
0	0
0	0
0	7
0	57
145	42
0	71
0	77
0	287
0	0
0	12
1	0
0	0
0	0
0	0
0	4
0	0
0	0
0	0
0	29
0	0
0	3
0	0
0	170
0	18
0	0
0	0
0	0
40	440
0	195
1	2
0	1
0	89
0	0
0	11
0	0
7	14
0	56
1	0
0	0
0	0
4	1097
0	0
0	4
0	11
0	0
0	0
2	96
0	0
0	0
0	0
0	0
0	154
0	14
0	471
0	761
0	18
1	550
0	10
0	0
0	0
0	160
0	0
0	0
0	0
0	13
0	1
0	0
0	12
0	0
0	0
1	1288
0	0
0	0
0	0
0	0
0	158
0	1
0	0
0	3040
0	112
1	21
6	3248
0	0
0	1
0	89
1	0
0	3502
0	0
0	0
0	149
0	40
2	430
0	0
0	0
0	0
0	1
5	192
0	0
0	0
0	0
0	0
0	0
0	0
1	205
0	0
0	18
0	0
0	0
1	790
0	0
0	0
4	0
0	1
0	0
1	297
0	68
0	230
0	0
0	0
0	46
0	71
0	362
0	83
7	119
0	76
0	513
1	20
0	0
0	0
0	0
0	0
0	72
0	0
3	0
0	6
0	0
0	20
0	0
0	0
0	0
0	0
0	0
0	3
0	91
0	0
0	0
0	18
0	0
0	0
0	0
0	0
0	0
0	0
6	91
0	0
0	60
0	0
0	0
0	0
0	0
0	0
0	0
0	50
0	1
0	0
0	5
0	0
0	0
0	0
0	690
0	53
0	1
0	1
0	0
0	0
0	50
0	0
0	0
2	333
0	2
0	0
0	0
0	0
0	760
0	50
0	0
0	49
0	7
0	2
0	0
0	1
0	0
0	0
0	0
50	454
0	0
0	0
0	225
0	1453
0	0
1	1
0	0
0	27
1	561
0	21
2	75
0	13
0	68
0	0
0	59
0	24
0	589
0	0
0	0
10	0
0	0
0	0
1	0
0	0
0	1003
0	0
2	0
0	0
0	0
0	266
0	0
0	0
0	2208
0	117
0	779
0	233
0	0
4	8
0	17
0	1428
0	373
0	97
0	380
0	6850
0	3
0	2
0	0
0	1
0	0
0	1
0	0
0	0
2	228
0	206
0	0
2	37
0	138
0	0
2	231
0	0
0	0
0	0
0	2
0	0
0	370
0	134
49	0
0	147
0	0
0	1118
0	1
0	162
1	176
0	75
0	9
0	0
0	0
0	0
0	106
0	0
0	238
0	0
0	0
1	469
0	0
0	0
0	0
0	143
0	0
0	0
0	37
0	30
0	0
18	945
0	0
0	0
0	0
0	0
0	77
0	0
0	39
0	1
1	71
0	0
0	12
0	696
0	0
0	0
0	197
0	0
0	0
0	159
0	0
0	0
0	175
0	26
0	0
0	3
0	0
0	0
0	268
0	0
0	2
0	0
0	3
0	8
0	1
0	0
0	0
0	0
0	42
3	5
0	0
0	0
0	0
0	1
0	0
1	86
1	657
0	0
0	0
0	0
0	5
0	920
0	2
0	2
0	0
0	0
0	0
0	0
0	0
0	0
0	0
0	0
0	0
3	799
0	3
0	17
1	2
0	0
0	1
0	299
36	296
0	0
0	0
0	0
0	228
0	258
0	96
0	0
0	0
0	0
0	0
0	52
4	0
0	335
1	0
0	0
0	0
0	20
0	0
0	0
0	13
0	0
0	1775
2	3
3	130
0	19
0	0
0	0
0	0
1	28
0	1
1	0
2	0
0	15
0	0
1	337
0	0
11	0
0	0
0	2
1	133
5	54
0	3
0	82
5	648
9	34
0	3
0	108
0	32
1	33
0	1
0	0
0	1237
0	26
0	364
0	0
0	26
1	171
0	27
0	107
0	0
0	3
0	1
0	4
0	235
0	0
0	245
0	0
0	18
0	0
0	0
0	0
0	1
0	22
0	205
0	0
0	27
0	0
0	0
0	162
1	0
0	152
1	15
0	0
0	7
0	0
0	0
0	0
0	0
0	1
0	12
0	0
0	0
0	0
0	0
0	0
4	572
0	133
2	83
0	5
0	215
0	10
0	0
0	103
7	724
0	88
0	76
0	169
0	0
0	885
0	1
0	0
0	0
0	21
0	2
5	581
0	533
0	4
0	0
0	0
0	0
34	0
1	16
0	0
0	0
0	0
0	0
9	1892
0	0
0	0
0	39
0	1
0	0
1	0
0	0
0	0
0	6
0	1
0	0
0	0
0	0
0	202
0	0
15	352
0	0
0	0
17	51
0	1
0	0
1	2
0	4
0	0
0	0
2	0
0	24
0	2
0	0
0	0
0	0
0	0
0	96
0	31
0	0
22	246
5	197
0	0
0	38
0	6859
0	1
0	0
0	11
0	1
0	181
0	64
1	681
0	3
0	1
0	0
1	263
0	0
0	11
0	373
0	74
0	0
0	0
0	0
0	22
82	1125
3	1169
0	0
0	15
0	2
0	1150
0	84
0	0
0	9
2	0
0	0
0	0
0	0
0	255
0	0
0	0
0	11
0	0
0	0
0	0
0	0
0	60
0	0
0	138
0	0
0	0
1	1881
0	543
0	134
0	0
1	0
23	2997
0	2309
0	0
0	0
0	0
0	0
0	1834
0	0
0	5
0	68
0	0
28	64
0	7
0	0
15	0
0	0
0	118
5	684
0	0
0	307
0	24
0	6
0	1
0	26
0	0
0	1
0	0
0	0
0	0
0	4
0	0
0	0
2	0
0	4
0	0
62	235
1	227
0	96
1	28
0	1
2	182
0	0
1	0
0	0
0	0
0	0
0	0
0	0
0	0
0	4
0	0
0	20
5	0
2	290
0	1
0	116
0	0
6	142
0	9
0	1864
0	6
0	0
0	0
0	0
0	23
0	459
0	0
0	0
0	2
0	28
0	31
0	210
0	16
0	285
1	43
0	0
0	0
0	12
1	0
0	0
0	0
0	0
6	10
0	702
0	34
0	0
0	0
0	212
0	0
0	0
0	1
0	137
0	1
0	0
0	4
0	2
0	0
0	0
0	13
0	1
0	47
0	0
5	315
1	0
0	0
0	0
0	0
0	0
0	206
0	2
0	0
0	1
0	6
1	0
0	0
0	157
0	138
0	0
0	0
0	0
2	157
0	0
0	0
1	0
0	0
0	0
0	0
0	6
0	0
0	0
0	0
0	6
1	38
0	0
0	533
0	15
2	1
0	119
2	18
0	1
1	2370
0	0
0	1
1	27
0	1548
3	0
0	77
0	0
0	0
0	0
3	20
0	52
0	25
31	94
0	4
0	0
10	174
0	0
0	0
0	173
1	417
13	75
1	9
0	78
0	0
0	19
0	0
0	0
0	663
0	0
0	8
0	7
4	42
0	0
0	0
10	258
0	0
0	0
0	1
1	1478
0	0
0	5
0	1
0	22
0	0
0	1
0	0
0	822
0	0
24	47
0	0
0	0
0	1
7	1328
0	415
1	0
0	68
0	476
0	0
0	0
0	0
0	0
0	2
2	101
0	143
1	63
0	0
0	13
0	61
0	0
0	24
0	39
0	0
0	0
0	350
0	4
1	1347
0	5
0	0
0	120
0	0
0	0
0	110
0	20
0	313
0	0
0	1
0	23
0	0
0	237
0	366
0	0
0	1
0	0
0	0
0	0
0	152
0	9
0	0
0	99
0	0
0	22
0	2
0	0
0	234
2	2708
0	0
0	24
0	46
0	0
0	2562
0	19
0	1
0	0
0	0
0	226
0	0
0	17
0	0
0	1215
0	0
0	0
1	66
0	5
0	1
0	0
0	296
0	0
0	0
0	0
6	74
0	0
0	1
4	56
20	1650
0	38
1	54
0	0
0	36
0	0
3	12
0	0
1	46
0	0
0	579
0	342
8	906
0	2371
0	0
0	145
0	0
0	0
0	0
0	8
0	0
2	68
0	46
0	0
0	40
0	23
0	0
0	0
0	2
0	0
0	10
1	27
0	0
0	0
2	2158
1	171
6	2
9	303
0	0
0	0
0	68
13	597
0	0
0	0
0	0
1	0
0	880
11	540
1	740
0	0
0	0
0	66
0	1
0	0
0	0
0	0
0	0
0	0
2	175
1	18
0	133
0	1
0	268
0	0
0	37
0	3
0	0
0	78
0	52
0	0
7	14
0	0
0	0
1	21
0	0
0	36
0	0
0	2
0	1
0	29
0	180
0	3
0	0
0	0
2	0
0	2
3	12
9	836
0	56
0	0
0	5
0	32
0	0
0	11
1	163
1	214
0	0
1	10
0	0
2	300
0	0
0	2
0	0
0	0
0	15
0	0
0	0
0	3
2	13
0	3
0	0
0	82
1	0
0	0
1	0
0	0
0	36
0	4
0	355
0	112
0	198
0	0
1	6
0	0
1	961
0	54
0	0
0	0
0	38
0	23
0	1
0	24
0	102
0	0
0	22
0	576
0	8
0	3
2	7
0	0
0	0
0	484
0	80
1	0
1	8
0	0
0	59
6	235
0	0
0	0
0	0
1	133
0	17
0	0
0	0
0	90
1	77
0	0
0	0
0	0
0	0
0	0
0	0
0	0
0	146
0	403
0	10
0	106
0	35
95	3041
0	165
0	144
0	140
0	27
0	0
0	124
0	0
0	2
0	0
0	0
0	0
0	1
0	38
0	0
0	0
0	0
0	131
0	4
0	68
2	68
0	0
0	6
0	0
0	19
0	0
0	0
0	24
0	0
0	210
655	3494
0	0
0	36
0	39
0	0
0	103
0	0
0	0
0	0
0	34
1	10
0	144
0	33
0	1
0	119
0	1
0	0
4	663
0	353
1	37
0	0
0	1792
0	1
0	0
0	0
0	316
1	3447
0	14
0	131
0	661
0	0
0	7
0	0
2	3
0	0
0	0
0	0
0	32
0	0
1	93
0	0
0	0
0	0
0	13
0	728
0	0
0	0
0	0
0	15
0	372
0	0
0	59
0	0
0	25
0	1
0	327
0	0
0	532
4	1438
0	5
0	483
0	0
0	0
63	76
0	0
0	788
0	0
0	2
0	0
0	0
0	460
0	0
0	0
4	0
0	0
0	0
1	0
0	0
0	0
0	1851
0	0
0	0
0	0
0	286
0	0
0	9
0	88
0	1
0	0
0	3
0	0
2	6
0	0
0	215
0	0
0	867
0	11
0	0
0	0
0	0
0	99
0	0
0	0
0	23
0	0
0	0
0	0
0	0
0	0
0	857
0	0
0	0
10	780
8	389
0	0
0	54
0	0
0	0
0	263
0	15
0	2
0	83
0	36
0	0
0	0
0	8
0	181
0	14
0	26
0	0
0	2
0	0
0	0
273	343
0	0
0	8
0	99
0	0
0	1
0	0
0	121
0	0
0	40
0	37
0	0
0	0
0	271
0	512
0	152
0	81
0	0
0	80
0	0
1	0
0	0
0	235
0	54
0	0
1	3
0	139
0	0
0	0
0	0
0	0
0	2
0	37
0	0
6	381
0	0
1	241
0	0
0	47
0	153
0	0
0	177
0	426
0	0
0	0
0	0
0	25
0	0
0	0
0	0
0	0
0	0
0	150
0	0
0	0
0	18
0	0
0	0
0	0
0	0
0	0
1	139
0	129
0	18
0	0
0	9
0	677
0	0
0	0
0	0
0	0
0	11
0	0
0	0
0	470
0	75
0	0
0	6
0	0
0	181
0	0
0	0
0	77
54	675
0	15
0	0
2	40
1	605
12	1009
0	0
0	0
2	0
0	1
0	0
0	0
0	5
0	0
0	0
0	0
0	127
0	0
0	335
0	0
0	4
0	0
0	18
0	0
0	77
1	117
18	133
0	0
0	0
0	0
1	14
2	76
28	0
0	0
116	1
0	0
0	1
0	0
1	213
5	30
9	87
0	1
0	57
0	0
0	0
50	2
0	46
0	19
0	64
0	0
0	0
0	0
0	1
0	0
0	0
0	22
0	0
0	0
5	606
0	95
0	0
0	697
0	0
0	0
0	0
27	25
0	0
0	0
0	22
0	0
0	0
0	0
0	19
0	157
0	52
0	51
0	24
0	0
0	0
0	27
0	0
0	19
0	0
4	527
0	1334
0	0
0	0
0	55
0	1
0	32
0	0
1	9
0	0
0	76
0	0
0	0
0	0
22	34
0	2
0	0
0	0
0	23
0	4
0	294
0	0
0	0
0	0
0	33
0	0
0	0
0	0
0	0
0	0
0	0
0	67
0	9
0	0
0	0
0	0
1	4
0	187
0	12
0	0
0	325
1	22
0	0
0	0
0	0
0	0
1	119
278	458
0	0
0	110
0	33
0	6716
0	0
0	0
0	83
0	0
0	9
2	65
0	0
0	0
0	30
0	0
0	20
0	431
0	503
0	198
0	141
0	0
0	156
0	0
0	0
40	596
0	149
0	0
7	82
3	75
1	64
0	2
0	0
0	21
0	141
0	1
0	1
0	78
0	0
0	0
0	55
0	0
0	0
0	1
2	355
0	89
0	0
0	112
0	1
0	11
0	0
0	0
0	0
0	70
0	0
0	0
0	37
0	1
0	0
0	0
0	0
0	0
0	29
0	12
0	0
0	0
2	635
0	0
0	1
0	0
0	0
10	69
0	0
0	4
1	0
0	0
0	87
0	0
0	285
0	0
8	4
0	27
1	431
2	183
0	0
2	74
0	0
0	6
0	292
0	59
0	1
0	473
0	114
0	0
0	0
0	4
0	0
0	0
0	0
0	0
0	0
0	0
0	0
1039	28
0	60
0	51
1	287
0	0
0	3
0	0
33	509
0	0
0	0
452	374
2	162
0	512
0	0
0	2
1	313
0	0
13	679
0	0
0	0
0	2
1	8
0	0
0	0
0	0
0	0
0	0
0	31
0	89
0	0
0	92
0	0
0	0
0	0
0	0
0	0
0	0
0	0
0	0
0	0
424	218
0	0
0	1
0	0
0	486
0	51
9	513
0	0
0	0
5	170
0	0
0	0
0	0
11	6
0	0
0	0
0	186
0	318
0	0
0	150
0	1
0	39
0	107
0	0
0	0
0	0
0	0
231	703
0	0
0	168
0	15
0	0
0	47
0	0
0	0
1	0
0	124
0	0
0	0
0	0
0	0
0	6
0	51
0	0
0	23
0	0
0	0
0	0
0	162
0	0
0	0
0	8
0	1
0	1
9	5
0	9
0	18
0	97
2	0
0	11
0	0
0	0
0	5
0	0
763	1816
0	0
0	0
0	0
0	0
0	220
0	161
0	5
0	285
1	287
0	0
0	79
0	1
0	0
0	0
2	1
0	14
0	0
0	29
0	0
3	60
0	6
0	0
1	0
3	24
0	0
0	0
0	15
0	0
0	0
0	0
0	0
0	0
0	2
12	1
0	0
0	0
0	0
0	0
4	2530
0	0
2	218
0	6
0	0
0	0
0	20
0	0
0	0
0	0
0	0
0	164
0	0
0	0
13	91
0	11051
0	2
0	0
5	16
0	11
0	639
0	2
0	1
0	0
0	0
0	1
1	48
0	121
0	0
0	0
0	203
0	60
3	1
1	32
0	0
0	0
2	1674
0	5
0	0
0	0
1	316
0	0
0	77
0	0
0	256
0	3
7	269
2	1
0	3
0	0
0	0
0	71
0	0
1	0
0	0
0	0
0	2
0	121
0	1665
0	306
0	0
0	0
0	1
0	88
0	16
0	109
0	0
2	1
0	0
0	223
0	0
3	125
0	23
0	0
0	373
0	290
2	237
0	0
0	0
405	332
0	0
0	0
0	0
0	2
1	33306
0	0
0	1
0	0
0	24
0	0
0	713
0	5
0	0
0	0
0	0
306	7
0	0
0	0
0	0
0	5
0	475
0	0
0	72
8	2668
0	0
0	11
2	368
1	411
0	6
0	79
0	50
0	31
0	0
0	0
1	17
2	16
0	243
0	0
0	1
0	16
0	2
0	0
0	15
0	0
9	518
22	0
0	0
0	1
0	0
0	0
0	0
0	80
0	21
3	93
1	39
0	44
0	0
0	0
0	980
0	0
0	0
0	0
0	0
0	0
89	51
0	0
0	0
0	0
0	0
0	417
0	1248
0	0
0	7
0	0
0	0
0	0
0	0
0	77
0	1
0	0
0	141
0	0
0	0
0	0
0	15
0	0
2	120
0	0
0	0
4	63
0	0
0	0
0	0
1	37
0	2
1	0
0	0
0	0
0	0
0	0
1	0
0	0
3	0
0	70
0	0
0	0
0	0
0	0
1	36
0	4
2	175
0	133
0	1118
0	0
0	0
0	0
6	312
0	0
5	116
0	520
0	0
2	68
0	0
0	0
0	923
0	545
0	0
0	0
1	50
0	20
0	0
0	1
0	4
0	0
0	18
0	0
8	2612
0	15
0	5
0	167
0	0
0	2
0	295
0	1
0	73
0	9
0	0
0	258
0	0
0	0
0	0
0	0
0	0
0	0
1	0
12	1
1	7312
0	0
1	15
1	141
0	0
0	36
0	0
0	9
0	6
0	0
0	10
0	1
1	36
104	0
0	0
0	0
2	10
2	118
0	1077
0	311
0	124
0	0
0	414
7	35
0	15
0	20
0	0
0	0
0	0
0	50
0	9
0	0
0	0
0	0
0	4
0	5
0	0
0	20
0	0
0	0
0	0
0	0
0	0
2	18850
0	427
0	0
0	0
0	0
0	0
7	56
0	0
0	1
0	0
0	0
0	0
0	0
0	0
3	9
0	0
0	0
0	0
0	0
0	5
0	36
0	1
0	0
3	0
0	0
0	117
0	38
0	300
0	0
0	0
0	0
1	2
0	0
1	0
1	76
0	0
0	713
0	0
0	353
0	285
0	6
1	0
0	29
0	305
0	0
0	17
0	0
0	0
0	3
0	1786
0	0
0	0
0	0
0	97
3	306
0	0
1	0
0	0
0	0
0	0
0	0
0	20
0	1775
0	9
0	0
0	0
2	280
0	0
0	0
0	0
0	0
1	30
0	161
0	58
0	0
3	53
0	0
0	0
0	0
0	0
0	180
0	5
0	0
1	0
0	6
0	0
0	0
0	0
1	20
0	7
5	0
0	125
0	24
0	0
0	7
0	0
0	33
0	130
0	0
0	0
0	0
0	15
0	0
0	0
5	1
0	55
0	0
0	0
0	0
0	2
0	0
0	4
0	448
0	3
0	0
0	0
0	0
0	0
0	0
0	0
0	1
0	356
0	0
0	50
0	204
0	15
0	0
0	0
0	0
0	35
0	0
0	609
0	8
0	0
0	39
0	0
0	19
0	0
0	122
0	23
61	1139
0	0
0	0
2	0
0	0
0	0
0	0
7	48
138	49
3	10
0	965
2	297
4	86
0	32
0	263
1	89
0	47
0	4
15	161
0	1672
0	0
0	2
0	0
0	0
1	13
0	0
0	0
0	55
0	0
0	0
0	0
0	0
1	19
0	1
0	3879
0	0
0	0
0	1
1	246
0	5
0	0
0	69
0	58
0	447
0	0
0	106
0	0
0	1
0	36
0	42
0	463
0	0
0	3
5	91
0	0
0	1
0	0
0	167
0	34
1	41
0	0
0	0
0	39
0	0
0	0
0	16
3	324
0	0
0	0
1	1
0	0
0	2
0	1
0	0
0	0
0	128
0	16
2	65
0	0
0	0
0	534
4	1
0	2822
0	409
0	2
0	0
0	0
1	0
0	24
0	0
0	1
0	0
0	2
0	1385
0	0
0	4
0	0
0	0
0	51
0	0
0	2
0	52
0	0
2	187
1	0
0	19
0	0
0	1
0	0
0	0
0	0
5	8
0	260
0	0
0	0
3	0
0	0
1	1
0	0
0	61
37	849
1	0
1	125
0	291
0	0
0	0
0	0
3	161
0	42
13	159
0	0
0	19
0	34
0	64
0	0
0	0
0	0
0	19
0	0
0	164
0	135
0	7
0	15
0	0
1	0
0	0
0	0
0	0
0	27
0	0
0	3
0	60
0	678
0	0
0	0
0	0
0	0
0	0
0	106
0	28
0	163
0	1
0	0
0	88
2	2
1	8
0	0
1	7
0	1
0	0
0	0
0	0
0	0
23	21
0	0
2	34
0	19
0	84
0	0
0	0
0	0
0	0
0	760
0	15
0	0
0	342
0	0
0	195
0	3166
0	13
0	787
1	919
1	4
0	0
0	0
3	0
0	0
0	0
0	123
0	0
4	7
0	3
0	0
0	0
0	0
0	0
3	683
0	0
0	0
2	111
0	3
6	0
24	31
0	27
0	0
3	349
0	1
0	0
1	45
1	0
0	37
4	134
0	0
0	13
0	182
0	0
0	0
0	1
3	9
19	1855
0	2
0	57
1	355
1	288
0	0
0	0
1	101
0	0
0	22
0	5768
1	113
1	0
0	0
0	0
0	0
0	529
0	283
19	13
0	46
0	0
0	0
0	199
0	0
0	0
0	0
0	67
0	0
1	26
0	0
0	316
0	0
2	533
0	0
0	20
0	0
0	0
0	234
0	91
0	0
0	0
0	5
1	0
0	0
2	30
0	157
0	84
0	226
1	47
0	2
0	8
0	422
0	228
0	60
0	278
29	4
0	0
0	0
0	0
1	277
0	10
0	0
11	449
0	0
0	0
0	417
0	0
0	0
0	295
0	0
0	190
0	0
0	0
0	11
0	0
0	0
0	69
0	26
0	0
0	0
0	0
0	0
0	0
0	26
0	0
0	31
0	0
0	0
0	0
0	69
0	770
0	12
0	24
0	0
0	0
0	0
0	70
0	326
0	0
0	0
0	128
0	0
0	2
0	16
0	0
0	0
0	0
1	54
0	63
0	0
1	71
0	1
0	41
0	2
1	0
0	0
2	462
5	76
0	0
0	46
0	2370
0	2
0	0
0	0
0	0
0	79
0	0
0	1
1	338
0	103
0	0
2	2552
0	0
0	0
0	31
1	0
0	2
0	0
1	18
0	0
0	10
0	886
0	0
0	2
1	175
0	0
0	8
0	0
0	0
0	584
0	1
0	0
0	156
0	0
0	0
0	0
0	0
0	0
0	0
0	209
1	2
0	1
0	0
0	0
0	0
78	1295
0	63
0	0
0	0
0	430
17	125
0	0
0	0
0	195
11	404
0	1925
0	51
0	0
0	0
0	0
1	5
0	0
0	220
0	0
0	4
0	1173
0	0
0	0
0	96
0	1
0	484
0	0
0	0
1	93
0	0
0	0
0	1
0	22
0	3
2	1
0	0
0	0
0	0
0	0
0	28
0	135
0	1
0	38
0	24
0	0
0	33
0	0
0	73
0	121
0	0
1	3
2	0
0	9
1	0
0	0
0	0
0	102
1	142
5	39
0	427
0	0
0	1
17	8
0	0
1	58
0	0
1	1
0	0
5	0
0	0
0	81
0	0
0	0
0	2
0	0
0	0
0	0
0	132
7	565
0	0
0	333
0	5
0	0
0	1
0	0
0	0
2	0
0	80
0	0
0	55
0	0
0	0
0	163
0	30
0	0
0	15
0	0
1	14
0	12
0	0
0	0
0	0
0	0
0	6
0	0
255	394
0	0
0	0
1	8
0	0
0	0
0	1
0	0
1	570
0	0
0	3
0	0
0	1
2	3
0	0
0	12
3	855
0	17
1	922
0	0
0	0
0	0
0	0
0	1
0	0
0	0
0	0
0	12
0	0
0	0
0	0
0	0
0	694
0	0
0	0
0	249
0	0
0	88
2	5
0	0
0	0
0	812
0	0
1	4
1	2
0	0
0	4
0	156
11	547
0	0
0	144
0	0
1	6
0	0
0	0
0	0
0	3
0	0
0	0
0	45
1	62
0	0
0	0
0	0
0	0
0	0
0	7
2	89
0	0
0	136
0	0
0	0
0	0
1	10
0	0
0	53
4	230
0	6
0	577
0	0
0	0
0	3
42	0
0	0
0	0
0	21
0	0
0	1053
0	0
0	281
0	0
0	0
0	73
0	0
0	0
0	136
0	39
0	0
0	137
0	0
0	0
0	0
0	0
0	0
0	207
0	0
0	0
7	1697
0	10
0	0
0	79
0	414
0	10
0	9
0	0
1	0
0	303
0	0
1	406
0	3
21	818
10	28
0	0
0	32
0	0
0	47
0	0
0	0
0	2034
0	17
0	0
0	0
0	31
0	0
0	2
6	96
0	0
0	0
0	0
0	0
0	17
0	0
0	68
22	54
0	0
4	1039
0	0
0	0
0	0
0	797
0	0
0	1
0	0
0	1
0	0
0	0
1	253
0	0
0	15
0	5
0	224
0	435
0	0
0	0
0	7
1	0
0	0
0	48
2	1
0	40
0	277
0	1434
0	0
0	250
0	0
0	103
0	0
3	5
0	147
0	1333
0	0
5	261
0	25
0	1
2	0
0	0
45	0
0	0
0	0
0	56
0	0
0	0
0	0
0	0
0	0
0	3380
21	0
0	0
0	0
0	0
0	72
0	1248
0	0
0	0
1	20
0	0
0	767
0	0
0	186
0	0
0	0
1	2
0	6
0	31
1	44
0	203
0	12
0	0
0	0
0	47
0	0
0	0
0	51
0	91
0	0
0	136
2	85
0	0
0	6
0	0
0	0
0	0
0	7
23	0
0	10
0	767
0	52
0	1
3	58
0	0
0	51
6	49
0	0
0	51
0	1
0	4
0	3
381	10011
9	311
0	13
0	0
0	0
0	0
0	1
4	0
0	0
0	0
0	0
0	0
1	0
0	0
0	12
0	0
1	60
0	0
0	0
0	0
0	0
0	212
0	0
0	0
0	47
0	4211
0	1432
0	0
0	0
0	205
0	926
0	9
0	0
0	0
0	7
0	3
0	0
0	59
0	0
0	0
0	3
0	0
1	98
2	624
2	589
0	0
0	261
0	0
0	0
0	0
0	0
0	0
0	0
0	0
0	0
0	0
0	0
0	376
0	0
0	0
0	0
2	106
0	14
0	46
0	0
0	29
0	0
7	757
0	0
0	2
0	0
13	207
1	291
0	65
0	52
11	539
0	0
0	0
0	301
0	48
0	361
0	3
0	0
0	44
0	0
0	1
0	0
0	0
0	0
0	87
0	0
0	3
0	0
0	74
0	0
0	0
1	268
0	153
1	0
0	7
0	0
0	1
0	0
0	18
0	74
0	0
0	0
0	371
0	41
0	276
2	6
0	0
0	0
0	169
0	22
0	0
0	98
0	30
4	307
0	26
0	0
0	87
2	143
0	0
0	206
0	1154
0	0
0	0
0	63
0	0
0	0
0	0
14	8
0	0
1	24
0	0
0	50
0	4
0	0
1	18
0	0
0	335
31	1215
0	0
0	0
1	572
0	624
0	27
0	652
0	0
0	0
0	128
0	1260
0	400
0	0
2	0
2	50
1	807
0	0
6	12
0	0
0	0
0	510
1	50
0	0
0	12
3	1006
0	0
0	0
0	181
0	9
0	17
1	34
0	118
0	0
0	0
0	0
0	545
4	45
0	19
0	257
0	0
0	42
0	143
0	26
0	14
0	0
0	0
1	1315
0	0
0	0
0	39
0	0
0	0
0	0
0	3
0	0
2	7
0	0
0	0
6	0
5	1624
0	251
0	191
0	382
0	0
0	0
0	84
0	0
4	38
0	0
0	0
0	0
0	0
1	24
0	0
0	0
0	0
0	0
0	17
0	0
0	19
0	10
0	24
0	4
0	0
1	0
0	28
0	0
0	5
0	0
1	952
1	202
0	30
0	0
0	0
0	0
0	21
0	5
0	3
59	56
0	246
0	34
0	31
0	39
1	0
0	32
0	4
0	0
0	0
0	0
23	1155
0	41
0	520
3	2
0	0
0	0
2	215
1	343
0	0
0	0
1	713
0	2
0	0
1	10
0	538
0	320
0	97
0	30
0	0
0	1
0	0
2	3
7	1
0	57
0	0
0	0
0	7
0	5
0	3
0	0
0	4
0	0
0	0
0	0
0	14
0	0
0	0
0	0
0	1291
4	3
0	0
0	0
0	0
0	0
0	48
0	0
0	135
0	66
0	37
0	0
1	158
0	254
0	2
0	1
0	0
0	0
0	3
0	68
0	16
0	0
0	0
0	0
0	0
0	0
0	0
0	0
1	696
2	0
7	184
0	2
0	0
0	6
0	0
0	19
6	16
0	39
0	250
0	0
0	123
0	393
0	46
0	466
0	0
0	0
0	18
0	0
0	0
0	4
0	0
0	180
0	59
2	1726
10	86
0	0
0	141
0	0
0	1
0	0
0	0
3	1263
0	0
2	371
0	0
0	248
0	0
0	0
0	16
0	1
0	0
0	0
0	25
0	0
0	0
0	40
0	0
0	0
0	4
0	0
0	3
0	0
3	376
0	0
0	3
1	412
0	0
1	139
0	0
0	8
0	0
0	0
0	0
0	0
0	44
0	0
0	308
0	2958
0	253
2	466
0	0
0	0
0	0
0	0
0	0
1	471
0	29
0	0
0	1
0	1
0	1
0	0
0	0
0	0
0	1211
0	0
0	1
0	0
14	1660
0	0
0	5
16	1944
0	47
0	75
11	436
0	0
0	0
0	1342
0	23
0	0
26	10
0	1
1	0
0	0
0	0
0	1318
0	0
0	0
5	158
0	0
5	0
0	0
0	1
0	161
0	0
1	5477
0	0
0	2657
0	8
0	0
0	0
0	0
0	0
0	0
0	112
1	857
0	232
0	0
0	95
0	0
0	0
0	0
0	0
0	1
0	20
0	0
0	0
0	16
0	0
0	0
0	2
0	0
0	1
0	0
0	70
0	0
0	0
0	0
0	68
1	12
0	31
0	1
0	489
0	2561
0	27
0	0
0	1
0	0
0	0
0	0
9	9
0	133
0	9
0	0
0	0
0	0
314	1404
0	28
0	1
0	0
0	0
0	8
0	1
2	1740
5	2652
0	0
0	0
0	0
0	0
0	0
0	144
2	517
92	509
0	0
0	0
0	0
0	0
0	0
0	2
0	0
0	0
0	0
0	193
0	2
1	0
0	0
0	124
0	0
0	0
0	0
1	141
0	0
3	143
0	0
0	0
6	0
0	160
0	79
0	23
0	219
0	0
0	3
0	38
0	15
1	198
39	23
2	2562
0	1
0	620
0	0
0	0
0	0
0	0
0	0
0	536
0	0
0	17
0	36
0	306
2	12
0	0
12	266
0	0
0	0
0	0
0	0
0	1
14	10
0	51
0	0
3	1925
0	0
0	0
0	0
116	249
0	0
0	0
0	50
4	144
0	0
2	522
0	0
0	58
0	268
0	69
0	303
0	0
0	3
0	230
0	0
0	2
0	0
2	10085
0	30
4	278
0	0
0	9
44	30
0	594
0	0
0	0
0	0
0	0
0	20
1	0
0	0
8	44
0	0
1	24
0	0
0	765
0	3919
1	290
0	0
0	122
0	0
4	238
0	0
4	30
0	0
0	0
0	164
0	296
0	282
0	0
0	0
0	1
1	158
1	157
0	0
0	0
0	1
0	0
0	0
0	0
0	0
0	107
24	11
0	3
0	30
0	0
0	2
2	8
0	0
0	0
0	2
0	624
0	0
6	1490
3	158
0	0
0	0
0	32
0	1
0	1
24	0
1	42
0	0
0	0
0	0
0	0
0	232
0	0
0	0
0	0
0	0
0	273
0	0
0	0
0	16
0	0
0	0
0	5
0	17
0	256
0	0
0	91
0	0
0	23
0	0
0	1
0	5
0	0
0	0
18	3
0	165
0	0
2	872
1	1057
0	0
0	0
0	1
0	1
0	0
0	0
0	2699
0	0
0	0
0	53
0	0
1	114
0	0
0	115
0	0
0	168
1	0
0	10
0	26
0	16
8	0
0	41
0	0
0	0
0	18
5	2801
0	6
0	0
0	4
0	124
1	41
0	0
0	126
0	0
0	0
2	0
0	0
0	4
6	92
0	0
0	18
0	0
0	0
1	1127
0	0
1	1500
0	0
0	16
0	0
0	0
0	473
1	1037
0	401
0	0
1	23
0	0
0	0
0	128
0	0
0	57
0	192
0	0
0	0
0	263
0	97
0	525
0	0
19	1883
0	0
0	164
0	2
0	293
0	0
0	24
0	0
0	361
1	1
1	12
0	6
0	0
0	0
2	6
0	23
0	72
0	0
0	733
0	73
0	2
0	43
0	12
0	4
0	0
0	0
0	0
0	0
2	251
0	0
0	30
1	98
1	0
0	3
0	481
0	5
4	149
1	1038
0	15
0	0
0	191
0	0
0	0
0	0
0	1
0	0
0	0
0	0
0	0
0	0
2	4
1	1
0	0
0	0
13	17
0	0
1	0
0	313
0	0
0	928
0	0
0	111
0	104
0	0
1	42
0	0
0	0
0	0
2	379
0	21
0	43
0	86
0	1845
0	9
0	1
0	0
0	116
0	0
0	0
0	0
0	33
0	0
0	0
0	0
0	19
2	0
0	1
0	16
0	0
0	0
0	0
0	4
0	2
0	0
9	54
0	0
0	26
0	0
0	0
0	124
12	889
5	3
0	24
0	0
0	8
0	0
0	0
0	81
0	763
0	0
0	0
0	9
0	0
0	1
0	12
0	0
0	0
1	22
0	8
0	24
0	0
0	0
1	7
0	0
0	2
0	7
0	2
0	0
0	0
0	550
2	10
0	0
0	81
0	0
0	33
0	0
0	29
0	0
0	0
0	0
0	0
0	0
0	0
0	0
0	0
0	78
0	0
0	12
6	0
15	268
0	0
0	0
14	42
0	11
0	1
0	251
0	150
3	180
0	1675
0	266
0	0
0	10
0	0
0	0
0	0
0	0
0	208
0	153
0	99
1	76
1	32
0	2
0	99
1	2
0	0
0	0
1	637
0	0
0	0
0	0
0	52
0	6
0	0
1	875
0	21
0	1
0	0
0	0
1	86
3	1
0	27
0	1
0	0
0	0
0	0
0	137
0	0
0	30
0	0
0	32
1	0
0	0
1	3
0	0
0	1
0	16
0	21
0	91
0	5
0	0
3	0
0	89
0	12
0	0
0	0
0	0
0	128
3	159
0	5
0	0
1	0
0	0
0	0
0	0
0	0
0	0
0	0
0	163
0	138
0	4
0	0
0	506
0	0
0	141
0	0
0	17
0	0
0	0
0	0
0	0
0	0
0	0
0	0
0	72
0	24
0	0
0	74
0	672
0	0
0	40
0	240
0	0
0	429
0	78
0	264
0	0
0	723
0	0
0	0
0	267
0	0
0	0
0	0
0	0
1	68
1	352
0	2
0	74
0	58
0	1492
0	0
0	65
0	0
0	166
0	0
0	39
0	0
0	0
0	0
0	0
0	169
0	0
0	0
0	0
0	0
0	0
4	108
0	79
0	8
0	24
0	0
0	0
0	295
0	0
0	0
0	0
0	0
0	0
0	1
0	0
0	8
0	0
0	0
0	0
0	83
0	396
0	0
0	0
6	106
0	306
9	513
0	7
4	2
0	0
0	0
0	0
0	0
0	70
0	0
0	0
0	0
0	10
0	0
0	14
0	342
0	0
0	0
0	78
1	1236
0	0
0	150
0	34
0	0
0	25
0	0
0	2
0	0
0	14
0	0
0	0
0	153
29	1724
0	0
0	0
0	233
1	98
1	0
0	0
0	0
0	0
0	0
0	0
0	0
0	38
0	0
0	64
17	283
0	0
0	0
0	0
0	0
6	513
1	1526
0	0
0	337
0	34
0	169
1	258
0	96
0	0
0	0
3	57
0	208
0	0
0	0
0	0
0	0
0	0
0	26
0	10
0	661
0	10
0	7
0	99
0	0
0	0
0	7
0	0
0	0
0	1
0	0
0	0
0	294
1389	2703
0	1
13	12
0	202
0	11
0	0
7	0
5	1897
0	476
0	0
2	56
0	0
0	1
0	0
0	6
0	0
0	223
0	36
4	584
0	1
1	194
0	0
0	0
0	0
0	0
0	7
0	14
0	0
0	186
3	3
0	4
0	13
0	4822
0	5
0	0
0	0
0	13
0	0
0	0
0	5
1	3
0	16
0	0
1	109
2	13
0	336
0	0
0	0
0	1093
0	0
0	19
0	0
0	2
0	0
0	29
0	0
0	57
0	0
0	0
0	762
0	3
2	11
0	0
3	95
0	0
0	0
0	62
0	1
0	353
0	12
0	316
2	0
0	0
0	0
0	534
0	0
0	0
1	7
2	1
0	0
0	1
0	0
1	7
6	0
0	0
0	1
0	0
0	0
0	16
0	2724
4	4
0	0
0	0
0	0
0	108
0	1
0	0
0	0
0	15
0	0
0	23
15	100
3	9
0	0
0	0
0	0
0	4
0	0
0	0
0	39
0	0
0	4
0	0
129	57
0	2
0	0
0	68
0	0
0	194
0	0
8	189
0	0
1	54
0	0
0	0
0	9
0	337
0	148
1	182
0	0
0	0
0	0
0	0
0	0
0	0
1	47
0	0
0	29
0	2
0	0
0	0
0	110
0	0
0	0
0	0
0	0
0	0
0	1
0	0
0	0
1	2
0	2
0	0
1	8
0	0
33	0
0	125
4	20
0	22
0	0
25	9
0	0
0	0
0	0
0	2
0	0
0	0
0	0
0	0
0	0
0	639
1	1783
0	2
0	84
4	0
0	0
0	0
0	0
0	0
2	0
6	133
1	1499
0	0
0	0
0	143
0	1700
3	3
0	0
0	0
0	5
1	943
0	0
0	0
0	0
0	0
0	12
0	0
0	0
0	0
0	0
0	7
0	2
0	4
2	305
0	0
0	6
0	9
0	0
0	0
1	218
0	0
0	19
2	3
0	0
7	385
0	0
51	224
0	0
0	0
11	3998
0	0
0	164
0	0
0	2
0	0
0	6
0	6461
1	135
0	0
0	21
0	0
5	485
0	2
0	35
0	46
0	1440
0	1
0	0
0	0
0	0
0	0
0	0
0	6
0	0
0	1
0	85
0	0
0	0
0	7
0	0
0	0
0	0
0	803
0	9
2	1
0	0
0	1
0	1
0	0
0	22
0	120
0	1
0	49
0	0
0	3
0	107
0	1
0	146
0	12
0	12
0	0
1	461
0	253
0	0
0	0
0	0
0	26
0	0
0	0
4	589
0	9
0	0
0	62
0	0
0	145
0	63
0	0
0	159
0	0
0	24
0	784
0	0
0	0
0	3
0	0
29	675
1	15
0	0
0	0
0	0
0	0
0	0
0	1421
0	242
0	0
0	213
11	17
0	0
0	1
0	89
0	0
0	0
0	6
4	0
0	0
1	247
0	0
0	0
0	146
0	0
0	1066
0	0
1	406
0	0
1	14
0	0
0	0
0	0
0	0
0	0
0	0
0	0
0	0
0	30
0	1
0	0
0	0
0	0
0	2
0	0
0	1
0	0
0	0
0	0
0	1
0	0
0	64
0	15
115	157
0	0
0	0
0	7
0	0
0	0
1	0
0	1
0	67
0	0
0	203
0	152
0	0
0	454
0	1016
0	4033
0	0
0	5
0	0
2	139
0	22
17	9
2	0
0	0
0	6
0	379
0	4264
0	0
0	0
1	2
5	2047
6	62
0	5
0	0
0	0
0	0
0	0
0	0
0	15
0	1
0	0
0	0
0	0
0	0
0	8
0	114
0	22
0	17
0	86
0	0
0	0
0	0
0	41
0	0
0	0
0	0
0	0
2	0
10	182
0	0
0	0
0	1
0	0
0	0
0	57
0	0
0	8
0	47
0	140
0	0
1	115
0	622
6	127
0	0
0	0
2	0
1	600
0	0
0	1235
0	0
0	0
0	73
18	17
0	0
13	526
0	224
0	0
0	17
5	226
0	0
0	0
4	0
0	94
0	0
0	0
0	0
2	4070
0	0
0	0
0	0
0	0
0	0
0	0
0	12
0	0
26	2
0	3
0	0
0	3
0	0
0	0
4	118
0	0
15	327
5	76
0	226
0	0
0	98
1	2
0	0
0	0
0	0
0	9
0	0
0	43
0	0
0	0
0	2
0	84
0	171
0	0
0	0
0	0
2	359
0	203
0	0
0	23
0	16
0	0
0	134
0	0
0	0
0	1
2	4
0	0
0	0
0	0
0	0
0	0
5	3102
0	199
0	0
2	200
0	0
0	0
0	250
12	3247
0	0
0	0
0	0
0	403
0	0
9	19
0	1
0	22
0	0
0	0
0	0
0	3
0	0
0	27
0	0
3	80
118	1275
0	0
0	90
0	0
0	670
0	0
0	148
0	0
0	0
0	0
0	432
0	2
0	15
0	0
0	5388
0	0
0	0
0	0
0	0
0	73
0	0
56	243
2	4
0	7
0	0
0	29
0	0
28	20
0	1
0	0
0	0
0	0
0	0
0	0
0	26
0	0
0	1
0	2
0	0
0	0
0	0
0	0
0	265
0	21
1	0
0	0
0	0
1	15
0	0
0	0
37	0
0	0
72	399
1	0
0	0
0	994
0	2
0	2
0	0
0	0
0	0
0	0
0	0
0	0
0	385
0	13
0	0
0	0
0	2
0	96
0	0
0	413
0	29
56	31
0	0
0	0
0	2
0	1
0	0
0	0
0	0
0	381
0	0
0	1
0	0
0	14
0	0
0	0
0	1
1	485
0	0
0	0
0	0
0	0
0	0
0	514
0	0
145	99
0	0
0	0
0	3
0	0
0	123
5	0
0	107
1	3125
0	59
0	0
0	528
0	0
0	648
0	133
0	11
0	9
0	3036
0	0
0	0
0	1
0	0
0	0
0	16
4	143
0	0
0	0
0	0
0	0
0	0
0	0
0	222
0	0
0	0
0	965
0	0
0	0
0	0
0	257
0	52
0	0
0	4
1	55
0	192
0	1
0	2
0	0
0	135
0	85
306	285
0	6
0	523
0	122
0	102
0	0
0	0
0	0
0	0
0	0
0	0
0	0
0	0
0	9
0	0
0	0
0	10
0	276
0	0
0	0
4	0
0	0
0	132
0	1
0	78
0	0
0	0
0	0
0	58
0	0
0	21
1	188
0	0
0	0
3	0
0	0
0	10
0	0
0	2095
0	0
0	95
0	109
0	0
0	0
0	371
19	10
0	5
3	35
1	5326
0	0
0	1
0	1
0	834
1	5
0	0
0	0
0	0
0	0
0	0
0	0
0	17
0	0
2	128
3	0
0	0
0	0
0	0
0	0
0	0
0	55
0	0
0	0
0	2
0	0
0	0
0	754
3	8
0	0
0	214
0	0
0	0
0	11
0	35
0	0
0	33
0	0
0	0
0	0
0	132
1	15
0	49
1	191
0	0
1	24
0	670
0	0
0	0
0	0
0	1
0	0
0	5
3	0
0	0
0	0
0	168
0	0
0	56
0	202
0	364
0	31
0	0
0	0
0	731
0	0
0	318
3	101
2	68
0	0
0	0
0	0
0	0
0	197
0	0
0	0
0	0
0	0
0	0
0	32
0	0
0	0
0	0
1	68
0	0
0	0
0	0
0	0
0	0
0	0
0	1
0	0
1	8
0	133
0	0
5	55
0	0
8	157
0	23
3	8
0	10
0	0
0	26
0	0
0	7
0	15
0	0
0	79
0	0
0	102
0	0
0	0
43	6
0	0
0	90
0	0
0	15
0	161
0	286
0	352
0	0
0	0
0	40
0	7
0	0
0	0
0	0
0	0
6	322
1	9342
0	51
0	0
2	37
0	0
0	349
0	0
0	3
0	51
0	0
0	0
1	8
0	0
0	0
0	4
1	14
0	0
0	0
0	491
0	11
0	0
0	13
3	3
0	0
2	1
0	0
0	0
0	0
0	0
0	5
0	0
0	47
0	2
0	0
0	0
0	0
0	0
0	4
0	0
0	0
0	211
1	0
2	3431
0	1
0	0
0	3
0	0
0	0
0	197
0	0
0	0
0	708
3	25
0	0
0	0
0	0
0	0
0	0
0	0
0	0
0	737
0	21
0	0
11	1043
0	2
0	0
0	0
0	4
0	1667
2	560
0	0
0	0
0	6
0	0
0	0
0	0
0	0
0	0
0	13
0	124
0	0
0	196
0	0
0	1
0	1
0	3229
0	0
0	228
1	270
0	2
0	0
0	0
0	0
0	0
0	1
0	0
0	7
0	11
0	221
0	28
0	47
0	0
0	0
0	0
0	55
1	291
0	1
0	4
0	747
0	0
0	0
0	0
0	743
0	0
0	0
0	7
0	6
0	0
0	0
0	29
0	425
0	416
0	0
0	0
0	0
0	0
8	52
6	1
0	6
0	3
0	0
0	0
0	91
0	99
0	6
0	5
0	0
0	6
0	0
0	1543
0	1
0	0
0	0
0	0
0	0
0	0
0	16
16	207
0	0
0	0
0	0
0	1
0	0
0	0
0	159
0	38
2	263
0	0
0	0
0	287
0	0
0	0
2	70
0	352
3	7
0	0
0	45
0	0
3	142
0	0
0	4
0	53
1	1
0	0
0	113
0	0
0	0
0	630
0	0
0	0
0	0
0	0
0	0
0	2
0	0
0	0
0	43
0	1
0	224
0	0
0	0
0	0
0	64
0	1
0	0
0	0
0	0
0	0
0	0
0	5
0	314
0	0
0	376
0	0
0	1
0	0
0	3
0	0
2	0
0	0
0	2
0	0
0	0
0	31
0	19
0	0
0	66
0	0
0	1132
0	0
0	16
0	0
0	0
0	7
0	0
0	204
0	4374
0	0
0	100
1	639
0	1
0	212
0	0
1	89
1	1522
25	0
0	0
0	8
0	8
0	0
0	0
0	234
0	281
0	0
0	0
1	1098
1	5
0	0
0	409
0	0
0	5
0	0
0	0
0	847
0	0
0	49
0	1
0	7
2	607
0	0
317	21150
0	0
0	0
0	2538
0	101
0	0
0	0
0	1
0	295
0	0
0	19
0	0
0	0
2	969
0	1
0	0
0	169
0	0
0	0
0	0
10	174
0	350
0	0
0	1
0	0
0	4
0	5
0	1
0	31
0	0
1	0
0	0
0	0
0	0
161	3995
12	21
0	487
0	537
3	14
0	0
0	37
0	2170
0	43
0	4
2	134
0	0
0	5
0	435
0	249
0	0
0	85
0	32
0	0
0	0
0	0
0	0
0	0
0	0
0	0
0	2
0	0
0	58
0	0
0	0
3	0
0	96
0	33
0	0
2	39
2	427
0	117
0	116
5	161
0	10
0	23
0	50
0	34
0	70
0	0
0	1
0	0
0	1
0	29
0	0
3	12
0	1
2	36
0	0
0	41
8	135
0	607
0	0
0	0
0	0
0	21
0	0
0	1
2	0
0	0
0	0
1	0
0	26
0	0
0	0
0	0
0	44
0	0
0	0
0	82
0	14
0	0
0	0
0	52
0	0
0	0
1	0
1	0
0	0
0	1
0	0
0	65
0	15
0	0
0	0
0	20
0	4
0	21
0	1
0	42
0	0
0	286
0	0
0	0
0	55
0	88
0	0
1	362
0	0
0	1926
0	0
0	0
5	35
0	0
0	0
0	0
0	0
1	0
2	62
0	0
0	0
0	635
0	34
0	90
0	70
2	2236
0	0
17	1802
0	402
0	0
0	6
0	76
0	0
0	2
0	0
0	0
0	41
0	0
0	0
1	0
0	0
0	5
0	1
0	299
6	17942
0	0
0	0
0	0
0	482
3	147
0	0
0	0
13	422
1	113
0	116
0	312
0	0
0	5
0	0
5	14
0	0
0	0
0	227
0	0
0	0
0	172
0	0
0	3
1	701
0	0
0	564
0	0
0	70
0	0
0	0
1	968
0	3
0	0
0	147
0	332
0	0
0	7
0	144
0	3
16	14
0	8
2	0
0	15
117	17
0	194
0	0
0	0
0	0
10	16
0	0
0	9
0	46
0	0
0	0
0	0
0	0
1	38
0	1
0	87
1	28
0	0
0	0
0	56
0	0
0	2
0	0
0	237
0	1565
1	241
0	0
0	0
0	0
0	1330
0	100
0	259
0	0
0	0
0	0
0	1029
0	0
0	1535
0	0
0	888
1	24
0	0
0	197
0	0
0	3
3	516
0	0
0	0
0	1011
0	23
0	0
0	11
0	0
0	90
0	1
0	0
0	0
0	0
0	0
0	0
1	1387
0	0
0	0
0	11
0	3
21	1481
0	157
0	2
0	0
4	134
1	0
0	0
0	0
0	0
0	0
0	0
0	0
0	6
8	103
0	401
0	334
2	37
20	0
0	4
0	0
0	2
0	0
0	1
0	0
0	0
2	0
0	0
0	0
0	0
0	0
0	6
0	1351
0	0
1	9
0	188
0	5
1	59
0	0
0	1
2	44
0	341
0	0
0	44
1	0
0	0
0	0
0	0
0	167
0	0
0	0
0	1
0	0
0	69
0	0
0	405
0	446
0	1
0	0
0	511
0	7
0	1680
0	3
0	225
1	1
0	481
0	0
0	0
0	0
0	34
0	1
0	22
0	2
0	1017
0	0
0	0
1	41
0	0
0	136
0	0
0	0
0	0
1	0
0	0
0	74
0	15
0	0
0	0
0	729
0	0
0	0
1	196
0	748
1	15
0	1
0	0
0	0
0	436
2	345
0	0
0	0
0	0
0	0
0	231
0	0
0	0
0	0
0	0
0	0
0	4
0	0
0	0
0	0
0	0
0	0
3	712
0	3
0	445
0	71
0	39
0	0
0	0
0	360
0	2
0	256
0	6
0	0
0	0
0	0
1	45
1	322
0	198
1	76
0	6
0	0
0	0
0	1005
0	0
0	0
0	0
0	0
0	23
0	70
0	1
0	0
0	801
0	32
0	0
0	0
0	159
0	0
0	1994
0	0
5	429
0	0
0	0
0	78
1	0
0	34
0	0
0	0
0	0
0	0
0	0
0	0
0	20
6	851
0	0
0	52
0	0
0	2
1	98
0	0
0	0
0	0
16	2350
0	0
0	399
0	0
0	0
0	0
0	716
0	0
0	0
0	0
1	63
0	0
0	0
0	150
3	21
0	0
0	0
0	0
0	0
0	0
0	0
0	36
0	10
0	0
0	87
0	0
0	0
0	0
0	0
0	1
0	491
0	10
0	0
0	0
0	0
0	89
0	12
0	0
0	0
0	0
0	15
0	4
1	79
0	0
0	1
2	556
0	0
0	0
0	216
0	0
0	628
0	0
0	0
0	454
0	0
2	78
0	0
0	0
0	43
0	0
0	0
4	0
0	0
0	0
0	0
15	54
0	129
3	327
0	0
0	0
0	203
0	0
96	103
0	337
2	737
6	357
6	38
5	0
0	0
0	0
0	0
0	8
0	108
0	0
0	1
1	537
0	0
1	18
0	0
0	0
0	0
0	0
1	138
0	0
0	190
0	0
0	0
0	0
0	0
3	4
0	1144
5	81
0	0
0	48
1	36
0	0
0	0
4	1911
2	0
0	0
0	0
0	0
0	0
0	63
0	0
0	0
0	0
0	0
0	0
0	0
0	0
0	2
0	0
1	114
0	0
7	25
0	0
0	9
1	0
0	3
0	0
6	99
0	2
0	0
0	266
0	56
0	0
0	0
0	42
0	0
4	257
0	0
0	0
1	914
0	1106
0	0
0	0
0	0
0	9
0	0
0	2029
0	0
0	207
0	0
0	8
2	343
0	0
0	15
0	0
0	10
1	18
0	0
0	0
0	0
0	462
0	6
0	0
0	0
0	56
2	17
0	0
0	0
0	584
0	0
0	0
0	0
0	7
1	288
0	0
0	23
0	0
0	0
4	315
0	4
0	24
0	0
0	0
0	1574
0	0
0	0
0	0
0	0
0	0
1	0
0	0
0	0
0	0
0	0
3	2
1	0
0	5496
0	0
5	407
0	19
0	55
0	0
0	0
0	0
0	762
0	0
0	1
0	17
0	0
0	0
0	15
0	19
0	0
0	0
5	221
0	24
0	2
0	15
0	0
0	10
0	0
0	169
1	72
0	0
0	4
0	0
0	300
0	166
0	0
0	0
5	0
0	99
0	2
1	27
0	567
1	81
0	652
0	1
3	0
0	25
0	1
0	0
0	1
0	0
0	3991
0	0
0	12
5	1380
0	0
0	0
0	0
0	0
1	124
0	0
0	0
0	0
0	1
8	83
0	11
0	20
0	43
2	72
0	9
4	391
0	0
0	56
0	0
0	0
0	4
1	8
0	886
0	0
0	61
0	1420
0	28
0	1
0	0
0	0
0	0
0	123
0	64
0	2
0	0
0	0
0	0
0	0
0	0
0	9
0	0
0	1
0	0
19	0
0	0
0	0
0	2
0	16
5	29
0	216
0	0
0	0
1	0
0	0
0	0
0	0
0	0
0	4
0	1
0	0
1	0
0	0
0	49
0	0
0	200
0	0
0	0
0	96
0	0
0	0
0	0
0	25
0	0
0	0
0	0
0	0
0	7
0	0
0	26
0	44
1	124
0	0
7	4
0	0
0	0
1	27
0	13
21	0
0	0
0	0
0	0
0	1
0	0
0	0
16	62
0	0
0	40
0	144
0	0
3	3
0	0
0	0
0	28
0	0
0	0
0	0
881	1031
0	0
0	0
0	0
0	0
0	0
0	0
0	0
0	0
0	0
0	0
1	22
0	61
0	0
14	0
0	27
0	0
100	260
0	0
0	52
0	9
0	412
0	1058
0	0
6	622
0	106
0	20
0	6
0	141
0	451
0	0
0	346
0	2
0	0
2	0
0	0
0	0
0	0
2	551
0	0
0	0
0	114
0	63
0	0
0	395
0	1
0	0
0	8
0	5
0	565
0	0
0	26
0	0
0	0
0	13
0	0
0	0
0	0
0	0
5	179
0	634
0	0
1	80
0	236
1	0
0	0
0	0
0	0
2	1938
1	956
0	175
0	0
0	2805
0	620
0	0
5	327
0	50
0	0
0	1
0	1
5	242
2	6916
0	54
0	0
0	6
3	0
0	216
0	0
0	0
0	0
0	0
0	0
0	0
0	3
0	0
0	1065
0	0
0	63
0	57
0	0
0	0
0	470
0	58
0	0
6	359
0	5
0	0
0	0
0	0
0	0
0	15
0	0
0	0
0	0
0	4
0	0
4	44
1	0
0	0
0	0
0	85
0	0
0	193
0	1
0	0
0	3818
0	0
0	19
0	1
2	0
0	0
0	20
0	12
1	853
0	32
0	0
0	6
2	975
0	0
1	0
0	68
0	19
1	35
0	7
0	0
0	567
0	2017
0	59
0	3
0	0
1	0
0	0
0	0
0	0
0	0
0	0
699	282
0	0
0	1
0	0
0	0
1	285
0	65
0	1
5	0
0	67
0	0
0	93
0	0
0	0
10	0
1	28
0	1
1	526
0	1
0	0
0	0
0	0
0	34
0	0
0	0
1	410
0	442
0	0
0	0
0	0
0	0
0	0
0	0
0	0
16	66
0	4
0	0
0	0
0	0
0	0
0	0
0	985
0	1
0	0
0	17
0	0
1	6560
0	2
0	0
0	610
0	37
0	0
0	197
0	0
0	3
0	7
0	7
0	8
0	3
0	275
0	22
0	149
0	18
0	66
0	76
0	0
1	0
0	0
0	55
0	0
0	0
0	0
0	0
0	25
0	0
0	62
11	74
0	11
0	1
0	0
0	7
0	0
0	42
0	0
0	0
1	33
0	11
0	0
0	47
0	65
0	0
0	0
0	127
0	0
0	22
0	0
0	0
0	0
1	1
0	11
0	0
0	0
0	0
0	0
0	0
0	0
0	121
0	240
0	0
0	0
0	7
0	0
0	0
3	0
0	2
0	279
0	1
0	0
0	0
0	0
0	0
0	0
0	0
0	0
0	0
0	0
0	62
0	0
1	22
0	0
0	0
0	2
6	1235
1	3
2	158
0	0
0	0
0	0
0	0
0	12
0	0
0	211
0	0
0	0
0	0
0	57
0	0
0	0
0	0
0	0
0	0
0	0
0	0
0	0
5	5
0	251
0	0
0	0
0	0
0	23
0	0
0	0
0	1
0	1511
0	7
0	1
0	62
0	0
0	3
2	0
38	72
0	0
4	1209
0	0
0	0
0	0
2	20
12	0
0	0
0	0
0	584
1	1
1	0
3	73
0	10
0	0
15	271
0	0
0	0
0	0
0	0
122	372
0	0
0	9
0	642
0	1
0	0
0	8
0	12
0	0
0	3
0	0
0	12
0	0
0	269
9	22
0	12
0	2
0	129
0	0
1	1
0	0
0	0
0	747
0	0
0	1
2	14
0	256
0	341
1	37
0	196
0	3
0	0
39	139
0	154
0	14
0	1
0	0
0	59
0	47
0	0
0	0
8	3
0	0
0	0
0	2678
0	32
0	1
0	196
2	0
1	626
0	0
0	0
0	0
0	1815
0	2
0	15
0	0
0	2879
0	0
0	0
0	1675
196	942
1	1
4	0
0	0
1	307
0	0
0	4
0	0
0	0
0	0
0	0
0	6
0	37
0	0
3	2
0	44
0	3691
0	46
5	78
0	0
0	0
0	0
0	2992
0	25
0	0
0	14
0	42
0	0
0	0
0	0
16	58
0	2
0	196
1	10
1	0
0	0
0	0
0	172
0	0
10	361
0	0
0	756
5	376
0	0
2	309
0	0
0	310
0	0
0	0
0	0
0	24
0	44
0	0
0	262
0	31
0	0
0	1325
0	1
0	24
0	0
1	282
0	0
15	20
0	0
0	0
0	0
0	113
1	4
0	1
0	0
0	18
0	0
0	132
9	623
0	410
0	0
0	0
0	137
0	0
0	1371
0	2
0	0
0	9
0	606
0	23
0	787
0	0
1	0
0	0
2	48
0	282
0	0
0	0
0	1
0	0
2	0
0	20
0	125
0	0
0	0
0	1
0	0
0	0
0	22
0	4
0	27
0	0
0	0
0	3
0	5
0	5
1	833
0	0
0	1
1	593
0	0
0	1
0	0
0	12
0	40
0	1
0	0
0	0
0	6
0	0
0	0
0	0
1	375
0	0
0	4259
0	0
0	319
0	0
0	265
0	164
0	82
0	89
0	0
0	828
3	318
0	0
0	0
18	1105
0	0
0	12
0	0
0	0
1	0
0	161
5	0
0	0
0	26
0	13
0	0
2	522
0	0
0	112
0	0
0	57
0	6
0	0
0	0
1	16
0	4
0	67
0	0
0	65
5	77
0	33
11	22
0	0
0	0
0	2895
2	39
0	0
0	1
0	0
0	0
3	41
0	0
10582	208
0	126
276	0
0	1
0	33
0	0
0	0
0	0
0	0
0	1
0	0
0	0
17	0
1	2
0	0
0	7
0	0
0	5
0	0
0	0
0	354
0	83
2	5
0	3879
0	0
1	46
0	47
0	0
0	2
0	0
0	0
0	0
5	327
125	1395
0	12
1	56
0	55
0	263
0	2
0	115
0	0
0	260
0	0
0	0
0	60
0	0
0	0
0	0
2	18
0	2
0	0
0	0
0	0
0	79
0	1
0	5
0	0
0	0
0	0
0	17
0	0
0	11
0	0
0	30
0	0
0	329
0	0
0	6
1	27
0	0
0	0
0	1
2	687
0	345
0	30
0	161
0	0
0	0
1	657
0	10
0	23
0	331
0	229
0	0
0	0
0	0
0	0
0	0
0	0
0	10
41	1
0	0
0	82
0	3092
0	0
0	0
0	9
0	0
0	0
0	360
0	0
0	0
13	215
0	0
0	0
0	0
0	0
2	32
11	201
0	0
0	0
0	41
0	0
0	0
0	1
0	0
0	0
0	1683
0	119
0	0
0	745
0	286
0	17
0	71
0	4
0	1058
0	0
0	0
0	0
0	0
4	0
0	0
0	501
1	87
0	3
0	0
0	2
0	0
0	0
0	0
0	0
43	12
0	15
0	0
1	180
0	179
0	0
0	0
0	0
3	1
0	88
0	0
0	1
1	3
0	0
0	122
0	0
0	0
0	151
0	125
0	743
0	0
0	20
0	2570
0	0
0	3
0	881
0	0
0	184
0	0
1	41
0	2
0	176
2	26
0	14
114	0
0	102
0	0
0	0
0	0
0	0
0	19
2	6
0	0
0	1
0	0
1	7
0	45
0	3
0	0
1	189
0	0
0	28
0	110
0	0
10	5
0	0
0	3
0	0
0	545
0	0
0	0
0	0
4	0
0	0
0	1
0	19
0	0
0	0
0	498
9	5
0	0
0	30
0	0
0	19
0	0
1	0
1	244
2	2
0	0
0	0
0	0
1	92
0	0
0	0
0	0
0	26
0	17
0	257
0	0
0	326
0	413
0	0
0	0
1	86
0	0
0	0
0	37
0	0
2	18
2	0
12	79
0	0
0	0
0	0
1	299
5	97
0	0
0	323
22	146
4	3717
0	0
0	1
0	0
2	19
0	344
2	699
0	455
0	2
1	0
0	69
2	334
1	4096
1	185
0	323
0	0
0	232
0	0
0	0
0	55
0	62
0	0
0	0
0	0
0	2
0	124
0	1
0	1833
0	631
0	0
27	713
0	72
0	0
0	47
0	0
0	27
0	0
0	0
0	18
0	1
1	353
0	0
0	0
0	0
0	0
0	0
0	0
0	0
0	0
0	149
0	0
44	781
5	73
0	628
0	133
3	0
0	1
1	486
5	65
0	0
0	75
0	9
0	1
17	85
0	0
0	0
0	702
0	7
0	0
0	4
0	851
5	37
1	12
0	0
3	0
0	0
0	0
0	0
0	1324
0	3
0	76
0	0
0	0
4	293
3	1393
0	0
0	0
0	6
0	1
0	1
0	4
8	58
0	71
1	440
2	293
0	0
0	1252
0	2
1	16
0	0
0	0
0	14
0	0
0	0
0	1295
0	18
0	0
1	421
0	6
0	0
0	14
3	2119
19	129
0	1
0	25
3	2308
32	127
0	0
0	13
0	0
0	153
0	2
0	0
0	10
15	123
0	843
0	52
0	6
0	15
0	0
0	23
0	0
0	0
0	2
0	5446
0	0
0	0
0	0
0	0
0	0
0	0
0	3
0	0
0	0
2	22
0	0
0	1636
0	1
0	0
0	12
0	0
0	3
6	157
0	38
2	174
0	2
0	5
0	442
0	0
0	260
0	0
0	0
0	0
0	0
0	8
0	0
0	0
0	0
0	0
0	0
0	2
0	3
0	0
1	563
0	1
1	0
2	94
0	30
0	0
13	36
0	0
0	11
0	2
0	3
0	4
1	3
0	27
0	5
0	0
0	0
0	1
0	0
0	0
0	0
0	0
0	2
0	0
0	0
2	91
0	12
0	0
0	0
0	0
0	16
0	27
2	86
0	0
0	0
93	14
5	2
0	0
1	0
0	0
0	0
0	0
0	259
7	0
1	266
0	54
0	8
0	92
0	0
0	1
1	0
0	69
2	524
0	0
0	22
1	29
0	0
0	0
0	0
0	0
0	0
0	9
0	0
0	0
0	5
0	14
0	220
0	0
0	0
0	0
0	0
0	44
0	0
0	0
0	0
0	0
0	214
0	0
0	409
0	8
0	0
0	0
0	0
0	0
0	0
0	148
0	0
2	197
0	0
0	0
0	0
1	1
0	0
0	0
0	0
0	0
0	0
0	1
0	128
0	355
0	439
0	0
0	23
0	437
0	0
0	0
0	0
0	0
0	0
74	7534
0	0
3	159
0	0
0	5
0	0
0	1
0	13
0	9
0	20
1	1700
0	0
0	0
0	0
0	15
0	1
0	6
2	0
0	0
0	0
0	1
0	0
0	0
0	4
0	0
0	0
0	233
0	0
0	0
0	29
0	0
0	201
0	0
1	116
0	5
0	0
0	61
21	1130
0	145
0	0
0	8
0	0
0	0
0	0
1	1287
0	0
0	5
0	18
0	64
0	0
0	121
0	0
0	4
0	0
0	2
0	0
0	6
0	0
0	6
0	0
0	70
1	327
0	0
1	18
0	6
0	129
0	0
0	1
0	375
1	3
0	0
0	0
0	1
0	0
0	4
0	0
0	0
3	1
0	0
0	1837
0	1
0	7
36	203
0	0
71	156
0	0
18	133
0	11
0	0
0	45
4	0
0	164
0	0
0	1
0	2
0	620
0	0
4	142
0	986
0	0
0	35
0	0
0	0
0	0
1	203
0	0
0	4
0	0
0	416
0	25
0	17
0	0
0	0
0	0
0	0
0	7
3	16098
0	12
0	0
0	0
0	81
0	82
0	0
0	35
0	0
0	1
0	0
0	383
0	0
0	0
0	0
2	14
0	0
0	2
0	0
0	23
0	0
1	26
2	4
0	0
0	9
0	171
0	420
0	0
0	0
0	0
0	0
1	63
0	95
0	15
0	434
0	0
0	0
6	108
0	0
1	147
5	45
0	0
4	42
0	0
0	1
0	0
0	15
0	0
0	2
0	31
0	0
0	110
0	0
0	675
1	2034
0	3
0	192
0	6
0	0
0	0
0	60
0	5
0	0
0	0
0	0
0	580
0	0
0	98
0	64
0	862
0	0
0	0
0	0
3	1010
0	368
5	29
0	26
0	2
0	0
1	222
0	407
1	122
0	0
27	490
0	0
0	0
0	704
0	0
0	0
5	32
0	28
0	50
0	0
0	0
0	38
0	466
0	1
0	0
0	0
0	0
0	0
0	0
0	0
0	149
0	0
0	0
0	0
0	1
0	108
0	2
0	0
0	0
0	0
2	8
0	4
0	0
0	20
0	1985
0	23
2	1
0	0
0	666
0	0
107	2012
2	0
0	0
0	0
0	0
1	12
0	2221
0	3
4	0
3	0
0	5
0	0
0	50
0	0
0	16
0	0
0	0
0	0
1	0
0	6641
1	0
0	246
0	48
0	0
0	0
15	595
0	0
8	8
0	0
0	1
0	108
0	10
0	1
2	1
0	0
2	43
0	8
0	0
0	0
0	74
0	0
0	142
0	87
0	37
0	0
1	0
0	0
0	55
0	0
0	0
1	55
0	0
0	0
0	0
0	8
1	0
0	0
0	0
0	0
0	0
0	0
0	0
0	10
0	0
0	0
0	2
0	0
0	4383
13	2540
90	37
0	0
0	272
0	0
0	0
6	0
0	0
0	8
0	0
0	1998
0	0
0	123
0	22
0	0
0	25
0	0
1	633
0	6
0	0
0	0
0	252
0	359
0	0
0	0
1	1499
0	0
0	0
0	100
0	0
0	9
0	32
0	0
0	0
0	576
0	0
0	0
3	71
0	0
0	0
13	134
0	1
0	25
0	0
8	118
0	14
0	323
0	2
0	0
0	63
1	13
0	182
0	0
1	11
0	0
0	0
0	1
0	941
0	0
0	0
0	0
0	5
0	0
26	421
0	10
0	588
0	0
0	0
0	0
1	309
0	0
0	157
0	238
0	0
0	0
3	140
0	0
1	58
0	2
20	62
0	96
0	32
0	283
0	0
0	0
1	26
0	0
0	0
4	1
0	0
0	0
0	0
0	11
35	13
0	0
0	0
0	242
0	1
0	0
0	0
0	4
0	0
0	0
0	81
0	6
2	0
2	67
0	0
0	95
0	1905
0	2570
0	0
0	1
0	0
0	276
0	0
0	19
0	0
0	0
0	0
0	0
0	8
0	9
0	217
0	1
0	0
0	0
5	0
0	65
0	4
0	0
0	3
0	0
0	0
0	12
1	62
0	1095
0	1
0	0
0	1237
1	207
1	836
10	423
4	60
0	0
0	41
0	0
0	0
0	12
0	71
0	121
0	93
0	0
0	0
0	1941
0	1031
0	11
0	0
0	2
0	0
0	0
0	0
0	0
0	0
0	38
0	0
0	0
0	62
0	0
0	75
0	4
0	0
0	2
0	0
0	2
0	257
0	0
0	0
0	2
0	0
0	189
0	0
0	385
59	0
0	3
0	0
0	57
0	0
0	0
0	1
0	1
0	195
0	21
0	740
0	1
0	1
0	0
30	152
0	11
0	0
1	59
0	0
0	0
121	160
0	0
0	0
0	0
0	0
0	0
0	0
1	2
0	0
0	1775
0	42
0	0
5	0
0	0
0	433
0	2
0	0
0	4
0	174
0	0
0	0
0	5
0	0
0	0
0	520
0	0
0	0
0	1
0	10
0	0
0	0
0	3
1	29
0	141
0	0
0	192
28	34
0	0
0	0
0	0
0	19
0	0
5	37
0	0
1	0
0	0
0	1
0	63
0	0
0	0
0	0
0	0
0	33
0	0
0	0
0	0
0	0
0	0
0	0
0	0
0	1
0	0
1	311
0	157
0	0
0	121
0	0
0	0
0	3
0	23
0	0
0	0
0	0
0	44
0	0
0	0
0	0
0	285
0	0
0	47
1	16
0	12
0	0
0	0
0	0
0	533
0	0
0	469
0	5
0	20
3	14792
0	0
0	0
0	59
0	154
0	47
0	0
0	0
0	32
0	0
0	17
0	0
0	40
0	0
0	0
0	0
1	22
0	0
0	0
0	2
8	182
0	0
0	0
0	0
0	0
0	0
0	0
0	0
0	0
1	4
0	0
0	2
1	12
0	33
1	0
0	0
0	0
84	210
0	193
0	9
2	568
0	429
0	0
0	0
0	1161
0	0
0	2
0	0
0	0
0	0
0	0
0	0
4	290
0	62
0	203
0	391
0	0
0	0
0	0
11	6
0	771
0	0
0	0
0	0
0	0
0	0
0	0
0	0
5	46
0	0
0	157
0	0
0	0
0	3
0	0
0	92
0	0
4	2
0	39
0	0
0	0
0	1
0	71
1	0
0	116
0	0
0	0
14	116
0	5
0	0
0	0
0	0
0	3
0	0
10	94
0	56
0	157
1	3
4	403
0	60
0	0
0	0
0	0
0	0
0	0
0	53
0	286
1	222
0	0
0	0
0	0
0	5
0	1
0	89
0	0
0	136
1	303
2	0
0	0
0	0
0	0
0	105
0	4
0	62
0	0
0	0
0	0
0	0
0	1
0	0
0	0
0	0
0	0
1	80
0	30
0	427
0	23
1	0
0	0
0	580
0	0
0	0
0	0
0	1185
0	0
0	0
0	1441
1	23
0	0
0	0
0	0
0	0
0	0
0	71
0	0
0	0
0	0
0	0
0	16
0	0
0	0
0	0
0	309
0	638
0	0
0	5
0	0
0	628
0	0
0	0
0	0
0	11
0	36
0	0
0	0
0	0
0	166
0	0
0	0
0	0
0	0
0	15
0	0
0	0
0	0
0	0
0	3
0	0
0	0
0	290
10	1
0	23
11	135
0	33
0	0
0	4
0	10
0	0
0	0
0	977
0	0
0	0
0	98
3	1
0	2
0	0
0	0
0	1
0	0
0	7
0	0
0	0
0	0
0	371
30	1858
0	647
0	9
1	0
0	9
0	2018
0	1649
0	0
15	7
0	45
0	0
0	0
0	0
0	1
0	0
0	0
0	675
9	0
0	0
0	617
0	0
0	0
1	26
4	2
0	0
0	86
0	10
0	142
0	0
0	237
0	0
0	105
1	0
4	43
0	54
1	291
3	1
0	0
1	0
0	0
0	134
0	0
0	32
0	1
0	0
0	93
0	10
0	0
0	0
0	0
0	0
0	0
0	0
0	0
0	1
0	97
0	255
0	0
1	380
0	0
0	115
1	0
0	0
0	0
0	149
5	49
0	0
0	62
0	1859
0	0
0	1456
0	0
0	138
0	1
0	0
14	19
0	0
0	1
0	8
0	0
0	0
1	634
0	80
0	0
0	76
0	0
0	0
0	0
2	364
0	156
0	0
0	703
0	0
0	107
0	0
0	81
0	666
0	0
0	15
0	93
5	32
0	7
0	326
0	268
0	98
0	0
0	0
0	0
3	18
0	0
0	0
0	0
0	0
0	187
0	3
0	99
0	37
0	0
0	49
0	0
5	22
0	5
0	0
0	77
0	75
0	14
0	0
0	0
2	2
0	26
0	303
0	34
0	197
2	5
0	0
0	7
0	0
0	28
0	0
0	27
0	370
0	0
0	732
0	0
39	1293
50	812
0	300
0	52
0	4
0	0
0	1408
0	17
0	0
0	0
0	0
1	0
0	0
0	9
0	264
0	0
2	29
0	1
0	0
0	35
0	352
0	0
0	1205
0	0
0	812
0	0
0	0
1	1460
0	555
0	0
0	148
0	1
0	34
1	51
0	0
0	0
0	29
0	756
0	121
0	0
0	0
6	695
0	0
0	0
0	3
1	300
0	0
0	6
4	558
0	110
0	0
5	3
0	97
3	0
0	0
0	0
0	4
0	10
0	0
0	0
0	192
0	0
0	0
2	112
0	0
0	0
3	0
1	991
0	55
0	0
0	15
0	0
2	0
0	0
0	0
0	14
0	0
0	42
0	0
0	0
0	0
0	0
0	0
1	297
0	29
0	0
0	0
0	1
0	275
0	2
0	0
0	0
0	0
0	0
0	0
0	0
0	0
1	5
0	0
0	0
0	5
0	0
0	5
0	0
0	499
0	0
0	0
0	0
0	1381
0	0
0	1
11	701
0	47
0	26
0	0
0	0
0	0
0	0
0	0
0	0
0	242
0	0
0	193
0	17
0	0
0	3
0	0
0	4300
0	64
0	31
0	0
0	0
4	0
0	0
0	0
0	0
0	0
0	401
0	0
3	270
1	38
0	0
0	0
0	0
1	11
0	0
0	0
0	1086
0	22
0	0
0	1
0	0
0	0
0	0
0	0
0	0
9	40
0	17
0	0
0	0
0	0
0	0
9	6
0	916
0	0
0	0
0	0
0	4
0	0
0	0
0	0
0	36
0	215
0	836
0	0
0	143
2	108
0	0
0	0
0	103
0	4
24	1355
0	0
0	2061
0	72
0	107
1	14
0	147
0	1359
0	0
0	0
0	1
0	142
0	0
0	0
0	3539
0	1
0	0
0	45
0	4
0	1
0	5
0	564
0	0
0	0
0	0
0	7
0	150
1	63
0	80
0	0
0	0
0	0
0	3
0	130
0	0
0	71
0	0
2	138
0	100
0	0
0	1
1	373
0	0
24	0
3	0
0	267
5	101
0	0
0	3
273	76
2	159
0	1
0	1096
0	92
0	0
0	1
111	0
0	0
0	0
0	0
0	0
0	0
0	0
0	0
0	0
15	152
0	0
0	11
0	10
0	0
0	0
0	32
0	0
0	1
0	0
0	1883
0	0
0	0
0	0
0	1
6850	571
0	18
0	28
0	0
1	93
7	850
3	0
0	1
9	192
0	0
0	0
0	0
0	0
0	0
1	543
0	9
2	3
0	0
0	0
0	364
0	0
0	6
0	0
2	1134
0	5
0	0
0	28
0	0
0	43
0	0
0	11
0	0
0	134
0	0
4	3
0	6
0	5
0	0
124	0
0	0
0	0
0	0
0	63
0	3
0	1
0	1325
1	158
0	0
0	0
1	0
0	0
1	159
0	0
4	360
0	0
0	78
0	2
0	16
2	1309
0	773
0	0
0	0
0	119
0	1
0	0
0	0
0	486
0	60
1	3
0	0
0	0
0	391
0	9
0	1
0	212
2	0
0	513
0	130
0	0
9	176
0	0
0	135
0	0
0	0
0	0
0	7
0	725
0	1
4	228
0	12
0	0
11	0
0	0
4	0
0	126
0	0
0	536
0	16
30	0
1	0
0	389
0	22
0	0
20	59
1	165
0	0
0	0
0	0
0	0
0	0
0	0
0	2
0	0
0	11
0	0
0	0
0	44
0	20
0	43
0	78
0	63
0	0
0	0
1	5
0	0
23	1
0	23
0	205
0	0
0	0
0	4
0	22
0	0
1	7
0	0
0	0
0	0
0	0
0	0
0	203
0	20
0	0
0	287
2	1
0	1324
3	0
0	0
0	0
0	206
0	0
11	411
0	1
0	0
228	57
2	414
0	0
0	0
0	0
0	0
0	10
0	0
0	0
0	225
0	10
0	0
0	0
0	0
0	0
0	0
0	0
3	17
0	0
0	0
0	0
128	1219
0	264
0	117
0	0
0	8
0	32
109	151
0	0
3	91
0	0
0	1606
0	0
0	7
0	0
0	0
0	0
0	0
0	708
0	0
0	0
0	0
0	0
1	251
0	26
0	37
0	107
0	0
0	0
0	122
0	55
0	63
0	0
0	0
0	70
4	75
0	0
0	46
4	80
0	83
0	136
0	1
0	0
0	20
0	41
0	0
0	0
0	0
0	73
0	33
37	242
0	0
0	75
78	386
0	0
0	0
0	120
0	18
36	218
0	0
0	0
0	0
1	180
0	0
0	0
0	2
0	0
0	0
0	27
0	0
0	0
0	0
24	3005
0	312
0	0
1	3
0	0
0	18
0	152
0	1
1	1
0	0
0	39
0	28
1	3
147	1139
0	167
0	81
0	2
0	0
0	98
0	0
0	0
0	0
0	0
0	66
0	0
0	94
0	105
0	0
0	35
0	0
2	1101
0	9
0	0
0	0
0	0
0	404
0	0
0	1
0	0
0	0
0	95
1	175
0	3
0	8
0	0
0	0
0	0
0	98
0	0
0	50
0	268
2	162
0	205
0	0
0	2
0	0
0	0
0	0
0	0
0	0
3	175
0	0
0	0
0	255
0	108
0	0
0	0
0	0
0	0
0	0
0	4
0	0
0	0
0	3
0	0
0	1
0	0
0	363
0	0
0	1681
0	202
0	0
0	5
0	44
1	0
0	112
0	26
1	117
0	0
0	0
0	790
0	0
0	0
0	3
0	0
0	197
0	1
0	0
0	1717
0	2
1	211
0	0
0	0
0	224
0	0
2	0
0	1017
0	0
237	949
0	453
0	8
0	2
0	13
0	647
2	393
0	101
0	0
0	23
1	33
0	70
0	45
0	0
0	0
0	0
0	0
16	83
0	0
0	0
0	0
0	29
0	15
0	0
0	0
0	4
0	0
0	0
0	32
0	0
0	0
0	22
0	0
0	0
0	0
0	0
0	0
0	0
0	0
3	217
1	23
0	0
0	1
15	801
0	7
0	0
0	0
0	0
0	0
0	0
0	0
0	430
21	2
0	0
0	32
0	50
0	60
1	51
3	111
0	0
0	0
0	128
0	58
0	0
0	6
0	1
0	0
0	27
0	0
0	0
0	0
0	0
1	74
0	0
7	1019
0	0
2	29
0	4
0	0
0	0
0	51
0	5652
0	80
0	0
0	0
0	0
0	0
0	102
4	176
0	0
0	0
0	1
0	0
0	0
0	13
0	0
0	0
1	214
0	0
124	454
0	1
0	0
0	62
0	0
0	0
7	5
0	31
0	406
0	235
0	0
2	200
2	4
2	1
0	0
0	41
1	99
2	212
0	0
0	0
0	81
0	5
0	0
0	0
0	0
0	0
0	91
0	0
0	2
0	0
0	187
0	90
0	0
0	0
0	0
0	0
0	298
0	0
0	0
0	8
1	45
0	1
0	0
0	0
0	0
19	11104
0	0
0	0
0	97
0	0
0	2
0	0
0	185
0	2
0	4141
0	936
0	154
0	30
0	0
0	0
0	0
0	0
2	188
0	0
4	98
0	0
0	0
8	3
0	0
0	190
0	10
1	3148
0	201
0	8
0	2
0	0
0	0
0	247
0	0
0	0
0	6
0	239
0	12
0	0
0	60
0	0
0	682
0	0
0	0
0	0
0	0
0	0
0	144
0	27
0	0
0	0
0	0
0	13
0	0
2	100
0	0
0	0
0	547
0	9
0	3
0	0
0	0
0	316
0	0
0	0
0	0
0	0
0	0
0	1
0	0
0	0
1	5
2	29
0	2
2	114
0	0
0	82
0	0
0	0
0	0
0	0
1	57
0	44
0	10
0	54
0	13
1	34
0	0
0	0
0	0
0	0
0	0
0	1
47	27
1	1858
0	0
0	0
0	27
1	174
0	823
0	0
0	0
0	0
0	0
0	24
0	20
1	18
0	58
0	47
0	0
8	14
0	0
0	0
0	0
0	0
0	1106
0	0
0	0
0	0
0	0
0	0
1	818
0	0
0	2402
0	0
0	0
0	1
0	0
0	330
0	0
1	35
0	25
0	131
0	0
0	0
0	0
0	1985
0	18
0	11
0	27
4	30
43	4195
0	0
26	2574
0	279
0	175
0	0
0	0
0	11
0	0
0	1
0	0
1	366
0	107
0	0
0	0
0	0
0	10
0	532
1	0
0	8017
0	0
5	210
0	0
0	228
0	145
0	55
3	0
0	0
4	30
0	0
0	0
0	95
0	424
1	33
0	30
1	995
0	37
0	8
1	57
0	311
0	0
1	161
0	23
0	0
0	0
1	69
0	55
0	0
0	2084
0	0
0	0
0	146
0	156
3	163
0	239
0	0
0	157
0	0
0	24
0	19
0	0
0	0
0	20
0	28
32	241
0	0
0	35
0	0
0	1
0	0
0	59
0	0
0	0
0	155
0	122
0	0
1	24
4	27
0	0
5	37
0	1
0	0
0	54
0	0
0	1
0	0
5	0
0	0
0	0
0	0
0	140
0	0
0	0
0	5
0	0
0	0
0	0
1	576
0	0
0	0
0	38
0	0
1	0
0	0
0	0
0	51
0	0
0	0
0	0
9	800
0	0
0	0
2	0
0	22
0	527
2	49
0	434
0	5
0	7
3	23
0	0
0	0
0	0
0	250
0	0
0	66
0	11
2	86
0	9
0	0
0	22
0	0
0	0
0	0
0	9
0	9
0	3
0	31
0	0
2	12
6	519
0	52
0	0
0	0
0	0
0	0
0	9
0	0
0	3
0	92
0	7
0	262
0	0
4	11
0	0
0	0
0	37
0	0
0	0
39	445
2	51
0	0
1	5
0	3
0	272
0	0
0	540
0	0
1	39
0	153
0	367
0	26
0	162
0	76
0	5
0	0
0	39
1	308
1	0
0	0
1	413
0	0
25	8
0	0
1	14
0	0
0	285
5	2
0	0
0	28
5	81
0	0
0	22
0	0
0	2
0	0
0	16
0	66
0	0
0	0
0	0
1	1875
0	0
0	0
0	0
0	0
0	0
0	0
0	0
0	11
0	103
0	607
1	617
0	750
0	5
0	210
0	0
0	0
0	5
0	0
0	1847
0	5
0	0
0	28
0	0
0	59
1	6
0	0
0	0
1	0
0	0
0	316
0	72
0	0
0	490
0	0
0	0
0	25
0	0
0	216
0	41
0	11
0	11
0	428
1	512
1	474
0	0
0	0
2	505
0	0
0	0
0	64
0	8
0	1
4	823
0	0
0	0
0	3
0	0
0	9
0	0
0	3
0	169
0	0
0	568
0	0
0	0
0	14
0	72
0	138
12	1
1	54
0	36
0	91
44	386
0	0
1	17
0	0
0	63
0	1
0	0
1	1
0	0
0	0
0	0
0	0
2	204
0	99
0	0
0	0
1	474
1	14
0	0
0	4
0	39
0	0
0	1
0	0
0	783
0	0
0	0
3	39
6	74
0	0
0	319
0	205
0	0
0	5
1	27
1	487
0	0
0	0
0	14
1	7
0	93
0	7
0	0
2	7
0	210
4	443
0	7
3	18
0	0
0	32
0	0
0	0
0	118
0	89
0	0
0	0
0	0
1	26
0	0
0	0
0	713
0	0
1	528
7	0
0	18
0	14
0	1
0	0
0	11
0	0
1	0
0	22
0	0
2	64
15	17462
0	55
0	0
0	32
0	0
11	0
0	0
0	454
1	0
0	0
0	142
1	56
0	0
1	1
0	0
1	1969
0	2275
10	2
0	0
1	0
0	0
0	3
0	0
0	0
1	147
0	0
1	23
0	9
0	5
3	727
0	0
0	6
0	3
0	0
1	4
28	35
0	7
0	597
0	126
0	8
3	30
0	0
0	249
0	43
0	255
1	12
0	0
0	7
0	0
0	48
0	4
0	0
0	0
1	1
0	0
0	8
0	61
0	3
0	0
0	0
0	0
0	0
0	7
0	153
0	2
0	0
0	68
0	24
0	0
0	0
0	0
0	0
0	335
0	0
0	821
0	0
2	10
0	0
1	119
0	8
0	443
0	24
0	0
0	0
0	0
0	17
0	0
0	12
0	0
0	384
0	12
0	3
2	185
0	0
0	178
0	2
0	44
0	2
1	18
9	2
0	75
0	0
0	1534
5	0
0	465
0	44
0	4
0	0
0	103
1	32524
0	136
0	0
0	5
3	240
0	34
0	16
0	0
0	0
0	0
3	40
3	193
0	0
0	13
1	51
0	8
0	1
0	69
0	0
17	292
0	0
3	72
0	220
0	0
0	0
0	67
0	2
0	11
10	322
0	426
0	0
0	4
1	13
0	0
0	0
0	0
0	1224
0	0
10	89
0	18
0	0
0	186
0	0
0	232
0	3
0	818
0	1
0	18
0	44
0	23
3	95
0	0
0	0
0	21
0	25
0	0
0	27
5	197
0	0
0	0
0	416
0	0
0	0
0	0
0	0
0	0
0	4
0	0
0	0
0	0
0	0
0	22
0	0
1	4
2	2
0	0
0	0
0	0
0	5
0	0
0	0
1	125
4	272
0	2
0	0
0	0
0	0
0	0
0	79
12	37
0	27
0	31
0	7
3	86
0	28
6	666
6	403
0	0
2	75
0	25
0	0
0	0
0	5
0	0
0	70
9	5
0	0
0	2
0	575
0	4
0	2
0	0
0	0
18	502
0	0
0	0
0	154
0	0
0	26
0	1838
0	0
0	45
0	1118
0	11
0	129
0	69
0	262
0	2
0	0
0	0
0	1206
0	0
0	0
0	49
0	1
3	212
0	9
0	3
0	105
0	0
0	10
0	0
0	0
2	293
0	3
0	7
4	3
0	0
0	57
21	323
0	0
0	6
0	19
0	76
0	0
0	64
2	1046
0	1
0	0
0	0
4	12
0	16
0	0
0	1
0	1
0	0
0	0
0	67
1	29
0	280
0	40
0	5
0	5
0	6
0	0
0	2
0	15
0	0
0	5
0	0
0	0
0	0
0	1386
0	96
0	0
0	2
8	48
0	0
0	8288
0	1
0	158
0	1
0	65
0	0
0	3
0	0
0	0
0	6
0	0
0	0
0	0
0	15
34	349
4	394
0	117
0	90
11	953
1	36
0	6
0	175
1	28
0	550
0	0
0	0
0	0
1	0
0	1219
0	22
0	749
0	6
0	0
0	0
0	8
0	144
0	69
0	0
0	0
0	0
0	8
0	0
0	0
5	141
0	0
0	26
0	0
0	0
1	289
0	13
0	155
58	50
0	0
0	21
0	1
0	1
0	0
0	0
0	528
0	0
0	0
0	0
2	87
0	0
0	67
0	44
0	14
0	0
1	11
1	15
0	0
0	0
0	0
0	7
0	0
1	35
0	0
0	0
0	8
0	0
0	10
0	9
2	10
9	34
0	0
2	46
0	0
0	97
0	0
0	486
3	90
0	366
0	291
1	0
1	39
0	0
0	0
0	5
0	0
0	30
0	0
0	0
0	1
0	0
0	7
0	0
0	25
0	6
0	255
0	0
0	16
0	509
0	2
0	0
4	59
0	0
0	46
0	0
0	0
0	0
0	0
0	0
0	0
0	38
0	791
0	0
0	162
0	0
0	1796
1	27
0	0
0	0
0	0
0	13
0	87
0	0
0	24
0	0
0	0
0	11
0	143
0	1213
0	0
0	1
3	0
0	0
0	0
0	0
0	324
0	0
0	859
5	123
0	0
0	10
3	17
0	0
3	221
0	57
0	0
4	7797
0	0
0	1
0	1
0	12
0	81
15	146
4	0
0	0
0	38
0	210
0	0
6	40
0	47
0	26
0	0
0	0
0	12
0	196
0	3
0	0
0	3
0	5
1	74
0	31
0	1
1	130
0	37
0	757
3	0
0	3
0	0
0	0
0	0
0	0
0	1
0	1
0	0
0	1012
2	114
0	167
0	0
0	17
0	27
0	970
1	7
0	6
0	46
0	0
0	115
0	0
1	0
0	0
0	0
0	20
0	3
0	0
0	93
0	0
1	109
1	202
0	110
0	0
0	1309
0	416
0	0
0	0
0	38
0	56
1	9
0	5
0	110
2	92
0	0
3	385
0	296
0	70
1	23
0	4
0	0
0	454
1	32
0	0
0	44
0	9
0	0
0	51
0	4
0	38
1	18
0	11
0	0
0	0
0	147
0	0
0	0
0	0
0	3
0	60
0	0
0	0
0	0
0	6
0	0
1	30
2	6
0	24
0	0
0	0
0	0
1	503
0	0
0	319
5	0
0	26
0	0
8	15
0	1954
0	0
1	422
0	0
0	4
0	1
0	0
0	7
0	7
0	0
0	0
0	146
53	672
0	97
0	7
0	0
0	0
0	6
4	18
0	97
0	1
0	452
0	40
0	0
0	1
0	107
1	3
0	0
0	3
0	0
0	5
0	146
0	328
0	0
0	0
0	0
0	0
0	200
0	1
0	0
0	0
0	0
0	0
0	2
0	0
0	0
0	0
0	53
0	0
0	0
0	0
0	2325
0	0
0	0
0	0
0	47
0	0
0	0
0	0
0	0
0	0
0	0
0	0
0	130
1	146
5	496
0	491
0	0
0	0
0	177
0	105
0	0
0	0
0	0
0	0
1	11
0	0
0	314
0	0
237	716
0	0
0	0
0	0
0	0
0	1
0	0
0	0
0	0
0	1
0	22
0	283
0	2
0	11
0	2
0	385
0	63
1	320
0	0
0	0
19	3
0	0
0	0
0	0
0	2
0	6
0	0
2	24
0	11
0	0
0	8
2	1
0	34
0	0
1	312
4	3
1	0
0	246
4	2
0	0
1	54
0	11
0	0
0	0
0	0
0	0
0	11
0	0
0	0
0	14
0	0
0	92
0	0
0	0
0	2
1	0
0	0
6	5
0	563
0	0
2	785
0	331
0	0
0	31
0	64
0	0
1	0
0	137
0	23
0	0
0	2
0	53
0	289
0	1758
0	0
0	0
1	944
0	0
0	874
1	6
0	866
7	109
0	36
0	0
0	0
0	0
0	0
0	0
3	0
0	8
0	20
0	395
2	77
0	0
0	0
0	84
0	11
0	0
1	694
0	124
0	75
0	17
0	51
0	0
0	0
0	0
0	0
0	457
0	0
0	0
0	0
0	11
6	379
0	0
1	0
0	387
0	27
0	15
0	372
0	105
0	0
0	0
0	0
0	55
0	54
0	0
0	0
0	395
0	54
1	0
0	100
2	236
0	27
0	9
0	107
0	0
0	308
0	0
1	31
0	14
0	0
0	0
0	43
0	0
0	72
0	1387
1	189
1	168
0	8
0	0
0	0
0	1
0	0
0	0
0	0
0	105
0	61
0	31
0	1
0	34
0	0
0	0
0	29
0	0
0	23
0	0
0	0
0	0
0	653
0	0
0	15
1	0
0	2
0	4
1	2
0	32
0	3
0	0
1	22
3	20
0	447
0	2
0	0
0	0
0	61
0	52
0	0
0	275
0	0
0	3
1	44
0	0
0	0
0	0
0	0
329	185
0	0
0	43
0	0
0	0
0	0
1	284
0	0
0	0
0	165
0	388
0	202
4	0
0	0
0	121
0	0
0	0
0	0
0	2
0	4
0	12
0	0
0	0
14	547
0	0
0	67
0	0
0	19
2	2
0	0
0	0
0	0
0	0
0	82
0	0
0	0
0	0
0	0
0	170
0	0
0	5
0	147
0	0
0	0
5	46
0	223
2	236
0	31
0	0
0	0
0	250
0	0
0	93
0	0
0	1
0	1582
0	0
0	0
0	0
0	5
0	12
0	0
0	0
0	0
0	0
1	0
0	0
0	3
0	152
0	375
0	501
0	13
0	157
0	0
0	0
0	0
0	52
0	0
0	14
2	6
2	104
0	0
0	0
1	6
0	0
0	0
0	0
0	0
0	0
0	0
0	0
13	444
0	5
0	0
0	0
0	0
0	0
0	10
0	1049
0	0
0	9
6	178
0	80
0	0
0	0
0	572
0	0
0	1
0	5
0	0
0	35
0	163
0	0
13	288
0	98
0	0
0	479
0	769
0	0
1	47
0	0
0	176
0	3
1	145
0	0
0	235
0	506
0	0
0	1
0	0
1	49
0	46
1	350
0	0
0	0
0	0
0	1
0	54
0	0
0	0
0	0
0	26
0	25
0	4
0	0
0	1313
0	37
0	0
0	0
0	0
0	80
0	0
0	0
0	0
0	0
0	0
0	0
0	0
3	443
0	446
0	690
0	23
0	0
6	49
0	17
0	0
0	3
0	0
0	0
0	2
0	0
0	10
0	9
2	459
0	0
0	37
0	0
0	0
0	0
1	1
4	61
0	0
0	98
0	0
0	0
0	142
0	4
0	26
0	376
0	0
0	0
0	97
0	25
0	0
0	100
9	742
1	47
0	1249
0	12
0	89
1	380
0	58
0	1
2	290
0	0
0	0
0	13
0	13
0	0
6	225
4	240
0	0
0	19
0	33
0	0
0	1
0	0
1	476
0	0
0	0
0	3
0	182
0	92
0	0
0	6
0	0
0	260
0	666
0	0
0	83
0	0
0	54
2	19
0	0
0	0
0	0
0	0
0	916
0	117
1	220
0	7
4	757
0	140
0	278
0	0
0	514
0	0
0	0
0	97
0	8
0	0
0	1
0	4
0	0
0	0
0	0
1	316
0	1209
5	9
0	0
0	0
0	7
0	63
17	42
0	18
0	0
0	487
0	0
0	0
0	9
0	252
2	16
0	0
0	0
0	1
0	9
0	43
0	69
0	5
0	2
0	0
0	0
12	4
0	0
0	125
0	254
0	1
0	3
0	0
0	1896
0	0
0	2
89	0
0	0
0	2
0	0
58	498
0	0
0	155
0	0
0	0
0	12
0	0
0	0
0	33
0	57
0	12
1	123
0	1
2	4
0	3
0	9
0	0
4	124
0	0
1	133
0	0
0	0
0	2080
0	9
0	1
21	161
0	0
0	33
1	36
0	445
0	307
46	0
0	1632
0	0
0	16
0	0
0	0
0	0
0	1
0	0
0	2
0	0
0	0
0	0
0	10
3	13
0	447
0	0
0	0
0	4
0	0
0	98
0	0
0	0
0	0
0	0
0	270
0	12
0	2
0	1
0	0
0	1002
0	0
0	21
0	0
0	0
0	0
0	24
0	50
0	0
0	0
0	0
0	33
0	0
0	0
230	394
0	0
0	0
0	0
0	0
0	0
0	0
0	0
0	102
1	0
0	1
0	0
0	12
0	1
0	1
0	0
0	503
0	0
0	277
0	663
3	52
0	0
0	0
0	0
0	1627
0	54
0	21
0	0
0	0
0	232
1	3
1	58
0	0
0	19
3	30
0	2994
0	107
0	194
0	73
0	0
0	41
0	0
0	0
0	220
0	0
0	27
0	0
0	0
0	0
0	738
0	0
0	163
0	143
0	1
0	33
7	0
1	6
0	1
0	0
0	23
0	0
0	15
0	0
0	88
0	0
0	0
0	0
0	31
3	667
0	0
0	3
0	4
0	211
0	0
0	0
0	55
0	50
0	601
0	0
1	6
0	4
0	0
0	0
0	0
0	0
0	270
0	1
0	31
0	0
0	1144
0	476
0	20
0	3
0	0
0	122
0	0
0	5
0	0
0	0
0	251
3	163
1	67
0	0
0	0
0	0
0	106
0	0
0	138
0	253
40	20344
0	7
0	2
0	145
0	0
0	609
0	0
0	113
0	0
0	0
1	31
0	0
0	203
1	22
0	71
0	0
1	119
2	116
0	337
0	22
0	0
0	0
0	0
0	0
0	0
0	0
3	521
0	0
0	0
0	179
0	0
0	0
0	12
0	0
0	58
0	0
0	0
0	0
0	31
0	0
0	0
0	0
0	0
40	2718
0	176
0	0
3	264
1	101
0	0
0	2113
0	41
0	77
0	117
0	298
0	0
0	0
0	111
16	12
1	17
0	15
0	0
0	0
0	0
0	0
0	1
0	0
0	0
0	8
0	0
0	0
0	0
0	1
0	0
0	4
0	163
0	0
0	23
1	5
0	5
0	0
0	0
0	0
0	0
0	0
0	1
0	0
0	36
0	32
0	0
0	360
0	0
0	227
2	238
0	45
0	327
0	154
0	989
0	160
0	7
0	1889
0	0
0	271
0	0
0	0
0	0
0	177
0	0
0	4
0	0
0	0
0	683
0	0
0	0
0	99
0	0
0	80
0	3
2	4
0	257
0	0
0	32
0	44
0	0
0	0
45	179
0	113
0	0
0	0
0	11
0	0
0	0
0	5
0	0
1	6
0	4
0	0
0	86
0	3
0	0
0	6
0	0
0	3
0	103
0	6
0	173
0	0
0	60
0	0
0	0
0	0
0	0
0	36
0	0
1	37
0	0
0	0
0	150
0	9
0	0
12	204
0	41
0	0
0	0
0	4
3	69
1	8
18	5
0	19
0	0
4	227
10	841
2	717
0	132
0	3
0	0
0	0
0	38
0	0
0	7
0	982
0	14
0	0
0	84
0	0
0	16
0	682
0	125
0	2
0	335
0	3004
0	0
0	406
0	0
0	190
1	0
0	0
0	24
0	609
0	20
0	55
0	0
0	1743
0	275
0	92
1	367
0	2
0	50
2	31
0	0
0	0
0	0
6	1
0	0
0	17
0	0
0	0
0	1
0	0
0	19
0	0
29	503
0	0
0	0
5	3274
0	0
0	12
2	256
2	13
0	169
0	0
0	5
0	169
0	0
0	0
0	0
0	217
0	0
0	1
0	367
0	0
0	1
0	0
269	1
0	5856
0	0
0	0
0	0
0	0
0	0
0	4
2	217
0	58
0	18
0	295
0	28
0	0
0	0
0	736
0	29
2	2
0	181
0	5
0	4
1	0
0	33
0	49
0	0
0	0
0	30
0	0
0	0
0	0
0	6
0	0
3	1346
0	0
0	257
0	0
5	2
4	71
0	0
0	9
0	0
0	0
8	0
3	29
0	0
0	0
0	25
0	11
5	93
0	206
0	0
0	1
0	33
0	7
1	425
1	2
0	0
0	2
0	98
0	0
0	0
1	158
0	335
9	351
0	5
0	16
0	0
0	253
0	142
0	22
0	207
0	0
0	0
0	0
0	0
0	0
0	86
0	0
0	1
0	24
1	426
0	0
0	1347
0	49
0	124
0	180
0	0
0	8
0	0
1	177
0	0
0	0
0	10
1	318
4	19
0	0
0	5
0	50
0	0
0	20
0	0
0	246
0	0
3	17
1	24
2	41
0	20
0	38
0	314
0	31
0	0
0	42
0	0
0	30
0	0
0	140
0	76
2	2
0	0
0	335
0	0
0	0
0	512
0	0
0	0
10	523
0	11
0	0
0	0
0	24
16	29
0	281
0	1
0	0
0	12
0	9
0	3
0	68
0	516
0	0
0	12
0	799
0	11
0	1
0	28
0	23
0	1
0	0
0	0
0	1
0	1
0	1
0	0
0	0
0	0
0	23
1	81
0	0
0	0
0	99
15	190
0	0
0	362
0	22
4	139
0	0
8	325
0	2
9	447
0	18
0	31
0	29
2	17
1	320
0	0
0	0
0	112
0	6
0	1
0	0
0	0
1	125
0	93
0	179
0	0
0	0
0	133
0	0
0	383
2	28
36	144
0	0
0	442
0	0
0	91
1	517
0	0
0	7
0	56
5	0
0	160
0	0
0	294
3	1294
0	0
0	0
0	692
0	0
0	0
0	95
0	0
0	153
0	82
0	0
0	246
0	0
0	56
0	0
0	0
0	0
0	2
0	0
0	902
0	1
0	97
0	0
0	115
0	3326
2	8
4	21
0	0
1	102
0	0
0	338
1	142
0	0
0	388
1	59
0	113
0	75
0	34
0	245
0	4
0	32
0	307
0	0
0	0
4	1
0	0
8	1
0	0
0	0
0	0
1	202
0	0
0	0
0	0
0	117
0	0
2	70
0	0
0	7
0	0
0	0
0	0
0	43
1	1032
0	0
0	4
0	13
0	42
0	2
0	46
0	0
0	0
6	21
0	0
0	0
0	20
1	140
0	37
0	0
0	1
0	30
8	439
0	0
0	23
0	1
0	2
0	145
0	147
0	58
0	178
0	0
3	19
0	0
0	0
0	26
14	2409
0	4
4	262
0	62
0	27
0	76
0	2896
0	0
0	0
0	0
20	36
5	33
0	146
0	0
0	6
0	0
0	0
1	619
0	129
0	0
0	0
0	0
0	0
0	6
0	0
0	60
0	15
0	0
0	107
0	114
0	848
0	124
0	72
0	73
0	18
0	0
124	19
0	71
0	0
0	0
0	5
0	82
0	7
0	0
0	26
0	10
0	0
0	36
0	295
0	0
0	0
0	21
0	0
0	0
0	9
0	16
0	2
0	0
4	1173
0	0
0	0
0	2
0	2
0	0
0	2368
1	2
0	0
0	12
0	18
0	0
2	738
0	0
0	4
0	1
0	0
0	0
0	6
14	270
0	0
0	0
0	0
0	5
0	0
0	3
0	1125
0	269
0	0
0	0
0	0
0	103
0	0
0	231
0	0
0	0
6	230
0	236
0	0
0	0
0	44
0	0
0	0
0	0
0	91
0	0
0	16
0	0
0	0
0	729
0	174
0	0
0	0
0	0
7	8186
0	2
0	0
0	1
1	52
1	103
0	0
0	0
0	88
3	41
0	2
0	3
1	0
1	5
0	0
0	0
0	0
0	0
0	0
0	0
4	1
0	145
0	11
0	31
0	1
0	0
4	2
0	714
0	0
3	4
0	15
0	298
0	0
0	11
0	5
0	1
0	0
0	3
1	51
0	0
0	119
0	3
0	0
0	210
0	4
0	22
1	152
0	451
0	164
0	0
0	1227
0	0
0	0
0	13
13	1527
1	0
0	1444
0	0
0	0
0	0
0	0
0	261
0	628
0	0
29	10
0	0
0	0
0	134
0	0
0	0
0	0
0	109
0	8
0	0
1	99
0	0
0	0
0	0
0	0
0	0
0	0
0	37
0	0
0	0
1	5
0	49
0	0
0	0
0	3
0	32
0	0
0	0
2	358
0	0
0	4
0	6
0	0
0	17
0	117
0	0
0	3
0	0
0	1
0	0
0	0
0	8
0	0
0	1
0	19
0	0
0	0
0	0
0	0
0	0
2	350
1	2194
0	0
0	4
0	1
0	231
0	161
1	0
0	0
2	73
0	0
0	3
0	0
0	0
6	0
0	0
0	0
0	0
0	0
0	0
0	741
2	0
0	16
0	94
3	3
0	0
0	191
0	0
0	0
0	0
0	0
0	0
0	1
2	33
0	0
2	15
0	0
0	0
0	60
0	0
0	612
0	0
0	3
0	0
0	357
0	9
0	261
0	50
0	47
0	1
0	13
5	3
0	10
10	508
0	5
0	0
0	0
0	2
0	411
19	466
0	62
0	77
0	0
0	0
0	0
0	3
0	0
0	0
0	0
0	7
0	3
0	183
0	0
1	0
5	1319
0	30
0	0
0	4
0	1209
0	0
1	0
0	0
0	0
0	168
0	0
0	0
0	0
0	0
0	31
1	288
0	0
0	22
0	1
0	0
1	48
0	0
5	99
0	67
0	40
0	0
0	139
0	0
0	1
0	8
0	0
0	22
0	0
0	0
0	0
0	551
0	0
0	1983
0	0
0	0
0	5
1	89
0	13
0	138
0	0
0	88
0	1
2	6
0	0
0	0
0	0
0	28
0	0
58	0
0	0
0	0
0	0
0	524
0	750
1	48
0	1
0	0
0	0
0	49
0	0
0	1
0	0
0	0
0	0
0	0
0	54
0	155
0	0
0	0
0	0
0	0
1	16
0	369
0	0
0	0
0	0
0	0
0	844
0	0
0	1
0	2
0	0
0	26
0	18
0	187
0	0
0	0
0	0
0	8
0	11
10	24
0	329
0	284
1	106
0	0
0	9
0	0
2	4
0	2
0	7
0	14
0	175
1	0
3	45
1	29
0	0
0	0
1	197
0	0
0	0
0	0
0	1525
0	0
0	12
0	0
0	0
0	168
0	0
0	0
0	0
0	0
0	0
0	0
0	0
1	330
0	0
0	6
0	71
0	6
3	69
0	0
2	0
0	0
0	0
2	111
0	107
0	0
0	0
0	43
0	0
0	2
0	194
0	0
0	37
0	227
0	19
0	0
0	0
0	149
0	0
0	6
0	0
0	4
0	5
0	6
0	0
0	0
0	30
0	0
0	0
1	43
0	27
0	16
0	0
0	57
0	0
0	21
1	99
7	223
0	0
0	0
0	0
0	0
0	0
0	657
0	0
0	0
0	368
0	37
0	0
4	91
1	0
0	0
0	401
0	0
1	21
0	26
0	6
0	0
0	107
0	259
0	7
0	5
0	0
1	15
0	109
0	0
0	1
1	1
0	0
0	0
0	1
0	0
0	8
0	7
0	3
0	29
0	0
0	0
0	7
0	0
0	397
0	0
0	0
0	0
0	0
0	0
0	0
0	0
0	208
0	0
7	909
1	8
0	0
0	0
0	885
16	839
0	0
0	156
0	0
0	7
0	0
0	389
0	0
0	51
4	7
0	0
0	0
0	4
0	319
0	1010
0	18
0	41
3	8
0	0
1	127
0	0
0	0
0	8
0	0
0	0
0	559
0	0
0	602
0	8
13	429
3	75
0	0
0	0
0	723
0	21
0	1174
0	0
0	0
21	5416
0	0
0	42
0	3
0	0
0	86
0	0
0	0
0	0
0	0
6	0
0	26
0	0
0	0
0	2777
9	18
1	2
0	0
0	1
0	0
5	175
0	322
0	0
0	179
0	0
0	1608
0	0
1	25
0	0
0	0
0	75
3	29
0	53
0	0
0	0
0	0
0	0
0	241
1	0
0	2
0	0
0	0
0	19
0	1
0	0
28	0
0	0
0	0
0	601
0	0
0	28
0	0
0	0
3	277
0	0
0	52
1	5
0	0
0	0
0	0
0	0
4	15
2	2
0	0
0	24
0	0
0	0
0	0
0	0
0	0
0	0
0	0
0	0
0	0
0	1394
0	0
0	233
3	0
0	0
0	0
0	1
4	322
2	1
0	731
0	50
0	65
1	455
0	0
0	36
0	4
0	0
0	0
0	0
0	0
0	0
1	21
0	0
0	0
0	26
1	495
0	11
0	1
0	0
0	13
0	0
0	0
0	312
3	2000
0	4
0	0
0	0
0	110
0	1
0	0
0	0
0	0
0	0
1	81
0	1
3	1
0	1207
0	0
1	100
0	0
0	0
0	0
0	0
0	52
0	0
0	0
0	93
0	9
0	0
0	0
0	15
0	111
0	17
0	149
0	0
0	0
0	247
0	106
1	117
0	2
0	0
0	31
1	20
1	2
0	0
0	0
0	166
0	0
0	134
0	9
4	574
0	2
1	7
0	0
0	0
0	17
0	72
0	0
0	8
0	0
0	0
1	0
0	0
2	43
0	0
0	7855
0	0
0	40
0	0
0	0
0	0
0	84
0	218
0	0
0	0
0	0
0	266
0	2
0	0
0	0
0	2
0	0
0	1
1	117
6	740
0	524
0	0
0	12
0	0
1	0
0	0
0	0
0	0
0	223
0	0
1	48
0	0
1	12
0	11
1	40
0	0
2	187
0	0
0	0
0	37
0	0
0	31
1	1899
0	0
0	0
0	6
1	9
0	2
0	4
0	0
0	41
0	6
0	2
0	5
0	10
3	67
0	0
0	6
0	0
0	36
0	207
0	3
0	589
0	129
0	0
0	0
0	2
0	82
0	75
0	0
0	0
0	0
0	0
0	0
2	9
0	0
0	0
0	0
0	0
0	515
0	0
13	0
0	0
0	1
0	2
0	0
5	141
0	0
0	0
1	1
0	3
13	118
0	52
0	0
1	47
0	71
0	72
0	270
4	1323
0	0
0	0
1	177
1	34
0	0
0	4
0	10
0	0
0	475
0	0
0	17
0	0
1	0
1	10
0	0
0	0
0	0
0	0
0	0
0	4435
1	2420
3	4
0	11
0	0
0	0
0	1
0	0
1	138
0	0
0	0
0	0
0	3
0	0
0	0
0	0
0	6
0	66
0	0
0	0
0	0
0	0
0	60
0	3
0	43
0	2608
0	0
2	10
0	0
0	0
1	84
0	1
0	0
0	0
0	0
0	67
0	39
0	1
0	112
0	63
0	56
0	1
0	0
0	3
0	0
0	0
0	0
0	1
0	0
0	46
0	0
3	246
0	103
0	0
3	11
0	0
0	3
0	1
0	0
2	88
0	2
0	1740
0	0
11	1
0	0
0	0
0	0
0	84
0	0
1	5
0	29
0	11
4	25
0	10
0	816
0	4
0	35
0	0
0	26
0	0
0	128
0	0
0	0
0	4
0	0
2	36
0	0
0	20
0	0
1	1
0	0
0	31
0	5
0	0
0	0
1	643
0	0
0	15
0	0
4	239
0	259
0	0
0	117
0	316
1	59
0	0
1	4
0	0
0	0
0	0
0	1821
0	0
1362	387
0	0
8	545
0	0
1	239
0	0
0	127
0	0
0	113
0	0
1	0
0	0
0	17
0	623
0	0
0	0
0	0
0	0
0	0
0	0
0	0
2	47
0	13
0	1636
0	0
5	0
0	0
0	0
0	0
1	239
0	0
0	0
0	0
0	0
0	1
0	555
0	0
0	6
0	0
0	0
0	8
0	2
0	36
0	4
0	5
0	57
0	0
0	0
0	0
1	29
0	0
7	790
0	0
5	1372
0	0
0	536
0	29
0	0
0	14
0	284
0	0
0	0
0	0
1	0
0	116
0	0
0	109
0	0
0	3
0	27
0	4
0	0
0	933
0	0
0	29
0	70
0	0
0	0
0	0
0	610
0	0
0	0
0	4
0	0
0	0
0	0
2	2
0	3
0	23
0	49
1	37
3	64
0	0
0	0
0	0
3	71
0	0
3	137
0	43
0	1951
0	1
0	17
0	1
0	0
0	51
0	0
0	0
36	11
0	3
0	0
0	0
0	0
0	0
0	1392
0	0
0	0
0	10
0	12
0	0
0	0
0	0
0	0
1	19
0	0
0	262
0	0
0	0
0	7
0	0
0	0
0	1541
0	0
0	0
0	33
0	0
0	0
1	15
0	3
0	0
0	1
0	33
0	5
0	73
2	41
0	5
0	139
0	112
0	136
0	2
1	1
0	0
0	0
0	0
0	0
0	52
0	21
0	0
4	115
8	0
0	0
0	0
0	0
0	147
0	4
0	273
0	0
0	36
0	0
2	2
10	35
0	10
0	567
0	588
0	42
0	0
0	0
0	4
0	15
0	0
0	0
28	25
0	0
0	0
0	0
0	0
1	96
0	0
0	328
0	54
547	60
1	123
4	123
0	0
0	0
0	47
0	7
1	55
0	0
0	1
8	6
0	30
1	688
0	0
0	0
0	0
0	534
0	50
0	0
1	43
0	59
0	0
0	9
0	0
0	0
0	10
7	1
0	0
0	78
0	0
0	287
1	4
0	4
0	2
0	0
399	356
13	0
0	0
0	156
0	0
0	0
0	0
0	104
1	0
0	0
0	532
0	10
0	2
0	0
0	1
0	519
0	0
0	0
0	0
0	0
0	105
0	0
0	54
17	633
0	0
0	0
0	0
0	0
0	1
1	275
0	0
0	0
0	36
0	18
0	0
0	1
0	310
0	0
0	0
0	8
0	0
0	470
3	672
0	26
0	3
0	32
0	0
0	7
0	1
0	0
0	0
0	0
0	0
0	44
0	0
0	0
0	0
0	122
0	1135
0	76
3	6
0	0
0	344
0	0
0	0
2	1582
2	453
0	0
0	0
0	195
13	2
0	0
0	10
0	0
0	3
0	0
0	399
0	275
0	0
0	24
0	1
0	0
0	315
0	0
0	1
0	0
1	33
0	0
0	0
0	0
0	77
0	6
0	0
1	64
0	0
0	126
0	32
0	0
0	0
0	4
0	105
0	3
0	0
0	0
0	0
0	0
0	1
1	15
0	0
0	1
0	140
0	125
0	83
0	595
0	37
0	34
0	0
0	0
0	103
0	0
0	0
0	0
0	0
0	97
0	0
2	124
0	107
0	1125
0	5
0	15
0	0
0	0
15	12
3	110
0	0
0	0
0	688
0	5
1	13
130	1869
1	24
0	1825
0	24
0	0
0	1
0	0
2	9
0	1
0	53
0	0
2	322
0	0
0	0
0	23
0	1323
5	2187
0	0
0	0
1	0
0	1
0	1
0	0
0	0
0	30
0	0
0	0
0	2
0	27
0	0
0	0
0	0
0	0
0	0
0	63
0	0
0	0
1	26
0	0
0	5
0	0
0	0
0	13
1	179
0	0
0	0
0	148
0	0
0	380
0	10
0	0
0	1
1	40
0	36
0	3
0	116
0	0
0	133
0	0
3	634
0	397
0	49
0	0
0	0
0	6
2	39
0	0
0	0
2	56
0	0
0	0
0	0
0	0
0	405
0	0
0	0
0	0
0	16
0	0
0	2
0	0
0	11
0	0
0	546
1	281
0	3
0	1
0	0
0	75
0	0
0	0
0	0
0	25
0	0
0	0
0	0
0	22
0	0
0	262
0	0
0	1
0	0
0	1
1	22
0	225
0	0
2	489
0	503
0	0
0	0
1	0
0	2
0	0
0	0
0	0
10	23
0	0
0	0
0	0
0	33
8	1706
0	0
2	897
0	0
1	120
0	70
0	595
0	0
1	3
0	0
0	429
0	4
0	0
0	11
0	0
0	947
0	60
0	0
0	263
2	7
0	5
0	0
0	0
0	0
0	0
0	0
1	71
0	0
0	0
0	4
0	11
0	325
0	175
0	0
2	0
0	1
0	0
0	0
0	204
0	0
0	0
0	10
0	0
0	0
0	161
0	0
0	0
1	70
0	0
0	0
0	832
2	210
0	0
0	0
0	7
0	10
1	0
0	0
0	25
0	420
0	0
0	22
0	4
0	0
8	22
0	0
0	0
0	0
4	3
0	0
0	0
0	0
0	0
3	98
0	1
0	0
0	76
0	0
0	0
0	489
0	1
0	0
0	0
0	577
12	0
0	0
0	1199
0	3
0	2
0	0
1	86
0	0
0	180
0	22
0	0
0	160
0	0
2	1551
0	12
0	0
0	2
0	51
0	5
1	797
0	0
0	0
0	1194
138	4648
0	97
0	0
0	0
0	36
0	0
0	0
0	0
0	0
0	0
0	11
0	7
0	0
0	1
0	22
0	0
0	0
0	8
0	0
0	190
0	0
0	0
0	35
0	0
0	0
0	12
0	0
0	0
0	2
0	0
0	0
0	10
0	0
0	36
0	0
0	27
24	441
0	18
0	0
0	22
0	0
0	103
0	0
0	17
0	0
0	0
1	0
0	0
0	0
2	34
0	104
0	0
0	9
0	0
0	120
0	0
0	0
0	25
6	63
0	0
0	65
0	0
0	17
0	0
0	280
0	0
1	185
0	40
0	0
0	0
0	0
0	129
0	0
0	253
0	40
0	524
0	0
0	0
0	0
0	320
0	1272
0	0
0	0
0	4
0	0
0	0
1	1
0	91
0	0
0	1
0	0
0	81
1	355
0	43
0	49
1	19
0	0
0	10
0	0
0	0
2	0
0	0
0	0
0	0
0	0
0	0
1	159
1	25
1	23
0	0
0	0
1	0
0	347
0	0
0	7
0	48
6	0
0	17
0	38
0	0
0	1
0	0
0	413
0	0
0	11
0	7
0	0
1	0
0	0
79	0
1	46
0	0
0	0
0	0
0	0
1	880
0	2
0	5
0	0
0	0
2	1709
0	0
31	1673
0	40
0	0
0	0
0	35
2	5
0	70
0	0
0	0
0	0
0	0
0	0
0	0
0	0
0	0
0	4
0	22
0	0
0	0
0	0
0	5
0	0
0	542
0	0
0	56
0	0
0	0
0	275
0	41
0	0
0	1
0	113
33	1527
1	1
0	0
0	93
0	1
0	8
0	951
0	35
0	0
0	0
0	3
0	0
0	0
0	0
0	1
9	0
0	0
0	0
3	5
40	5314
0	0
0	12
0	45
0	67
0	0
0	3
0	10
0	0
0	8
0	0
0	0
0	0
1	458
0	0
0	0
0	0
0	0
0	0
0	360
0	0
0	4
0	0
0	0
0	0
218	0
51	1095
0	0
0	2
0	0
0	0
2	2768
0	0
0	0
0	0
0	0
9	1361
0	19
0	0
0	2
0	113
0	0
0	6
0	2
0	60
0	85
1	71
0	13
0	12
0	0
0	0
0	120
0	0
0	0
0	13
0	19
0	0
0	2
1	12
0	0
0	0
0	0
0	55
0	0
0	3
0	4
0	12
0	0
0	0
0	59
0	0
0	0
0	2
3	10
0	1141
3	115
0	0
0	0
0	0
0	0
0	0
0	0
0	135
0	0
1	8
1	280
0	0
1	3
0	1
0	4
0	36
102	346
0	0
0	0
0	127
0	11
0	0
0	398
18	634
0	12
0	3
0	0
0	31
0	0
0	0
0	0
0	34
0	0
0	94
0	0
0	0
1	298
0	1013
0	4
0	4
0	5
0	0
0	0
0	0
0	77
0	0
0	0
0	0
0	29
0	0
0	3
0	6
0	0
0	177
0	0
0	209
0	1
0	135
0	240
0	2
0	122
0	27
0	0
0	0
0	0
0	0
0	6
0	109
0	0
0	0
0	0
0	0
0	171
0	1
0	0
1	704
0	1
0	0
0	0
0	412
0	0
0	0
0	0
2	308
0	0
1	0
0	0
0	74
0	0
0	0
0	8
0	47
0	353
0	21
0	1
0	0
0	0
0	352
82	1
0	67
0	0
0	1
0	11
0	4
0	0
0	0
0	0
5	138
5	2744
0	0
0	0
0	6
2	82
50	0
0	15
0	4
0	80
0	106
0	0
2	29
0	0
0	1
1	3
0	42
0	100
0	85
0	1
0	6
0	0
0	0
0	0
0	0
0	0
1	16
0	7
0	7
0	5
0	25
0	0
0	6
0	1
1	103
0	3
0	0
0	0
1	0
0	0
0	187
0	0
0	101
0	0
0	0
0	43
2	574
0	95
0	1361
0	0
0	0
0	0
3	3
1	196
0	0
0	2
0	797
4	246
0	1
0	97
0	57
0	96
0	0
0	2526
0	0
0	0
0	0
0	8
0	0
0	0
3	27
0	19
0	0
0	38
0	0
0	1030
0	0
0	0
0	0
0	0
0	0
0	0
0	50
0	0
0	0
0	19
0	0
0	101
0	0
0	0
0	126
0	0
20	917
0	0
378	445
0	0
0	0
1	9
0	178
1	7
0	0
0	6
0	14
4	1
0	9
1	32
0	0
0	0
2	19
1	51
13	2707
10	129
0	100
4	92
14	67
0	0
0	0
8	3177
0	0
0	886
0	0
1	0
0	0
1	28
0	0
0	0
0	26
2	1
0	867
0	0
2	0
0	52
15	0
0	15
1	0
1	66
0	1
0	0
0	0
0	0
0	0
5	108
2	2
1	132
0	188
0	212
0	0
2	58
1	427
0	4
0	0
1	34
2	183
0	0
0	1010
0	13
0	0
0	0
0	0
0	10
0	0
0	0
0	0
0	8
3	37
0	51
0	0
0	0
0	774
0	0
1	371
0	67
0	99
0	0
0	0
0	0
0	0
0	11
0	0
2	274
0	430
0	268
0	37
0	0
0	5
0	204
0	795
0	1377
0	36
8	58
0	48
2	189
0	34
0	236
0	0
0	0
0	0
0	0
0	0
0	0
0	1
0	0
0	0
0	64
0	53
0	0
0	1161
0	0
0	100
0	0
0	16
0	0
0	0
0	0
0	182
0	0
0	0
0	211
0	160
0	95
0	0
0	10
0	0
0	5
0	27
0	5
0	982
0	1
0	0
0	0
13	214
0	6
3	144
0	26
3	129
0	5
0	0
0	1
0	69
0	6
0	209
0	72
0	1
0	0
0	0
0	0
0	0
0	118
0	0
0	2
0	168
0	0
0	228
0	27
0	629
0	2
0	180
0	0
0	0
0	1
5	4
0	37
0	0
8	208
0	1918
0	0
23	0
16	4767
0	0
0	0
0	0
0	1
0	0
5	25
5	39
0	0
2	5
0	0
0	31124
0	0
0	6
0	4
0	0
0	3
0	148
0	0
0	0
0	0
1	5
0	0
0	0
0	0
0	0
0	72
0	0
0	0
0	31
0	0
3	0
0	95
0	0
0	57
0	4
0	0
0	0
1	6317
0	0
0	18
2	30
0	0
0	0
3	18
0	0
0	269
0	0
0	0
23	113
0	4
0	1888
0	3
0	0
0	0
0	0
0	0
0	0
0	0
0	2
0	3
0	1
0	1
0	0
0	1
1	107
0	17
4	0
0	11
0	180
0	0
0	0
5	43
0	26
0	0
0	0
0	16
1	239
0	0
0	28
0	40
0	0
0	0
1	16007
0	0
0	0
4	49
0	2
1	0
0	0
0	0
0	0
0	30
0	0
0	83
0	0
0	3
7	4
4	286
0	6
0	0
0	19
0	516
0	0
0	2623
0	0
0	91
0	0
0	0
0	0
0	35
0	85
0	93
0	63
0	0
0	0
0	60
0	1
0	0
0	35
0	0
0	113
0	0
0	0
0	13
0	134
0	1
0	31
0	5
0	49
0	1
0	73
0	0
0	0
0	25
0	11
1	43
0	0
0	17
0	3
1	0
0	0
1	176
2	306
3	42
0	0
0	0
2	509
0	0
0	0
0	548
0	392
0	0
0	0
0	0
0	0
5	769
0	83
0	0
0	0
0	0
0	280
0	486
2	620
2	305
0	1
0	11
0	0
2	36
0	0
2	21
3	0
0	29
0	137
0	0
0	149
0	0
0	0
0	0
0	0
0	0
0	12
0	0
0	0
0	0
0	8
0	8
0	0
0	3
0	0
0	2
0	20
0	24
0	0
1	83
0	0
0	0
0	455
1	108
0	0
0	0
0	0
3	25
0	3
0	0
1	1
0	23
1	64
0	0
0	0
0	15
0	730
0	0
0	23
0	215
0	4
1	0
0	0
0	9
0	1
0	250
0	0
0	30
0	44
0	0
0	14
0	0
0	0
0	85
0	0
0	0
0	0
0	0
0	134
0	0
0	0
0	0
0	0
0	0
0	0
0	0
0	0
0	97
0	5
0	40
0	33
2	71
0	20
0	0
0	0
1	0
0	1
0	128
0	147
0	0
1	0
0	144
0	0
0	2
0	1172
0	0
1	11
0	3085
0	268
0	1
0	40
0	4
0	0
0	0
3	114
0	0
0	204
0	0
0	122
0	0
0	3
0	99
0	0
1	219
0	61
0	13
1	31
1	1678
0	38
0	0
0	27
0	0
0	0
0	0
0	157
0	0
0	574
2	1523
0	44
0	5
0	20
0	0
1	0
0	1
0	0
0	0
0	1
0	14
0	215
0	0
0	62
0	0
0	519
0	123
0	1869
0	0
0	26
0	0
1	37
1	17
0	0
0	9
0	15
0	0
0	8
0	4
0	1
0	0
0	36
0	7
0	64
0	0
1	2
0	23
0	4
0	0
0	0
0	0
0	0
0	1
0	0
0	7
0	4
0	0
0	41
0	2
0	33
0	349
0	0
0	83
0	14
0	0
0	0
0	48
0	24
0	0
0	0
4	3
0	0
1	0
0	0
0	470
0	1
0	2
0	29
0	0
0	0
0	0
0	5
0	0
0	51
0	148
0	0
0	26
1	0
0	0
0	21
0	29
0	35
0	3
0	12
0	5
0	67
0	1
0	0
0	0
0	5
0	26
0	8
0	0
0	0
0	1
1	0
2	0
0	46
0	0
0	7
0	0
0	0
0	0
0	0
0	1
0	0
44	123
0	4
0	0
0	0
0	5
0	49
0	0
2	779
0	1
0	300
0	0
0	0
0	0
0	0
0	10
5	700
0	366
0	70
3	45
0	12
1	0
0	776
0	0
0	6
0	0
0	10
0	0
0	0
0	5
14	40
0	0
0	0
5	69
0	0
2	139
0	758
0	11
11	0
0	55
0	0
5	135
0	1
1	767
0	0
0	148
0	0
60	149
0	0
4	4455
0	0
0	45
0	0
0	0
1	43
5	53
4	419
0	114
0	1
0	25
0	0
0	165
0	10
0	0
1	89
1	8
0	0
0	0
0	0
0	0
0	0
0	0
0	0
0	0
2	164
0	9
0	0
8	1092
1	23
8	221
0	0
1	879
0	1
0	67
5	7
0	0
0	0
0	0
1	643
0	1386
0	0
0	1
1	511
0	0
25	0
1	205
0	193
0	28
0	70
3	8
0	227
0	371
0	15
0	0
0	0
6	1868
0	0
0	1
0	141
8	0
0	2
0	12
0	70
0	29
2	0
0	0
0	0
0	402
0	0
0	1199
0	6
0	0
6	9
0	0
0	154
0	0
0	215
0	0
0	27
0	491
0	0
0	210
0	0
0	44
0	0
0	29
0	0
1	31
0	157
0	0
0	1
1	0
1	3
0	0
0	96
0	0
0	3
0	2007
0	20
0	145
0	124
0	108
0	5
224	30
0	0
0	0
0	0
0	0
0	0
0	0
0	1
0	101
0	0
0	294
0	0
0	1
1	1586
0	0
7	4363
0	6621
21	136
7	2370
0	0
1	8
2	102
1	359
0	0
0	0
2	15
0	0
0	36
0	0
0	36
0	10
0	0
0	0
0	170
13	1215
0	0
0	0
0	1
0	0
0	0
0	829
0	3
0	0
0	78
0	0
0	1
23	190
0	8
0	45
1	31
0	0
0	0
0	5
0	0
0	0
0	0
0	0
6	1497
0	0
1	100
0	0
0	422
0	1
0	0
0	184
0	0
14	0
0	1
0	90
0	0
0	182
0	0
0	59
0	15
0	0
0	0
0	0
0	0
0	0
0	0
0	0
0	0
0	0
2	562
0	2
0	132
0	0
0	0
0	0
0	0
1	0
0	9
0	416
0	60
0	0
0	0
0	0
0	0
0	0
0	5
0	1
0	0
0	0
0	0
0	0
0	21
1	75
1	823
0	0
0	0
0	1
0	4
0	0
1	706
2	1
1	3
0	141
0	0
0	0
0	0
0	0
0	0
0	207
0	0
0	0
0	0
0	15
0	19
0	7
0	332
0	0
0	141
1	98
0	0
0	0
0	0
1	10
0	0
0	6
0	62
0	7
0	754
0	87
1	44
0	38
0	347
0	29
4	684
0	0
0	0
0	0
0	0
0	29
0	0
0	0
14	800
0	17
2	32
16	516
0	1
0	0
0	0
0	111
0	0
0	0
0	0
0	92
0	0
0	0
1	22
0	0
0	38
0	0
0	445
0	3
0	11
0	1
0	0
0	0
0	440
0	23
2	3
0	9
0	0
0	0
0	66
2	0
0	0
0	1
0	0
0	0
0	13
0	377
0	0
2	5
0	21
0	0
0	0
0	889
0	2
0	0
0	0
0	2
1	0
0	0
1	32
0	0
0	91
0	13
1	9
0	0
0	0
0	3
0	4
1	36
0	0
0	367
0	0
0	0
0	0
0	0
0	0
0	0
0	0
6	137
0	0
0	0
0	0
0	2
0	15
0	1
0	0
0	0
0	0
0	0
0	0
0	2
0	0
1	0
0	137
0	0
0	0
0	0
0	2
13	107
0	0
0	7
0	0
0	0
0	113
1	5
2	706
1	10
0	0
2	171
0	0
0	9
0	27
0	0
0	0
2	76
0	0
0	0
0	0
1	0
0	51
0	0
0	0
0	0
0	0
0	45
0	86
0	602
0	0
0	0
0	0
0	9
0	0
0	0
0	0
0	72
0	38
0	2
3	1385
0	0
0	63
0	12
0	330
0	8
4	17
0	0
0	0
0	98
0	1397
0	11
0	10
0	0
0	0
0	0
0	0
0	265
0	19
0	0
0	0
0	252
0	0
0	0
0	13
0	0
0	23
0	0
0	354
0	76
0	50
0	28
0	0
0	566
0	1
0	76
0	0
0	0
0	148
0	0
0	10733
0	33
0	0
32	231
0	0
0	10
0	0
0	0
1	70
0	0
217	0
1	3
0	1
0	0
0	0
0	0
0	20
0	27
0	0
0	0
0	0
0	0
175	0
0	0
0	0
0	0
0	1510
1	57
0	0
0	50
0	0
0	0
0	0
0	0
0	117
0	116
0	0
0	0
0	0
0	0
0	0
9	485
0	2192
0	0
0	0
0	8
0	0
0	24
0	4
0	0
0	0
4	2189
0	0
2	2
0	4
0	0
6	117
0	0
0	42
0	0
1	32
0	370
0	47
0	0
1	921
1	14
0	210
0	56
0	132
0	2
0	0
2	42
0	185
4	1
0	0
0	0
0	3
0	0
0	222
0	0
1	84
0	27
0	461
0	0
0	0
0	26
0	25
1	19
0	0
1	0
1	98
0	68
0	47
0	614
0	2
0	0
0	0
0	0
0	217
1	1
0	0
0	166
0	0
0	2
0	0
0	0
0	9
2	1425
0	94
0	4
0	0
0	192
0	2
0	0
0	94
0	0
1	2650
0	0
0	0
0	6
0	265
0	0
0	23
0	0
0	0
1	400
0	30
0	24
0	0
0	51
0	0
0	0
1	78
0	143
3	1
0	0
0	702
2	153
0	1
0	64
0	0
0	26
0	2
0	0
0	0
0	74
0	2
0	0
0	276
0	281
0	0
1	108
0	1
0	0
2	859
0	0
0	0
0	0
0	0
0	0
0	0
0	0
0	59
0	0
0	0
0	1
0	240
0	0
0	160
0	8
0	0
1	656
0	0
0	0
1	142
0	0
0	71
0	0
0	7
0	1
0	296
0	30
0	0
12	352
2	129
0	0
0	1
0	0
0	0
0	0
6	36
0	0
0	98
1	134
0	0
0	984
0	64
0	76
0	0
0	0
0	33
0	0
0	209
0	652
0	20
1	602
0	55
0	32
0	0
0	0
0	0
1	57
0	0
0	10
0	1
0	0
0	0
1	1
2	313
0	5
0	7
0	14
0	73
0	0
0	1451
0	0
0	6
0	43
0	0
0	236
0	83
0	0
0	0
0	0
0	0
2	345
0	0
0	1247
0	0
0	97
0	25
0	1166
0	0
0	11
0	1
0	40
0	0
0	0
1	649
0	174
0	0
0	0
1	12
0	1180
0	0
0	0
0	0
0	17
0	7
0	0
1	831
0	116
0	0
0	0
2	3
0	3
13	322
0	17
0	10
0	71
0	0
0	1
0	0
0	0
0	0
0	0
0	2
0	87
0	2
1	7
0	457
0	0
0	0
0	710
0	0
0	0
0	8
0	0
0	0
0	30
0	0
5	23
0	0
0	8
0	7
129	490
0	0
0	0
0	44
0	0
0	1
0	0
0	0
0	0
3	1
0	0
0	0
0	70
0	82
0	0
2	10
0	17
0	0
0	240
0	0
0	182
8	43
0	13
2	186
0	13
0	0
0	5
24	1587
0	0
0	0
1	446
0	7
0	3
0	0
0	4160
0	0
0	0
0	140
0	0
0	0
0	0
0	0
0	0
17	124
0	0
0	0
0	0
0	0
0	0
0	0
0	83
0	0
0	0
0	0
0	195
1	2
1	87
0	0
0	0
36	199
0	0
0	0
0	0
0	43
0	94
0	2
97	111
0	3
0	241
0	0
0	39
0	1
0	2
0	0
0	0
0	0
0	126
0	0
1	0
0	74
0	2
0	0
0	0
0	55
0	0
0	1
0	0
0	30
0	4
0	1
1	381
0	183
0	0
0	3
0	0
0	6
0	0
0	0
0	4
0	38
0	238
0	0
1	0
4	0
0	159
0	37
0	94
0	422
0	0
0	2
0	37
0	1333
0	0
0	0
0	4
0	0
0	164
98	1055
0	30
0	0
0	309
0	0
0	0
0	0
0	46
0	0
0	0
0	0
0	0
1	373
0	327
0	151
0	0
0	161
0	0
0	0
0	33
0	3
0	0
0	3548
0	14
0	198
0	0
8	564
0	88
0	0
0	134
18	26699
2	375
0	0
0	0
0	554
0	0
0	38
0	455
0	272
0	0
0	0
0	96
0	6
0	0
0	0
0	0
0	0
1	79
0	6
0	0
0	0
0	72
0	0
0	0
0	0
1	16
1	0
0	0
0	0
0	0
0	0
0	0
0	0
0	7854
1	70
0	2
1	34
0	0
0	0
0	18
0	189
0	7
0	10
0	0
0	18
8	55
0	0
0	176
0	0
0	0
0	7
0	108
0	598
0	162
0	6
0	104
1	2
3	0
0	0
0	0
0	0
0	169
0	0
0	0
0	0
0	0
3	112
0	0
0	25
0	0
0	0
0	0
0	269
0	0
3	255
0	4
0	0
0	0
0	6
0	0
0	0
0	0
0	0
0	34
0	589
1	7
0	0
1	15
0	0
1	975
0	0
0	0
0	0
0	0
0	0
0	0
0	23
0	0
0	182
0	0
0	49
0	0
0	0
0	11
0	2
6	226
0	5
0	11813
0	30
0	0
0	51
0	1
3	92
0	1
0	376
0	0
4	329
0	0
0	0
0	0
0	0
0	0
1	99
0	0
0	402
0	0
0	431
0	659
0	0
1	1
0	22
0	12
0	0
0	0
0	0
0	15
0	0
0	0
0	0
1	8
0	269
0	0
0	95
0	0
0	0
0	0
0	0
0	4
1	9
0	0
0	2
0	41
0	0
0	0
2	8
0	4
0	377
0	0
0	56
0	0
0	120
0	0
0	5
0	0
12	2
0	49
1	22
0	0
0	0
1	152
0	2
1	18
0	11
3	1175
0	0
0	0
0	5526
0	238
0	6
0	9
0	0
1	3
0	0
0	0
0	51
0	234
0	0
0	62
0	0
0	0
5	0
0	0
0	19
0	1
0	0
0	74
0	0
0	0
0	277
0	0
0	0
0	0
0	18
0	29
0	0
1	1196
0	0
0	0
0	2
0	7
0	31
0	23
0	0
0	0
0	12
0	37
0	0
0	21
56	484
0	0
1	884
0	5
0	0
1	22
0	0
1	595
0	64
0	0
0	437
0	0
1	460
0	0
0	94
1	5
0	0
0	4
0	0
0	129
0	3
0	0
0	0
0	55
2	34
1	1
0	0
0	23
2	0
0	0
0	0
7	433
0	223
0	101
0	0
1	140
0	141
0	1195
0	46
0	6622
0	0
1	0
3	140
0	148
0	0
0	0
0	0
0	0
2	73
0	4
0	0
0	10
0	33
0	0
0	1
0	11
0	133
0	81
0	1
0	0
0	40
0	9
0	1
0	0
1	28
1	354
2	924
0	0
0	0
0	65
0	3
0	26
0	0
1	1118
0	35
0	22
0	0
0	23
0	0
1	115
3	182
1	0
0	397
0	263
0	0
0	14
0	747
1	1
0	0
0	2972
0	0
0	0
0	0
2	214
0	2
0	395
0	73
0	43
0	83
0	7
0	1
0	0
0	30
0	3
0	0
0	0
0	0
0	0
0	0
0	1232
0	0
0	710
0	0
0	0
22	575
0	0
0	0
0	0
0	0
0	0
0	0
0	17
0	1
0	0
10	14
0	394
0	0
0	5
0	361
0	12
0	0
0	144
0	628
0	13
0	0
0	0
0	0
0	46
0	1
0	27
0	72
0	0
0	1
0	0
0	26
0	42
0	0
0	4
0	20
0	309
0	1369
0	159
0	0
0	0
0	81
0	0
0	0
0	9
2	0
0	358
0	0
0	65
4	330
0	0
0	9
0	0
0	10
0	148
0	0
0	111
0	0
2	707
5	124
0	0
8	1
5	181
16	2
0	0
0	0
0	0
0	12
0	325
0	0
0	0
18	48
0	1
0	1
0	608
1	76
0	85
0	0
0	74
0	299
0	0
0	216
0	0
0	160
0	0
0	15
0	518
0	0
0	94
0	7
0	4
0	0
0	0
1	91
0	0
0	0
0	0
0	82
0	0
0	201
0	0
0	0
0	154
0	0
0	25
0	0
0	28
0	1
0	0
0	0
0	294
17	81
0	0
0	1
0	0
0	0
0	298
0	290
0	0
0	8
0	0
0	37
0	0
0	0
0	237
0	5
0	4
0	0
0	37
0	0
0	36
0	0
0	12
0	0
0	352
0	6528
0	0
0	0
3	69
1	92
0	2
0	24
0	109
0	1958
0	0
0	10
0	0
0	0
0	113
0	0
0	0
0	4
0	681
0	1
0	0
0	12
3	9
0	33
0	1384
0	1
0	0
0	0
0	14
0	0
0	617
0	98
4	397
1	177
0	3
0	0
0	0
0	0
0	0
0	0
0	9
0	0
0	1
0	41
0	12
0	55
0	9
1	9
0	20
0	0
0	22
0	41
0	0
0	0
0	0
0	0
0	127
0	21
0	0
0	95
0	0
1	55
1	16
0	268
0	0
0	3
0	14
0	108
0	0
0	0
0	0
0	0
0	6
0	298
0	0
0	0
2	53
0	0
4	94
0	82
0	0
0	10
0	11
0	135
0	0
0	0
0	41
0	27
0	94
0	65
0	0
0	0
0	0
0	17
0	1
0	0
0	485
0	1
0	0
1	40
0	0
0	0
0	0
0	2
0	86
1	69
0	15
0	1
0	59
0	1
0	0
0	0
0	0
2	431
0	527
0	7
0	0
0	0
0	0
0	0
0	0
0	2
2	54
2	3
0	109
0	0
0	0
0	0
0	0
0	1
0	27
0	0
0	18
0	1
2	334
0	0
0	379
15	747
0	0
0	0
0	3
0	27
0	2
0	393
0	8
0	0
0	0
1	31
0	56
0	3
0	0
0	0
0	0
0	0
56	210
0	0
0	18
0	48
0	0
0	7
0	17
0	108
0	3
0	25
0	0
3	458
0	0
6	260
0	0
0	24
0	0
0	2
0	12
1	14
0	0
1	44
0	0
0	0
23	13
0	0
0	139
0	0
0	0
0	1
1	1
1	218
1	2
0	16
0	0
1	0
0	0
0	41
0	0
0	62
0	8
0	43
1	0
0	0
0	0
0	0
2	1
0	0
0	0
0	0
0	26
0	2683
0	0
0	188
0	0
0	75
2	9
0	0
0	0
0	0
0	11
0	0
0	231
0	0
0	0
0	0
0	461
0	62
0	0
0	0
0	183
0	1
0	0
1	22
0	0
0	0
0	2
0	28
2	0
0	0
0	13
4	89
0	10
0	25
0	738
1	1
1	0
0	0
0	0
0	0
0	0
0	22
7	0
0	1
0	12
0	61
0	0
0	1
2	288
0	0
0	0
0	39
0	227
1	3
0	1
0	244
0	0
0	3
1	100
0	0
0	10
0	0
0	0
1	15
0	4
0	0
0	58
0	0
0	0
0	54
12	1
0	8
0	19
6	3
0	0
1	1017
0	0
0	260
0	1
0	0
0	0
0	296
0	0
0	0
0	12
0	0
2	207
0	137
0	45
0	2
0	3
0	0
0	264
0	0
1	2771
0	0
0	1
0	0
0	94
0	344
0	2
3	868
0	0
0	0
0	0
0	0
0	0
0	2
0	71
1	0
0	0
2	352
0	0
0	0
0	1
0	0
0	0
0	0
0	0
0	49
0	0
0	0
0	0
0	0
0	0
0	84
0	10
0	101
0	27
7	46
0	0
0	319
0	13
0	112
0	0
0	1
0	0
0	2
1	455
2	520
0	0
0	67
0	1
0	0
0	18
0	11
0	0
0	0
0	39
0	139
0	128
0	0
0	27
0	874
0	0
0	21
0	6
0	0
0	624
0	0
0	28
1	259
0	94
0	1
0	25
0	72
0	0
0	7
0	0
0	38
0	1
0	9
0	1046
0	75
0	0
0	206
0	13
1	760
0	2
0	0
3	92
2	98
0	0
0	0
0	1
0	1470
0	0
1	389
0	0
0	1269
0	0
0	99
0	0
0	9
0	14
0	248
0	1415
0	0
0	64
0	0
0	55
0	342
2	448
0	0
0	31
0	0
0	0
0	2
4	47
0	3
0	82
0	0
0	33
0	7
0	10
0	0
0	0
0	653
0	0
1	48
0	7
0	5
0	0
0	7
0	44
0	30
0	0
0	1423
0	206
0	6
0	227
0	141
0	37
0	0
1	4
0	117
0	0
72	244
0	0
0	0
2	14
0	0
0	0
0	13
0	2
1	1
0	0
2	283
0	0
0	0
0	0
0	851
1	298
0	0
0	247
0	117
0	0
0	5
0	0
0	363
1	254
0	0
0	2
0	0
0	0
0	0
0	3
4	6
0	125
0	2
4	691
0	81
0	37
0	5
0	322
0	0
0	0
4	3
4	262
0	2276
0	589
0	191
0	153
0	91
14	10206
0	1
0	0
0	0
1	6
0	769
0	0
0	4
0	15
0	0
0	0
3	0
1	60
6	414
0	4
0	502
0	0
0	1
0	1
1	4402
0	0
0	0
0	0
0	0
0	209
72	16
1	4
0	0
0	257
0	1
0	0
0	1
0	0
0	610
0	226
0	33
0	0
0	0
0	7
0	0
0	2
0	12
0	1
13	164
0	0
0	0
0	0
0	0
0	0
0	0
0	0
1	0
0	0
0	0
0	213
0	94
0	0
0	23
3	6
0	0
0	0
0	1
0	3144
0	164
0	0
0	1
0	0
0	42
0	0
0	28
0	0
0	1
0	0
0	0
0	5
0	4820
0	0
2	368
0	0
0	6
8	69
0	38
1	40
0	412
0	0
0	2
0	0
0	53
0	76
0	0
0	272
0	0
0	0
0	1
0	2
0	0
0	7
0	133
0	1
0	29
1	62
0	26
0	0
0	13
0	0
1	198
0	0
0	0
0	1
0	6
0	9
0	0
0	188
0	0
0	11
0	0
0	32
0	0
0	0
0	0
0	8
0	19
4	344
0	0
0	0
0	122
1	1531
0	0
0	0
0	0
0	0
0	373
15	27
0	0
0	0
0	0
2	207
0	282
0	0
0	18
0	0
0	0
1	0
0	1
0	487
0	144
0	338
0	1695
2	346
0	220
0	0
0	0
2	1
0	0
0	7
0	285
0	2
0	0
0	34
0	209
0	298
0	0
0	38
0	0
0	0
0	0
0	0
0	0
0	0
0	27
0	0
0	0
0	0
1	171
2	8
0	29
0	0
0	0
0	0
3	40
0	0
0	0
0	227
1	18
0	29
0	0
0	0
0	33
0	0
0	10
0	0
0	5
0	0
0	0
0	3
0	203
0	0
0	0
0	0
0	0
0	0
0	546
0	8
0	0
0	2
0	1
0	83
0	20
0	0
0	218
0	0
0	0
0	0
0	4
0	0
3	168
0	0
0	3
1	0
3	31
0	0
0	0
1	18
2	57
1	15
0	0
19	326
1	24
0	0
0	0
0	0
0	2
0	0
0	0
0	255
0	52
5	1367
0	4
0	21
0	0
1	1
0	55
0	0
0	0
0	0
1	179
0	0
0	0
0	0
0	0
0	0
0	1497
0	71
1	1010
0	0
0	135
0	568
0	0
4	321
0	136
0	9
0	0
0	0
0	0
0	4
4	1
1	221
0	63
0	7
0	0
0	73
0	131
0	299
0	3
0	0
0	2117
0	113
0	0
0	0
0	7
0	52
1	0
0	33
0	0
0	0
0	0
0	0
1	13
2	1
3	172
0	255
0	136
0	41
0	1
0	15
0	0
0	154
0	0
0	0
82	13
0	0
0	6
0	10
0	0
0	281
1	189
0	0
0	37
0	1
0	0
0	3
1	3
0	63
0	1
0	0
0	0
0	0
0	0
0	509
1	113
0	4
0	24
0	9
0	0
0	0
0	210
0	73
0	51
0	1044
0	20
0	1
3	88
4	7
4	653
0	21
0	3
0	98
1	184
0	0
0	0
0	0
0	0
0	14
0	0
0	0
1	34
0	338
0	0
0	0
0	0
0	827
0	0
0	133
0	0
0	0
0	127
7	74
0	11
0	720
0	6
0	0
0	0
0	781
0	0
0	0
0	2538
0	7
0	142
0	82
0	1
0	0
0	0
0	0
0	74
0	3
0	51
0	0
0	0
0	0
0	0
0	14
0	1
0	0
1	129
0	0
8	312
1	41
0	46
0	83
0	0
0	12
0	0
0	3
15	7
0	644
0	1
0	0
0	30
0	7
0	0
0	0
4	7586
1	173
0	0
0	721
0	0
0	0
4	288
6	4238
0	0
0	0
0	504
0	0
0	9
0	53
1	0
0	8
0	111
1	81
0	24
0	0
0	0
0	43
0	8
0	0
0	21
0	401
1	18
0	50
0	0
0	167
0	111
0	0
1	148
0	65
0	1378
0	1
0	1
0	0
0	0
0	0
0	6
0	221
0	0
7	699
0	1702
0	0
0	0
0	86
0	0
0	1
0	1
0	2
0	0
0	0
0	1
0	0
0	0
0	1
0	0
0	284
0	0
0	3
0	18
0	0
6	8
0	0
0	10
0	15
3	86
0	1
0	295
0	0
0	1
0	0
0	0
0	119
0	48
0	0
0	0
0	0
26	9
0	0
0	14
0	1
5	578
0	0
0	0
0	53
0	32
0	0
0	0
0	0
0	0
0	43
0	55
0	0
0	10
0	53
0	0
0	0
0	9
0	3
0	198
0	0
0	0
0	0
0	1634
0	0
0	904
0	0
0	67
0	0
0	0
0	654
0	0
0	396
0	0
0	129
0	226
0	0
0	17
0	111
0	0
0	2
0	0
1	297
0	34
0	65
0	0
0	6
0	5
0	0
0	0
0	0
0	99
0	0
2	1
0	5
0	20
0	0
0	0
0	0
0	0
0	0
0	0
0	18
1	171
0	0
0	1
0	203
0	93
0	16
0	0
0	0
0	70
0	0
0	0
0	0
0	0
0	0
0	0
0	0
48	1738
0	1
4	82
0	0
0	0
0	0
0	8
34	372
0	62
0	0
0	50
106	10
1	142
0	0
0	2
0	31
0	920
0	33
3	0
0	0
0	0
0	155
0	195
1	89
0	0
0	0
0	53
0	81
0	0
0	0
0	1
0	3
0	0
0	264
0	0
0	0
0	0
0	2
0	0
0	64
0	87
0	0
0	29
0	0
0	240
8	136
3	96
0	0
0	0
0	30
5	332
0	0
0	186
0	0
1	43
0	256
0	15
0	0
0	0
0	2
0	7
0	1439
0	0
0	48
0	0
0	0
15	6
0	415
1	449
0	0
27	736
8	161
371	184
0	0
0	3
1	164
0	41
0	0
5	12
0	0
0	110
0	500
0	14
0	0
2	1
1	306
0	1
0	0
0	29
8	1172
0	0
0	9
0	44
0	5
0	0
0	30
0	0
1	13
0	0
0	100
0	81
0	51
0	0
0	0
0	69
0	25
0	0
0	206
0	0
0	0
0	0
0	170
0	0
0	0
0	0
0	455
0	0
1	15
6	953
0	6
0	0
1	0
1	1
0	1
0	0
6	14
0	0
0	729
0	0
1	100
0	0
5	118
0	9
4	209
0	0
0	0
0	0
4	6
0	0
0	56
0	14
0	0
0	0
0	0
0	0
0	0
0	1
0	190
0	31
0	696
0	0
0	0
0	133
0	2
0	0
284	65
0	0
0	9
0	57
0	0
4	9
0	1910
0	0
0	0
0	8
0	0
0	82
0	0
0	0
0	84
0	0
0	9
0	8
0	82
0	56
0	20
0	0
0	150
1	193
0	1
0	15
0	0
0	0
0	0
0	0
0	0
0	0
0	23
0	0
0	0
0	0
13	84
0	0
0	0
0	0
0	16
0	0
0	19
0	0
0	62
0	6
3	111
0	0
0	2
0	0
0	228
0	0
0	0
0	0
0	0
0	5
0	0
0	446
0	12
0	0
0	301
0	273
0	19
0	0
0	0
0	1
0	122
0	33
0	0
0	0
0	3
2	2299
0	1483
0	0
0	336
1	0
0	0
1	1
0	1
0	0
0	2
0	0
0	0
0	0
0	0
0	0
0	0
0	0
0	80
0	24
0	0
0	0
0	0
0	0
0	197
0	1
0	0
0	0
0	0
0	0
0	2
0	106
0	0
0	103
0	0
0	0
0	0
0	0
0	0
0	0
0	0
0	0
0	0
34	261
0	35
0	2
0	281
0	1185
0	0
0	0
0	129
0	191
0	0
0	37
0	0
0	18
0	0
0	0
11	72647
0	0
0	0
217	120
1	0
0	5
0	0
0	0
0	54
0	197
1	0
0	13
0	0
0	0
0	0
2	0
0	0
0	200
0	9
0	0
0	0
0	3
0	0
0	0
0	2265
0	0
0	0
0	1
0	40
0	0
0	0
0	4
0	0
0	110
1	0
0	0
15	279
0	0
0	0
0	87
0	0
0	0
0	800
0	0
0	0
2	84
0	0
0	0
0	0
0	1
0	0
0	1
0	0
0	34
0	227
0	596
0	0
1	0
0	271
0	0
0	0
0	0
0	0
0	27
0	1
1	203
0	331
0	6
0	275
1	0
0	0
1	94
0	846
0	9
0	0
0	0
0	3
0	26
0	0
0	0
0	11
0	42
0	0
0	70
0	0
0	157
0	0
0	0
0	177
3	105
0	0
0	51
1	567
0	56
24	218
1	156
0	0
0	0
0	25
0	0
0	142
0	840
0	0
0	0
0	0
0	19
0	0
0	0
0	21
0	0
0	139
0	40
0	6
0	7
0	0
0	2
0	2
0	3
0	3
0	0
0	517
0	0
3	15
0	25
0	0
0	0
0	107
0	0
1	228
7	152
0	0
282	89
0	0
0	0
0	74
0	1
0	0
0	0
0	0
0	1701
0	0
3	715
0	0
0	0
0	1
0	96
0	0
0	0
0	7
0	0
0	0
0	9
0	8
0	0
0	0
0	0
0	0
0	0
0	0
0	51
0	10
0	0
0	0
0	2
0	2
0	2
0	140
0	58
0	0
5	234
0	10
0	0
0	38
0	0
0	1
0	0
0	0
3	527
0	537
0	10
0	1
2	1
0	0
0	102
0	0
0	0
0	13
0	0
0	0
0	0
0	0
0	38
0	0
0	0
0	0
0	0
0	0
0	0
0	34
1	1
0	0
0	0
1	43
0	0
0	0
2	141
0	0
0	5
0	1
0	0
3	106
0	33
0	0
0	0
0	0
0	4
0	0
0	0
0	1
0	26
0	0
0	0
0	515
0	0
0	62
0	98
0	120
0	0
0	0
0	1801
0	0
0	0
0	0
0	0
0	1106
0	0
12	959
10	268
0	42
0	141
0	0
0	0
0	41
3	23
0	31
0	19
0	164
0	0
0	0
0	228
0	915
0	175
1	53
0	30
0	4
0	4
0	0
1	0
0	5
0	1
0	0
0	64
0	6
0	0
0	0
2	102
0	0
0	67
0	0
0	5
0	0
0	0
6	28
0	65
1	13
0	0
8	189
0	7
1	345
0	0
0	65
0	0
0	0
0	0
0	0
1	309
0	4
0	3
0	0
0	0
1	12
0	0
0	0
0	0
0	29
0	0
0	0
0	0
0	0
0	0
0	3
1	0
0	0
0	0
1	41
6	4
0	434
0	0
0	0
0	80
0	0
0	0
0	1
0	0
0	74
0	68
0	0
0	0
0	0
0	0
0	0
1	535
0	0
0	7
0	0
1	147
0	0
2	38
2	0
0	0
0	0
0	0
3	144
0	37
0	137
0	85
0	0
0	0
0	7
0	0
0	1
0	121
0	92
0	23
0	1
1	1141
0	0
98	918
0	0
0	4
0	0
1	18
0	180
0	0
0	1
0	56
0	235
19	8
1	724
0	81
0	58
0	0
0	0
0	0
0	0
0	1
1	204
0	590
0	0
1	3
0	24
0	226
0	0
1	0
0	240
0	0
0	600
0	3
0	0
0	0
0	0
0	189
0	51
0	0
0	102
0	11
0	6
0	0
0	0
0	0
0	0
0	0
0	19
0	1
0	5
0	4
0	546
0	0
0	0
0	0
0	0
0	0
0	1
0	3
0	1
0	95
0	0
0	0
0	7
0	1
0	171
0	0
7	8
0	36
0	0
3	24
0	4
0	0
0	0
0	0
0	11
0	0
0	0
1	102
0	0
0	42
0	11
2	413
0	2
0	285
0	380
5	81
0	0
2	986
1	1
0	55
105	258
0	247
0	5
0	0
0	54
0	0
20	15381
0	73
1	50
0	0
0	15
0	12
0	11
0	34
8	576
0	1
19	1
9	0
0	108
0	5
0	348
0	0
0	3
0	5129
0	0
0	0
1	2
0	30
0	7354
0	0
3	1
0	0
0	88
0	0
0	0
0	25
0	5
0	319
1	0
0	6
0	80
1	239
0	0
0	0
1	87
0	0
1	0
0	0
1	6213
0	7
0	134
0	0
0	5
0	0
0	1
0	0
0	18
0	0
0	109
0	0
0	0
0	37
3	55
0	1109
0	477
0	0
0	10
0	0
0	0
0	49
0	129
0	142
0	18
0	27
0	0
0	0
0	0
0	1
0	0
0	0
0	0
0	1
0	0
0	216
0	730
0	0
0	0
0	0
0	0
26	496
0	0
0	0
1	0
0	0
0	92
0	0
0	12
0	13
0	0
5	284
0	106
1	2
0	128
0	50
0	0
0	14
0	0
0	0
0	0
0	0
0	34
1	114
0	3
0	0
0	56
0	66
0	0
0	324
0	194
0	0
0	0
0	0
0	0
0	0
0	0
1	0
0	0
0	0
0	1096
0	0
0	17
0	1
0	32
0	22
0	0
0	106
0	0
0	0
0	292
0	18
0	116
0	15
0	0
0	0
0	0
0	0
0	8
0	77
0	259
2	3
0	1
1	38
0	9
0	30
0	6
0	0
0	0
0	0
0	4
0	0
0	0
0	43
0	4
0	7
0	1
4	94
0	0
0	0
0	17
0	0
0	61
0	0
0	0
0	1
0	0
0	0
0	23
0	7
0	0
0	2
0	0
0	0
0	0
0	0
0	15
0	0
0	0
0	0
2	23
0	0
0	0
0	0
0	0
0	125
2	417
0	88
0	58
0	0
0	0
0	1
0	15
0	65
0	0
0	10
0	0
0	0
0	0
0	8
0	5
0	0
0	0
0	0
0	1595
0	0
2	49
269	1400
0	0
0	0
0	245
0	0
0	0
0	0
0	9
0	0
0	0
0	18
3	30
0	0
0	0
0	137
0	0
180	1043
0	1
1	707
0	0
0	578
0	383
0	22
0	1
0	0
0	0
0	312
0	114
0	22
0	177
0	41
0	0
0	0
1	27
0	0
0	0
0	0
0	0
0	22
0	37
0	0
0	417
0	24
0	198
0	0
0	26
0	56
0	17
1	102
0	0
0	0
1	19
0	26
0	0
0	37
13	58
0	0
0	1
0	958
3	273
0	297
0	59
4	8
0	11
0	220
0	1
0	0
0	0
0	2
0	0
5	0
0	1
0	203
0	3
0	0
0	0
0	0
0	9
0	0
0	68
0	0
1	179
0	0
0	0
0	2
0	0
0	0
0	144
0	1
0	0
1	12
0	0
0	0
0	0
0	1
0	394
0	11
0	0
0	48
0	0
0	301
0	0
6	43
1	1
42	2656
0	0
0	0
0	0
0	2
0	0
0	0
10	12
1	21
0	0
0	0
0	3
0	0
0	0
0	4
0	0
0	0
0	0
0	32
0	0
3	2601
0	262
0	1
0	262
0	4
0	0
0	0
5	380
0	0
0	0
1	48
0	67
0	0
0	0
0	0
0	14
0	49
0	0
0	0
0	20
0	0
0	0
4	55
3	86
0	0
0	8
0	0
0	0
0	127
1	551
0	76
0	252
6	50
0	0
8	118
0	0
0	23
0	0
0	11
5	19
0	0
0	230
0	0
0	2557
0	0
0	69
0	0
0	0
0	104
0	0
0	0
0	9
0	36
0	0
0	922
0	51
0	0
0	24
0	63
0	0
0	0
1	1
0	1
0	0
0	0
0	0
0	0
0	4
0	285
57	69
0	0
0	384
0	0
0	0
0	0
0	0
2	109
1	0
0	3
1	0
0	3
0	2
0	44
0	0
0	0
0	2
0	38
0	494
0	0
0	0
4	100
0	92
0	30
0	0
0	0
0	2
2	1
0	0
0	53
0	167
0	0
0	0
0	0
0	1
0	0
0	0
0	0
0	333
2	1
0	0
0	412
0	126
3	185
1	2
0	0
0	0
0	0
1	1
0	0
0	0
2	2572
0	7
0	0
0	0
0	0
0	0
0	0
0	24
0	259
0	16
0	0
1	0
0	0
0	0
0	0
0	120
0	6
0	30
0	0
0	0
0	0
0	144
0	50
0	0
0	0
0	0
0	12
0	49
1	55
0	0
0	0
0	0
0	0
0	0
0	0
0	0
0	137
0	6
3	23
0	643
0	0
0	0
0	14
0	0
7	464
68	129
0	627
3	83
0	0
0	0
0	6
0	270
0	0
0	0
0	1
0	0
0	0
0	1
0	31
1	194
0	698
0	8
25	4814
0	0
0	9
0	0
0	547
0	0
0	0
0	0
1	9
0	0
0	0
0	76
0	0
2	5
0	45
5	81
0	0
0	0
0	1
0	155
3	12
0	40
1	25
3	1271
0	11
0	0
0	3795
0	0
0	0
0	79
0	1
0	0
0	669
0	15
0	10
1	32
11	191
0	12
0	0
0	0
0	0
0	3
0	31
0	0
0	0
0	120
0	41
0	0
0	896
0	0
0	27
0	0
0	16
1	14
0	10
0	3
0	0
0	64
0	0
0	0
0	0
0	4
0	0
1	68
0	0
12	1044
0	1
0	9
0	8
0	26
0	1
0	0
0	19
0	63
0	0
0	2
0	0
0	270
1	0
0	0
1	11
0	0
0	1
0	0
2	206
0	0
0	63
0	2
0	0
0	0
0	19
1	0
0	17
0	0
0	0
0	0
0	10
0	118
10	1437
0	9
0	46
0	0
0	14
0	0
0	22
0	1068
0	0
0	12
0	0
1	27
0	0
0	0
0	0
4	124
3	16
1	10
0	0
0	0
0	228
0	0
0	745
0	0
0	0
0	0
1	0
0	0
0	150
0	0
0	0
0	28
0	0
2	38
0	31
0	0
0	3
1	102
0	0
0	563
2	1
0	4
0	130
0	8
0	0
0	57
0	6
0	0
0	0
2	196
0	73
0	67
2	789
0	435
0	188
1	17
0	0
0	0
0	25
0	127
0	25
0	1
0	21
0	9
0	0
0	109
0	14
0	176
0	175
0	0
0	3
0	1
0	2
0	0
0	0
0	0
0	720
0	0
0	2
0	0
0	0
3	11
0	15
0	68
0	0
0	1297
45	0
0	164
0	35
0	71
0	0
0	0
0	0
0	0
0	6191
1	102
0	4
0	144
0	0
0	0
0	0
0	80
0	0
0	108
0	1
0	0
0	0
0	8
2	506
0	0
0	4908
0	8
0	0
0	125
0	0
6	0
0	0
1	821
0	0
0	0
0	0
0	8
0	0
0	0
0	0
0	0
0	0
0	0
0	43
0	0
2	8
0	0
0	7
0	13
0	6
0	0
0	0
0	55
0	1
0	58
0	260
3	594
0	244
0	0
1	648
0	0
0	0
0	53
2	6314
0	0
0	0
0	554
0	0
0	0
0	0
128	3959
0	2
0	0
2	198
1	26
0	35
0	1
0	0
0	22
0	44
0	0
0	0
0	0
0	765
0	0
0	0
0	4348
0	0
0	0
0	0
0	0
67	3024
0	0
0	0
0	0
0	0
0	0
0	7
3	0
0	0
0	0
0	0
0	490
1	79
0	52
0	0
0	59
0	34
0	77
2	750
0	0
0	22
0	0
0	32
0	0
0	0
0	2
0	0
0	29
0	14
0	0
0	0
0	0
0	1
0	0
0	164
0	0
0	0
0	0
0	31
0	652
0	144
0	35
0	96
0	40
0	0
0	0
0	22
0	0
0	0
0	0
0	1
0	0
0	0
0	5
0	29
0	173
0	4
0	0
0	5
0	1
0	637
0	5
0	0
0	0
0	0
0	0
0	605
0	0
1	180
0	0
0	0
0	664
0	5
0	113
1	12
1	4
0	0
0	0
0	53
0	42
0	0
0	0
0	0
0	236
0	0
0	0
0	1
0	0
0	96
0	1
0	0
0	0
1	1
0	0
0	0
0	0
0	2
0	3
16	4217
0	34
0	171
0	5
0	0
0	0
0	0
0	5
1	76
0	178
0	2
0	293
2	112
0	21
1	308
0	530
0	15
0	0
0	25
0	0
0	220
0	4
0	0
0	285
0	51
0	13
6	8
0	0
1	47
0	74
0	0
1	167
0	0
0	0
0	0
0	657
0	0
0	0
5	422
0	388
0	29
0	4
0	0
0	0
0	466
0	0
0	8
0	0
0	0
0	0
0	0
0	0
0	0
0	9
0	0
0	15
2	837
9	351
0	0
4	9
0	16
0	8
0	6
0	0
0	0
0	8
0	0
0	0
0	215
0	11
0	0
0	9
0	788
0	7971
9	149
0	262
2	323
0	44
0	0
0	97
0	34
0	96
0	111
0	4
0	0
0	0
0	0
0	209
0	0
0	559
0	0
0	67
0	0
0	0
0	0
0	0
0	0
0	0
0	0
0	0
0	135
0	5
0	30
0	159
0	87
8	691
0	0
0	0
3	5
32	3
1	12
0	177
0	0
0	0
0	652
0	171
0	193
1	59
0	0
0	0
0	0
0	141
0	637
0	0
0	2
0	0
0	115
0	17
0	0
1	231
0	10
0	3
2	2
0	72
0	1
0	1460
0	20
0	0
0	0
0	380
0	19
0	35
1	30
3	2790
0	5
3	166
0	0
0	0
5	0
1	9
0	0
0	1
0	1
0	37
0	2
0	0
0	0
0	20
0	71
0	0
0	10
0	5
0	3
1	10
0	0
0	476
0	8
0	2
0	0
0	125
0	35
0	0
0	0
0	82
0	0
0	0
0	1010
0	0
0	0
0	96
77	5
0	28
1	5
0	229
118	28
0	523
0	75
0	2
0	496
0	3
0	0
1	258
0	0
0	143
0	69
0	93
2	253
0	0
0	0
0	1378
0	85
0	0
2	22
1	434
0	0
1	51
0	26
0	12
4	33
0	0
7	1250
6	24
0	0
3	224
0	0
0	3
0	3
1	149
0	75
0	5246
0	0
0	20
0	0
0	0
0	0
0	657
0	0
0	0
0	7
0	1
2	18
0	81
0	0
0	43
0	28
0	4
0	0
0	0
0	1
0	1
0	0
0	157
0	1
0	30
0	813
0	0
0	0
4	32
0	76
0	19
0	383
0	3
0	0
0	0
17	0
0	0
0	0
0	30
0	73
0	0
0	124
0	20
0	8
0	0
0	0
1	0
0	9
0	34
1	388
0	0
0	8
0	0
1	55
0	0
1	0
0	20
0	537
0	0
0	80
0	29
0	38
0	62
0	0
0	235
0	5
0	59
0	11
0	10
0	0
0	0
1	111
0	1
0	0
0	0
0	10
0	1
0	7
0	47
0	24
0	0
0	0
0	65
0	4
0	127
13	0
0	833
1	406
0	0
0	26
0	0
1	112
0	3359
13	1353
0	31
0	89
0	31
3	10
0	5
1	0
1	432
7	10
0	50
0	0
0	0
0	0
4	488
0	0
1	17
5	260
0	0
0	0
0	1
3	5
0	0
0	7
0	0
0	65
0	12
0	1428
0	356
0	93
0	0
3	7
1	72
0	0
0	0
0	0
15	70
0	0
0	0
0	0
0	0
0	40
0	0
5	350
0	154
0	3
0	0
0	0
0	124
0	88
0	0
0	82
0	908
0	4
2	0
0	53
0	954
0	0
0	13
0	0
0	10
0	121
0	1
0	137
1	1647
1	33
0	168
0	0
0	9
0	0
0	0
0	378
0	0
0	100
3	0
0	5
0	6
0	0
2	215
0	136
0	1
3	521
15	819
0	1
0	64
0	25
0	0
0	0
0	1
3	3
0	0
0	1069
0	0
0	156
0	2
0	21
0	0
0	116
1	0
0	0
0	0
0	0
0	0
0	104
0	4
0	2
0	3
0	0
0	229
0	0
0	0
0	0
0	3
0	1
1	0
0	38
0	3
0	11
0	51
0	663
0	0
0	11
4	103
0	2
0	11
0	1
0	347
0	0
0	0
0	0
4	11
0	0
0	30
1	649
0	81
0	58
0	0
0	0
1	2
0	0
0	162
2	35
0	43
0	6
0	4
3	44
0	0
0	34
0	1
0	172
0	224
0	0
3	2392
0	11
0	0
0	184
0	402
0	83
0	0
0	0
0	0
0	69
0	221
0	6
0	91
0	12
0	4
0	87
0	5
0	15
0	128
0	222
0	215
0	0
1	16
0	123
0	0
0	0
0	3
0	283
0	35
0	0
0	0
0	0
2	9
0	0
0	0
0	2
0	36
0	0
0	8
0	0
0	0
0	0
0	65
0	1352
0	115
0	0
0	0
1	10
1	282
9	1928
0	0
0	87
0	33
0	0
0	0
0	206
0	55
0	0
0	0
9	10
0	4
0	0
2	279
0	132
0	9
0	16
0	3
0	82
0	0
0	1373
0	36
0	115
0	0
0	102
0	8
0	1
0	16
0	24
1	37
0	0
0	0
0	0
1	7
0	4
0	0
0	728
1	36
1	279
1	1756
0	0
0	14
0	0
0	0
0	0
0	0
0	168
0	60
0	0
0	500
0	55
5	769
0	3023
0	7
0	8
0	1217
2	10
0	5
0	8
0	1
3	64
0	95
0	99
0	1
4	367
0	10
0	0
0	3
79	76
0	1949
0	2
2	100
0	0
0	0
0	10
7	9
0	0
0	0
0	0
0	0
0	1040
0	0
2	2880
1	180
0	33
1	130
0	3
0	165
0	23
18	103
0	85
0	3
0	1583
0	0
0	267
0	0
0	0
0	0
0	0
0	1
2	1011
0	0
0	4
0	5
0	30
1	31
1	0
0	0
0	4
0	0
0	4
0	509
0	95
1	50
0	4
0	0
0	0
2	35
0	0
0	1
1	185
0	18
0	0
0	128
3	3
0	1
5	54
0	0
0	0
0	67
0	5
2	1197
0	0
0	0
0	195
0	14
0	135
0	0
0	0
0	0
0	0
2	4
0	80
0	1
0	58
0	1
1	0
0	47
0	12
1	15
0	3
62	862
16	287
2	6
0	1
1	32
0	18
17	2174
1	22
2	83
0	22
0	1
0	13
0	91
0	1
0	0
0	2
0	8
0	0
0	149
0	7
0	11
11	81
2	49
0	38
0	0
0	18
0	0
0	5
0	214
0	68
0	54
0	0
0	4
0	2
0	51
2	251
1	0
0	15
0	13
4	205
0	203
0	2
0	1
1	0
2	2
1	50
0	941
0	0
0	47782
0	28
1	9
0	79
0	1
0	6
0	0
0	205
0	0
0	0
0	0
0	94
0	6
0	2
8	4
1	810
0	0
0	119
0	10
0	5
0	0
0	153
0	0
0	0
0	16
0	0
0	0
1	18
0	0
0	1
0	168
0	2
0	0
0	0
0	47
0	7
0	0
0	104
0	0
0	1
1	2219
0	0
0	5
0	79
0	0
0	0
0	8
0	0
0	0
0	2248
112	1299
0	336
0	0
4	617
0	15
0	2
0	0
0	0
0	0
0	144
0	166
0	0
0	13
0	10
0	0
0	37
0	0
5	155
0	0
0	0
0	14
0	107
0	0
0	0
2	50
2	167
0	34
0	0
0	0
1	245
0	94
0	11
0	2
0	33
0	2
0	0
0	95
0	4
0	45
0	2
0	0
0	13
0	18
0	16
0	27
0	199
2	151
0	0
0	63
0	3
4	537
0	274
0	57
0	23
0	11
0	0
0	0
0	0
0	29
0	0
0	169
0	0
0	16
0	188
1	47
0	0
0	0
0	11
0	10
0	177
0	20
0	10
0	1
0	104
0	149
0	35
0	226
0	10
0	10
0	0
0	12
0	14
0	18
1	53
0	38
0	112
0	5225
0	0
0	847
0	0
0	0
0	150
0	0
0	0
0	0
0	601
0	3
0	0
0	416
0	0
16	4987
1	342
2	2
0	1
44	237
0	26
0	0
0	0
0	151
0	346
0	1
0	0
1	957
5	2057
0	3
0	301
0	7
0	0
0	0
0	7
0	96
0	243
0	31
0	0
1	33
0	3
0	0
0	0
0	0
1	845
0	0
0	4
0	48
0	0
1	5
0	0
2	197
0	277
2	306
0	0
0	0
0	378
0	189
0	435
0	38
0	22
0	26
0	20
0	76
0	119
1	159
0	0
0	0
0	4
7	36
0	0
0	0
0	0
0	0
0	0
0	0
0	63
366	0
0	0
0	7
0	7
0	0
8	337
0	158
0	0
0	247
0	0
47	0
0	0
0	0
0	134
0	2
0	6
0	2
0	0
0	131
0	0
1	46
0	7
0	3
0	0
0	0
0	0
1	34
0	10
0	0
0	2
3	36
0	0
3	7
1	57
0	0
0	8
0	0
4	27
0	0
0	19
0	1
0	2
0	0
0	0
0	34
0	5
0	0
3	1423
0	0
0	7
0	7
0	8
0	0
0	153
0	0
0	74
0	1
0	581
0	99
0	670
2	58
0	251
0	92
0	2
0	1022
0	2
0	56
0	14
0	47
0	60
0	2
0	46
0	8
0	0
0	236
0	56
0	95
0	0
0	48
0	18
2	159
0	0
0	7
0	0
0	17
0	12
1	9
0	0
0	18
0	76
0	0
0	0
0	10
0	3
10	74
0	0
0	0
0	126
0	1
0	308
1	2399
0	71
0	1
0	0
0	6
0	189
0	97
14	1096
0	31
0	0
0	0
1	43
19	77
0	0
0	0
0	30
0	0
1	1
0	0
0	2118
1	161
0	0
0	3
0	27
3	1
0	0
0	0
0	9
0	60
0	0
0	238
0	0
0	0
0	0
4	122
0	0
0	0
0	0
0	120
0	61
0	9
0	1
1	384
0	0
0	0
0	1313
0	0
0	0
0	0
0	211
12	376
0	141
0	8
0	0
0	138
0	253
0	84
0	0
0	16
0	94
0	74
0	0
0	13
1	268
7	36
2	4
0	9
0	16
0	2
0	0
0	28
0	0
0	0
0	3
0	5
0	0
0	3
0	1408
0	2
0	0
0	0
0	20
0	0
0	0
0	0
0	40
0	117
0	0
0	95
0	0
2	4
0	0
0	0
0	9
0	0
0	460
0	0
2	2481
0	0
0	0
1	48
0	3
1	14
1	69
0	30
0	0
0	0
0	3
0	11
1	30
0	0
0	4
0	8
0	0
0	88
0	0
0	9
0	118
0	0
0	1
0	0
0	0
0	17
0	1
0	25
0	10
2	81
0	36
1	222
0	0
0	120
0	4
0	7
0	44
0	10
0	12
0	0
0	1
0	0
0	0
0	61
0	40
0	1886
0	15
0	1
0	0
0	1
0	206
0	0
0	0
0	0
0	11
0	1
0	0
1	50
0	0
0	2
0	7
0	0
2	1
0	26
0	0
0	12
0	34
0	82
0	0
0	0
0	7
0	43
0	0
0	0
0	63
0	0
0	0
1	63
3	1149
0	0
4	13
0	2
0	2
1	4
0	0
0	115
0	0
0	226
0	116
0	12
1	19
1	41
0	26
0	0
0	0
0	4
0	6
0	0
0	0
243	610
0	1
0	40
0	0
0	0
0	0
0	12
0	2
0	0
0	0
0	35
2	538
0	0
0	0
11	1151
0	0
0	0
0	0
0	256
3	107
1	774
0	0
3	108
0	1113
9	124
0	0
0	0
0	0
0	292
0	10
16	202
0	0
0	65
0	0
0	0
0	0
0	253
0	0
0	0
0	0
0	156
0	0
0	61
1	144
1	12
0	0
0	0
2	2
0	2
39	4
0	145
0	7
0	53
0	24
0	27
0	0
0	262
0	31
0	37
0	2
0	25
2	1
3	166
1	102
0	0
0	0
0	42
0	117
0	1
0	148
0	23
0	1
0	0
0	0
0	6
0	6
0	3
0	0
0	1
0	0
0	0
0	2
0	164
2	1824
0	20
0	4
0	0
0	143
0	1083
0	83
0	0
0	11
0	10
0	107
1	426
0	6
0	12
0	0
0	0
0	0
0	0
0	3
1	1
2	719
0	24
0	68
0	18
0	214
0	0
0	0
0	0
0	0
1	27
0	0
0	158
0	0
2	125
0	10
0	335
0	0
1	904
0	54
0	0
0	6
0	33
0	437
0	61
0	0
0	589
0	2
1	61
0	424
0	16
0	19
0	0
0	0
8	16
1	0
0	4
2	55
0	0
0	1044
0	0
0	57
0	182
0	0
0	28
1	56
0	0
2	9
0	1540
0	1393
0	5
0	22
0	94
0	0
0	0
0	15
0	1
1	307
0	0
1	1429
5	23
0	2502
0	0
0	103
0	6
0	0
0	0
0	0
1	0
0	374
2	48
0	0
0	0
0	373
3	19
0	3
0	0
0	0
0	35
0	127
1	809
0	46
0	0
0	12
0	0
0	8
0	8
0	0
0	0
0	22
0	247
0	249
0	307
0	10
0	482
0	27
0	25
0	28
0	203
0	0
0	0
0	2
0	1214
0	0
0	0
0	81
1	300
0	478
0	65
0	3
0	25
0	0
0	82
4	14
0	4
0	5
0	387
0	111
0	38
0	9
1	40
0	1
0	0
1	23
14	226
0	1
0	0
0	0
0	8
0	5
0	2
0	25
0	107
0	4
0	275
0	7
0	7
0	24
0	128
0	0
0	79
0	0
0	154
0	28
0	21
0	54
27	2
0	3
0	182
2	0
0	61
0	361
0	0
0	0
1	8
0	0
0	4
0	0
0	471
0	151
0	1
0	192
0	20
0	0
0	0
0	0
0	29
0	15
0	0
0	84
0	17
0	0
0	0
2	14
0	23
0	0
14	191
0	255
0	0
0	1
0	100
0	0
0	49
0	0
0	6
1	640
0	0
0	0
0	19
0	1
0	121
0	2
0	0
1	62
1	11
0	0
0	0
0	25
0	17
2	43
0	5
14	13
0	40
0	0
0	0
0	34
0	0
0	61
0	0
0	3
2	99
0	47
0	0
0	523
0	7
0	1
0	6
0	0
6	44
0	0
0	0
2	344
0	2
0	1
0	0
0	724
0	270
0	16
1	1375
0	3
0	0
0	0
0	251
0	0
4	301
0	668
0	83
0	0
0	2
0	708
15	102
0	23
0	0
0	0
0	0
0	167
0	6
0	0
0	0
2	40
0	16
0	0
0	32
0	1148
0	165
0	272
0	175
0	0
0	185
0	15
0	21
0	1
13	12
0	0
0	3
0	0
6	62
0	6
0	0
0	0
0	9
0	147
0	11
0	1759
0	3
0	123
0	0
0	49
2	242
0	0
0	0
0	19
0	1
0	0
0	0
0	8
0	0
0	34
0	354
0	15
0	0
0	26
4	2
0	81
0	159
0	0
0	499
0	6
4	9
0	9711
0	168
0	13
0	0
2	166
0	1
0	1
0	175
1	31
0	0
0	0
0	0
0	644
0	0
0	0
1	0
0	0
4	390
0	0
0	40
0	0
0	1
0	0
0	0
0	0
0	1822
0	66
0	0
0	0
0	116
0	0
0	0
0	4
0	59
0	89
2	277
0	7
0	0
0	0
1	270
1	41
0	0
0	27
0	187
1	12
0	248
0	0
0	73
0	34
0	11
0	1
0	0
0	51
0	0
167	127
0	0
5	8
0	162
0	0
0	0
1	22
0	306
0	0
0	32
0	0
0	103
0	0
0	0
0	39
0	0
0	63
0	0
0	39
0	59
16	150
0	4
0	0
0	0
1	54
16	36
0	18
0	383
0	0
0	3382
0	0
1	201
655	146
0	0
0	239
0	1
0	36
0	1234
0	0
0	751
0	2
0	52
0	1
0	25
0	13
0	586
0	576
0	26
0	0
0	0
0	9
0	96
0	0
0	0
1	2
0	25
0	2
0	2
0	11
3	3781
0	0
0	1
0	152
0	3
0	0
14	590
0	0
18	3785
0	26
0	575
0	344
2	634
0	0
0	0
0	0
0	91
0	29
0	243
0	0
0	0
0	1
0	6
0	0
0	170
1	18
0	0
0	0
0	0
0	14
0	0
0	0
0	271
0	1
7	0
0	0
2	45
0	380
0	94
1	84
0	6
1	6
0	1
0	233
0	2
0	215
0	4
0	0
0	0
0	142
0	342
0	1
2	983
0	373
1	289
0	55
0	0
0	294
2	283
0	0
0	0
0	79
0	0
0	0
0	0
0	0
0	18
0	0
2	8
1	5
0	2
1	844
0	0
3	11
0	25
0	189
0	0
0	43
0	2
0	224
0	0
4	4
0	0
0	23
0	12
0	0
0	443
0	0
0	4
0	237
0	0
0	500
1	55
1	28
0	0
0	0
0	18
0	1
0	87
0	1
0	0
0	1
0	0
0	101
0	0
0	0
9	69
0	87
0	147
1	55
0	24
0	0
0	507
16	66
0	0
0	0
0	4
0	0
0	121
0	23
0	0
0	0
0	0
3	1553
0	335
0	1
0	0
1	9
0	11
0	358
0	148
4	586
0	13
0	0
0	28
0	170
0	23
2	18
0	1
0	5
1	88
1	1
0	1
0	0
0	468
0	3
1	936
0	0
0	125
0	4160
1	0
0	0
1	93
0	380
0	5
0	84
0	6
0	48
0	414
0	228
0	0
0	8
1	0
0	18
0	0
0	0
0	38
0	212
0	3868
0	16
1	36
0	227
0	14
0	62
2	189
1	0
0	0
5	1
1	104
3	20
0	0
0	94
0	554
0	0
0	32
0	0
0	0
0	16
0	0
5	384
1	173
0	0
0	6
0	11
0	8
0	17
0	22
0	0
0	0
0	0
1	36
0	0
0	0
0	41
0	9
0	0
0	0
6	131
0	89
0	6
0	22
0	26
0	14
1	53
0	0
0	0
0	3
1	0
0	58
0	42
0	0
0	0
0	10
0	61
0	7
0	110
0	3
0	0
0	58
0	3
0	0
0	0
0	155
0	0
0	0
0	3
0	112
0	222
0	0
0	3
0	13
0	59
0	10
0	15
0	0
0	0
0	12
0	301
0	1814
0	0
0	400
0	0
0	0
4	718
0	0
0	91
0	5
4	72
1	0
0	1
0	1
0	1
0	9
1	17
0	0
1	10
0	49
1	2
0	0
0	0
1	1
0	1
0	740
0	0
0	0
0	11
2	32
492	341
0	4
0	2
0	0
0	74
0	0
0	185
0	0
0	22
0	0
0	9
0	0
0	0
0	4
3	145
0	0
0	0
0	0
2	2541
0	29
1	0
0	8
0	0
3	6
0	6
0	28
2	609
0	302
0	0
0	2
0	2314
0	0
0	5
0	0
0	144
0	40
0	2
0	0
0	0
0	0
0	10
0	162
3	9
1	393
0	14
0	28
4	101
0	7
5	138
0	42
0	19
0	0
0	98
0	0
0	0
0	128
0	6
0	0
0	293
0	8
0	0
0	1
0	7
0	0
0	0
4	31
0	1
0	0
3	12446
6	8691
0	0
3	7099
0	84
0	0
0	1
0	0
1	3
38	127
0	10
0	3
0	1
0	10
1	77
0	0
0	4
0	0
0	0
0	2
0	0
0	0
0	57
0	0
2	9
0	507
0	55
0	0
2	1225
0	75
1	32
0	2
0	101
0	799
0	0
1	135
0	50
0	6
0	28
0	21
0	13
0	0
0	0
0	220
0	3
0	374
0	54
0	823
0	0
0	161
0	21
0	0
0	0
1	9
0	0
0	42
0	31
0	0
1	14
0	193
0	0
0	0
0	0
0	6
0	0
0	1
0	113
0	10
0	3
0	42
0	76
0	2
0	34
0	0
0	301
0	111
6	22
0	0
0	1
0	0
0	4
0	75
0	0
1	77
0	1
1	9
0	0
0	271
2	0
0	24
0	0
0	0
0	0
5	4536
0	1
0	848
0	0
0	0
0	59
0	0
0	718
21	738
0	141
0	0
0	441
0	0
0	0
0	120
0	65
1	464
0	207
15	214
0	0
0	72
0	0
0	15
0	0
0	0
0	0
0	0
26	16
0	62
0	0
0	3
0	0
0	0
0	3
0	7
0	30
0	20
0	0
1	6
1	6
0	8
0	17
0	1
0	632
0	0
0	1
0	0
0	62
1	0
0	0
0	2
0	41
4	0
0	10
0	259
0	382
0	24
0	102
0	5
0	4
0	106
0	0
0	0
0	71
0	215
0	377
0	0
1	0
2	115
1	82
0	26
0	0
0	59
0	18
0	27
0	42
0	0
0	4
0	0
0	46
0	11
0	0
0	18
0	4
0	140
0	0
0	0
0	6
0	0
0	59
0	184
3	289
0	565
0	0
0	0
0	2
0	0
0	12
0	3633
0	0
0	101
0	92
1	44
0	0
0	3
215	208
0	0
0	4
0	64
0	465
0	0
0	9
0	0
0	342
0	0
0	263
0	34
0	48
0	5
0	0
0	128
0	75
0	45
0	29
0	413
0	6
0	0
1	148
0	0
0	0
0	0
0	6
0	0
0	5
0	0
0	0
35	32
0	0
0	1
0	246
0	67
0	2
0	0
0	0
0	12
0	129
0	0
0	40
0	93
0	143
2	24
0	22
0	1
0	0
7	2
0	7
0	0
2	823
0	0
0	0
0	0
0	0
0	2
0	22
3	38
2	2
0	0
0	448
0	0
1	167
3	323
0	0
0	298
0	22
0	24
0	2
0	1
0	20
1	180
0	43
0	1
0	0
0	0
0	5
0	0
0	5
0	0
0	0
0	0
0	3
0	12
1	57
0	483
0	194
0	0
1	123
0	183
0	5
0	45
0	0
0	110
0	0
0	24
0	0
0	5
0	2
1	15
0	14
0	0
0	0
0	82
0	9
0	536
3	37
0	0
0	0
2	11
0	0
0	24
0	1
0	18
1	195
0	10
0	75
0	2
1	9021
0	0
0	165
1	237
0	0
0	4
0	0
0	364
0	0
0	25
0	17
0	0
0	0
0	0
0	13
0	28
0	52
0	15
0	125
0	46
68	200
4	141
2	30
0	261
1	2
0	21
0	32
0	17
0	0
4	478
0	0
1	214
0	10
0	12
0	1355
0	114
0	3
0	235
1	10
1	223
2	35
0	22
0	1
0	0
0	8
0	0
0	7
0	9
0	0
135	739
0	0
0	0
0	0
0	1
0	0
0	0
0	9
0	45
1	134
0	1
0	0
0	1
0	20
0	27
0	403
0	44
0	113
0	0
2	0
0	9
3	54
0	0
0	0
0	0
0	9
0	20
0	0
0	77
0	6
1	1527
0	0
0	7
0	0
0	696
2	2112
0	225
0	1
1	0
0	10
0	7
3	8
0	0
2	1
0	15
0	451
0	0
2	233
0	0
0	723
0	24
0	20
20	1
0	2
0	9
0	0
0	46
0	0
0	228
2	118
0	40
0	32
0	0
0	12
13	3
0	0
0	1
4	0
0	5
0	8
0	3
0	0
2	0
0	0
0	4
0	0
1	1059
1	0
0	0
5	2
0	1
0	0
1	658
0	0
0	213
1	193
0	20
0	0
0	0
0	19
0	1
0	0
0	0
0	0
405	665
0	0
0	0
2	213
0	42
0	7
0	0
57	78
1	0
0	0
0	5005
0	84
0	0
0	0
0	19
0	1
27	3686
0	1
0	0
0	178
1	0
0	5444
0	0
0	3
0	0
0	28
0	1
0	103
0	44
0	113
0	28
7	97
0	259
2	98
2	226
0	34
0	3
0	1
0	14
0	124
0	0
2	0
0	1
0	257
0	7
0	0
0	329
0	276
0	0
0	0
0	21
0	2
0	10
0	524
0	8
0	176
0	0
0	0
0	1079
0	0
0	81
0	5
8	681
0	1
0	0
0	25
0	0
0	484
0	16
2	6
0	59
0	0
0	7
0	11
0	279
0	2674
4	936
0	0
1	15
0	0
0	1
0	1
0	0
2	51
0	123
0	9
0	0
0	2
0	19
0	0
0	4
0	31
0	122
0	106
0	0
0	393
1	254
0	1207
0	2
2	57
0	11
0	1
0	10
0	0
0	0
0	0
0	0
0	0
3	0
0	172
0	233
0	199
0	0
0	4
2	80
0	114
0	0
0	0
0	6
0	7
0	0
0	765
0	51
3	16
0	2
3	236
0	3
1	453
2	14
0	0
1	392
0	0
0	191
0	93
6	56
0	15
0	20
0	26
0	1
0	0
0	0
0	51
0	148
127	607
0	169
0	0
0	50
0	8
0	13
0	0
0	44
0	0
0	54
0	21
4	3
4	7
0	11
0	1
2	175
0	0
1	54
17	107
0	0
0	0
0	0
0	901
0	8
1	59
0	326
0	0
0	0
0	14
0	0
2	5
0	132
0	54
0	0
0	700
2	64
47	640
0	0
0	40
0	0
0	45
0	164
0	0
0	93
0	1337
0	2
0	195
0	77
0	1
0	120
0	0
0	0
0	51
0	25
3	17
0	0
0	0
0	0
0	0
0	41
0	49
0	0
0	75
0	31
0	80
1	168
2	122
0	128
0	62
0	37
0	0
0	0
1	55
1	171
7	5
0	0
0	0
0	1
0	65
0	1
0	0
0	1101
0	0
1	40
0	49
0	105
1	4
1	0
3	209
1	120
0	0
0	6
0	0
0	23
0	0
0	0
0	104
0	0
0	202
0	118
0	76
1	2585
0	0
0	0
2	70
0	0
0	4
0	8
0	0
0	0
0	0
0	2
0	184
0	15
3	1
0	0
0	7
0	11
0	0
120	146
0	43
23	621
0	12
0	0
0	0
0	16
0	0
0	0
0	2
0	0
3	96
2	88
0	47
0	99
0	0
0	12
0	28
0	14
0	72
0	2817
0	34
0	207
0	511
0	45
1	0
2	203
0	90
0	3
43	1944
0	0
0	0
0	16
1	11
1	1
0	0
0	0
0	0
0	6
1	65
0	100
0	0
0	235
0	3
0	0
2	1411
0	1
0	0
0	12
3	1
0	0
1	460
0	14
0	250
0	3
0	1513
1	10
0	19
0	40
0	28
0	18
0	0
0	0
0	0
3	178
0	0
0	77
0	0
3	20
0	728
0	0
0	21
0	19
0	198
0	0
4	0
0	0
0	1
0	137
9	116
3	458
0	10
1	0
0	211
0	12
0	7
0	0
0	7
1	4
0	16
0	26
0	0
0	0
0	12
7	128
0	3
0	0
0	0
1	8
0	4
0	0
0	0
0	35
0	553
0	0
0	0
1	61
0	73
0	59
0	24
0	86
0	12
0	1
0	0
0	127
0	0
0	271
0	0
0	0
0	0
0	2
0	1
0	0
0	56
1	699
0	115
35	4409
0	83
0	31
0	0
0	36
0	0
0	0
0	63
0	0
1	326
8	141
0	50
0	0
0	36
1	10
0	0
0	4
0	0
0	0
0	380
0	1
0	19
0	53
0	0
0	25
0	0
0	0
0	0
0	0
0	557
0	1
0	0
0	21
0	0
0	13
0	27
0	0
0	2
0	1
0	7
1	4233
0	13
0	247
0	0
0	19
1	156
0	5
3	253
0	0
0	26
1	0
0	0
0	18
0	0
0	0
0	0
0	1497
0	0
0	207
0	46
0	1
0	10
0	101
0	7
0	0
1	3
0	4
0	0
0	0
0	0
0	211
0	0
0	140
0	0
1	109
0	0
0	145
1	0
0	0
8	108
0	0
0	2
0	0
3	71
0	7
0	61
0	190
0	0
0	103
1	76
0	192
0	0
0	128
0	0
0	0
0	0
4	569
0	166
2	104
0	12
69	320
0	4
1	87
0	0
0	24
9	99
0	10
0	4
0	32
0	0
3	10
1	4
0	0
2	63
7	2471
0	18
3	1061
0	6
2	0
0	0
0	4
0	1
0	2
0	27
0	0
0	0
0	4
1	46
0	0
0	20
0	0
1	117
0	0
0	4
0	28
0	16
0	9
0	41
0	0
0	54
1	1033
0	1
0	0
0	0
0	6
0	0
0	0
0	33
0	11
5	1068
10	0
1	10
0	0
0	0
0	36
0	0
0	1
3	254
0	777
1	14
0	3
0	342
0	207
2	185
0	225
0	9
0	123
0	0
0	171
0	49
0	0
0	40
0	0
0	10
1	16
0	161
0	10
0	0
0	5
0	1361
0	31
0	19
0	0
0	163
0	163
0	273
0	0
0	17
0	14
0	0
0	60
0	47
3	533
0	3
0	0
1	4
3	1748
0	0
0	0
0	0
0	0
0	220
0	7
0	1
0	4
0	0
0	10
1	18
3	539
0	6
0	73
0	0
0	82
0	0
0	0
0	0
0	2
0	844
0	1
0	40
0	0
0	0
0	3
1	507
0	0
0	0
0	27
0	0
0	630
0	25
0	5
1	16
1	22
3	28
0	0
0	0
0	177
0	75
0	12
0	3
0	378
0	23
0	30
0	15
10	21
0	26
0	3
0	68
0	0
0	15
0	33
0	23
2	14
0	0
1	9
2	169
0	32
0	100
0	24
0	13
0	44
2	67
0	15
0	95
0	0
0	41
0	0
0	4
0	28
0	60
1	131
0	6
0	37
0	427
0	0
6	32
0	0
0	0
0	6
0	11
0	8
2	64
0	0
0	13
0	1
0	4
1	208
0	7
1	75
0	13
1	56
0	166
0	1
0	80
0	118
0	1
0	2813
0	0
0	0
0	335
0	17
0	0
0	116
0	9
1	20
0	31
0	217
0	0
0	3
0	11
0	0
0	61
0	18
0	1
0	0
0	3
0	22
0	0
0	47
0	0
0	528
0	56
0	202
0	0
0	112
0	2
0	0
0	26
0	0
0	0
0	4
0	0
0	0
0	0
0	0
0	0
0	34
1	207
1	11
0	53
1	517
0	33
0	3
3	0
0	538
0	17
0	150
0	0
0	0
0	0
0	8
0	0
0	156
0	0
0	107
0	0
0	11
0	9
0	0
0	69
0	0
0	0
0	19
0	0
1	170
1	57
0	0
0	0
0	0
1	88
1	80
0	32
0	243
0	0
0	72
2	25
0	9
0	84
2	253
0	0
0	121
0	0
0	744
0	58
0	23
0	0
0	9
0	37
0	18
0	0
0	29
0	0
12	702
0	0
0	43
0	38
0	0
0	2
0	11
0	99
0	0
1	0
0	344
4	805
1	10
0	5
0	0
1	21
0	53
0	0
0	271
0	0
0	1
0	0
0	0
0	4
0	1
0	0
0	189
0	0
0	0
0	0
0	1
0	0
0	13
0	1
0	55
0	12
0	31
0	4
0	5
0	0
0	0
0	0
0	1
1	24
0	0
18	58
0	14
0	164
0	10
0	13
0	0
1	32
0	143
0	157
0	168
0	0
0	114
0	1439
1	68
0	18
0	363
0	9
0	2
0	20
0	4
0	20
2	1
0	0
0	593
0	22
0	28
0	0
0	0
0	440
0	1
0	47
0	0
0	0
0	0
10	184
1	210
0	374
0	60
9	696
0	0
5	8
0	0
0	0
0	30
0	14
0	0
1	94
0	0
5	376
1	0
0	3
0	45
0	1
0	80
0	0
0	0
0	1
1	37
0	11
0	466
0	5
0	8
0	0
0	8
0	30
12	0
0	720
0	0
1	6669
0	102
0	168
0	16
13	192
0	1
0	2
0	0
0	0
0	14
0	182
0	0
0	254
0	3
0	1
0	250
0	1
0	158
0	0
0	7
0	0
0	0
0	510
0	0
0	45
0	0
0	25
0	0
0	0
0	141
1	14
1	218
0	0
0	2
0	2
0	31
0	5
0	166
0	21
2	8
1	5
0	233
0	0
2	1
1	351
0	36
0	6
0	2
0	96
0	0
0	32
0	0
0	0
0	833
0	0
0	2038
0	17
0	43
0	9
0	1
0	1
0	0
0	22
0	0
0	291
0	3
0	32
1	10
0	8
0	0
0	108
0	0
0	0
0	0
0	12
1	3
0	0
0	0
0	0
0	18
0	0
0	0
0	23
1	53
0	0
0	50
0	1
2	0
1	327
0	0
0	56
1	96
0	0
0	41
0	105
1	144
0	0
0	0
0	1
0	658
0	398
0	5
27	1885
0	167
0	29
0	24
0	0
0	2
0	6
0	402
0	0
0	2
0	435
0	10
0	0
1	52
1	0
0	5
0	59
0	52
0	0
0	0
0	0
0	10
0	61
0	12
0	3924
0	0
0	12
1	119
1	419
0	110
0	41
0	24
0	0
0	72
0	34
0	4
0	0
0	0
2	701
2	304
0	5
0	8
0	0
0	97
0	1
0	23
0	0
7	578
0	99
0	61
0	0
0	2
0	2
0	1
0	0
0	113
0	447
0	8
0	51
0	21
0	0
1	397
3	309
0	0
1	9
0	101
0	1013
0	0
0	25
0	10
0	0
0	48
0	31
0	0
0	0
0	172
0	1
0	0
0	28
1	448
0	5
0	0
0	394
0	9
0	3
0	8
2	4558
1	123
0	2
0	155
1	4
0	246
0	0
0	19
0	0
0	0
0	12
0	55
0	123
0	81
0	665
0	0
2	0
0	10
0	0
0	6
0	89
0	133
0	0
1	0
0	0
0	7
0	0
1	694
0	0
0	3
0	0
5	163
0	0
0	15
0	7
0	784
6	1887
0	25
1	0
0	1
0	109
1	177
0	1
0	6
0	1
0	2
0	223
0	105
0	5
0	97
0	2
2	1
0	0
0	71
0	0
0	972
0	0
0	1
8	92
0	0
0	0
0	1
0	92
0	0
1	127
0	123
0	33
14	1
0	0
0	58
0	0
0	700
0	5
2	15
0	0
0	13
0	176
0	0
0	3
0	24
0	27
3	5
0	14
0	101
0	3
4	215
0	0
1	52
0	0
0	2
0	362
5	376
0	63
0	2
9	3414
0	31
0	0
0	13
0	20
0	0
0	638
0	43
0	0
0	41
0	4
0	0
0	5
0	235
0	30
0	0
0	963
0	1099
0	2
0	273
0	5
1	441
0	0
0	0
0	7
0	118
0	357
0	0
0	0
0	0
0	793
0	0
0	28
0	2
0	0
0	2
2	468
0	2
0	0
0	1
1	4674
0	0
0	65
0	500
0	12
0	0
5	7
0	2
0	1
0	0
0	1
0	13
0	0
3	0
7	1102
0	26
0	0
0	1
0	0
0	429
1	137
0	24
2	62
0	34
0	48
0	0
0	408
0	0
0	855
0	0
0	2
1	245
0	31
0	0
0	34
0	2
0	127
1	27
0	167
0	4
0	0
5	327
0	423
0	8
0	15
0	0
0	0
0	3
0	8
0	0
0	22
0	0
0	17
0	17
0	0
0	0
0	0
0	0
0	5
0	63
0	1
0	69
0	1
0	104
0	0
0	1
0	0
0	53
0	16
0	68
0	87
0	20
0	92
1	261
0	0
0	265
0	13
0	92
0	0
0	15
0	0
0	179
0	49
0	1
0	0
0	29
0	6
0	554
0	9
5	166
0	0
0	294
0	50
0	4
1	33
0	0
0	0
0	4
0	140
0	0
0	0
0	12
0	13
0	37
0	0
0	0
0	14
0	0
5	2
0	0
0	0
0	74
0	0
0	3
0	1765
0	1
0	0
0	0
0	60
0	0
0	39
0	1
0	0
0	0
4	1
0	0
0	0
0	4
0	550
0	2
0	45
0	9
0	0
0	0
0	63
0	461
0	0
0	0
1	162
5	2
0	251
2	19
0	235
0	1677
14	52
0	94
0	3
0	0
0	19
0	110
0	0
0	148
0	9
0	5
0	0
0	10
0	0
0	3
0	9
1	95
0	0
0	39
0	4
0	63
0	191
0	0
0	30
0	14
0	2
1	73
0	1
1	11
0	0
4	50
0	0
1	44
9	133
0	43
0	163
0	81
3	71
0	231
0	0
0	127
1	9
0	11
0	85
0	0
0	86
0	35
0	15
0	0
0	17
0	3
0	15
0	2
0	1
0	0
0	0
0	0
6	72
1	35
10	67
0	0
0	1
0	0
0	0
0	2094
0	63
0	0
0	4
0	0
0	0
8	81
0	514
0	0
0	28
0	25
1	16
0	0
0	0
0	0
3	48
0	32
0	6
0	45
0	336
0	0
0	0
0	2
0	3
0	0
0	1102
0	87
0	29
0	5
1	61
0	5
0	0
0	2
0	1
25	204
0	0
0	1950
0	3
0	7
3	30683
0	6
0	0
0	0
0	21
0	388
0	1311
1	199
0	9
0	430
0	0
0	0
4	13
0	123
0	6
0	0
0	34
0	129
0	321
0	618
0	2
2	4
8	788
1	81
0	6
0	18
0	25
0	1530
0	0
0	10
0	282
0	114
0	0
0	201
0	7
0	0
0	3
0	3
0	35
1	11
0	364
0	18
0	0
0	13
0	10
0	31
0	12
0	1
0	1
0	8
0	0
0	232
0	102
0	0
0	4
0	1
0	0
0	0
0	1
0	0
0	3
1	49
0	149
0	1
0	0
0	2
0	0
0	214
3	9
0	1
0	40
0	0
0	0
0	0
0	203
0	0
0	0
0	0
0	0
0	0
0	7
0	0
3	8
0	42
0	13
0	611
0	184
0	403
0	10
0	0
1	143
1	0
0	571
0	2
1	0
2	953
0	0
0	0
0	25
0	206
0	14
0	4
0	56
0	7
0	3
2	398
0	0
0	31
0	26
0	36
0	1
0	3
0	0
0	0
0	126
0	0
1	2
0	1
0	0
0	52
0	107
0	530
0	98
0	5
1	149
0	79
0	84
0	14
0	0
0	2
1	2403
0	10
0	30
0	6
0	5
0	25
0	28
0	8
0	84
0	0
0	243
2	10032
0	0
0	79
0	36
0	153
1	35
0	29
0	171
0	6
0	1
0	35
1	15
0	391
0	588
0	48
0	0
1	5
1	835
0	0
0	0
0	104
0	207
0	0
0	16
0	0
0	3
10	538
1	5
0	207
0	145
0	0
0	137
0	0
0	343
0	0
0	0
0	6
0	0
0	0
0	0
0	10
0	460
0	8
0	9
0	0
3	145
1	0
2	53
0	61
0	71
0	0
0	0
0	1
2	183
0	34
0	0
0	227
0	13
0	7
3	2
0	28
2	659
0	19
0	0
0	0
1	69
0	0
0	59
0	41
2	236
0	9
0	0
0	0
0	0
0	0
0	0
0	30
1	252
0	0
0	1
1	23
1	6
0	2
0	0
19	715
0	3
4	150
0	0
0	30
0	0
0	0
1	8
7	34
1	65
0	0
0	11
0	9
0	30
0	0
1	0
0	9
0	43
2	1346
0	197
0	8
4	2078
0	9
0	1
0	0
0	0
0	16
0	643
0	30
0	2
0	139
0	346
0	0
7	5
0	0
0	29
1	327
0	9
0	6
0	0
1	0
0	0
1	8
1	135
0	96
0	2
0	0
5	295
0	8
0	0
0	1
0	4
0	0
0	131
9	0
0	7
0	42
0	0
0	0
0	64
0	45
0	0
10	12
0	0
0	96
0	40
0	8
0	0
0	4
0	1
54	1550
0	9
0	522
0	104
0	57
1	181
0	0
1	34
1	97
0	7
0	100
0	76
10	5
0	10
0	2
0	3
0	0
0	55
0	0
0	27
0	147
0	0
0	1
1	185
0	0
0	804
1	10
0	0
0	0
0	54
0	0
1	47
0	6
0	103
3	0
0	106
0	72
0	0
0	0
0	0
0	0
0	0
4	288
0	200
1	116
0	102
5	322
0	233
0	4
0	295
3	7
1	59
1	8
0	7
0	9
0	0
0	10
0	100
0	150
0	0
0	50
0	0
0	144
0	0
0	333
2	1
0	0
0	0
0	12
0	0
0	66
0	3
0	0
0	3
0	88
0	0
0	65
0	0
0	3
0	0
0	0
3	4
0	130
8	951
0	5
0	2487
0	0
0	10
0	0
0	2
0	25
0	0
0	19
0	0
77	314
0	0
0	81
0	97
0	1
23	97
0	31
0	0
0	22
0	32
0	0
0	0
0	8
0	0
0	46
0	110
0	4
1	173
0	0
0	12
0	0
0	12
0	12
0	0
0	3
0	3
0	0
0	518
0	45
0	53
0	0
1	637
0	142
0	1
0	386
0	81
0	0
0	2
0	0
0	16
0	0
0	19
0	0
0	24
0	0
3	237
0	11
0	262
21	64
1	64
0	3
0	136
4	70
0	0
0	0
8	97
0	19
0	496
0	0
0	0
0	3
0	121
0	71
0	18
0	0
0	0
1	142
0	0
0	0
0	0
0	0
0	0
0	24
0	12
0	42
2	4
0	0
2	6
0	427
0	1805
0	0
1	100
0	67
0	0
0	165
0	0
0	4
1	1
0	8
0	698
0	0
0	0
1	70
0	236
0	0
0	2
0	7
0	0
0	0
1	2076
0	24
0	50
0	0
0	65
0	0
1	67
4	0
6	5
0	0
0	2
3	992
1	84
0	106
0	0
0	184
1	33
0	0
0	0
0	398
0	0
3	401
27	844
0	6
0	1
0	4
0	0
0	1522
0	1
0	0
0	3
0	7
0	0
1	9
0	55
0	0
0	0
0	21
0	0
0	16
0	1062
3	101
0	86
0	0
0	0
0	1
0	0
0	0
0	0
0	26
0	20
0	4
0	62
0	0
0	28
0	4
0	6
2	5
0	0
0	1
0	1
0	8
0	0
0	2422
0	0
0	0
2	127
1	6
193	361
5	441
0	78
0	0
0	11
0	1
0	0
0	2
6	2787
0	0
2	213
7	0
0	57
0	0
0	0
31	381
0	1
0	0
0	148
0	56
0	391
7	398
0	10
0	444
0	5
0	30
0	8
0	36
0	0
0	376
0	0
0	32
0	19
0	0
9	0
0	49
0	0
0	1
0	177
5	157
0	0
2	123
0	2
0	0
1	401
0	0
0	1
0	254
0	1
1	1
0	518
0	9
0	122
0	9
0	0
3	10
0	3
0	0
0	197
12	67
0	1
0	65
0	0
0	0
0	6
0	0
0	0
0	24
6	109
0	131
1	7649
0	0
0	0
0	2
6	97
2	12
0	16
0	0
0	0
1	19
0	0
0	0
18	175
0	0
0	1
0	7
0	0
0	90
3	425
0	0
0	6
0	3
0	0
0	0
0	0
0	0
0	0
0	5
0	2
0	1
0	0
0	4
0	132
0	252
0	126
0	0
0	26
0	0
0	0
0	84
0	0
1	372
2	167
0	0
0	6
0	0
0	82
0	1
0	0
0	0
0	40
0	0
0	4
0	88
3	479
0	15
0	29
0	35
1	5
0	0
2	51
0	212
2	4
3	542
1	690
0	125
0	0
0	0
0	0
0	3
0	0
0	0
2	40
0	0
1	15
0	23
0	897
0	3
0	95
0	13
0	0
0	292
0	79
0	46
0	22
0	0
0	0
15	19
0	0
0	0
0	17
0	90
7	1229
0	211
0	232
0	0
0	4
0	15
1	363
0	238
0	0
0	408
2	440
0	48
0	0
0	0
0	5
0	0
0	32
0	9
0	31
0	199
0	0
0	0
0	0
0	66
0	0
0	16
0	67
2	8
0	0
2	0
3	15
0	0
0	52
5	982
0	134
0	0
0	63
0	0
8	22
0	1619
1	1
5	218
0	0
0	0
0	1
0	82
0	566
0	400
0	0
0	7
0	1345
0	105
0	0
0	14
0	7
5	51
0	0
0	9
0	0
0	96
4	774
0	0
0	170
0	14
1	3
0	1
0	26
0	36
0	0
0	0
0	18
0	0
0	0
0	0
0	0
0	0
0	0
0	204
0	0
0	18
0	262
0	149
0	12
0	16
14	16
0	28
0	2
0	55
4	288
0	0
0	73
0	188
9	882
0	0
0	1
1	192
0	0
0	1
0	0
0	0
1	191
0	12
0	426
6	745
0	0
0	437
1	1
0	14
0	42
0	0
2	1
0	11
0	177
0	0
0	16
0	0
0	284
0	2
0	0
0	0
0	96
0	0
0	24
0	1
0	12
0	690
0	0
0	2
0	0
0	23
0	0
0	0
11	184
0	0
1	36
0	0
0	3
0	162
0	6
0	2
0	0
0	0
0	1729
0	2
0	308
0	2
0	0
0	0
0	126
0	15
0	15
0	0
0	0
0	0
7	192
0	0
0	0
0	0
0	3
4	3
0	0
0	20
0	3
0	36
0	181
0	0
0	3
0	24
0	0
0	38
0	43
0	4
0	31
0	201
1	161
0	18
0	0
0	8
0	0
0	0
1	1
0	184
0	10
0	0
0	0
0	0
0	54
0	11
0	0
0	0
0	14
8	85
0	144
2	46
0	0
0	0
0	0
0	34
0	86
2	11
0	0
0	0
0	2
0	0
0	0
0	509
0	240
4	25
0	7
0	110
0	149
0	54
0	53
18	0
0	0
0	3
0	0
1	3463
0	35
1	6
1	3
0	18
0	13
0	0
1	1083
0	0
0	0
0	17
0	0
0	0
7	418
0	0
0	0
0	105
0	1
0	1
0	1
0	173
0	0
0	5
0	786
0	0
14	198
0	0
0	0
0	0
0	136
0	219
0	0
0	0
0	2
2	7
0	285
0	0
1	93
0	0
0	1
0	0
0	1
4	1
0	0
0	465
0	0
0	108
0	0
0	16
0	145
0	337
0	5
9	132
1	9
0	94
0	20
0	123
6	302
0	13
21	1101
0	7
0	11
0	189
0	0
0	0
0	4
0	123
0	0
5	138
0	0
0	0
0	1
0	0
1	565
0	11
0	2
0	5
0	90
0	157
0	821
45	579
0	0
0	8
0	0
3	9
0	14
0	123
0	1
0	46
0	2
0	0
0	0
0	34
1	89
5	252
0	13
0	4
0	15
0	80
0	10
0	26
2	15
0	4
1	1
0	0
0	1
0	0
0	77
0	36
0	18
0	280
0	39
0	0
0	579
1	220
0	0
1	23
0	0
18	150
0	5
0	23
0	0
0	65
0	0
1	159
0	0
0	53
0	1
1	0
2	22
0	171
0	0
0	90
0	413
0	12
0	0
1	28
2	24
0	0
0	0
0	8
0	16
0	16
0	0
0	93
0	0
0	0
1	16
0	115
1	103
0	2268
0	0
0	1
0	0
0	2
0	444
359	293
2	170
0	27
0	246
0	2
0	0
0	0
0	141
0	1
0	0
0	1853
2	66
0	0
0	11
0	1328
0	0
0	0
7	137
0	33
0	0
0	146
0	276
0	0
18	78
0	0
11	11794
0	0
0	220
0	75
0	0
0	0
0	125
2	2088
0	26
0	16
0	0
1	350
0	1
0	0
0	1
16	495
0	0
0	0
1	0
0	0
0	0
1	7
0	11
0	18
0	0
0	25
0	0
1	335
0	49
0	0
0	70
62	187
0	791
0	40
0	516
0	6
0	16
0	8
24	184
0	18
0	336
0	115
0	98
0	1
0	0
0	0
0	59
0	0
0	70
0	0
0	58
0	3
1	72
0	47
0	27
0	139
0	5
2	219
0	155
0	260
0	74
0	310
0	552
0	13
0	100
0	0
0	0
1	2
0	0
0	84
0	0
0	1
0	0
0	15
4	137
2	0
0	26
0	1180
0	2
0	97
3	223
1	97
0	0
0	7
0	2
0	0
2	62
0	0
0	2
0	0
0	56
1	376
0	35
0	0
1	37
0	2
0	0
0	0
0	0
0	9
0	0
5	1
0	74
5	1443
5	406
18	1036
0	92
0	0
59	472
0	2
0	2
2	316
0	28
0	0
0	74
0	130
0	1
0	10
0	23
0	0
0	52
0	280
0	23
0	0
0	277
0	0
0	10
1	31
1	261
0	0
0	29
6	0
0	356
0	1
0	0
0	0
0	0
0	120
0	103
0	1897
0	5
0	2
1	281
0	56
1	46
0	173
0	27
0	0
0	22
0	3
0	1
0	3
0	17
0	934
0	0
0	0
0	2
0	65
0	0
0	0
0	0
0	139
1	7
0	0
0	0
1	10
0	0
0	1189
0	28
0	2
0	77
0	0
1	1
0	0
4	26756
0	25
0	198
0	63
0	26
0	0
0	6
0	57
1	4733
0	17
0	0
0	0
3	113
4	34
0	22
0	8
0	5
0	0
0	0
5	648
0	0
0	285
0	0
0	63
0	10
5	204
0	11
0	84
0	0
1	0
2	23
0	5
0	0
0	16
9	22
0	0
0	121
0	40
4	25
3	10
0	48
0	0
1	80
1	65
0	27
2	0
0	50
0	0
0	0
0	0
0	1
0	2821
0	96
2	114
0	36
0	110
0	0
0	1
1	80
1	86
0	0
0	0
0	0
0	434
0	0
0	35
0	0
0	0
0	195
0	14
0	304
0	0
1	372
0	167
1	800
0	0
0	7
0	4
430	628
0	0
0	4
0	0
0	93
1	202
0	1
5	185
0	0
0	42
38	623
0	0
9	290
0	192
4	1
0	5
4	695
0	0
0	0
22	59
0	0
0	149
0	43
0	4
0	325
0	33
0	1
0	4
0	153
1	21
1	36
0	9
0	0
0	0
0	36
0	0
0	0
0	133
0	559
0	1038
0	0
3	89
0	180
0	5
0	10
0	39
0	1
1	0
0	0
0	35
0	0
0	142
2	0
0	6
0	101
0	0
0	1
0	184
0	84
0	135
0	11
0	3
0	0
0	100
0	0
1	400
0	27
1	633
0	5
0	0
0	0
0	0
0	0
1	1047
0	0
1	348
0	0
0	0
0	0
0	3
1	61
0	15
0	7
0	0
0	38
0	67
0	69
0	0
0	1
2	430
0	0
0	0
0	0
0	3
1	3
0	0
0	1
6	489
0	10
0	30
0	374
0	2
0	9
0	1
0	52
2	166
0	0
0	83
0	0
0	0
0	70
0	86
0	36
0	0
47	790
0	85
0	0
0	0
0	0
0	5
5	15
0	340
0	63
1	761
0	4
0	0
3	82
2	233
0	0
0	20
0	0
6	27
1	0
0	155
6	10385
0	0
0	0
0	6729
0	76
7	35
2	547
1	0
0	0
0	14
0	0
0	5
0	0
0	3
0	1
0	18
1	83
0	2
0	0
3	130
0	45
0	0
1	20
0	94
0	0
0	108
8	201
0	0
0	0
0	0
0	0
0	1
0	3
0	48
0	94
0	23
0	0
0	4
0	0
0	0
1	5
0	0
0	1
0	103
0	0
0	102
0	0
0	6
0	0
0	1
0	0
0	19
0	0
0	6
0	1
0	5
1	225
0	52
0	90
0	1
0	1
0	1
0	0
6	10
0	2
0	6
0	14
189	434
0	21
0	2
0	52
0	2
0	3
0	0
46	15
0	0
3	4986
0	0
0	0
0	38
0	0
0	125
0	4
0	0
0	0
0	0
0	221
0	15
0	55
0	29
0	0
1	5
4	86
0	33
0	132
0	249
0	1
6	6
0	19
0	136
0	0
0	16
0	0
0	0
1	1
0	329
0	0
0	97
1	324
0	43
0	223
0	0
0	374
0	2
0	0
1	274
0	0
8	2891
0	0
0	0
0	662
0	183
0	10
0	150
0	20
0	7
0	15
2	266
0	3
0	7
0	155
0	14
1	82
1	212
0	0
0	1
0	0
0	1
0	208
0	0
0	13
0	13
0	226
0	5
3	20
2	626
34	6072
0	0
0	21
1	30
0	88
0	8
0	0
0	0
0	28
0	0
0	0
0	171
0	0
0	37
0	0
0	0
0	45
1	7
0	6
0	612
0	0
0	0
0	11
0	0
0	26
0	0
0	0
0	0
0	0
4	198
0	11
0	0
0	6
4	495
0	0
0	0
0	17
2	10
0	2
0	23
6	144
0	3
0	0
0	0
0	89
0	0
0	3
0	1
0	0
0	0
0	16
0	1141
0	134
11	149
0	0
0	4
0	1
8	104
0	2
0	58
0	34
5	231
1	70
0	0
0	0
0	9
1	1
1	663
0	0
0	0
0	0
0	11
1	53
0	0
1	31
0	39
0	15
0	37
0	38
0	104
0	196
0	0
0	0
0	0
0	0
0	265
0	3
1	6
0	61
0	4
0	0
41	1963
0	0
6	46
0	0
0	1
0	106
0	3
0	4
5	787
4	5
0	13
0	0
0	60
0	880
0	5
0	113
0	539
1	630
0	0
0	0
0	171
0	0
0	0
0	4
0	276
0	142
0	0
0	0
0	140
0	1
1	39
9	48
0	125
1	114
0	0
0	0
0	21
0	6
0	54
0	81
0	11
0	0
5	185
0	8
0	13
0	3239
0	2
0	169
0	0
0	15
0	139
0	15
0	52
0	0
1	40
1	1866
0	2
0	214
0	182
0	41
10	121
0	43
0	0
0	43
0	85
0	2040
0	153
0	7
0	3
0	5
0	0
0	7
0	0
0	6
0	18
0	39
0	2
0	0
1	27
0	10
0	2
0	0
0	0
0	37
0	0
0	0
0	7
0	0
0	0
0	0
0	5
0	0
3	777
0	0
0	14
0	4
0	94
0	118
0	1
0	0
1	45
0	64
0	0
0	0
0	128
0	0
0	11
0	0
15	236
0	1
0	9
0	12
0	0
0	0
1	77
0	0
0	0
0	0
1	20
0	11
0	60
0	0
1	176
0	0
0	0
0	0
0	40
0	18
5	828
0	0
0	2
0	0
5	1126
0	14
0	0
1	3
4	152
0	0
1	1758
0	0
0	1008
0	135
0	1
3	5
25	12
0	2
0	3
2	0
0	4
0	0
0	0
1	895
3	46
0	58
0	0
0	24
0	401
0	0
0	3
0	2
0	15
0	0
0	9
0	0
0	14
0	3
0	42
0	93
1	51
0	18
0	1
0	0
0	0
0	0
1	96
0	47
0	124
0	0
9	1
0	0
0	0
0	0
3	70
0	0
0	1
1	132
0	4919
0	0
0	65
0	1
1	8
0	0
0	244
0	10
0	2
0	0
0	27
0	0
0	1112
0	0
1	0
3	21
0	143
0	0
0	0
0	0
0	0
0	0
0	262
34	127
0	29
0	0
0	5
0	181
4	17
0	5042
0	4
4	0
0	5
0	2
0	16
0	0
0	0
0	46
0	0
1	48
0	207
0	2
0	0
0	31
0	85
0	0
0	4
0	539
0	3
0	20
0	22
0	0
0	487
6	2002
0	22
0	218
0	24
2	12
0	176
0	8
0	0
0	271
0	22
0	169
0	2
0	1
0	1
0	625
0	0
0	41
14	22
0	0
0	45
0	22
0	35
0	894
0	910
0	215
0	0
0	104
0	4
0	0
0	41
0	691
0	0
0	0
0	4
0	32
0	151
0	26
0	203
0	0
0	0
0	0
0	307
0	0
0	24
0	83
1	162
0	50
0	4
0	2
1	14
0	0
1	68
0	0
0	9
0	0
30	256
0	19
0	0
2	519
0	0
0	75
0	0
1	55
0	2
0	122
0	3
2	2130
0	2
0	0
0	0
0	100
0	0
0	81
0	37
8	1
0	10
0	130
0	2770
1	9
0	123
4	179
1	21
0	0
0	0
1	745
0	0
3	206
0	0
0	249
0	324
0	0
0	0
0	0
1	90
0	80
0	0
0	21
0	2
0	1
0	16
8	4
0	2
0	363
0	1
0	648
0	0
0	739
0	25
0	13
1	286
0	9
6	13
0	0
0	0
0	290
0	0
0	357
0	101
0	2
0	0
0	0
0	261
1	81
0	7
0	0
0	0
0	77
0	1
0	7
1	79
0	0
0	0
1	73
0	0
0	0
8	28
0	32
1	26
0	34
18	821
0	0
0	0
0	28
0	1
0	0
0	2
0	21
0	50
20	136
0	18
0	208
9	15
0	0
0	0
0	18
0	0
0	87
17	13
0	0
1	5
0	3
0	1
0	0
0	0
0	0
0	117
0	183
0	87
2	0
0	9
0	0
0	82
0	0
1	6
0	36
0	17
0	0
0	61
0	0
0	0
0	5
1	47
0	0
0	28
0	0
0	2
0	143
0	53
1	54
6	11
0	0
0	0
0	0
0	794
0	116
0	0
0	1
3	9
0	6
0	0
0	4
0	0
0	0
0	25
0	0
2	6
0	5
8	0
0	403
0	1200
0	0
0	233
0	0
1	110
0	3
0	0
0	43
0	33
0	94
5	103
0	24
1	1
0	2
0	55
2	14
0	0
0	131
3	331
0	19
0	19
0	0
0	204
0	0
3	64
0	83
0	423
0	24
0	20
0	0
0	11
1	5
0	362
0	82
0	0
0	157
0	2
0	297
0	0
0	2
0	43
0	6
1	22
0	465
0	6
0	110
18	40
0	0
0	0
0	0
0	544
0	4
0	0
0	0
0	16
1	2
0	0
0	0
0	27
0	0
0	0
6	47
0	44
3	545
1	24
0	1047
0	1
0	0
0	2
0	0
0	12
0	0
0	0
0	33
0	40
0	0
0	0
0	0
0	1
0	80
0	0
0	130
0	126
0	0
0	98
0	13
0	73
3	162
0	368
1	6
2	3
0	71
0	0
0	80
0	0
0	0
0	0
0	0
0	0
0	0
0	379
1	207
0	0
0	0
0	0
0	0
0	22
0	2
0	0
0	4
0	0
0	0
0	0
0	8
0	2
0	0
0	44
0	4
2	2
0	0
0	0
0	128
0	37
0	10
1	8
0	9
0	510
0	6
0	0
0	15
7	279
0	0
1	191
3	66
5	11
0	1110
2	1214
0	29
0	27
0	0
0	159
0	434
0	0
9	153
5	326
0	100
0	3
0	0
1	12
0	0
4	164
0	11
0	0
0	64
0	0
0	0
0	122
0	1
0	91
0	0
0	129
1	24
0	221
4	277
0	49
0	0
0	0
0	0
0	0
0	7
0	2
2	1
0	133
9	220
0	0
0	14
1	494
0	40
0	0
1	181
3	50
0	49
0	0
2	0
0	214
0	7
0	10
0	141
1	12
1	79
0	0
0	1
7	544
0	41
0	817
0	13
0	42
2	141
0	200
0	0
0	1
0	0
1	0
0	13
0	90
0	2
0	0
0	3
0	0
0	0
0	27
0	9
1	1364
0	92
0	13
2	9
0	0
0	0
0	4
2	0
0	0
0	62
0	0
0	519
1	70
0	0
0	7
0	0
0	3
0	1
3	96
0	139
0	0
0	0
0	8
1	81
0	158
1	153
0	55
1	16877
0	0
0	0
1	0
0	16
0	103
14	14
0	0
0	0
0	396
0	331
0	93
0	30
2	202
0	14
0	0
0	0
0	9
0	0
0	0
0	4
0	24
0	0
0	0
0	9
0	0
0	1
0	0
0	0
0	0
0	378
0	0
0	0
0	0
0	15
0	74
0	0
0	182
0	646
0	1
0	1286
0	74
0	4
0	59
0	7
21	121
0	5
0	363
0	58
0	0
0	0
0	18
0	3
2	2
2	38
0	20
0	93
0	8
0	1
0	254
1	5
0	0
1	725
0	0
0	0
3	17
0	155
0	0
8	8
0	0
0	0
0	0
0	3
0	0
0	202
0	0
0	0
0	230
0	27
0	33
0	0
0	278
1	8945
6	631
0	10
0	2
1	723
0	56
0	8
0	2007
0	51
44	291
0	0
3	2
0	4
0	31
0	173
0	0
0	90
0	9
0	0
0	42
0	8
0	100
0	0
0	433
0	222
0	90
0	281
3	228
0	0
0	23
0	1
4	135
1	5
0	25
0	0
0	147
4	6
0	8
0	0
7	151
0	8
0	0
0	15
0	0
0	1
1	128
0	0
0	3
0	34
0	0
0	68
0	52
1	0
0	48
0	0
0	0
0	21
0	0
0	61
0	0
0	0
0	0
1	889
0	601
23	1270
0	2
3	254
1	29
0	21
0	65
0	0
7	128
0	1
1	110
0	0
0	0
4	134
0	80
0	1401
0	0
0	11
0	13615
0	0
0	9
7	120
0	91
0	76
0	11
0	68
1	26
0	0
6	3
3	341
0	11
0	999
0	0
1	11
0	0
7	569
0	0
2	497
0	0
12	259
1	31
0	0
0	42
0	404
0	0
1	33
0	0
0	39
1	158
0	47
0	53
0	336
0	0
1	76
0	0
0	0
6	15
0	62
1	92
0	34
0	62
0	14
0	1
2	190
0	56
0	6
0	1
0	1731
0	4
0	15
0	0
2	1190
1	0
0	0
13	242
0	0
0	0
0	7
0	0
0	6
0	100
0	811
0	2
0	4
0	125
0	30
0	0
0	10
0	24
0	1
0	4
0	82
0	28
0	21
0	12
0	0
0	0
2	19
0	0
0	43
0	342
0	3
0	0
0	0
0	0
1	9
0	158
0	2
0	30
0	1153
0	0
0	0
1	362
0	266
0	26
0	0
0	0
0	2
0	0
0	1
0	0
0	283
0	104
0	0
2	280
0	336
0	67
0	181
0	0
1	57
0	0
0	0
0	2
0	0
6	481
0	5
0	0
0	461
0	30
0	0
1	137
0	0
0	2002
0	223
0	0
0	355
0	17
0	26
0	32
0	0
0	0
0	305
2	0
0	17
0	83
0	20
0	0
0	258
7	5
0	0
0	1127
0	2
4	41
0	9
1	16
0	25
0	0
1	74
0	861
0	1
0	0
0	16
5	282
0	0
0	0
0	69
0	4
0	0
0	9
0	10
0	618
0	0
0	0
0	63
2	1628
0	25
0	19
0	6
0	0
0	0
0	0
0	7
7	42
0	225
1	0
0	12
0	0
0	1
4	166
0	0
0	0
0	61
0	0
0	0
0	0
0	2
0	0
0	0
0	6
0	77
0	18
0	0
2	0
0	303
1	25
0	494
0	3
0	36
2	0
0	0
0	0
0	3
0	0
0	4
0	43
0	0
11	178
0	27
0	94
0	39
0	1
0	0
0	0
0	0
0	0
0	17
0	0
0	0
0	48
0	0
0	8
0	0
0	10
0	0
0	42
0	0
0	0
0	13
0	193
0	0
0	22
1	294
0	9
0	124
0	685
0	19
0	31
0	269
0	0
0	1
0	0
0	0
0	16
0	134
0	0
0	81
0	0
0	11
0	0
0	16
0	97
0	50
0	0
0	0
0	87
0	3
0	0
0	0
7	17
0	2
0	14
0	0
0	0
0	4
0	3
0	14
0	14
0	73
0	0
0	61
0	0
0	0
3	5
0	18
0	98
1	120
0	1
4	102
0	126
0	0
1	48
0	0
0	0
0	7
0	0
0	0
0	0
0	192
0	0
0	0
0	16
0	0
0	0
0	84
0	557
9	380
2	1
2	792
5	0
0	4
0	7
5	386
0	0
0	479
1	28
0	0
0	2
0	31
0	0
4	0
0	514
0	0
0	60
0	27
0	2
0	15
0	617
0	0
0	0
0	13
0	0
0	3
0	0
0	0
0	79
0	2
0	0
0	4
0	71
1	8
0	25
0	0
0	0
0	18
0	1
0	0
0	109
0	28
0	89
0	183
1	457
0	51
1	5
0	58
0	155
0	4
0	1040
0	0
0	62
0	0
0	5
0	66
0	0
0	26
0	12
0	0
3	3
0	174
7	5462
0	0
1	13
0	120
0	1
0	0
0	0
1	43
0	27
0	0
0	0
0	149
0	18
0	0
0	0
0	0
0	1
24	64
1	115
0	13
0	20
0	111
2	8
0	0
0	0
0	0
0	876
0	0
0	0
0	290
0	0
0	5
0	33
0	0
0	88
0	31
0	1
0	16
0	0
0	0
0	0
0	135
0	0
0	2
0	16
0	0
0	3
0	185
0	74
1	171
0	0
0	0
1	68
19	139
0	2
0	0
0	0
0	0
2	706
0	0
0	0
0	34
0	0
0	59
0	486
1	23
0	1
0	7
0	0
0	0
0	77
0	0
0	13
0	58
0	0
0	70
1	75
0	419
1	74
0	0
0	57
0	14
0	13
0	481
0	76
0	395
0	51
0	117
0	9
0	1
0	47
0	34
0	3
0	0
0	1
0	0
0	11336
0	27
5	77
0	32
0	4
0	0
3	97
0	6
0	0
0	0
0	0
0	0
0	0
0	0
0	67
0	8
0	155
0	0
0	0
1	4
0	0
0	3
0	14
0	5
0	0
0	2
0	7
1	45
4	68
0	0
0	50
0	78
0	12
0	345
0	229
0	4
0	0
0	1
0	1
0	11
0	287
0	325
0	6
3	5996
2	42
3	187
0	0
0	4
0	17
0	24
0	6
0	0
0	47
0	30
1	0
0	115
3	169
0	36
0	0
0	4
0	3
3	61
0	31
0	13
0	2
0	0
0	0
0	26
0	0
6	2
0	41
0	0
8	41
0	309
1	103
0	0
2	285
0	0
0	9
0	64
0	42
1	45
0	11
0	8
0	0
0	17
0	0
0	4
0	0
0	0
0	67
0	8
0	62
0	0
0	44
0	0
0	0
0	23
0	4
0	0
0	0
0	31
2	553
0	173
1	130
0	17
0	38
0	0
0	1
0	1
7	272
0	27
0	3
0	0
0	106
0	0
0	99
0	0
5	3
0	2
0	49
0	121
0	0
0	23
0	730
0	1
0	21
1	5
1	53
0	0
0	12
0	0
0	1069
0	30
0	478
2	170
0	14
1	0
0	43
0	0
0	139
0	0
0	5
0	1
0	0
0	224
0	0
0	36
0	0
0	59
0	0
0	25
0	0
0	1
0	29
0	32
0	633
0	93
1	15
0	0
0	240
0	0
0	0
0	87
0	0
0	0
0	0
0	1
30	0
0	8
24	0
0	1
0	0
1	165
0	0
0	205
1	39
3	11
1	6
0	9
0	0
0	99
0	1
0	40
0	46
3	81
0	127
0	510
0	29
0	22
0	0
2	27
0	2
0	82
0	1631
0	34
1	2724
1	0
0	127
0	39
0	23
0	0
0	16
0	0
0	8
0	0
0	0
0	22
0	0
0	61
1	78
0	81
1	20
0	0
0	0
2	36
0	51
0	121
0	69
0	0
0	0
1	249
0	24
0	0
0	0
0	1
0	23
0	62
0	17
0	37
0	57
0	136
14	83
0	0
0	369
0	552
3	27
0	0
0	0
0	0
1	7
9	8
0	22
0	214
0	43
0	102
1	16
0	26
3	0
0	1346
0	0
0	27
0	0
0	0
0	0
0	771
0	0
0	51
2	60
0	0
0	0
0	82
0	90
0	29
1	94
0	161
1	24
0	538
0	11
0	103
0	6
0	13
0	1
0	1
5	14
0	123
0	1
0	1
1	140
0	0
0	10
1	46
0	0
1	58
0	5
0	2
0	1853
1	0
0	36
1	145
0	3
0	0
0	0
0	0
0	3
0	6619
0	1
0	137
0	0
1	13
0	14
0	0
0	0
0	2
0	0
12	189
0	0
0	98
0	10
0	4
0	20
0	12
0	3
0	0
1	155
0	0
0	10
0	92
0	609
5	4
0	7
1	28
0	1
0	0
0	55
1	21
0	0
0	161
0	24
0	27
0	10
12	2048
0	0
0	0
0	135
0	12
0	5
0	34
0	0
0	0
2	30
0	8
0	4
0	843
14	7
0	150
0	0
3	318
0	17
0	0
0	8
0	76
1	16
1	21
0	458
0	0
0	0
0	0
0	0
0	32
0	0
1	7
0	1281
0	0
0	530
0	17
0	0
1	145
1	21
0	237
0	1
0	66
0	3
0	0
0	0
0	0
0	0
0	5
0	0
2	129
1	42
0	13
1	3
0	50
0	2
0	0
0	1
0	4
0	0
0	0
0	63
5	64
0	0
86	165
0	10
0	2
0	33
0	4
0	67
0	0
0	7
2	28
1	21
0	1
0	0
0	1
0	0
0	27
0	190
0	0
0	80
0	0
0	0
0	0
1	108
0	0
1	41
0	29
0	38
0	0
0	452
0	55
0	0
0	731
0	0
0	67
0	221
0	396
0	35
0	3
0	28
0	333
0	0
0	36
0	0
0	12
3	10
0	0
0	2
0	0
0	20
0	533
0	0
0	0
0	22
0	29
0	1
0	1
1	1852
0	8
0	16
0	0
0	68
0	171
0	0
0	0
0	0
0	41
0	1
0	59
0	97
0	5
1	585
0	0
0	7
1	4
0	3
0	12
0	41
0	0
2	33
0	12
0	8
0	0
4	439
7	307
0	0
0	7
0	0
0	0
0	0
0	0
0	4
0	0
1	0
0	0
2	10
0	0
0	0
0	3
0	175
0	3
0	30
0	0
0	259
0	0
0	0
0	70
1	1
0	703
0	103
0	0
0	0
0	0
0	16
1	0
0	32
0	0
0	57
0	18
13	65
0	0
0	6
0	0
0	94
0	25
0	54
0	15
0	3076
0	3
0	0
0	0
0	0
0	590
0	0
2	22
0	543
0	0
0	0
0	437
0	8
1	6
2	964
0	0
0	5
0	0
0	0
0	12
0	5
0	15
0	0
0	0
0	11
0	221
0	53
0	26
0	259
0	55
0	0
0	545
0	6
0	1
0	9
0	0
2	11
2	26
0	140
0	0
0	40
0	140
1	40
0	261
0	0
2	89
0	1107
0	98
1	34
0	0
0	40
0	0
0	0
0	0
5	14
0	0
0	0
1	244
0	0
124	1334
1	136
0	3
3	32
0	0
0	1
0	341
0	935
0	3948
0	1
0	1
0	24
0	27
0	16
0	0
1	25
0	6
0	0
2	435
0	0
0	0
0	2
0	281
0	0
0	0
0	90
0	0
0	1
0	17
1	0
0	0
0	3
3	130
0	96
0	165
0	151
2	41
1	74
0	0
0	0
0	81
0	0
0	28
0	0
0	0
0	1
0	0
0	13
0	42
0	0
0	0
0	19
0	80
0	34
4	348
0	0
0	0
0	134
7	1133
0	14
0	688
0	0
0	6
0	4
0	0
0	0
0	95
0	0
0	0
0	50
0	0
0	0
0	53
0	1720
0	3
0	0
0	0
0	27
0	114
0	0
0	1
0	0
0	3
0	53
0	2
0	506
0	0
2	0
0	8
0	79
0	104
0	0
0	667
0	0
0	6
0	0
1	34
0	0
3	643
2	4
0	0
0	7
0	77
0	0
1	37
0	37
0	319
0	57
0	638
21	221
0	0
0	384
0	0
0	66
0	1
0	20
0	0
0	0
0	2184
0	0
0	1
0	0
0	11
1	1117
10	38
0	27
0	21
0	67
0	0
0	0
0	5
2	23
0	0
0	32
0	0
7	22
0	0
0	16
0	1332
0	2
0	0
0	2
1	267
0	1
0	4
0	28
0	35
3	0
0	0
0	5
0	1
9	47
0	0
0	14
0	258
0	0
0	0
1	17
0	11
0	339
0	214
0	0
0	160
1	19
0	0
0	6
2	191
1	20
0	15
0	50
0	37
0	45
0	51
0	9
0	0
0	0
0	49
0	23
0	180
0	9
4	18
0	64
0	4
0	0
0	11
1	21
0	14
0	0
0	0
0	4
0	25
1	174
0	388
1	0
0	0
0	53
0	0
0	0
0	42
0	5
0	3
0	10
0	281
0	214
0	83
0	23
0	0
0	0
0	16
0	2
0	17
0	6
0	0
0	207
1	48
1	412
0	0
0	231
11	553
15	366
0	0
3	712
0	2
0	0
0	6
1	2
0	0
0	3
0	0
0	8
0	260
0	0
0	0
0	0
0	0
0	1078
1	4
0	1
0	58
1	703
0	0
0	99
0	0
0	14
0	80
0	13
0	0
0	107
1	448
3	472
0	11
0	122
0	44
0	44
0	0
0	20
0	98
0	145
0	14
7	2
1	7
0	4
0	31
1	0
0	0
0	0
0	7
5	496
0	0
0	1
3	17
0	218
0	0
0	0
0	0
0	0
0	110
0	0
0	0
0	214
0	50
0	0
0	13
0	0
1	3
0	0
0	49
0	1
0	0
0	0
1	389
0	371
0	0
0	1
1	662
0	0
0	1
0	0
0	0
0	0
0	180
0	0
0	0
0	0
0	0
0	0
0	11
0	12
0	123
0	0
0	3
0	0
0	0
0	65
0	3
0	0
0	2
1	77
0	3
19	237
0	0
0	71
0	0
0	66
0	29
0	182
0	0
0	0
0	0
0	4
0	6
0	3
0	14
1	5
0	37
0	7
0	9
2	314
0	2
0	2
0	1
0	3
0	0
1	29
0	4
0	0
1	67
2	4449
0	80
0	17
0	42
0	0
0	2
0	16
0	188
0	0
0	1
0	0
0	11
0	13
0	72
0	35
0	106
0	0
0	48
0	105
19	1407
0	0
0	359
1	17
0	3
0	95
0	0
0	36
0	72
3	569
0	323
0	55
0	0
0	23
0	3
0	4222
0	0
0	154
0	18
0	0
1	66
6	978
0	338
0	851
0	13
0	1
0	18
0	0
0	3
0	0
5	1878
0	0
0	38
0	140
0	76
0	9
0	0
0	0
0	9
0	0
0	0
0	0
0	0
0	24
0	632
0	0
0	753
0	0
0	0
0	13
1	0
0	7
0	20
1	46
1	300
0	386
0	165
0	7
0	0
1	5
0	0
0	8
0	394
0	53
0	14
0	0
0	38
0	328
0	0
0	9
0	0
0	0
0	4
0	0
0	5
0	0
0	7
0	0
0	0
0	1
0	43
1	28
0	7
1	18
0	0
0	38
0	0
0	1
0	12
0	1
0	271
0	87
0	0
0	78
0	0
0	0
0	7
0	109
0	0
1	266
0	0
0	14
0	1
0	155
0	449
0	257
0	0
0	292
0	15
0	0
0	0
0	7
0	0
0	2
3	5
0	4
0	19
0	0
0	71
0	5
0	0
2	2
0	0
0	40
0	19
0	5406
2	16
0	93
0	13
0	0
0	0
0	0
2	76
1	472
0	0
0	0
0	2274
0	62
0	126
0	3
0	0
0	0
0	36
0	16
0	1
0	0
3	123
0	0
0	1
0	1
0	32
0	24
16	0
0	0
0	26
0	4
1	0
0	170
0	4
0	0
1	3676
1	594
0	271
0	0
0	0
0	146
0	0
0	28
0	0
0	0
0	2
0	0
0	0
0	46
0	1174
0	5
0	0
0	1
0	703
0	0
0	1
0	153
0	0
0	17
1	394
1	98
0	3
0	0
1	639
0	0
0	0
0	0
0	6
0	4
0	0
1	1
0	25
0	21
0	35
0	22
3	0
0	0
0	7
0	38
6	6
0	0
1	120
0	0
0	0
0	14
0	0
0	0
0	0
0	0
0	372
0	0
0	16
0	0
0	22
0	2
3	303
0	0
0	0
4	145
0	0
0	0
0	0
0	293
0	0
0	70
0	0
0	19
0	105
0	189
0	0
0	141
0	26
1	211
3	364
0	2
0	0
0	0
0	0
0	0
0	0
3	468
0	0
0	0
0	213
0	11
0	31
0	30
0	0
0	231
0	13
0	271
0	0
0	289
0	319
0	0
0	0
0	0
1	173
0	5
1	7
1	81
0	38
0	0
8	46
0	0
0	0
0	25
0	0
0	0
0	556
0	269
0	9
0	0
0	0
20	386
0	0
0	204
0	28
4	801
0	41
0	92
0	32
0	0
0	1375
0	293
0	19
2	99
0	1
0	4
0	454
0	0
0	1451
0	0
0	6
15	1
0	6
0	0
0	88
0	515
0	0
0	4
1	103
0	0
1	95
0	0
0	3
0	109
0	181
0	60
2	73
0	0
0	0
2	345
0	50
0	0
0	7
0	0
0	210
0	4
0	137
0	0
1	0
0	6
1	4
0	0
0	0
0	3
0	0
0	2640
0	71
2	381
2	15
0	435
0	181
0	0
2	1
0	0
0	0
0	74
0	327
0	203
0	0
0	0
0	0
2	185
0	19
0	0
0	0
0	0
0	0
0	26
0	0
0	0
0	0
0	54
0	2
0	1
0	0
0	7
0	0
0	278
0	4
0	49
0	4857
0	0
0	40
0	203
0	492
0	0
1	1
0	0
0	11
0	18
0	35
0	21
1	966
0	0
0	119
0	125
0	95
0	36
0	83
0	0
0	1
0	0
0	38
0	4
0	2449
0	6
0	10
0	10
0	0
0	138
0	14
1	40
0	14
0	0
0	0
7	17
0	6
0	0
0	0
0	0
0	0
0	0
0	1
0	0
5	140
0	0
0	95
0	55
0	0
0	116
0	0
5	173
0	2
0	4
0	290
0	0
0	60
0	88
0	109
0	0
0	8
0	0
0	0
0	5
0	0
1	23
0	3
0	779
0	0
0	467
0	24
0	24
0	207
1	31
0	0
0	19
0	0
1	0
0	5
0	0
0	2
0	0
0	0
0	0
0	2
0	9
0	0
0	1582
4	1870
0	2
0	87
0	6
0	1
0	211
1	16
2	228
0	106
0	36
0	294
0	16
1	759
0	0
1	86
4	522
0	0
2	359
0	6
0	0
0	1
0	120
3	0
430	17036
0	9
19	271
0	15
0	0
0	1
0	0
0	0
0	1
0	15
0	0
0	11
0	545
1	480
0	35
0	0
0	0
0	4
4	0
12	0
0	0
0	155
3	135
0	36
1	0
0	41
0	0
0	0
0	862
0	6
0	10
0	12
0	0
0	378
0	0
6	2
0	199
0	0
0	0
0	5
0	0
1	18
0	0
0	90
0	0
0	0
0	0
1	1587
0	1
0	0
0	0
1	27
0	0
0	308
0	8
0	0
0	0
3	6
0	0
0	13
0	0
0	0
0	1
0	0
0	0
0	0
0	4
0	27
0	26
0	0
0	26
1	72
0	0
0	0
0	0
0	13
0	0
1	23
0	81
0	25
0	0
0	631
0	570
0	656
0	86
0	47
0	95
0	111
0	1
0	5
0	2
0	1
0	0
12	45
0	0
0	14
0	0
0	65
2	32
0	0
0	94
0	2393
0	1
0	1
0	0
1	8
0	0
0	0
0	0
0	107
0	0
0	0
0	4043
0	479
0	0
0	329
0	0
0	0
0	194
1	2
0	72
0	0
3	34
0	25
0	0
0	0
0	0
0	104
0	0
0	426
0	4
4	1884
0	126
0	18
0	399
0	0
6	839
2	1613
0	0
0	0
0	7
0	0
0	0
0	192
0	0
0	118
0	8
0	1
0	1103
2	0
0	0
0	3
0	28
0	0
9	674
0	37
0	0
0	57
0	0
0	1
0	19
2	34
1	216
0	1
0	0
0	0
0	44
1	144
0	156
0	0
0	0
0	3
0	1
0	0
8	185
0	1
0	0
12	70
0	6
1	168
0	12
0	9
0	1
0	7
4	67
0	0
0	0
0	0
3	4814
0	0
0	0
0	2
0	0
0	2
0	0
0	0
0	0
1	329
0	189
0	48
0	132
16	23
0	20
0	0
0	5
0	0
0	1
7	179
0	0
0	0
0	0
0	0
0	347
0	74
0	161
0	12
0	55
0	7
1	6
0	61
0	7
1	159
4	720
0	0
0	1417
0	0
0	1589
0	113
6	11
3	3
0	0
0	32
0	10
0	78
0	4
0	0
0	0
0	65
0	8
0	0
0	6
0	37
1	48
0	20
0	109
0	2
0	174
0	0
0	0
0	13
0	0
0	1
8	224
0	0
0	9
3	3
2	1510
0	0
0	2
1	18
0	0
0	0
0	0
0	0
0	12
0	0
0	10
2	447
0	29
0	3
15	4
0	22
0	6
0	134
0	93
0	3
1	21
0	29
0	9
0	0
0	0
0	22
1	21
206	80
2	4
1	349
0	150
0	0
0	0
0	0
0	181
1	9
0	27
1	91
0	0
0	0
0	0
0	0
0	0
0	577
0	0
0	22
0	95
0	162
0	197
0	0
0	304
0	0
0	139
0	0
1	60
0	0
0	159
0	51
0	16
0	4
3	192
0	57
0	328
1	0
36	2618
0	0
0	0
0	0
0	2
0	40
0	421
0	13
0	0
0	92
0	0
0	88
0	9
0	0
0	10
0	421
0	32
0	0
0	1304
0	0
0	10
1	20
0	0
0	0
0	1
0	107
1	1
0	12
0	0
0	0
0	0
0	6
0	0
0	192
0	0
0	0
0	59
0	0
0	0
0	0
1	0
0	0
18	2
1	68
0	130
0	0
0	1
0	3
0	0
2	767
0	46614
0	11
0	1355
0	0
0	0
0	57
0	0
1	42
0	0
0	1
0	0
0	2
0	3
0	23
0	0
0	1
0	22
0	0
0	59
0	16
0	4
0	87
0	0
0	0
0	174
0	0
0	764
0	0
0	0
0	0
0	0
0	0
0	35
0	143
0	9160
0	272
0	37
0	0
0	213
0	14
0	187
0	0
6	52
0	2
0	0
0	10
0	10
0	3
0	346
0	793
1	1399
0	8
0	0
0	2
0	285
0	342
0	346
0	0
0	0
0	23
0	0
1	8
0	37
0	33
0	56
11	1
0	1175
0	30
1	11
3	552
0	0
15	161
0	0
0	0
0	15
0	83
1	647
0	68
0	9
0	4
0	2
0	0
0	25
1	45
0	0
0	42
0	5
0	31
0	825
0	14
1	2
0	22
0	0
0	313
0	339
0	60
1	353
0	95
0	12
0	1
0	0
0	56
0	110
1	56
0	32
0	18
0	0
4	781
0	1430
0	0
0	6
0	29
1	405
0	164
0	223
0	120
0	12
0	0
0	0
0	85
0	0
0	1
1	2181
0	0
0	82
0	32
0	19
0	18
0	15
0	63
0	752
0	7
0	0
2	24
1	54
0	16
44	78
6	34
81	358
1	0
0	0
0	0
0	14
0	83
0	470
0	4
1	96
0	144
0	54
2	430
0	2
0	488
0	0
0	0
0	40
0	75
0	7
2	17
0	65
0	96
0	0
0	2
0	9
0	16
0	0
0	0
0	35
0	39
0	0
0	12
0	1
0	0
0	0
0	43
0	19
0	1
0	0
0	0
2	73
0	15
0	37
0	0
0	1
0	1
5	291
1	0
0	798
0	39
0	50
0	5474
0	0
0	1
0	0
0	251
0	0
0	748
2	1036
0	0
0	12
6	383
0	0
0	80
0	418
6	29
0	106
0	0
0	0
0	0
0	43
0	0
0	0
0	0
0	1
0	0
0	104
0	0
0	0
0	75
0	17
0	136
0	147
0	193
0	4
0	5
1	2
2	296
1	164
0	0
0	0
0	0
0	1146
0	22
0	0
0	4
0	4
0	0
0	0
0	245
0	27
0	2
0	0
0	0
0	1
0	497
0	115
0	0
1	407
122	0
3	43
0	1
0	358
0	10
0	13
0	7
0	0
0	22
1	0
0	0
0	171
0	36
0	17
0	0
0	1
0	0
0	3
0	0
0	7
0	0
0	2
0	5
0	51
0	40
0	0
10	108
0	0
0	15
0	3
0	143
0	1
0	230
0	0
0	0
0	5
0	1
0	136
0	0
0	57
0	123
0	57
0	0
0	0
0	0
0	0
0	0
0	0
0	0
0	5
0	0
0	0
3	13
0	54
0	0
0	15
0	52
1	0
0	12
0	3
0	167
0	532
0	956
0	829
4	14
0	224
0	0
0	655
11	406
0	0
0	0
0	140
0	0
0	12
1	50
0	75
0	0
0	477
0	13
0	55
0	0
0	4
0	0
0	0
2	11
0	6
0	7
0	10
0	0
0	8
0	5
5	5
0	0
0	13
0	0
3	288
1	180
1	612
0	101
0	252
0	0
1	2
0	30
0	0
0	0
0	0
0	334
0	0
0	0
0	0
2	1241
0	206
0	359
0	58
0	275
1	164
0	0
0	3
0	1168
0	10
1	598
0	7
0	3
0	80
0	87
0	0
0	28
0	0
2	136
0	110
0	0
4	98
0	98
0	108
0	0
2	3
2	5
0	140
0	0
1	194
0	1
0	10
2	94
0	4
0	0
0	152
0	17
0	50
0	0
232	892
0	0
0	0
0	0
0	111
0	332
1	794
0	6
0	0
0	7
3	154
0	39
0	15
0	21
0	0
0	0
0	0
0	66
23	11
0	0
0	743
0	354
0	7
0	0
0	1384
0	9
0	1
0	146
0	158
0	0
0	7
0	0
1	52
1	11
0	0
0	0
0	0
0	19
0	85
0	44
0	0
0	0
0	3
0	126
0	0
0	163
1	790
1	18
0	0
0	5
0	54
0	3
0	73
0	2
0	19
8	160
0	6
0	6
0	0
0	15
0	10
0	2
1	98
1	128
0	11
0	124
1	54
0	2
0	27
0	69
0	0
0	1653
0	5
0	0
0	1484
1	120
0	0
0	0
1	208
0	0
0	2
0	0
0	16
0	179
1	9
0	365
0	0
0	1
1	284
0	33
0	0
0	0
0	0
0	17
0	0
0	15
0	0
0	0
6	197
0	9
0	0
0	253
0	11
0	0
0	1
0	405
0	93
0	0
9	254
0	0
0	2
0	21
0	0
0	0
0	53
0	0
0	0
0	0
0	5
0	20
0	36
0	1
0	13
0	204
0	0
4	328
0	8
0	145
0	36
1	2
0	3
0	0
1	110
0	6
0	0
3	160
0	0
0	0
0	60
3	1134
0	0
0	0
0	0
0	3
0	435
1	47
2	74
0	0
0	0
0	1223
0	2
3	25
0	171
0	0
0	22
0	2
0	4
3	209
0	0
0	1
0	13
0	0
0	127
1	4
0	218
0	0
0	1
0	0
3	3
0	5
0	165
0	0
0	0
0	0
0	4
0	0
0	197
0	151
0	0
0	0
0	24
0	16
0	1949
1	3
0	0
1	202
0	84
0	0
0	0
0	57
0	10
0	8
0	6
0	0
0	5
0	12
0	21
0	77
1	0
0	0
0	0
1	21
0	0
0	0
0	0
0	10
4	156
0	0
0	0
0	5
0	6
1	4
0	447
0	17
0	355
0	137
3	100
0	56
0	30
0	6
0	152
0	0
0	0
0	0
0	0
1	3
1	0
0	96
0	0
0	1
0	5
0	61
0	8
11	1686
2	0
0	3
0	182
0	623
0	2528
0	0
0	395
0	0
0	0
0	10
0	0
0	0
5	26512
0	0
0	0
3	1
0	0
0	0
1	17
0	178
0	23
0	0
0	31
0	58
0	0
0	0
0	0
31	1010
7	206
3	1695
10	43
0	271
0	0
0	0
0	1
0	21
1	56
2	6
0	43
0	0
0	0
0	1
0	0
0	658
0	12
1	553
0	17
0	264
0	25
0	135
0	0
0	2
0	0
0	5
0	0
0	10
0	0
0	0
0	52
37	0
0	5
0	66
1	0
0	0
0	0
0	246
0	1
2	10
0	5
0	9
0	68
0	18
0	1346
0	322
0	29
2	165
0	12
0	0
0	2
0	146
0	5
0	0
0	0
0	63
0	108
1	44
1	5
0	51
0	0
0	0
0	249
1	496
0	0
3	461
0	154
0	144
0	9
0	16
0	34
0	1
0	5
0	30
0	0
0	0
0	0
2	1
0	0
0	145
0	11
0	0
0	0
0	0
0	342
0	5
0	0
0	877
1	109
0	212
0	0
0	20
0	0
0	5
2	4
0	0
3	37
0	5
0	4
1	64
0	0
0	125
0	0
0	64
0	0
0	0
0	18
0	0
0	0
0	0
0	0
0	0
5	984
0	6
0	30
0	72
0	15
0	1
0	109
0	0
0	218
0	0
3	411
0	672
0	0
0	7
0	44
0	0
3	520
5	50
0	115
0	92
17	0
0	0
22	89
0	436
7	1080
0	0
0	0
0	0
0	0
0	0
0	0
0	1
0	6
0	1580
0	4
0	0
0	0
0	26
29	0
0	0
0	5
0	370
0	70
0	0
0	6
0	0
0	0
0	0
0	11
0	30
0	0
0	12
0	0
0	195
2	162
19	47
0	0
7	1567
0	61
0	15
0	222
1	107
0	13
3	320
0	22
0	48
0	1
0	3782
0	147
0	1845
0	9
3	122
0	157
0	0
5	0
0	5
0	0
0	34
0	0
4	737
0	25
0	80
0	0
0	0
0	255
0	515
0	5
0	2
0	129
0	0
0	173
0	47
0	0
0	6
0	0
0	42
0	0
0	45
0	0
4	56
0	6
0	24
0	15
4	642
0	170
0	0
0	0
0	2
1	0
7	0
0	5
0	77
0	228
0	0
0	0
0	716
0	0
0	14
19	223
0	0
0	6
0	381
0	114
0	8
0	0
0	304
0	0
0	4
1	316
0	0
0	14
0	513
1	243
1	425
0	58
0	8
1	229
0	23
0	3
0	15
0	1
0	37
0	1
15	103
1	304
1	8839
0	33
0	0
0	15
0	0
0	0
0	15
0	0
3	7
0	49
4	2
0	10
0	0
0	16
0	0
1	0
0	1
0	0
1	60
0	88
1	15
91	130
0	0
0	0
0	0
0	0
0	90
0	0
0	0
3	83
0	0
0	361
0	0
0	170
0	0
0	0
0	221
0	0
0	0
0	324
0	13
0	1
0	10
0	5
0	65
0	0
0	0
0	67
0	0
0	686
0	0
0	5
1	165
0	1
0	3
0	270
1	2
0	0
0	5
0	0
0	190
0	47
0	0
0	0
0	0
0	287
0	45
0	1
0	61
0	10
2	44
0	0
0	0
0	3
0	5
0	0
0	1022
1	2192
0	0
0	3
0	9
0	11
5	2116
0	0
0	10
0	198
0	1
2	76
1	10
0	0
0	0
0	318
0	5
0	0
0	6
0	0
0	51
0	0
0	654
0	0
0	0
0	0
0	48
0	20
0	1
0	0
0	32
0	3940
0	19
0	101
0	266
0	0
0	343
1	212
0	22
0	0
1	13
0	0
0	0
0	2
0	19
1	3
0	97
0	0
0	11
0	118
2	10
0	0
2	490
0	7
0	5
1	985
1	241
0	0
0	11
0	0
0	0
0	0
1	3
0	84
1	23
1	158
0	23
0	74
0	30
0	117
0	300
0	0
2	160
0	0
0	9
0	0
0	71
0	37
21	341
0	24
2	19
0	33
0	0
0	0
0	24
4	423
0	0
0	17
0	9
0	1636
1	80
0	54
0	0
0	0
0	32
0	34
0	303
0	8
0	0
4	35
0	0
0	0
0	35
1	302
0	0
0	0
0	22
0	57
0	71
0	7
10	11
0	0
3	456
0	0
0	2407
0	51
0	0
0	215
0	0
3	343
0	4
0	32
1	12
2	0
0	100
0	83
0	21
0	0
0	0
0	15
0	1
0	1
0	0
0	14
0	111
1	21
0	0
0	0
0	2
0	7
0	0
0	13
0	0
0	3
0	624
0	0
0	0
0	3
0	7
2	76
0	0
0	20
0	0
0	0
0	0
1	1
0	0
0	141
0	6
0	0
0	0
0	0
0	0
1	0
0	16
0	254
0	2
0	0
0	31
0	0
0	0
0	2
0	0
12	385
0	104
0	0
0	0
1	2
0	0
0	35
9	533
0	20
0	0
0	1
1	306
0	63
1	18
0	9
0	1
0	23
0	0
0	0
0	70
0	5
0	3826
0	43
0	41
0	0
0	0
0	112
0	19
0	1
0	0
0	152
0	2
0	0
0	0
0	0
0	0
2	2059
0	2
0	316
0	0
0	0
1	4
0	4
52	50
0	4
2	93
0	105
0	0
0	0
0	0
0	2
1	133
0	6
0	0
0	5
3	4510
0	0
0	299
0	1127
0	0
0	0
0	10
0	1
0	0
1	58
5	601
0	919
0	7
0	1
0	24
0	1
0	0
0	37
3	204
0	0
0	6
0	33
5	1
0	0
0	2
0	8
2	276
0	6
0	1
0	1
0	0
0	2
0	119
0	502
0	147
15	9
0	27
0	1
0	0
6	1057
0	1
0	12
0	0
0	0
0	0
0	46
0	0
0	6
0	17
8	0
0	220
2	28
0	0
0	51
0	23
0	1185
1	5
0	253
0	366
0	5
0	247
0	829
0	38
0	5
0	6
0	0
0	0
3	185
2	322
0	47
0	0
0	0
2	16
13	1
1	15
0	10
0	0
0	0
0	108
0	0
0	1
0	0
0	36
0	1693
78	12
0	0
0	188
0	0
0	242
2	49
0	2
0	11
0	0
10	0
0	11
0	2
0	0
0	39
0	0
3	912
0	0
1	23
0	393
0	154
2	0
0	0
0	1
0	0
0	0
0	0
0	330
0	0
0	2
0	3
1	548
1	279
0	0
0	1
0	0
0	21
0	0
0	373
0	0
0	0
0	93
0	754
0	0
0	58
0	12
0	0
0	0
0	0
0	1
0	10
1	1
0	4
0	368
0	12
0	0
3	1
0	0
0	2
0	1806
0	30
0	0
0	0
1	2
0	0
0	1
1	23
0	4
3	316
0	0
0	10
3	0
0	0
0	0
0	0
0	3
0	134
0	0
0	8
1	18
0	0
0	52
0	0
0	102
0	37
0	0
0	82
0	1919
0	0
0	0
1	189
1	66
4	27
0	0
0	0
0	1
0	13
0	0
1	2
0	39
0	1
0	9
0	7
0	15
0	18
0	1219
0	0
0	0
0	0
0	1
0	2
0	25
0	0
1	2
0	1
0	5
0	227
0	0
0	0
0	62
0	0
0	0
0	147
0	0
0	1
0	2
0	0
0	69
1	278
0	0
0	0
1	194
0	0
0	17
2	659
0	145
0	0
0	218
0	0
0	0
0	0
0	27
0	0
1	11
0	14
0	126
0	0
0	5
0	0
0	0
0	20
0	21
0	1
0	142
0	130
0	67
0	0
0	14
0	0
0	1
0	0
0	0
1	39
0	7
0	49
0	40
0	0
0	28
0	8
0	25
0	0
0	174
0	11
5	287
0	234
6	398
0	146
2	99
0	208
0	0
0	439
7	91
0	0
0	37
0	0
1	1
1	167
0	0
0	0
0	43
0	10
0	0
1	78
0	0
0	0
0	1684
0	112
1	55
0	12
0	0
1	1
0	2
0	1
0	416
0	0
0	0
0	3
0	3
0	2
0	313
0	0
0	0
0	0
0	1
0	0
0	423
0	13
2	11
0	6
0	51
0	9
0	953
0	0
0	0
1	1966
0	47
0	0
0	182
0	169
2	35
2	1304
1	13
1	39
0	16
0	1
1	192
0	25
0	4
0	119
0	103
0	0
0	0
0	122
0	0
0	7
0	40
6	2
0	28
3	96
0	12
0	0
0	38
3	109
8	6
0	0
0	325
0	52
0	16
2	215
0	14
2	182
0	0
0	0
0	20
0	0
0	0
0	0
0	435
0	19
0	1
4	313
0	2
1	113
0	240
0	113
0	226
0	1543
0	1034
313	136
0	1
0	0
0	21
0	36
0	68
0	42
2	50
0	76
0	32
0	9
0	35
0	67
0	0
2	0
0	24
0	153
0	15
7	15
0	3
0	35
0	0
0	12
0	0
0	64
0	34
0	567
0	0
0	8
0	0
0	0
0	0
0	6
0	25
0	0
0	4
0	4
0	0
0	0
0	0
0	1844
0	2
0	14
33	37
0	85
3	14
0	0
0	11
0	10
20	73
0	5
0	0
0	239
0	54
1	18
0	0
0	2
0	0
0	0
0	6
0	0
0	75
0	15
0	46
0	59
0	167
0	0
0	0
0	22
0	431
0	4
0	58
0	0
0	0
0	47
0	0
0	0
0	595
0	18
0	11
0	2
0	0
0	0
1	121
4	24
0	2
0	233
0	0
0	15
0	161
0	284
94	122
0	32
6	39
0	0
1	104
0	33
1	591
0	517
0	103
0	48
0	0
1	2
0	1
0	0
0	0
0	0
0	232
0	20
33	492
0	0
0	2
0	36
1	24
0	27
0	0
0	37
0	247
0	0
0	0
0	16
1	13
0	0
0	19
0	5
255	365
0	0
0	0
0	0
0	2
29	1459
1	974
0	12
0	5
0	52
0	26
0	125
0	184
2	45
0	0
0	3
0	71
0	0
0	0
0	0
0	21
0	85
0	0
0	392
0	0
0	246
1	739
0	28
0	9
0	880
0	44
0	4
0	4
0	7
1	524
0	213
0	0
0	95
0	19
0	27
0	0
0	448
0	45
2	58
0	0
2	159
0	6
0	5
0	10
2	146
0	0
0	319
0	0
0	0
0	0
0	8
0	0
0	712
0	109
0	69
0	0
0	0
0	99
4	35
0	5
0	210
0	108
0	17
0	21
0	0
0	78
0	0
0	0
2	20
5	530
0	2
0	1
0	0
0	0
0	1
2	0
0	7
0	0
0	0
0	6
0	441
0	6
0	89
0	0
0	295
0	9
0	5
0	16
0	0
0	21
21	3801
3	51
1	11
0	747
0	80
0	564
0	2
0	18
0	2
0	1
15	286
0	0
0	0
0	137
0	2279
0	0
0	0
0	0
0	2
0	76
0	1
0	0
0	0
0	4
0	94
0	7
0	924
2	715
0	5
0	1068
0	0
0	0
0	0
0	284
0	3
1	2291
0	255
0	56
0	50
0	0
0	16
0	2938
0	0
3	36
0	52
0	0
1	1
0	181
5	13
1523	974
0	58
0	208
0	0
0	11
0	90
0	6
0	108
0	0
0	2
0	0
0	94
0	0
0	158
0	112
0	0
0	1876
1	576
0	0
0	141
0	14
0	134
6	48
0	242
0	0
0	0
16	387
0	1
0	68
0	1
0	10
0	1081
0	2
0	2
0	5
0	156
0	166
0	28
3	0
0	12
0	0
2	459
0	10
0	0
0	0
0	34
0	13
0	3
0	28
0	0
0	42
0	1171
0	0
0	0
1	1
0	60
17	923
6	41
3	1
0	0
0	0
0	28
0	0
0	1
0	31
2	1
0	127
0	132
0	1
0	0
0	85
0	0
1	39
0	0
0	513
0	0
0	0
19	71
0	14
0	0
0	24
0	0
21	36
0	4
0	0
0	6
0	4
0	0
0	0
0	28
0	173
0	22
0	45
0	2
0	3
0	3
27	1
0	48
6	5
0	0
1	0
0	0
0	61
0	536
0	13
0	0
0	109
1	432
1	313
0	0
0	611
0	0
0	10
0	258
6	1
0	29
14	5
0	8
0	1
0	9
0	4
0	0
0	5
0	0
0	0
78	710
0	0
0	407
0	50
0	160
43	182
1	595
0	20
0	0
0	162
0	1
0	2
0	11
0	40
0	0
0	5
0	0
0	0
0	3
1	0
0	124
1	3
0	0
0	0
0	0
0	0
0	20
0	19
0	288
0	36
19	201
0	0
9	621
0	19
16	1312
0	1
0	1
0	0
2	391
0	0
0	0
0	1
0	561
0	19
0	1
0	8
0	0
0	8
0	23
0	0
0	10
0	0
0	0
0	34
0	0
1	98
0	0
1	295
0	0
0	755
0	1
0	2
0	0
0	479
0	21
75	181
0	0
0	1
0	0
1	9
0	0
0	0
0	53
0	233
0	0
0	174
0	0
1	35
0	113
0	0
0	29
0	0
0	0
0	580
0	0
3	304
0	204
0	1
0	0
0	116
0	0
0	99
0	43
0	18
0	1
0	0
0	973
0	0
0	115
0	775
1	7
0	0
0	0
2	116
0	30
0	299
0	0
0	0
0	37
0	9
2	6
3	168
0	0
0	17
0	0
0	0
0	4
0	43
0	7
0	0
0	265
3	859
0	0
2	174
0	411
0	3
0	18
0	0
0	43
0	0
0	189
0	0
0	10
1	92
0	21
4	1
0	0
0	2
0	0
0	20
0	16
0	0
0	1
0	1089
0	60
0	0
2	8
0	0
0	0
0	37
0	3
0	0
0	0
0	4
0	126
0	12
13	654
0	509
0	112
0	1
0	0
0	41
0	117
1	68
0	26
0	8
0	49
1	0
1	6
0	0
0	0
0	78
0	0
3	203
0	85
0	0
0	764
6	397
0	5169
7	132
0	0
0	0
0	0
0	0
0	18
0	155
0	0
0	0
0	0
0	43
0	0
0	2
0	0
0	1
0	12
0	1
0	0
0	0
0	21
0	0
0	1017
0	1821
0	4493
0	101
0	1
1	35
1	0
0	6
0	20
0	10
0	226
0	0
9	145
0	2
0	2
0	0
0	23
0	3
0	0
0	11
0	49
0	1
2	18
0	0
0	0
0	15
0	9
0	16
0	0
0	127
0	94
0	51
0	42
0	0
0	0
0	1
0	0
0	18
0	12
0	1
0	0
2	113
0	7
0	72
0	0
0	0
0	15
0	50
0	155
0	50
0	0
1	159
0	0
0	0
0	413
10	1
0	1
0	73
0	0
0	0
0	8
0	598
0	0
0	10
1	241
0	0
0	21
0	0
0	1133
0	12
0	0
1	266
0	0
0	39
0	1
0	0
0	2
0	67
1	145
0	67
81	9
4	101
0	4
0	134
1	181
0	48
0	3
0	516
0	1
0	0
0	0
0	4
0	7
4	80
0	4
0	0
0	121
0	34
0	0
0	2
0	0
0	20
0	270
0	60
2	4
0	19
0	1
3	538
0	4
0	3
0	282
0	85
0	3
0	77
0	0
0	0
0	1
1	150
0	2
0	17
0	0
0	9
0	48
0	0
0	35
0	3
0	0
2	113
0	125
0	32
0	0
0	44
0	0
14	121
0	0
0	65
0	1
0	27
0	0
6	219
0	26
14	687
0	25
0	38
0	274
0	30
11	1006
1	170
0	53
0	6
0	55
0	0
0	0
2	93
1	59
0	899
0	43
0	96
9	377
0	0
0	0
0	41
0	324
0	57
0	893
0	377
0	0
0	0
0	143
1	7
1	8
0	0
0	5
1	399
0	5
0	0
0	30
0	92
0	0
2	27
0	13
0	0
29	60
0	16
0	28
0	31
0	0
0	46
0	47
1	2
0	26
0	3
0	397
334	9747
0	1
0	12
0	1
0	0
0	0
0	9
1	10
0	0
0	15
0	24
0	0
2	11
0	35
0	3
0	0
1	8
0	90
0	0
0	1
0	0
0	113
0	0
0	0
0	0
0	4
0	0
0	1
0	3
8	1
7	195
0	7
0	0
19	389
0	47
0	1020
0	224
0	0
0	63
0	7
0	132
0	0
0	2
0	0
1	6
0	2
0	0
0	0
0	5
2	1
0	4
2	35
0	0
0	0
0	105
0	0
0	0
0	1
0	7
11	528
0	203
2	0
0	0
0	147
0	0
0	394
0	0
0	0
0	113
0	0
0	183
0	80
0	0
0	0
0	0
1	4
2	119
0	32
0	16
0	150
0	0
0	1
0	28
0	7
0	75
0	33
0	120
0	0
0	199
0	3
0	10
0	34
0	0
0	5
0	0
0	7
0	56
0	64
0	4
0	0
0	34
0	62
0	32
0	1
0	0
6	1
0	26
0	39
0	53
0	0
0	0
0	0
0	41
0	3
0	138
0	47
0	20
0	24
0	4
2	708
0	67
0	16
0	0
0	20
0	1
0	0
0	10
0	275
0	0
0	582
0	7
1	718
0	85
3	1
9	157
0	1
9	124
0	35
0	8
0	1
0	0
0	48
0	19
0	0
0	4
0	103
0	0
0	0
0	62
1	32
0	6
1	355
0	1
0	0
0	66
0	0
0	4
0	182
0	7
0	172
4	3
0	0
0	0
1	138
0	30
0	0
0	0
0	102
0	0
1	32
0	0
0	0
0	41
0	10
1	18
0	35
0	0
0	4
0	565
1	0
0	0
0	186
0	3
2	7
0	0
0	0
0	22
0	881
0	760
0	0
0	0
0	102
0	0
1	482
0	91
0	0
0	52
0	68
0	0
0	376
0	0
0	6
0	138
0	258
0	0
0	17
0	20
0	344
0	0
9	202
0	0
0	0
4	192
0	0
0	0
0	0
0	61
0	1
0	25
0	0
0	53
17	132
5	220
0	0
1	562
0	0
0	0
2	16
0	63
0	113
0	28
0	40
0	0
0	0
0	0
1	0
0	198
0	15
0	4
4	45
0	933
0	91
0	0
0	16
0	1
0	48
0	0
0	0
0	0
0	3
0	35
0	0
187	76
2	2
0	6
0	172
0	159
0	1
0	0
0	0
8	325
0	0
0	0
0	22
0	12
0	0
10	260
0	13
0	0
9	3631
5	1102
0	0
0	0
0	14
29	130
0	262
0	0
0	1963
0	0
0	5
1	112
0	0
0	169
0	0
0	25
0	0
0	13
0	1
0	130
0	20
0	20
3	57
0	0
0	16
0	46
0	3261
2	1645
0	35
0	1
0	3
0	0
0	0
0	1691
0	28
0	0
0	0
0	215
0	0
0	18
0	0
0	0
0	71
0	0
0	985
16	54
0	153
0	29
0	99
0	89
0	2
7	5
0	0
0	1
0	0
0	0
0	20
0	6
0	28
0	0
0	89
3	233
0	10
0	5
0	0
0	3
0	0
2	225
0	130
0	19
0	0
0	120
0	34
0	1
32	42
0	1
1	6
0	33
2	106
4	40
0	27
0	0
0	0
1	900
0	6
0	51
1	49
0	1
0	0
6	9
0	8
0	332
1	2
0	122
1	477
0	0
0	84
0	0
0	12
0	3
0	168
0	0
0	177
0	2
0	0
0	21
0	472
1	5
0	250
0	36
0	0
3	23
0	7
0	132
1	316
0	0
0	0
0	0
0	50
0	27
0	0
0	37
0	58
0	15
0	0
0	29
0	32
0	101
7	2362
0	7
0	0
1	155
0	0
0	0
0	2
0	0
4	83
0	56
0	31
0	168
0	0
0	0
0	26
0	27
4	4659
0	229
1	53
0	19
0	0
0	180
0	1
0	0
6	144
4	16596
0	0
0	15
0	0
15	5
0	0
0	32
1	16
0	1
0	0
0	26
0	50
0	195
0	11
0	13
0	0
2	110
2	83
3	156
0	76
0	0
1	162
0	0
0	0
0	1
0	29
0	6
0	10
1	0
0	0
0	0
0	0
0	0
0	0
0	115
1	192
0	0
1	1
0	0
0	201
0	21
0	0
0	0
0	12
0	0
0	27
0	36
1	257
0	25
0	0
0	428
0	0
0	52
0	2
10	475
0	0
0	0
0	0
0	128
0	2
0	4
0	37
0	0
0	16
0	9
0	589
1	5
0	0
0	0
0	0
0	517
0	1
0	0
0	0
2	9
0	137
0	1054
0	0
0	0
0	0
0	14
0	0
0	335
0	4
0	0
0	1
0	107
0	31
3	141
3	210
0	41
0	0
25	37
2	47
1	151
0	6
0	0
0	27
0	7
0	14
0	73
0	2
0	14
0	128
0	18
1	2
0	0
0	4
0	168
1	5
7	1
0	274
0	0
0	42
0	13
0	0
0	0
0	327
0	0
0	0
0	0
0	1
0	4
86	415
0	0
0	0
0	9
0	14
0	0
0	8
0	85
0	20
0	29
0	2691
0	3554
0	286
0	0
0	10
0	0
0	454
0	41
0	26
0	50
0	0
0	132
0	0
0	62
0	205
0	18
0	526
0	0
0	13
0	0
0	7
0	18
0	169
0	113
1	13
0	11
0	30
0	0
7	115
0	317
0	176
1	1
0	0
4	16
1	9
0	0
0	3
0	1
0	89
0	4
0	15
0	0
0	1
0	0
0	26
0	22
0	5
0	0
0	158
0	0
0	62
0	3
0	0
0	0
0	301
0	0
0	2
0	0
3	40
0	188
0	140
0	113
0	248
2	140
0	936
0	2
0	0
0	0
0	385
0	61
11	941
0	0
0	0
0	13
0	0
0	71
0	2
0	100
0	0
0	137
0	0
0	0
0	19
0	44
0	0
0	115
0	0
0	194
0	78
0	329
0	69
0	0
0	0
0	91
9	34
0	10
0	0
0	0
0	0
0	19
0	4
0	0
0	24
0	0
1	47
0	208
0	20
0	18
0	21
0	1
0	356
0	3
0	0
0	36
0	1
0	148
0	0
0	0
0	689
0	0
0	80
3	13
0	0
0	0
2	13
0	100
0	28
1	12
0	0
0	10
1	0
0	148
0	6
0	9
0	509
3	46
0	15
0	0
0	1
0	24
0	0
0	0
0	3
0	1
0	5
0	88
0	431
0	0
0	16
0	0
0	0
2	278
0	0
3	131
0	0
1	24
0	0
0	96
0	2
0	0
0	67
0	0
0	1
0	28
0	12
0	776
0	0
0	410
0	0
0	102
0	0
3	34
0	4070
0	337
0	0
0	57
2	1
0	0
0	7
0	0
0	1
1	1203
0	0
0	58
0	2
0	0
0	13
1	0
0	0
0	22
1	62
0	0
0	0
0	79
0	39
0	42
0	4
0	30
0	23
0	0
0	2
0	0
0	335
9	256
0	17
0	333
4	309
2	451
0	13
0	176
0	149
0	182
0	0
0	202
0	0
0	94
0	162
0	0
0	0
0	104
0	0
0	0
0	514
1	22
0	2934
0	0
0	47
0	71
0	0
0	6
0	0
0	22
0	918
0	0
15	814
0	6014
0	0
0	3
4	2
0	67
1	0
1	0
0	254
0	0
0	42
0	204
1	325
0	0
0	8
0	68
0	186
0	246
0	24
0	1
0	90
0	0
0	4819
0	36
2	52
0	0
0	0
0	9
0	0
0	3857
0	53
0	0
0	0
0	0
0	277
1	102
0	29
0	0
1	440
5	5
0	26
2	513
0	0
0	16
0	41
0	0
1	2
0	0
0	727
0	45
0	714
0	0
0	323
0	27
0	12
0	144
2	15
0	1
0	11
0	0
0	0
0	94
0	0
1	13
27	1317
0	0
0	0
0	0
0	4
0	39
0	3
28	203
0	0
0	0
0	5
0	101
0	113
0	3
0	18
0	164
0	5
0	811
0	0
0	14
0	39
0	10
0	78
0	1533
0	0
0	0
0	0
0	0
0	10
0	2
0	114
0	10
0	39
0	0
0	0
1	135
0	0
2	453
0	7
0	79
0	0
0	8
0	13
0	0
18	25
0	0
0	30
0	6
0	20
0	18
1	129
5	109
0	0
0	0
0	20
0	24
0	1
9	29
0	3
0	4
1	28
0	32
0	0
2	3576
2	25
0	8
0	36
0	3
0	0
0	36
0	21
0	12
0	14
0	1
0	47
0	8
0	4
0	0
0	0
0	5
0	26
0	2469
0	15
0	8
0	1837
0	205
0	0
0	0
0	0
0	142
0	4109
0	0
2	35
0	0
0	65
2	376
3	115
0	15
0	2
0	0
0	0
0	22
0	62
18	8
0	8
0	0
0	1
2	31
0	12
0	0
0	0
0	1
4	175
0	2
0	45
0	12
0	87
0	539
0	0
0	1
0	0
0	219
0	0
0	0
0	0
0	0
0	0
0	0
0	122
0	3
0	371
5	791
0	232
0	0
0	0
0	14
0	24
0	2
0	253
0	0
0	0
0	1
0	2
0	0
4	217
2	12
0	94
2	184
6	124
0	0
0	117
5	118
0	55
0	0
0	0
1	235
0	0
0	23
0	4
0	80
0	122
0	2
0	0
0	62
0	191
0	0
1	0
1	88
0	0
4	10106
0	129
0	0
2	6
0	0
0	11
0	0
0	60
3	18
0	0
0	34
0	0
0	15
0	0
0	103
0	0
1	0
5	52
0	757
0	0
7	910
6	416
0	0
0	137
0	1
0	0
0	19
0	0
0	40
0	2
0	0
3	89
1	871
0	35
0	194
1	172
0	61
0	43
0	9
0	0
14	140
0	14
0	4
0	0
0	4
0	86
0	0
0	91
0	1
0	32
0	0
0	0
0	0
0	0
0	59
0	8
0	0
0	119
0	0
1	421
0	0
0	13
2	0
0	0
0	3
0	0
7	70
0	160
0	3
0	0
0	0
0	10
0	2
1	423
0	81
0	96
6	6
0	0
0	2181
0	0
0	0
0	201
0	0
0	0
0	824
5	472
0	0
0	2
0	0
0	0
0	118
0	376
0	242
0	0
0	0
0	110
0	222
0	0
0	0
0	0
0	75
0	0
209	305
0	5
0	486
0	0
0	0
0	845
0	2
0	0
4	303
0	0
0	24
0	0
0	641
0	0
1	9
0	0
0	127
2	5
0	10
0	42
0	154
0	0
0	0
2	202
0	2
0	10
0	10
0	183
0	4
0	0
0	1702
0	1
0	0
0	0
0	2
0	32
3	185
0	12
0	0
1	0
5	44
0	162
0	0
0	143
1	5
0	144
0	33
1	3
0	110
1	90
0	0
0	24
0	652
0	16
2	118
2	29
0	0
0	5
0	0
1	1
5	26
0	12
0	0
0	10
0	0
0	7
0	11
0	20
0	110
0	0
0	0
0	33
0	0
0	7
0	1
1	130
0	0
1	100
0	0
0	3
1	7
0	0
0	0
11	11
1	1236
2	5022
0	0
0	0
0	109
0	6
0	5
0	1
0	24
1	26
0	145
0	58
0	0
0	0
0	16
0	29
0	39
0	0
0	46
0	15
0	0
0	157
0	0
0	8
0	1
0	0
1	2
0	138
0	9
0	21
0	0
0	0
0	0
0	380
0	63
0	0
0	63
0	48
2	5
0	0
0	131
0	0
0	0
0	0
0	0
3	35
1	43
0	0
2	349
0	0
0	0
0	0
0	104
0	0
0	55
0	159
0	66
0	0
0	1311
0	31
0	8
0	590
0	25
0	22
0	0
0	28
0	26
0	2
0	0
0	0
0	95
0	443
0	28
0	3
0	0
0	2
0	0
1	533
0	1
0	0
3	176
0	11
0	0
0	12
0	6
2	350
0	214
0	85
0	0
0	20
0	80
0	68
0	33
1	1359
0	205
0	0
0	0
0	0
0	5
2	0
0	0
1	23
0	0
1	2
0	1
0	48
0	642
1	3
0	46
0	3
0	0
0	2
1	2
0	73
7	823
0	32
0	0
0	0
0	4
0	42
0	18
0	1
0	26
0	0
0	7
0	345
0	0
0	188
25	193
0	0
1	251
2	4
0	207
3	38
12	90
0	0
0	0
0	41
0	0
0	0
1	866
0	38
0	0
0	0
0	0
0	0
0	47
0	0
0	14
0	37
0	1
0	0
0	11
0	0
0	1
0	5
0	0
0	243
0	0
0	7
0	2
1	200
0	34
0	3
0	12
1	0
0	0
0	1
0	0
0	63
0	0
0	31
0	1
0	48
0	1
0	0
0	0
0	0
0	3
0	258
0	621
0	0
0	0
0	166
0	0
0	84
1	10
0	0
2	9
0	52
0	0
0	1
0	1049
0	0
0	0
0	0
1	34
0	8
6	68
1	45
0	18
0	58
0	101
0	187
0	0
0	0
0	158
0	0
0	138
0	0
0	50
0	92
0	13
0	230
1	21
0	0
0	614
0	353
0	0
0	0
0	0
1	1
0	0
26	0
2	618
18	98
0	4
0	28
0	0
0	165
1	593
0	11
0	60
0	6
0	63
0	35
3	83
0	7
0	122
0	13
0	44
0	447
0	0
0	49
0	0
0	21
0	16
35	60
3	11
0	3
0	9
0	1
0	920
0	161
1	281
0	23
0	0
0	0
0	0
0	13
0	45
0	0
2	187
0	4
0	0
0	1
0	3
0	2
0	222
0	15
0	403
0	19
0	0
0	1
0	0
0	1
0	16
0	1
0	1
0	8
0	45
0	14
0	0
0	328
0	23
0	27
0	0
0	0
0	1
0	1
0	0
0	215
0	0
10	70
0	113
0	119
0	46
35	857
0	1
1	5
0	0
0	0
1	1
0	3
0	0
0	0
1	5
0	8
0	35
3	182
0	0
0	10
0	24
0	0
0	0
0	14
0	0
1	917
0	7
0	3
0	0
0	9
0	138
2	1
0	161
2	21
0	46
0	243
0	0
0	0
0	0
0	0
0	504
0	1
0	0
2	670
0	5
0	155
1	3
3	11
0	28
0	89
0	0
0	578
0	2
0	1212
5	339
0	0
0	3
0	0
1	39
0	894
0	2
2	25
0	0
0	0
0	26
0	15
2	0
0	0
6	33
0	76
1	6
1	46
0	0
3	0
1	147
0	295
0	0
0	0
0	461
0	0
0	0
0	7
0	2
0	2691
4	17
1	2
1	720
0	233
0	0
0	0
0	0
0	0
0	403
0	27
0	1
0	4
0	0
0	0
0	0
0	18
0	0
0	217
0	19
0	11
0	0
0	0
0	0
2	115
0	26
0	57
0	364
0	9
7	40
0	52
0	20
2	110
0	21
0	0
0	12
0	0
1	361
0	65
0	96
0	75
0	33
1	253
0	605
0	138
1	12
0	0
0	0
0	0
0	3
0	1
1	260
4	46
0	1
1	0
2	8
0	44
0	0
0	4
0	26
0	0
0	0
0	30
0	67
0	0
0	22
0	197
1	37
0	430
0	0
0	14
0	0
0	0
0	10
0	0
0	70
0	0
0	0
5	3
0	19
0	1
0	0
0	0
0	0
0	27
0	12
0	292
0	1
0	1
0	0
0	194
0	284
0	2
3	48
0	41
0	0
0	2
25	0
0	0
1	161
0	16
0	0
0	0
0	0
3	115
0	0
0	3
0	7
0	929
0	1
2	117
0	2731
0	51
0	0
0	2130
0	5
0	14
0	227
0	0
0	2
1	502
0	525
0	0
0	0
0	0
0	20
0	129
0	79
0	0
0	21
0	0
0	2
5	560
0	0
4	22
1	0
0	0
0	0
0	6
0	59
0	6
0	2
0	4
9	33
0	72
0	0
0	243
0	0
0	0
0	0
0	0
0	0
1	591
0	42
2	111
0	328
0	0
0	0
0	2
0	55
0	20
0	8
0	0
1	72
0	2
0	205
2	11
0	736
1	85
0	1
1	0
0	1
0	10
389	587
3	18
0	2771
0	0
0	1
0	109
1	0
0	0
0	4
1	87
0	62
0	5
0	323
1	127
3	13763
1	1
0	1
0	2
2	6847
0	0
0	1
0	216
0	1
0	0
0	19
0	0
0	301
0	0
0	11
0	28
0	0
0	9
0	8
0	0
0	49
3	161
0	0
0	7
0	9
0	59
6	86
10	12
0	0
0	5
0	1
0	174
0	5
0	1
0	0
0	5
0	311
0	37
0	0
0	80
0	71
0	12
0	11
0	0
8	0
0	3
0	2
0	282
0	186
0	11
0	121
0	0
0	0
0	0
0	246
4	18
0	34
0	12
0	0
0	1387
0	0
0	53
0	0
0	6
0	0
0	0
0	0
1	0
0	2
0	24
0	15
0	10
0	92
0	0
0	0
0	29
0	0
0	3
0	0
0	29
0	6
0	0
13	18
4	9
0	0
0	0
1	40
0	38
1	127
2	91
2	2
0	0
0	66
0	29
0	0
0	138
1	14
1	10
0	1
0	7
0	18
0	0
0	0
0	0
0	292
1	4
0	3
0	0
0	66
0	15
0	284
0	0
0	0
1	0
0	0
0	369
0	832
0	151
0	1
4	664
0	81
0	0
0	45
0	13
0	29
0	139
0	0
0	175
0	343
0	48
0	0
0	0
0	0
0	0
0	3
0	6
0	0
0	251
0	203
0	16
0	10
0	0
0	0
0	0
1	4
0	1
0	0
0	4
0	1
0	120
0	0
0	8
1	0
0	339
0	0
1	85
0	0
0	1
0	92
0	0
16	4411
0	16
0	0
0	12
0	1
0	46
0	140
0	21
0	254
0	0
0	46
1	14
0	0
0	86
1	17
0	6
1	178
0	0
0	151
0	12
0	42
0	12
0	0
0	0
0	320
0	0
0	4
0	6
0	13
0	4
23	34
0	1
0	0
1	1165
0	312
0	0
0	15
0	0
0	2
0	209
0	1
0	1
4	5809
0	4
0	0
0	0
0	13
0	1
0	4
0	0
0	11
0	0
0	0
0	1
0	5
0	3
0	30
1	22
0	5
3	132
1	79
0	1
3	11
0	68
2	10
0	218
2	7
1	166
0	0
0	28
8	44
0	21
0	0
0	0
0	0
0	241
0	1
0	177
0	0
0	0
0	190
0	0
2	119
2	34
0	12
0	9
0	653
0	199
0	0
2	142
4	390
0	94
0	0
0	97
0	7
0	2
0	0
1	1
0	0
0	10
0	0
0	275
0	0
0	7
1	286
0	0
1	494
0	0
0	0
7	179
0	2
0	20
0	0
0	3
0	0
2	44
0	0
0	9
0	23
0	0
0	366
0	467
0	0
0	61
0	0
0	61
2	15
0	532
0	0
0	117
0	7855
0	109
0	672
0	1
0	0
0	0
0	28
0	419
0	0
0	26
0	0
0	1
0	74
0	34
0	0
0	32
0	100
0	1
0	1
0	0
2	267
1	301
0	10
0	18
0	142
0	0
0	0
0	0
0	51
0	93
0	13
1	874
0	0
1	123
0	0
1	233
0	127
0	280
0	0
0	53
2	19
2	1
0	0
0	11
2	138
0	55
0	0
1	124
0	139
0	1054
0	4
0	12
0	77
0	2
0	0
0	0
0	347
10	369
0	202
1	278
1	90
0	0
0	25
0	0
0	6
0	0
0	1
0	0
0	4
0	5
0	467
0	8
0	700
0	495
0	91
0	592
0	7
1	22
0	1
1	266
0	0
0	0
0	0
0	0
0	53
0	7
55	3072
0	0
0	16
3	27
0	50
0	0
0	2
0	103
0	2
0	0
0	15
0	1
3	52
0	0
6	505
1	166
0	0
0	3
2	140
0	67
5	4
0	4
2	48
0	101
0	45
0	0
0	4361
0	0
0	88
0	0
0	109
0	26
3	151
0	3
0	0
0	0
0	53
0	11
0	14
2	377
0	0
0	5
0	13484
0	32
2	90
0	0
0	0
0	100
0	18
0	21
0	0
0	0
0	72
0	0
0	0
1	674
0	1
0	156
6	21
0	71
0	2
7	207
0	2
0	104
0	0
0	0
0	1
0	92
0	6
0	730
0	0
0	0
0	1
0	43
0	0
3	43
1	105
0	6
0	0
0	42
0	4
6	39
2	18850
3	0
0	5
0	92
0	23
0	0
0	0
0	1023
0	1324
0	0
0	53
0	1
3	0
0	6
0	313
0	0
0	2
9	1128
0	101
0	18
0	1
0	18
0	410
0	0
0	8
0	7
0	11
9	86
0	1
0	324
2	7887
0	0
0	0
0	29
0	30
0	0
1	1
0	0
0	11
0	0
4	180
0	0
0	0
0	31
0	2
3	247
0	1160
1	34
0	30
0	4
0	11
0	1
2	3
0	67
3	0
2	5
0	0
0	150
0	0
1	13
0	0
0	670
0	16
0	96
0	20
0	2
0	11
1	0
0	141
0	1
0	0
0	0
0	4
0	34
0	0
0	10
0	32
2	23
0	0
0	0
1	0
0	3
2	139
0	10
0	0
0	42
0	10
0	2
0	0
0	4053
0	40
1	195
0	0
0	4
0	0
0	11
0	0
0	137
6	2
0	194
4	309
0	38
8	44
0	0
0	148
0	1106
0	1
0	0
10	42
0	22
0	1
0	22
0	0
0	0
0	9
0	0
0	5
5	13638
0	0
0	57
0	1
0	62
0	28
0	8
0	166
0	2
0	19
0	0
0	259
46	10
0	0
1	31
0	39
1	143
0	0
12	54
0	1
0	268
0	0
0	14
0	0
0	34
29	101
0	68
0	31
0	25
0	1
10	18
0	0
0	2
0	35
1	17
0	0
0	3
0	41
0	29
0	82
0	0
0	9
0	4
0	245
0	13
0	0
0	42
0	0
0	422
0	30
0	19
0	2
0	54
0	135
0	0
0	0
0	1
0	68
3	932
0	0
0	3
0	35
0	0
0	99
5	231
4	106
0	591
0	0
1	1
0	23
0	98
0	0
2	2210
0	0
0	0
0	3
0	0
0	2
1	108
0	3
0	26
3	209
1	169
0	41
1	10
1	99
0	51
0	18
0	69
11	196
0	0
0	1
2	74
2	1
1	0
0	0
0	1
0	11
0	1606
0	13
1	0
0	23
0	213
0	200
2	12
0	0
0	0
0	0
0	0
2	1
0	0
0	14
0	0
0	17
0	0
0	1
0	59
0	0
0	0
1	185
0	0
1	258
0	45
0	147
0	3090
3	206
0	0
0	7
0	11
0	1680
0	18
1	0
62	182
0	44
0	0
0	0
0	28
0	1
5	866
1	0
0	234
0	110
0	0
0	146
0	0
2	11
5	5767
0	0
0	0
1	9
0	184
8	51
1	81
0	0
1	0
0	166
0	73
0	0
2	23
0	0
0	215
0	0
0	138
0	4
0	0
0	0
0	0
0	0
0	176
0	20
1	79
0	109
0	90
0	3
0	4
0	0
0	0
0	0
0	1
1	47
0	1
8	56
0	32
2	8
0	0
0	0
0	0
0	57
0	48
0	0
0	18
0	888
0	122
0	0
0	384
0	0
0	0
0	0
1	258
0	0
4	785
0	0
0	147
0	50
0	13
0	0
0	0
0	1
0	63
0	8
0	1045
0	20
0	188
0	0
1	281
0	11827
12	699
35	253
0	0
0	26
0	0
0	0
0	13
0	22
0	169
0	265
0	2
0	32
0	0
0	137
1	177
0	131
3	12
0	1052
0	22
0	0
0	0
0	10
0	0
0	255
1	0
0	3
1	142
12	8
0	36
0	1704
0	10
1	0
0	2
0	420
0	0
0	52
2	38
0	0
0	193
0	19
0	64
0	0
0	3802
0	0
0	0
0	3
77	990
0	72
0	0
0	435
0	44
0	1
0	351
2	74
0	0
2	22
1	44
0	2
0	2
0	20
0	5
0	0
0	0
3	40
0	15
4	43
0	0
4	802
17	6
0	4
0	12
0	0
0	0
5	1416
0	30
0	0
0	264
0	0
0	6
0	0
0	10
0	30
3	40
4	7
0	232
0	0
0	347
0	134
0	110
0	0
0	0
0	0
0	37
0	144
1	89
4	32
0	56
0	185
0	6
0	0
0	0
0	4
0	176
0	12
0	421
0	4
0	6
3	4571
0	0
0	211
3	0
0	0
0	66
0	0
0	0
0	131
1	221
0	503
0	5
0	0
0	11
0	49
3	31
0	469
0	79
0	0
0	0
0	13
0	108
0	0
0	100
0	15
0	2
0	76
0	1
0	88
0	51
0	245
0	575
0	8
0	24
0	0
2	601
0	0
0	0
0	32
1	169
0	0
0	598
0	0
0	0
1	253
0	17
0	6
0	0
0	1
0	696
0	1
0	18
9	1135
0	4986
0	0
6	88
0	0
0	0
0	6
0	68
0	0
0	0
0	0
0	52
0	0
0	0
2	114
0	0
0	0
0	0
0	0
0	0
0	28
0	10
2	3
0	32
0	2
0	2
5	0
7	585
0	15
0	0
0	9
17	389
0	0
0	8
0	16
0	0
0	17026
0	79
0	67
0	0
0	52
1	1
0	0
0	1
0	0
1	40
0	0
0	11
0	15
0	1
0	50
0	55
0	0
0	0
0	0
0	221
0	0
1	304
0	0
0	5027
0	5
3	330
0	17
0	0
1	18
0	28
0	0
0	0
1	182
0	2
0	27
0	7
0	67
0	17
0	0
3	11
0	597
0	3
0	0
1	5
1	88
4	247
0	0
0	0
0	84
2	107
0	0
0	3
0	0
0	6
3	3580
0	0
0	177
0	11
0	1
0	0
1	0
0	222
1	78
0	235
23	140
0	2
17	510
0	2
0	3
0	37
0	772
0	346
0	59
0	0
0	53
0	19
0	7
0	25
0	0
0	0
1	15
0	0
0	23
0	0
0	15
0	2
0	29
0	10
0	0
0	0
0	0
0	4
0	0
12	1360
0	2
0	21
0	19
0	8
0	95
0	29
0	0
0	27
0	209
0	14
3	54
1	4
0	1
0	0
0	0
0	26
0	18
0	74
0	0
0	0
0	0
0	0
0	2
0	21
0	0
0	7
1	169
0	165
0	117
0	0
0	0
0	12
1	119
0	20
0	0
0	6
0	128
0	0
1	258
0	33
1	5
0	2
0	0
0	2
0	0
1	165
0	0
0	53
1	15
0	697
0	257
0	3
0	39
0	467
0	6
0	0
0	1954
0	7
0	2
0	15
1	145
0	14
0	53
0	0
0	16
0	0
0	94
0	0
4	383
4	25
0	1
7	455
0	85
0	0
0	0
2	1669
1	23
1	15
0	16
0	0
1	22
1	370
0	1
0	20
0	0
0	58
0	0
0	0
0	0
0	5
3	1
0	56
0	3
0	19
0	0
0	6
0	0
0	99
0	1
0	0
0	23
0	125
0	152
0	0
0	1
0	161
0	12
0	57
0	1
0	31
0	103
0	16
1	366
0	0
0	0
3	2
0	1132
0	0
0	11
0	28
0	0
0	0
0	0
0	24
0	0
0	0
0	74
0	296
0	2
0	3
0	60
0	16
2	95
13	243
0	3
0	1370
0	10
0	0
0	677
0	36
0	0
0	0
0	0
0	7
0	1
1	385
5	30
0	5
0	137
0	0
0	0
0	0
3	285
0	0
0	19
2	2838
0	8
0	6
1	24
0	0
0	0
0	0
0	48
0	121
0	248
0	0
0	0
0	307
2	21
458	1
0	0
0	8
0	1
27	926
0	231
0	4
0	285
0	6
0	0
0	1
0	650
0	0
0	0
0	0
0	43
0	236
0	228
0	5
1	460
0	0
792	593
0	9
0	4
2	463
0	49
0	0
0	1
0	0
0	13
0	7
0	34
0	0
0	0
0	0
0	7
0	0
0	30
0	0
0	521
0	0
0	0
1	4
0	10
0	0
0	7
0	26
0	8
0	0
0	2
0	0
2	4
0	129
0	229
0	0
0	0
0	6
0	0
0	140
1	24
0	0
0	10
0	0
2	171
0	1
0	1
1	37
70	10
0	27
0	23
0	37
0	1
1	35
0	0
0	23
1	66
0	0
0	505
0	18
0	33
0	17
10	5
0	0
8	27
0	3
0	0
0	0
0	259
0	0
0	700
0	205
0	97
0	229
176	2346
0	0
0	8
0	263
0	0
0	381
0	0
0	0
0	1051
0	41
0	0
0	0
0	0
1	9
0	0
0	0
0	0
0	0
0	435
0	44
0	138
0	359
0	102
0	314
0	1
0	61
0	0
0	0
0	26
0	1
0	0
0	4
1	17
0	12
0	0
0	37
0	4
0	0
0	0
0	0
0	1
0	0
0	374
0	1
0	0
3	3
0	67
0	0
0	0
0	18
1	294
1	236
0	0
0	463
1	2156
0	0
0	38
0	0
0	3
2	5
0	27
0	87
0	0
0	0
0	15
0	252
0	36
0	0
1	79
0	256
0	7
0	0
0	0
0	12
0	0
0	13
0	2
0	0
0	581
0	64
0	0
0	0
0	0
0	0
0	0
0	97
0	0
0	76
0	135
0	2
0	14
2	106
0	8
0	403
0	0
0	1
0	82
0	23
0	139
0	0
0	25
0	162
0	0
3	24
0	284
0	16
0	72
0	7
17	1155
0	27
0	0
1	115
0	3
0	0
0	17
0	0
0	58
0	41
0	1
25	6
1	457
0	308
0	125
0	5
0	0
0	0
0	46
0	0
0	134
0	0
0	10
7	832
0	0
0	239
0	95
0	0
0	24
0	100
1	0
28	151
0	26
0	2
0	330
0	139
0	29
0	0
0	9
0	6
0	158
0	25
10	42
0	0
0	4
0	45
0	72
1	63
0	22
0	32
0	0
0	1110
0	14
0	24
50	391
0	0
0	28
0	5
0	316
0	21
2	1
0	0
0	1
0	29
0	0
0	14
0	71
0	0
0	579
0	21
0	0
0	26
3	36
0	16
0	0
0	1
0	871
0	0
0	0
1	2
0	12
0	0
29	60
0	137
9	369
0	124
2	170
0	0
0	39
0	171
0	0
0	1
207	343
1	38
0	7
1	209
0	0
1	130
1	0
5	298
1	1706
0	0
0	102
0	0
0	0
0	210
3	692
0	10
1	22
0	0
0	0
0	1
0	1
0	51
0	31
1	8
0	2
0	0
0	7
0	6
0	2
0	0
0	0
0	4
0	0
3	11
1	46
0	106
0	7
0	0
0	0
0	0
0	2
0	0
0	2
1	6
1	64
0	255
0	0
0	0
0	279
0	0
1	78
0	25
0	0
1	11
0	0
6	244
0	373
0	16
0	454
1	1
0	46
0	7
0	190
0	8
0	1277
3	6
0	157
0	0
0	108
0	37
0	168
0	0
0	21
2	1
0	94
1	57
0	2269
0	12
0	37
0	7
0	39
0	2
0	752
0	69
0	2
2	0
5	61
0	1963
0	0
0	66
0	41
0	478
66	236
0	124
1	1
1	74
0	0
0	0
0	1
0	15
0	0
0	0
0	1
0	5
0	2
0	171
1	1
0	0
0	11
0	0
0	0
0	0
0	1
0	0
0	1
0	82
0	0
0	1
0	82
0	0
41	0
1	74
0	0
0	0
0	0
0	0
0	16
0	0
0	0
0	5414
0	0
0	12
0	326
0	1
0	0
0	229
3	181
0	30
0	2
0	3
0	3
0	31
0	27
0	333
0	18
0	0
0	0
6	2
0	37
0	0
0	10
0	64
0	0
0	11
1	23
0	39
0	0
0	0
3	216
0	0
0	0
0	315
0	0
0	66
0	61
0	29
0	0
0	0
0	0
0	1
0	0
0	0
0	0
11	256
0	269
0	20
0	0
0	375
0	15
0	255
3	336
0	457
0	0
0	49
0	1
8	107
0	46
0	2
2	9
0	1
0	1
1	75
0	642
0	0
3	455
3	59
0	0
0	56
8	679
0	0
0	7
2	553
0	22
4	3
2	391
0	4
0	92
0	204
2	46
0	0
0	702
0	1
0	3
0	0
0	151
0	38
0	0
0	0
0	0
0	9
0	0
1	55
0	91
0	15
8	146
0	0
1	36
0	0
8	33
0	8
0	0
1	897
0	0
0	86
0	106
0	54
1	434
0	0
24	102
0	64
0	546
0	0
0	98
0	2
0	0
0	5
0	12
0	0
0	1
0	0
0	0
0	175
0	0
0	5
0	1
0	21
0	0
0	0
1	0
0	135
0	3
0	0
14	220
0	206
0	394
0	0
0	202
0	19
0	57
3	3
0	150
25	607
0	6
0	0
0	1
0	8
0	21
0	210
0	1
0	26
0	0
0	9
0	0
0	126
0	223
0	64
0	0
0	8
1	38
1	104
1	1
0	102
0	0
0	0
0	15
0	166
0	0
0	0
0	13
1	6
0	3
0	0
0	0
0	0
0	29
0	306
4	93
3	2607
0	4
1	43
0	0
0	14
0	7584
0	0
0	20
0	136
0	3
0	46
21	1102
0	1
0	0
0	1
0	0
0	0
0	11
0	65
0	0
1	5
0	8
0	0
0	53
0	20
0	0
0	697
0	13
0	0
3	195
0	315
0	2
0	0
0	318
0	0
0	0
0	210
0	0
0	0
0	0
1	739
0	1
0	25
0	28
0	89
1	0
0	15
0	0
0	2
0	0
0	6
0	0
0	0
0	0
0	78
9	309
0	0
0	0
0	7
0	11
0	0
0	0
0	0
0	1258
0	0
0	1
0	0
0	0
0	487
0	351
0	178
0	1
0	393
1	67
0	40
0	0
0	191
0	61
0	19
0	0
0	1246
0	0
1	6
0	0
1	40
0	0
0	0
0	0
1	169
0	9
0	37
0	0
0	241
0	37
1	31
4	33
0	13
0	0
0	0
0	5
0	14
0	0
0	1
0	1
0	1
1	8
39	3729
0	188
0	127
0	0
0	2574
0	0
0	0
0	2
0	1
5	11
0	0
0	559
12	213
3	0
0	1
1	22
0	1
0	816
0	4004
0	14
0	6975
0	70
0	18
0	0
2	394
0	0
0	172
0	19
5	11
0	1
0	497
43	0
0	86
0	154
0	59
0	0
0	338
0	0
0	0
16	35
2	722
0	46
0	0
1	129
0	0
0	0
0	0
1	178
0	0
0	12
0	20
0	0
1	348
0	3
0	0
5	60
0	0
0	0
0	0
0	9
0	62
0	43
0	92
0	14
0	0
0	0
0	38
0	1
1	7
0	1
0	15
0	6
0	26
0	0
1	26
0	1
0	49
0	0
2	9
0	10
0	12
0	79
0	558
0	206
7	3
0	0
0	0
4	733
0	1
1	1
0	7
0	0
0	789
0	113
0	17
0	0
0	0
0	0
0	3
0	0
0	101
0	0
2	60
0	51
0	711
0	107
0	14
1	1769
0	68
0	4
0	162
0	0
4	1175
0	41
0	0
0	74
0	231
0	0
0	114
0	64
2	10
0	18
0	1099
0	7
0	6
0	0
0	1118
0	0
0	52
0	0
0	0
1	128
0	0
3	3726
0	64
0	219
0	0
0	0
0	51
0	0
0	1
0	7
0	2
0	2371
0	11
13	58
0	1
0	26
0	76
0	1132
0	132
0	10
0	0
0	203
0	0
0	27
0	1
1	1
0	0
0	10
0	70
0	97
0	0
0	26
0	43
0	0
0	5
0	96
0	0
0	2077
1	9
0	46
2	23
0	0
0	0
0	0
0	92
0	0
0	5
0	80
0	0
0	68
10	440
0	2
0	5
0	1
2	792
0	42
4	5
0	57
0	0
0	0
0	1
40	40
0	3
0	0
1	26
0	974
0	65
0	110
1	716
0	0
0	161
0	0
0	15
0	95
4	0
0	4
1	87
0	179
0	416
2	261
0	42
0	399
0	188
0	11
0	0
3	34
0	1
0	0
0	0
7	49
0	0
0	19
0	0
0	1
0	65
0	16
0	0
0	6
0	107
1	4488
0	854
0	0
0	0
2	12
0	2
0	308
0	0
0	164
0	0
1	3
0	73
0	48
0	19
0	111
0	47
0	0
2	840
0	0
0	1
0	19
0	0
0	1
0	2
0	6
0	0
0	0
0	0
0	21
0	18
1	469
6	812
1	19
0	28
4	0
0	18
0	0
0	0
0	326
0	0
0	0
1	448
0	11
0	69
0	0
0	7
0	18
2	142
0	0
1	285
0	0
0	0
1	2
0	0
0	41
0	0
1	11
5	147
0	0
0	0
0	0
0	0
0	63
0	190
0	113
1	1
1	48
0	18
0	31
1	112
1	37
0	0
0	1
0	0
5	215
3	409
0	0
0	13
0	33
1	159
0	0
0	1
0	0
0	0
2	386
0	3
1	289
0	126
26	189
0	0
0	72
0	4
5	27
0	1
0	8
9	2235
0	0
0	2026
0	0
0	0
0	36
0	0
3	95
0	115
0	36
0	0
1	302
0	4
0	33
4	634
0	2
0	0
1	36
0	73
0	33
0	0
0	0
5	484
0	289
0	0
3	109
0	0
0	1
0	48
0	137
2	134
0	3
0	0
0	14
0	0
0	37
12	0
0	102
0	0
0	0
0	0
0	64
0	1852
0	71
0	20
0	37
0	0
0	112
0	1662
0	0
0	0
0	4
0	123
4	256
0	3
2	70
0	15
0	0
0	0
0	105
1	31
0	0
0	735
0	0
0	0
0	5
0	19
0	0
0	0
0	8
0	41
1	129
0	1
0	1
0	0
0	0
4	54
0	1
4	488
0	16
1	1703
0	570
9	144
0	1
41	122
2	41
0	0
0	0
0	1
0	3
0	7
4	145
0	142
0	0
0	91
0	0
0	33
1	44
0	283
0	2
0	39
0	2220
0	1
0	49
0	0
0	8
0	0
0	70
0	0
1	147
0	146
0	315
0	11
0	0
0	0
0	13
0	0
0	110
10	14
0	0
3	33
0	3
2	128
0	81
0	92
0	0
0	103
1	33
0	14
0	0
0	25
0	0
0	0
4	40
0	2
0	34
0	96
31	159
2	11
0	461
0	0
0	1
0	0
2	5
0	17
0	613
1	63
0	17
0	79
0	0
0	4
0	0
0	68
0	7
0	7
0	0
1	85
0	20
0	0
0	36
1	1
0	206
0	117
0	235
0	2
2	234
0	0
0	22
0	2
0	0
0	11
0	53
0	0
0	5
0	109
4	1
0	0
0	3
1	5
2	0
0	56
0	7
2	31
0	0
0	173
0	245
0	44
5	46
0	2
0	43
0	8
0	1
0	290
0	267
0	0
0	0
1	3733
0	183
0	10
0	0
0	0
1	0
1	39
0	232
0	158
0	0
0	263
1	0
14	10
0	41
0	0
0	11
8	114
0	24
0	0
0	0
0	0
0	373
0	0
0	2
0	0
0	4
0	325
0	270
1	43
0	0
0	5
0	62
1	2
0	348
0	185
0	8
0	35
0	7
2	205
0	370
0	2035
0	46
0	1
0	208
0	7
0	0
0	0
1	18
0	0
0	1344
0	32
0	0
1	28
0	14
0	0
0	0
1	2
0	0
0	148
0	0
0	0
0	41
0	10
1	0
4	193
0	0
0	0
0	0
0	0
0	42
0	19
0	6
1	164
0	7
1	165
0	0
0	210
0	0
0	668
0	15
0	71
0	0
0	56
0	0
0	176
27	413
0	0
0	58
0	42
0	0
201	323
0	126
0	0
0	0
0	38
0	0
0	15
0	0
0	196
0	103
2	12
0	1515
2	20
0	387
0	30
0	0
0	39
0	62
1	468
0	0
2	132
0	38
0	0
0	115
3	0
0	1
0	106
0	1
0	0
0	1
0	98
0	15
13	15
1	2
3	8
0	10
0	254
0	0
18	439
0	0
0	0
0	0
0	2
0	0
0	0
0	0
0	11
0	10
0	33
0	2198
0	0
2	1429
0	0
0	2
0	0
0	336
0	3
0	0
0	0
0	0
0	1
0	446
0	5064
0	325
5	355
0	277
0	456
632	407
0	0
0	101
4	34
0	142
0	143
0	196
7	3
0	948
0	15
0	0
13	0
1	0
0	104
0	0
0	3
0	917
0	0
3	37
0	0
0	10
0	8
0	0
0	0
0	0
0	33
0	1
0	172
0	565
0	0
2	75
1	164
0	0
0	8
0	7
1	83
0	0
0	0
0	324
3	93
0	0
0	0
9	105
0	0
0	198
5	289
0	0
1	68
0	20
1	0
0	0
0	0
0	60
1	14
0	14
0	3
0	1
0	105
0	6
0	161
0	6
2	113
0	341
0	582
0	0
0	10
0	0
0	0
0	0
0	140
0	19
0	453
0	0
1	166
0	0
0	1
0	0
0	10
0	0
0	1
0	21
0	0
0	263
0	1
0	3
0	34
0	79
0	31
0	16
0	0
0	0
0	114
1	0
0	62
0	111
0	50
0	0
0	1189
0	7
0	152
0	2
11	25
0	281
0	4
0	2
0	0
0	21
0	149
9	607
0	3
0	6
0	0
0	0
1	28
0	1
0	0
0	131
0	0
0	111
0	8
0	0
0	1
0	11
1	101
0	263
0	2663
0	14
1	7
0	0
0	4
0	0
0	10
1	484
0	766
0	104
1	89
6	1324
0	0
1	91
0	19
0	472
0	0
0	5
0	29
0	171
0	137
0	67
0	49
0	0
2	211
0	7
0	5
1	4
2	15
5	31
0	0
0	2
0	3
0	841
0	0
0	103
0	8
3	4689
0	82
0	1
0	0
0	90
0	38
0	41
0	7
2	3
1	22
0	17
0	11
0	97
0	0
15	16
0	0
0	77
0	0
0	0
0	9
0	0
0	9
0	44
0	13
0	1
0	345
0	87
0	46
1	99
1	37
0	0
0	1
0	15
0	161
0	0
0	48
0	39
0	0
0	0
4	313
0	1
0	8
0	23
0	0
0	4
1	9
0	20
0	0
0	195
0	0
0	27
0	2
0	0
0	102
0	4
0	167
0	68
2	2
0	6
0	16
15	3893
0	2
0	29
0	65
5	4
0	7
0	60
0	0
0	5
0	22
0	0
0	0
0	0
0	0
0	0
0	41
0	0
0	0
0	7
0	605
0	10
0	0
0	0
1	6
0	58
0	656
0	0
1	53
0	0
0	48
0	0
0	0
0	0
0	0
0	63
0	501
0	129
0	0
0	134
0	0
0	30
2	15
0	34
0	21
0	3130
0	14
0	0
0	0
0	0
0	0
0	19
0	0
1	12
0	0
0	0
19	14
0	712
2	399
0	206
0	11
0	0
0	42
0	215
0	13
0	15
0	39
1	0
9	400
0	2
0	0
0	0
0	341
0	0
0	0
0	3868
0	0
0	40
0	336
0	0
0	4
0	9
7	38
0	0
0	0
6	4320
0	2
0	31
0	152
0	149
0	12
1	61
0	0
0	3
0	0
0	0
2	251
0	12
0	0
0	307
17	307
0	0
0	279
0	0
0	345
0	0
0	5
414	1299
0	0
0	0
1	448
0	0
0	0
0	7
0	37
0	0
0	80
0	0
0	1378
0	0
0	0
0	7
0	1
0	0
0	37
1	95
0	0
0	0
0	0
0	1
0	76
0	31
0	0
0	4
0	1
1	1400
0	5
0	0
0	3
0	1027
0	23
0	1
0	8
0	0
0	0
0	12
0	0
0	1129
44	12
0	0
14	20
0	29
0	0
0	74
0	8
0	0
0	142
0	0
0	26
0	32
0	4
0	0
0	42
1	15
0	0
0	1262
0	0
0	48
0	24
0	0
0	43
1	0
0	0
0	0
0	35
0	138
0	208
0	0
0	0
0	14
0	20
0	253
0	0
0	409
0	0
0	0
0	3
0	0
0	4
0	0
0	69
0	26
0	22
0	92
0	4
0	0
0	0
0	32
0	38
0	95
0	9
0	17
0	0
0	16
0	0
0	54
0	0
0	169
0	4
0	18
0	18
0	420
0	3
0	58
0	0
0	8
1	3
113	307
0	0
1	67
0	157
0	3
0	0
3	146
0	0
0	160
0	1
0	0
0	0
0	0
0	86
0	0
0	0
0	0
0	35
1	103
0	34
0	0
0	81
0	37
3	129
0	0
0	195
0	3
0	0
0	1
1	8
0	0
0	157
0	3
0	94
0	23
0	254
1	0
0	97
0	319
3	140
0	1
0	30
0	0
0	0
0	23
0	2
0	0
0	83
0	0
1	131
0	3
2	8
1	562
0	3
0	232
0	0
0	0
0	0
0	331
0	31
2	813
0	0
0	0
0	14
0	0
0	10
0	6
0	30
0	53
1	115
0	0
0	0
0	12
0	24
0	45
0	0
0	6
0	0
0	710
0	0
0	0
0	3
0	5
0	34
0	0
0	0
0	0
0	0
0	18
9	227
0	137
3	50
0	1
0	0
6	41
0	2
1	764
0	87
1	45
0	0
0	7
0	0
0	2
0	30
0	112
1	402
0	21
1	16
0	7
0	31
0	532
1	124
1	14
0	0
1	290
0	2
0	261
0	157
0	0
0	1
0	485
0	11
0	112
2	8
0	0
0	16
0	0
0	0
0	243
3	1
1	474
0	0
0	26
0	19
0	4
0	0
0	2
0	0
0	0
0	0
0	4
1	10
0	80
0	33
0	102
0	0
0	6
0	5
0	22
0	0
0	257
0	0
0	0
2	3
0	814
0	132
0	0
0	1
9	59
0	0
0	0
0	0
0	120
1	222
8	0
0	0
0	70
0	32
7	3207
0	3
0	28
0	0
0	8
0	0
0	0
0	186
0	17
0	0
1	525
0	0
0	25
0	20
1	199
0	20
0	983
0	0
0	2
1	133
0	2
0	0
0	3708
0	1
0	3
0	0
1	16
0	0
3	972
0	29
0	0
0	750
0	8
0	49
0	37
0	50
0	96
0	21
0	49
0	67
0	814
0	2
3	10
0	30
1	68
4	392
0	0
0	38
0	29
0	6
0	0
1	3
0	0
0	4363
0	1
0	23
0	0
0	0
0	0
0	10
0	0
0	891
0	4
0	0
0	0
0	76
3	146
0	47
0	0
0	0
0	0
0	0
1	343
0	49
0	15
0	0
0	300
11	890
0	1164
0	245
0	13
0	4
0	0
0	0
0	0
0	77
0	853
0	3
0	101
0	0
0	42
0	201
0	0
0	0
0	38
0	2
0	70
2	4
0	10
0	0
0	86
0	9
0	2327
0	102
0	19
0	86
0	24
0	0
0	0
0	177
0	0
0	0
9	630
0	91
0	0
0	125
0	0
0	0
0	33
0	22
0	9
0	3
0	151
0	41
0	59
0	35
0	1023
0	42
0	4
0	27
0	0
0	12
0	0
0	3
0	0
0	0
9	30
1	28
1	0
0	0
0	23
0	48
0	0
1	0
0	0
1	0
0	0
0	0
0	1
0	0
0	0
0	0
0	0
0	73
0	0
6	29
0	3
0	0
0	1
0	0
0	0
0	14
0	29
0	15
0	0
4	475
0	0
0	1
0	35
0	73
0	307
0	0
0	202
2	0
0	0
0	0
0	21
0	2
0	77
0	0
0	20
2	141
0	0
0	0
0	1
0	203
0	0
0	0
0	32
0	0
9	120
0	0
0	0
0	0
0	4
1	37
0	0
0	121
0	0
5	0
0	277
0	217
0	4
0	103
0	0
0	30
7	569
0	486
1	10
0	1
0	0
0	0
2	0
0	0
0	1
0	0
0	0
0	0
0	0
0	42
0	0
0	10
1	182
6	91
0	1566
2	126
3	25
0	0
0	7
0	155
0	5
0	86
0	81
0	17
0	23
4	45
1	1
0	289
82	230
0	23
0	3
0	104
0	0
0	175
2	30
0	45
0	12
0	59
1	728
0	9
0	5
0	24
0	4111
0	0
0	303
0	25
0	0
0	531
0	0
0	0
1	10
0	19
0	0
1	164
0	0
0	13
0	41
0	1
0	106
0	12
0	15
0	94
0	0
78	0
0	22
0	0
5	76
0	0
0	8
0	0
0	7
0	17
0	0
0	45
0	37
0	0
0	0
0	15
0	21
0	339
0	3
0	18
0	0
0	11
0	0
3	58
0	0
0	0
0	0
0	12
0	62
0	0
0	1
0	21
0	1062
0	20
0	0
0	0
0	24
0	11
0	0
0	484
2	6
0	0
0	11
0	447
0	21
0	52
0	0
0	180
0	2
0	106
2	0
0	6
0	31
0	13
0	22
4	7
0	0
0	37
0	5
0	23
0	3
0	10
0	62
0	0
0	0
23	264
0	0
7	330
0	0
0	0
0	0
0	2
3	189
0	0
0	31
0	740
0	0
0	437
0	0
0	0
1	4
0	166
0	5
2	15
0	372
0	0
0	4
0	62
0	58
0	1
1	305
0	0
0	0
0	20
0	779
0	2
1	56
0	1
0	0
0	5
0	7
0	0
2	0
0	1
0	0
45	1223
0	0
0	0
0	289
0	0
0	407
0	0
0	0
0	0
0	0
0	111
0	7
0	0
2	24
0	155
0	5
0	37
0	377
1	1
1	134
0	50
27	158
0	2
0	0
0	0
2	47
0	0
1	42
0	29
0	132
0	177
0	0
0	43
3	37
0	0
0	0
0	2
0	0
0	0
0	0
12	498
0	69
2	273
1	279
0	22
8	117
0	0
0	2
0	48
0	0
0	34
0	0
9	9
0	0
0	5
0	6
0	23
0	0
4	30
0	221
0	15
0	1
0	19
0	12
0	1798
0	251
0	0
0	195
0	0
1	660
0	3
0	33
2	56
0	26
0	0
0	6473
1	90
1	5
0	21
1	415
0	0
0	47
0	0
0	1
16	4571
2	304
0	6
0	0
0	0
0	0
0	3
0	238
0	44
0	0
0	2
0	45
0	1
0	0
0	11
0	0
0	164
0	37
0	0
0	28
1	647
0	1
0	155
0	217
0	16
0	0
0	29
0	0
0	0
0	181
1	1
0	0
0	93
0	0
0	0
0	0
0	2
0	548
0	0
0	43
0	0
0	0
1	0
0	68
0	0
9	49
0	1481
0	88
0	9
0	35
0	0
0	0
0	9
1	19
0	236
0	0
1	840
0	0
4	1
0	24
0	0
0	34
0	0
0	9
0	0
1	1
0	43
0	32
0	0
0	60
3	1118
2	1
0	93
0	0
0	2
0	53
327	191
0	15
0	251
5	345
0	1
0	18
0	0
0	390
0	28
0	0
0	0
3	245
0	1
0	0
0	303
0	37
0	31
0	0
1	39
3	239
0	271
0	36
0	2
0	0
0	0
0	0
0	0
0	0
5	1599
0	0
14	420
0	476
0	0
0	0
0	23
0	23
0	7
38	316
0	0
0	101
0	0
0	18
0	1
4	195
0	129
24	43
0	2
0	42
0	217
0	16
1	22
0	95
1	43
0	0
0	5
0	75
0	0
6	36
0	116
0	343
0	0
1	4614
0	77
0	1
0	0
0	0
0	0
0	48
0	0
1	78
1	334
0	258
0	3
41	181
0	1
0	507
0	4
0	9
0	1
0	3
0	149
2	65
0	36
0	30
0	0
0	0
0	78
1	110
0	0
0	0
0	33
0	0
0	9
0	2
0	0
0	78
0	0
1	38
0	1
74	95
0	16
2	14
0	114
1	803
3	52
0	35
0	6
0	7
0	0
0	47
0	0
0	751
84	1471
0	0
0	0
0	1
1	23
0	0
0	1
0	0
0	32
0	2
0	5
0	0
0	18
1	3
9	1452
0	0
0	0
2	1455
0	742
0	145
0	2
0	0
0	0
5	468
24	498
0	10
0	34
0	68
0	315
0	10
0	45
0	0
0	0
0	0
0	0
0	12
0	110
0	13
1	0
0	0
0	0
0	477
30	345
0	1170
0	0
0	1
0	3
1	18
0	1
0	0
0	0
0	0
0	0
0	0
0	0
0	0
0	0
0	15
0	101
0	0
0	1
0	0
2	1
0	0
2	551
1	50
0	0
0	6
0	31
0	0
0	0
0	0
0	123
0	45
0	9
0	7
1	1
0	106
0	5
0	2
0	0
0	0
0	0
0	1
4	0
0	0
0	31
10	179
0	0
0	234
0	33
0	0
0	0
0	17
0	41
2	72
0	0
0	0
0	1
0	136
0	1
0	160
0	147
0	0
0	1
0	0
0	161
0	0
0	5
0	0
0	128
0	63
1	116
0	72
0	0
19	8990
0	0
2	0
0	7
0	12
0	4
0	4
0	40
7	1955
0	0
1	6907
1	49
0	135
0	92
0	0
0	0
0	3
30	236
0	0
0	4
0	0
0	1
0	4
0	4
0	154
0	34
0	20
1	79
0	95
0	1
0	102
0	0
0	0
0	107
0	282
0	0
0	34
0	6
1	125
0	277
0	2
1	33
0	0
13	37
0	4
0	12
0	314
0	0
0	0
15	52
0	44
0	0
0	0
0	12
0	0
0	1
0	16
10	50
0	5
0	27
0	138
0	194
0	19
1	124
1	661
0	1842
2	55
0	58
0	90
0	0
0	0
1	205
0	52
0	0
0	52
0	28
0	2
0	2
0	0
0	7
1	6
0	0
1	7
0	84
0	0
0	0
0	0
0	573
0	1404
0	0
0	126
0	0
0	1
0	55
0	0
0	162
0	0
0	3
0	0
0	0
1	122
0	0
0	25
0	0
23	1
0	38
0	1
0	727
0	8
0	0
0	2812
0	121
0	0
1	173
0	0
0	16
1	33
0	63
0	0
0	0
0	0
0	0
0	9
0	0
0	8
0	29
2	604
0	7
0	423
0	0
0	2442
0	80
6	4
0	14
0	41
45	58
0	0
1	2
0	24
0	0
0	15
0	481
0	72
0	0
0	395
5	497
0	96
0	256
0	110
2	10
0	46
0	0
1	695
1	779
1	33
0	0
0	3
0	113
0	0
0	15
0	42
0	2
0	48
0	48
0	6
0	0
0	0
0	32
6	137
0	37
0	13
0	0
0	0
1	8
0	0
0	41
0	209
0	0
0	16
1	0
0	0
0	0
0	3
0	0
7	2297
0	36
0	89
0	15
0	0
0	3
0	6
0	212
0	41
0	269
0	0
0	115
0	0
0	14
3	3
0	0
0	57
0	26
0	1
0	101
0	0
0	24
0	163
0	0
3	1
0	234
2	11
0	36
0	0
0	443
0	50
0	3
0	0
0	12
0	17
0	12
0	0
1	88
0	82
0	0
0	0
0	0
0	0
0	0
0	0
0	192
0	1
0	8
0	0
0	0
0	0
0	0
0	6
0	0
0	0
0	130
0	127
1	488
1	130
0	0
4	52
47	66
0	5
0	0
0	0
0	4
0	13
0	0
0	10
0	0
0	0
0	43
0	0
0	11
0	0
0	66
1	13
0	149
0	558
0	0
0	0
0	268
0	38
0	27
0	9
1	50
2	0
0	0
0	586
2	84
0	1
0	3
2	287
0	78
0	3
0	0
0	0
4	50
0	0
0	0
5	7
0	0
0	0
0	0
0	0
0	0
1	27
0	25
0	41
1	0
1	37
0	0
8	0
0	0
0	0
1	152
0	0
0	334
0	12
0	22
3	18
0	0
0	1
0	66
1	50
0	147
0	0
0	104
0	5
1	36
0	34
0	151
0	287
0	0
0	0
0	0
0	4
0	0
0	16
0	128
0	0
0	93
0	32
1	614
0	0
0	2
0	3
0	0
0	0
0	6
1	4
0	455
0	1
0	0
0	0
0	88
0	2
0	35
0	6
1	3
1	42
0	1
0	33
0	0
0	1
1	609
0	0
4	489
0	36
0	8
0	0
0	2
0	36
0	0
0	0
0	0
0	0
0	83
0	0
0	0
0	0
0	10786
0	1255
0	6
1	21
0	279
0	0
0	78
1	12
0	36
0	234
0	0
0	350
15	0
6	6
2	114
0	0
0	217
1	46
0	181
0	97
2	78
0	0
0	0
0	17
0	4
14	1593
1	120
0	2
1	16
0	0
0	0
4	2
0	52
0	35
0	7
0	86
0	0
0	81
0	0
0	0
1	1
0	0
0	97
0	252
0	30
4	104
0	0
0	42
0	0
0	0
0	0
0	28
0	430
0	0
0	0
0	0
0	36
0	53
0	16
0	0
1	21
0	64
0	49
0	0
0	25
0	137
16	0
1	176
0	0
0	3
0	53
0	5
0	0
0	0
1	339
22	48
0	0
2	148
0	245
0	0
0	0
0	0
0	137
0	80
0	4
0	37
1	24
0	0
0	559
1	69
0	2
0	0
0	1
0	1485
0	0
0	0
0	0
7	3
2	392
0	0
0	155
0	0
0	2
0	20
0	37
0	0
0	18
0	213
0	0
0	0
0	0
0	0
0	106
0	0
0	440
2	18
0	0
0	0
0	0
0	0
11	348
0	349
0	0
0	0
0	0
8	65
0	0
0	0
0	25
1	68
0	2
0	0
0	1
0	34
0	0
0	0
0	0
2	187
0	0
2	2
0	0
0	0
0	3
0	0
0	0
0	0
0	506
0	0
2	27
0	0
0	0
0	20
0	328
0	3
0	0
0	0
0	0
0	0
0	0
0	32
0	28
0	27
0	14
0	0
0	17
2	3
0	1
0	38
0	0
0	17
1	35
0	455
0	1295
0	2068
0	17
0	179
0	173
0	14
0	176
0	51
2	3
1	1217
0	0
1	1
0	0
0	199
0	2
0	4
0	428
0	90
0	59
0	0
0	0
0	77
0	185
0	3
0	521
0	2
0	201
0	0
0	75
0	1
0	21
0	23
0	81
0	183
0	9
1	829
0	0
0	1412
0	248
0	11
0	20
0	1
0	2
0	0
0	170
0	236
0	2
0	0
2	1
0	0
0	25
0	9
0	280
0	0
0	0
0	1429
0	102
0	50
0	1
0	1
0	0
0	0
0	31
0	143
0	26
0	0
2	25
0	0
0	255
0	1
19	269
0	0
0	7
0	111
0	0
0	170
0	0
0	0
0	0
6	45
0	12
0	1
2	279
0	0
0	9
0	28
0	497
1	13
0	282
0	13
0	0
0	0
0	200
0	33
0	0
0	426
3	251
0	94
0	6543
0	307
0	1
0	46
0	0
0	82
0	204
0	1
0	0
1	221
0	135
0	1471
0	0
0	0
0	1
0	0
0	25
0	0
0	1130
0	0
0	0
4	0
0	0
0	0
0	0
0	5
0	0
0	0
0	0
3	23
0	0
0	50
0	0
0	196
0	66
0	0
0	122
1	40
0	4
0	5
14	29
0	0
0	554
0	7
0	215
0	0
0	0
0	0
0	7
2	2354
0	0
0	6
0	0
0	0
1	136
0	8
0	9
0	0
0	183
0	3
0	0
0	208
0	97
0	45
3	6
0	1183
0	89
0	533
0	2
0	0
0	0
0	795
1	128
0	0
0	109
0	227
0	0
0	10
1	31
0	652
0	0
0	0
1	0
0	9
0	2
0	0
0	0
0	4
0	14
0	0
0	2
0	84
0	1
0	5
0	0
0	0
0	1
0	0
0	0
6	50
0	4
0	0
0	0
0	0
1	20
0	112
3	224
2	18
0	0
1	45
1	1
0	10
0	1
0	0
0	8
0	75
1	6
0	0
1	302
0	559
0	19
0	0
0	10
0	32
0	1
0	1
0	39
8	237
0	2196
0	84
0	1
0	87
0	35
1	11
0	190
0	0
2	59
0	40
1	24
0	15
0	0
1	5
0	0
0	0
0	0
0	0
0	202
0	6
0	28
10	209
0	0
0	2
0	164
0	197
0	98
0	37
0	26
0	2
0	245
0	0
0	43
0	0
0	0
0	0
3	107
0	4
1	121
0	1
0	4
0	0
0	84
0	0
1	399
0	0
1	78
0	1
0	7
0	1
0	3
0	13
0	3519
2	1945
0	131
0	0
0	7
8	27
0	48
0	0
0	1
0	1
0	12
0	3
0	37
0	0
0	99
0	0
1	405
0	3
0	2
0	36
0	7
0	4
0	0
0	29
0	0
0	2
2	11
0	0
0	918
1	311
0	216
0	3
3	3
0	1
0	68
0	0
0	532
0	0
0	0
0	200
0	15
0	9
0	0
0	0
14	143
0	777
0	0
0	20
0	0
0	0
0	21
0	0
2	2335
0	0
1	336
1	5
0	13
0	63
0	0
0	0
0	1
0	127
0	3
0	45
0	0
1	142
2	143
0	5
1	122
0	11
1	162
0	0
0	23
0	1
0	32
0	5
3	113
1	15
0	0
0	0
0	0
0	174
0	0
0	304
0	2
0	1
0	0
1	2
0	32
0	64
1	14
6	73
0	1427
0	2
0	0
0	0
0	289
2	290
0	0
0	0
0	33
0	22
1	6
1	45
0	0
0	3
0	21
0	56
0	207
0	50
5	26
2	34
0	1170
0	381
0	220
1	74
0	21
0	9
0	1
0	0
0	0
0	0
0	1
0	2
1	36
0	454
0	236
1	12
2	35
0	1
0	0
0	0
21	79
0	18
0	25
0	0
0	0
0	0
3	5
0	25
0	0
0	1
0	31
0	75
0	36
0	0
1	22
1	168
0	4
0	0
0	28
0	0
0	0
0	5
0	4
0	4
0	40
0	46
29	62
0	408
15	3386
0	82
0	0
0	0
0	1
0	227
0	184
0	0
0	9
0	27
0	3
0	67
0	46
0	5
0	452
0	0
1	27
0	1
0	5
0	1
0	0
0	3
0	0
0	155
0	479
0	22
0	83
0	11
0	36
1	57
0	118
4	0
0	0
0	3
1	9
1	257
0	0
0	24
0	0
2	445
0	373
0	29
3	8
0	0
0	34
0	3
0	0
0	277
2	471
0	0
0	1
0	0
0	1
0	1
0	83
0	0
0	0
18	527
0	656
0	0
0	78
0	0
0	13
0	0
0	106
0	6
0	24
0	1
0	10
0	625
0	199
0	0
0	0
0	15
0	0
17	287
0	102
1	508
0	181
0	260
0	0
0	45
0	46
0	15
0	15
0	0
1	9
0	0
0	0
0	2
0	0
0	52
2	0
0	0
0	0
0	99
0	107
0	13
2	6
0	45
0	139
0	0
0	6
0	270
0	15
0	368
1	4187
0	39
0	24
0	20
0	1
0	3
0	0
0	0
0	1
0	30
0	0
0	20
0	3298
0	578
0	1
0	104
13	279
2	1
0	0
0	0
0	1
3	413
0	0
0	1
0	6
0	3
0	142
0	0
0	0
0	0
0	11
0	71
0	0
0	64
0	0
0	0
0	0
0	347
0	0
0	353
0	27
0	4
0	55
0	0
0	0
1	68
0	4
0	0
0	0
0	0
0	0
0	0
0	0
0	2
0	18
9	15
3	2176
13	23
0	47
0	39
1	122
0	1
0	40
0	11
0	204
0	126
0	0
0	0
1	106
0	110
0	30
0	0
0	28
0	13
0	0
0	15
0	7
11	592
0	0
0	16
0	74
0	17
0	5
0	12
0	126
0	1
6	37
3	128
0	5
2	72
0	0
1	90
0	0
0	20
0	22
0	0
2	29
0	46
2	16
0	0
0	0
0	0
0	0
2	135
0	70
0	21
0	8
0	179
0	3
0	5
0	11
0	0
0	1271
0	2
0	186
0	49
0	0
0	0
0	0
0	0
0	76
0	18
0	1
0	1
0	32
0	0
0	0
3	196
0	0
0	723
8	16
0	4
0	1
0	0
0	0
0	4
0	0
0	0
0	0
0	12
0	3
1	269
0	0
0	21
0	0
0	288
16	25004
0	0
0	0
1	521
0	6
0	9
0	3
0	41
0	19
0	4868
0	18
0	428
0	3
0	6
0	13
0	2
0	6
0	0
0	4
0	0
0	154
5	69
0	0
0	1291
0	48
0	0
0	87
0	2
0	0
0	0
3	48
0	448
0	1
10	303
0	0
0	0
0	14
0	1371
1	672
0	0
0	0
0	126
0	611
0	0
0	34
0	22
1	393
0	18
0	52
9	0
0	66
0	1
4	13
1	36
1	1
0	0
0	101
0	0
0	20
0	31
0	37
0	10
4	131
0	0
0	15
0	0
0	182
0	0
0	4
1	2168
0	22
0	24
0	0
0	11
2	380
0	0
0	0
1	80
0	9
0	4
1	5
0	0
0	123
0	4019
2	0
0	174
0	198
1	14
0	0
2	26
0	23
0	7
0	2
0	360
0	0
1	2
0	0
0	50
0	26
0	67
5	733
0	100
0	0
2	4
0	0
0	0
0	9
0	34
0	28
0	0
0	12
0	0
0	0
0	0
0	0
0	11
0	0
0	20
0	15
0	1
0	0
0	62
0	2474
0	156
0	0
0	0
0	0
0	0
0	65
0	11
0	51
0	0
0	204
0	118
2	0
0	3
0	79
1	31
0	15
0	44
0	0
0	0
0	0
0	3
0	0
0	990
0	0
0	182
0	0
2	26
14	9
1	13
5	10
0	49
0	171
0	0
1	3
0	2
1	2178
0	0
0	11
0	101
0	154
1	0
0	0
0	0
0	98
1	348
0	0
0	2
0	104
0	48
0	765
0	18
0	0
0	131
0	0
0	31
0	42
0	0
0	78
0	19
2	9
0	0
0	1
0	212
2	129
0	0
0	279
0	0
4	138
0	30
0	0
0	0
1	49
0	0
0	92
0	0
0	1
0	12
0	0
0	216
1	0
0	0
0	425
0	0
0	0
0	41
0	0
0	30
0	16
1	460
1	3314
0	0
0	0
0	2
0	0
0	4
0	0
0	0
0	0
0	0
1	48
0	3
0	524
0	3
0	49
0	710
0	4
0	0
0	0
5	463
0	10
0	0
0	0
0	0
0	7
0	534
0	0
0	142
0	0
0	19
0	0
0	247
0	19
0	0
3	88
0	19
133	266
0	187
0	0
0	350
0	518
0	0
0	27
1	1
0	0
0	4
0	1
0	46
3	3818
1	1
24	4
0	15
0	0
0	23
0	1
0	7
0	0
0	8
0	1
5	446
0	0
0	0
1	1
0	6
0	8
0	42
0	0
0	0
1	9
1	0
0	2
3	8
0	4581
0	319
0	0
0	71
0	9
0	0
0	0
0	15
0	38
1	289
0	10
5	134
1	1358
0	22
0	109
0	0
0	39
0	67
0	8
0	0
0	0
0	1605
0	1831
0	0
0	1
0	1
0	1
0	59
0	0
0	2
0	0
0	48
0	4
0	23
0	6
2	65
0	0
0	0
0	0
0	0
0	112
2	6
0	0
0	0
0	1
0	0
0	0
0	0
0	61
0	0
18	5291
0	0
0	1907
0	322
0	107
1	8
0	0
0	5
0	1
0	45
1	858
2	949
0	0
0	0
0	0
0	0
0	1
0	45
0	7
0	0
0	4
0	537
0	0
0	0
0	53
0	32
0	8712
0	0
0	7
0	0
0	0
0	0
0	1
0	0
0	0
0	22
1	7229
0	2
0	29
0	5
0	0
0	134
0	958
0	6
0	167
0	331
0	0
0	12
0	67
34	17
0	632
0	11
0	36
0	278
0	4
2	125
0	35
0	7
0	0
0	48
3	27
0	26
0	6
0	11
0	4
0	5
0	87
1	0
27	300
0	19
1	22
0	0
0	101
0	0
0	0
1	0
0	562
0	2
0	4
0	1069
0	7
0	50
1	9
0	3
0	0
0	0
0	0
0	21
0	0
0	168
0	4
0	178
0	0
0	173
0	0
1	332
0	0
0	0
0	4
0	108
0	273
0	93
1	0
0	191
0	1
0	0
0	22
0	0
0	0
0	103
0	242
0	55
0	37
0	26
0	11
0	0
0	355
0	17
0	71
0	72
2	92
0	0
0	0
0	0
0	73
1	23
0	16
0	0
0	3
0	36
0	60
0	0
0	125
0	0
0	18
0	0
0	228
0	4
0	34
0	26
0	0
3	21
1	6
0	0
18	1145
0	1
0	364
0	0
0	21
0	1
0	7
0	727
1	971
0	93
0	2
0	0
0	58
0	0
0	0
0	2
0	0
0	16
0	0
0	2
0	0
2	14
0	171
0	4
0	4
0	0
0	0
0	0
0	40
0	21
0	2
0	0
0	0
0	91
0	1
0	1
0	0
0	219
0	259
0	20
0	1
0	13
0	0
0	54
136	144
0	43
2	1340
0	0
0	44
0	52
0	0
0	327
1	2
0	61
0	1073
0	0
0	0
0	3
0	0
5	212
0	0
0	80
0	6
0	0
0	16
0	0
0	24
0	338
3	158
0	11
0	0
0	1
0	4
0	262
0	19
0	19
0	18
0	0
0	7
0	35
0	1
0	0
0	0
0	74
0	0
0	0
2	703
1	495
44	45
2	341
0	13
0	0
0	44
0	2
0	50
0	19726
0	55
0	0
0	3
0	94
0	0
0	7
0	1
0	14
0	5
0	210
0	258
1	29
0	551
0	5
2	1
21	27
0	0
0	0
0	0
0	3
0	0
0	2
0	1
0	3
0	0
0	30
0	129
0	70
3	53
0	0
0	0
0	0
0	6297
0	0
2	237
0	0
0	0
0	0
0	0
0	451
1	478
0	47
1	1
0	0
0	1
0	0
0	59
0	59
0	18
0	341
0	0
0	1
0	221
0	0
0	23
1	0
0	0
0	76
0	9
0	0
0	82
1	5
0	33
0	98
0	312
1	604
1	18
0	0
0	18
0	1170
0	5
0	1
2	580
0	44
0	2968
0	755
0	17
0	23
0	0
3	63
3	2
0	911
0	30
0	22
3	49
0	11
0	116
0	5
0	2
1	19
0	0
0	84
0	16
0	0
0	9
0	23
0	0
0	0
0	7
0	6
0	0
0	0
0	0
0	0
0	7
1	404
6	6123
0	0
0	0
0	27
2	888
0	12
0	1
0	2
0	9
0	14
0	8
0	0
0	0
0	70
0	22
0	18
0	297
0	202
0	0
0	0
0	0
0	155
0	0
0	0
0	5
0	2
0	16
0	1
0	15
0	0
0	9
0	29
1	1483
0	0
0	0
8	85
0	34
1	0
0	2
0	0
0	0
0	11
0	0
0	0
0	368
1	39
2	25
0	0
0	0
0	1
0	5
4	12
0	0
0	11
5	46
0	0
0	10
0	0
0	489
0	0
0	0
0	0
0	0
0	6
0	0
0	4
0	0
0	6
0	32
0	0
1	5
0	19
0	66
0	0
4	2831
0	346
0	0
0	16
1	399
0	0
0	2
1	187
0	0
0	353
0	165
0	181
0	18
0	1
6	140
0	51
0	0
0	39
0	13
0	0
6	53
0	47
1	0
0	0
0	29
0	0
0	0
0	0
0	0
0	0
4	209
0	24
0	10
0	96
0	17
0	445
3	220
0	1
0	0
0	0
0	3
0	416
0	9
9	558
0	24
0	29
3	165
2	319
0	0
0	23
0	0
4	219
0	0
0	0
26	233
0	0
0	44
1	47
0	47
0	62
0	241
0	151
0	157
0	16
0	0
0	34
0	122
2	14890
0	51
0	14
0	0
0	19
6	8483
0	2
4	19
0	0
0	28
0	0
0	0
2	94
0	45
2	10
0	463
3	228
0	10
0	104
0	0
0	17
0	57
0	13
0	4
0	101
0	19
0	510
0	0
1	30
0	0
0	103
0	0
0	12
0	3
0	38
0	1341
1	20
0	0
2	1
0	0
0	42
0	1360
0	27
0	81
3	21
4	54
0	17
0	47
0	14
0	90
1	221
1	12
0	19
0	16
0	62
0	3
0	0
1	1
0	4
1	977
0	0
0	0
0	29
11	184
0	1120
0	0
0	0
0	12
0	46
0	295
0	0
0	15
0	0
0	80
0	0
0	24
0	25
0	0
0	0
0	0
0	0
0	0
0	183
0	129
0	1864
0	38
0	58
0	265
1	687
0	3
0	0
0	9
0	0
0	0
0	0
0	2
0	1
0	0
1	75
0	3
1	1
0	0
0	111
0	0
0	1
0	1
0	1
0	133
0	17
1	599
0	63
0	0
0	18
0	0
0	5
0	48
0	53
0	8
0	3
0	1
0	4
0	1
1	7
0	11
0	0
0	0
0	0
0	4
0	0
0	114
0	235
0	1044
0	1141
0	0
1	51
0	12
0	29
1	54
0	29
1	59
0	0
0	172
1	52
0	3
0	625
0	18
0	2
0	0
0	0
0	0
32	34
0	253
0	52
0	17
0	11
0	11
0	43
0	0
0	0
0	36
0	0
0	0
0	1
0	0
0	0
0	0
0	0
0	16
0	157
0	42
0	9
0	0
0	1
0	15
0	1
1	5
0	0
0	0
0	0
0	0
0	10
477	490
0	7
0	113
4	4
0	0
0	86
0	12
0	0
0	10
0	187
0	4
0	0
0	41
0	381
1	1482
0	602
0	51
0	25
0	45
0	0
0	3
0	30
0	1
0	0
0	10
0	0
0	0
0	0
0	0
0	0
0	8
0	0
2	298
1	2
0	62
0	13
0	12
0	264
0	32
0	354
0	17
0	0
0	35
0	10
0	0
0	0
0	3
0	26
0	0
0	2
0	20
0	0
0	231
0	2
0	0
3	6
0	19
0	163
0	12
3	494
0	0
1	35
0	0
0	0
0	123
1	380
1	31
0	247
0	4
0	3
0	0
0	188
0	0
0	0
0	1
0	0
1	3
0	23
0	0
0	135
0	0
2	21
1	28
0	451
0	0
0	799
0	1967
0	146
0	770
0	83
0	3
0	183
7	35
0	30
0	0
0	227
0	117
0	42
0	412
0	21
0	0
1	22
0	0
0	29
0	32
7	71
0	0
0	133
0	1
0	0
0	3230
0	83
0	0
0	387
0	35
0	8
0	0
0	0
0	1
0	2
1	8
0	35
0	0
0	0
0	54
0	37
0	0
0	243
0	2
0	0
0	23
0	0
0	55
0	0
0	43
0	13
0	14
0	138
0	181
0	384
0	11
0	2
0	30
0	0
1	16
0	159
1	25
2	88
1	0
0	0
0	2
0	0
0	130
0	3
0	2
0	0
0	21
1	9
8	871
0	0
0	0
0	1
0	0
0	1
0	7
0	0
0	1
0	12
0	0
0	0
0	3
0	0
0	27
0	128
0	10
0	221
0	0
0	36
1	250
0	0
0	48
0	1
0	0
0	18
0	0
0	0
4	2
0	0
0	26
0	0
0	0
0	49
0	10
0	262
0	271
0	0
0	7
0	1
0	0
0	0
0	0
0	36
0	3
2	44
0	191
3	89
0	0
1	697
0	5
1	0
0	0
1	12
0	23
0	0
10	37
0	44
0	3
0	17
2	55
0	3
1	37
0	2
0	0
1	190
0	3
0	81
0	28
0	66
3	41
0	0
0	55
0	2
0	0
0	2
0	0
0	161
0	0
4	24
0	2
0	0
0	23
0	0
0	23
0	0
0	0
0	0
0	0
1	824
0	49
2	52
1	193
0	32
0	0
0	0
0	5497
0	4
0	0
0	0
0	868
0	0
1	24
0	5
0	5258
1	1229
0	0
0	5
0	44
0	13
0	0
3	0
1	3
0	0
0	2
0	278
0	0
0	59
0	0
0	4
0	0
0	0
0	74
0	0
0	0
0	0
1	0
0	0
226	101
0	0
0	0
0	0
0	4
0	63
0	0
0	0
1	50
0	0
0	0
0	44
0	589
0	137
0	79
0	16
0	0
0	3
0	129
1	255
0	11
128	6
0	0
0	1
0	104
0	41
0	0
0	18
0	0
0	0
0	12
0	1
0	0
0	0
0	6
1	89
0	5
0	0
0	0
0	82
0	14
1	61
0	1
0	40
0	0
0	288
0	21
0	1
0	17
0	7
0	4
0	0
0	0
0	0
0	0
0	5
0	0
0	0
0	94
2	116
0	0
0	0
0	0
0	4
0	0
1	5
0	11
0	0
0	350
3	3604
0	0
0	1
0	12
0	0
0	40
0	51
0	1229
0	28
0	0
0	55
0	0
0	0
0	0
0	1
0	1
1	4
5	2
0	38
0	0
0	104
1	3457
11	4263
0	45
0	0
0	0
0	0
0	0
0	0
0	0
0	0
3	26
0	7
0	0
0	0
4	36
0	431
0	654
1	124
0	0
0	1
0	17
12	20
3	199
0	0
3	168
0	0
0	30
0	0
0	1
1	0
0	15
0	17
0	0
0	0
1	129
13	168
3	47
4	83
1	39
0	2
0	2
0	0
0	54
0	0
0	7
0	0
0	4
0	0
0	43
0	0
0	1
0	0
0	88
0	3
0	0
0	0
0	36
0	984
0	1
0	765
0	14
0	0
0	92
1	131
0	8
0	8
0	0
0	0
0	0
0	2
0	0
0	0
3	10
1	80
6	116
0	212
0	41
0	38
0	20
0	0
0	69
0	211
0	51
2	367
0	1
2	42
0	96
3	2
0	0
4	27
46	355
0	163
0	0
0	0
0	13
0	1
0	0
0	24
0	0
0	54
0	395
0	0
1	273
0	1
0	18
0	0
0	36
0	8
0	0
0	73
0	16
0	0
0	297
0	3
0	19
0	0
0	0
0	140
3	161
0	0
0	0
1	517
0	0
0	63
0	0
1	36
0	122
1	493
0	0
0	0
0	47
0	5
0	1
0	0
3	554
0	1
0	0
1	15
0	0
0	0
0	68
2	5438
0	0
0	0
0	3
0	5
2	0
0	234
1	0
0	33
0	7
0	0
0	0
0	0
0	655
0	0
0	574
0	50
2	59
0	53
0	5
2	0
1	318
0	1
1	107
0	0
0	0
0	137
2	72
0	5
0	299
0	2
0	40
0	1
0	99
0	16
1	1
0	0
0	22
0	19
0	58
0	42
0	138
0	0
0	0
0	0
0	0
0	0
1	0
0	2
0	0
2	21
13	4322
24	0
0	1
0	89
1	136
2	7
0	123
0	20
0	0
2	21
0	0
0	0
0	17
0	3
0	0
0	21
0	0
0	454
0	11
0	0
0	356
0	3
0	86
0	419
0	0
0	3
0	29
0	0
0	0
0	168
1	88
0	2
0	1
1	0
1	1
0	0
0	1
0	0
0	0
1	0
0	2
0	0
0	0
0	230
0	0
0	0
0	374
0	8
0	0
0	41
0	0
6	79
0	207
0	97
0	2
0	26
0	0
0	0
0	0
0	0
0	877
0	9
0	0
0	3
1	66
0	0
0	0
0	0
0	0
0	0
0	0
1	867
0	101
2	9
0	92
0	548
0	10
0	14
9	19
0	0
0	203
0	149
1	0
0	0
0	0
1	153
0	10
0	0
0	50
3	36
0	13
0	0
0	20
0	9
0	6
0	0
1	2
0	0
1	9
0	22
0	395
0	128
1	1
8	50
0	0
0	27
0	0
0	0
0	292
0	0
0	19
1	36
0	0
1	87
0	22
1	1
0	4
0	64
0	103
0	116
0	0
0	0
3	14
0	5
0	5
0	0
0	9
4	1150
1	61
0	0
0	0
0	0
3	33
0	24
0	2
0	387
0	34
0	392
0	3
0	41
0	20
0	0
0	0
2	2
2	0
10	2182
0	59
0	191
0	208
0	0
0	50
0	211
0	5
0	0
0	21
0	0
0	120
0	0
0	59
0	0
0	246
1	0
0	70
0	14
6	255
0	2
0	133
0	0
0	0
0	4
0	6
0	17
0	0
0	5
0	0
0	0
0	0
0	0
0	10
0	19
0	12
0	0
0	227
0	38
0	12
0	0
0	0
0	0
0	6
0	91
8	208
0	0
0	84
3	153
0	0
0	80
0	44
0	0
0	0
0	0
0	25
0	14
0	0
0	153
0	310
0	1887
0	225
0	11
0	21
0	3
1	13
0	313
0	66
1	317
0	339
0	3
0	13
0	1
0	10
0	0
0	4
0	2
0	3
0	0
2	214
0	664
0	0
5	564
0	0
0	330
0	0
0	0
0	0
0	0
1	65
0	3
0	20
0	285
0	0
0	64
0	559
0	390
0	708
1	188
0	4
2	75
0	0
0	7
0	0
0	0
0	33
0	36
0	0
0	4
1	40
0	790
0	0
0	70
0	59
0	33
0	0
0	74
0	0
0	9
0	0
0	0
0	0
1	165
0	0
0	78
2	305
0	4
0	269
6	4
0	0
0	0
0	110
0	104
0	7
0	0
0	0
0	41
0	0
0	121
1	207
0	28
0	0
0	2
0	253
3	142
10	72
0	235
0	0
0	25
0	87
0	233
0	0
0	116
0	3
0	128
4	339
1	113
0	37
0	179
0	364
0	244
0	1
0	75
1	40
0	3
1	5
0	1
2	403
0	29
1	31
0	30
80	28928
0	0
1	12
0	417
0	11
0	13
0	0
0	33
0	14
0	12
0	29
0	0
0	9
0	4
0	5
0	141
4	40
5	76
0	407
1	0
4	1282
0	1
0	198
0	0
7	75
0	0
0	0
0	0
0	20
0	100
0	0
0	15
3	2
0	13
0	6
0	4
0	0
0	0
0	0
0	22
0	29
0	0
0	2
0	10
0	4
0	0
0	1
0	80
0	58
0	16
0	8
0	143
0	0
26	421
0	0
0	0
0	62
0	210
0	78
0	120
0	0
0	283
0	108
0	3
0	0
0	0
0	6
0	0
0	0
0	80
0	0
0	0
0	16
0	258
0	3
2	16
0	2
0	43
0	14
0	157
0	0
0	3
0	0
0	20
0	97
0	0
0	111
0	0
0	1250
0	7
0	3
0	669
0	0
0	4
0	507
0	1152
1	21
0	260
0	31
0	0
0	89
0	33
0	0
0	273
0	0
0	0
0	0
0	0
0	0
0	6
0	5
0	111
0	4
0	154
0	49
0	220
0	6
0	15
0	0
0	169
0	57
0	0
0	0
0	6
0	29
0	12
0	561
0	10
1	23
0	0
0	38
0	0
0	0
0	24
0	7
1	69
0	457
0	0
0	5
1	22
0	159
0	0
6	75
0	0
8	100
2	21
0	14
0	14
0	4
2	56
0	0
0	0
3	75
0	36
0	4
1	0
0	2
0	0
0	10
0	2
0	10
0	21
0	4
0	0
0	0
40	2
0	11
0	0
2	54
0	10
0	5
0	0
0	0
2	34835
0	0
0	6
0	42
0	43
0	0
0	0
2	64
0	0
1	85
0	9
4	11
0	50
0	0
0	0
0	1236
0	10
2	1631
0	0
1	0
1	2
1	0
0	2086
0	1
0	6
0	52
0	0
0	1
0	0
0	0
7	4
0	2
0	0
206	1053
0	0
0	497
0	0
18	7
0	89
0	269
0	0
0	117
0	128
0	1
0	0
0	0
1	33
16	10
0	0
21	1654
0	4
3	526
0	45
0	16
0	1
0	3
1	170
0	28
0	139
0	19
0	59
0	244
0	8
0	0
0	217
0	232
0	0
0	4
0	0
0	47
0	0
0	128
0	107
0	0
0	0
0	13
0	89
0	2
0	458
0	0
5	8
0	0
0	0
0	0
0	0
0	5
2	715
0	8
0	144
0	12
0	192
0	21
0	27
0	0
2	18
0	5
0	10
0	0
0	12
4	617
0	1181
0	95
0	396
0	3496
0	0
0	8
22	593
0	3
0	88
0	0
0	220
0	13
0	1
0	0
0	0
0	14
0	0
0	0
0	0
0	0
0	16
0	0
0	4
0	0
0	0
0	8
0	53
0	952
0	35
0	0
0	7
0	0
1	24
0	153
0	4
0	0
0	0
1	287
0	50
0	0
0	51
1	11
0	4
0	0
0	162
0	0
0	12
0	2
0	0
0	0
0	44
1	33
0	404
1	0
0	1
2	5
0	0
0	15
0	292
4	1870
14	3136
0	0
1	921
0	0
0	19
1	47
0	2
0	41
0	0
0	18
1	11
0	27
0	0
1	7
0	34
0	5
0	0
0	2
0	9
0	0
0	100
0	0
0	18
0	0
0	19
0	131
0	1015
0	10
3	0
0	0
0	38
0	0
1	0
0	0
1	43
0	56
0	0
0	0
1	11
0	0
0	174
0	0
1	387
0	1
0	0
0	28
0	8
0	17
0	0
0	0
0	194
0	213
0	0
0	0
0	0
0	526
0	38
0	0
0	38
0	2
1	3
0	42
0	0
0	227
0	103
0	0
0	123
0	242
0	198
0	1
0	11
0	23
0	32
0	0
0	1
0	0
0	2
1	372
0	29
0	134
0	1
0	100
5	4
0	0
0	247
4	146
0	0
0	0
0	674
9	39
0	0
0	3
0	26
0	0
0	89
0	69
0	25
0	1
0	8
0	2
0	76
0	0
0	99
0	24
0	43
0	3
0	0
0	32
0	1
0	0
0	8
2	2828
0	12
0	37
0	0
0	0
0	0
4	184
0	47
0	0
0	139
0	4
0	0
0	0
7	12
0	0
1	43
0	7
0	76
0	6
3	200
2	234
0	1
0	178
15	97
0	0
0	0
2	3
0	176
2	0
0	0
11	15
0	330
0	337
0	1173
3	16
1	81
0	0
14	1
0	5
0	0
0	0
0	60
0	47
0	332
0	2
0	5
0	213
3	58
0	0
3	1069
0	8
0	308
0	35
4	7
0	3174
0	0
7	7569
1	0
0	3
0	234
4	0
0	245
0	12
0	0
0	29
0	37
0	63
0	0
0	0
1	124
4	45
0	21
0	0
7	46
0	0
21	556
0	45
1	0
0	9775
0	8
0	0
0	0
0	115
2	0
0	104
20	4
0	1308
0	0
0	15
0	94
0	118
0	0
17	1283
0	3
0	95
0	108
0	180
2	106
0	165
0	62
1	38
1	21
0	1023
1	83
0	7
0	311
0	0
1	3182
0	0
0	0
3	191
0	129
0	1
0	41
0	56
0	4
52	709
0	0
0	44
0	82
0	0
0	0
0	298
0	1
0	0
0	129
0	46
1	378
0	15
0	137
1	8
0	0
0	27
0	383
0	0
0	1
1	1844
0	0
0	1
0	806
0	0
0	0
2	14
0	18
0	1
0	17
0	27
0	19
0	0
0	5
1	67
0	21
0	0
53	0
4	1
0	15
0	1167
0	96
3	30
0	146
0	11
0	19
0	0
0	106
0	153
0	0
0	0
1	2532
0	0
0	0
0	0
0	0
0	0
6	8
0	0
146	28
0	3
0	433
0	36
0	3
256	55
0	0
0	74
0	0
1	5
0	114
19	56
0	0
0	1
0	0
0	0
0	0
0	32
6	96
0	76
2	0
0	7
0	0
0	0
3	224
3	14
0	2
0	12
1	78
0	67
0	0
0	3
0	1
0	2
24	162
0	0
0	0
0	0
0	15
0	0
0	0
0	0
0	0
1	416
0	0
0	0
0	100
14	559
0	7
0	0
0	1
4	50
0	226
0	0
0	5
0	0
0	27
0	29
0	899
0	0
0	0
0	9
0	60
0	0
0	20
0	123
0	3
0	33
13	37
0	0
0	204
0	14
0	17
0	58
0	0
0	683
0	0
1	372
0	2
0	0
0	0
0	13
1	104
5	99
0	0
0	0
0	158
0	0
0	0
0	10
1	155
0	3
0	32
0	0
0	40
2	664
0	13
0	0
0	129
0	0
0	163
0	77
0	0
0	25
0	0
0	0
0	23
0	127
0	0
0	0
0	26
0	1
0	219
0	0
0	22
0	0
0	1702
0	108
0	0
0	0
0	0
0	1
1	5
0	0
8	454
0	0
2	2
0	15
0	0
0	382
0	0
0	74
0	0
0	0
0	35
0	7
0	173
0	9
0	21
0	0
0	250
0	83
0	0
0	0
0	700
1	144
0	0
0	56
0	0
0	2
0	0
0	0
0	2
1	59
0	0
0	1988
0	3
0	48
1	281
0	9
0	144
0	1
0	3
0	0
0	0
0	48
0	2
0	22
0	0
0	38
3	155
0	0
0	13
0	452
0	0
0	250
0	0
2	57866
0	62
0	0
0	166
0	46
0	219
0	516
0	0
0	4
11	129
0	124
6	15
0	95
0	2
0	531
0	0
0	0
0	1
0	3
0	0
0	22
0	1
0	0
0	11
0	0
0	0
0	0
0	517
4	43
0	64
0	0
0	7
0	0
1	566
0	2
0	83
4	0
0	0
0	0
0	17
0	0
0	0
0	0
0	0
0	15
0	0
0	11
0	0
0	0
1	4
0	0
0	32
0	0
0	1
0	287
1	6033
1	0
0	0
0	0
0	0
0	0
4	40
2	671
0	2
0	57
0	13
0	7
0	35
1	0
0	0
0	0
0	530
0	245
0	0
2	5
5	10
0	25
0	19
0	73
0	6
0	1
0	0
0	191
0	9
0	27
0	155
0	21
0	59
2	1391
0	13
1	6
0	464
3	30
4	324
0	26
0	2
0	282
0	241
0	25
0	0
14	1151
0	11
0	0
11	722
1	84
0	3
0	5
0	0
0	78
0	0
1	8
0	0
0	1
0	64
1	22
0	0
0	0
0	14
0	14
0	0
0	1
0	7
0	0
0	0
0	0
0	42
0	79
0	0
0	572
0	0
0	45
0	0
1	97
0	0
0	4
0	31
0	46
58	622
0	0
0	0
0	0
0	0
0	0
0	0
0	1
0	76
0	118
0	0
0	0
0	0
0	0
0	0
0	372
0	19
0	1
0	33
0	0
0	0
1	182
0	0
0	80
0	0
0	3
0	28
13	185
1	9
1	26
1	343
1	175
0	276
0	3
0	0
0	0
3	77
0	4
0	1075
1	657
2	991
0	0
0	0
0	48
0	3
115	0
0	79
0	34
0	65
0	35
0	0
0	22
0	7
0	0
0	0
1	30
0	920
0	0
0	30
0	132
1	1
0	658
0	27
1	3
0	6
0	1
0	0
2	3
0	0
0	0
0	0
0	62
2	5
0	0
0	151
0	0
0	295
0	178
0	3864
6	23
0	156
0	0
0	0
0	13
1	41
0	0
0	392
0	2
0	0
0	44
0	5
0	2
0	205
0	0
0	11
0	88
0	3350
0	30
4	154
0	56
0	8
7	38
0	1
0	0
1	6
0	0
0	88
0	0
0	0
0	0
0	237
1	36
3	6
1	16
0	5
3	177
0	8
0	7
1	249
0	20
0	11
0	390
0	0
0	0
0	124
1	15
0	38
0	2
0	9
0	0
0	0
0	15
0	11
0	549
0	9
0	1549
0	0
1	261
0	6
0	0
0	343
0	66
0	0
0	39
0	18
0	1
0	1
0	8
0	105
0	0
0	6
0	0
0	1
4	554
0	68
0	0
0	0
0	4
2	43
0	0
3	186
0	10
0	19
0	0
0	0
0	14
1	6
0	32
0	2
0	4
5	284
0	37
0	0
0	3
0	2
0	1026
0	105
0	0
0	0
3	2814
0	5
0	125
0	39
1	138
0	4
0	0
0	3
0	17
0	0
1	1
1	47
0	113
0	0
0	0
0	40
0	0
0	0
0	83
15	15
0	2
0	0
0	19
0	22
0	0
0	1
0	1
0	0
0	0
1	8
6	103
27	59
0	0
0	0
0	107
0	0
1	538
1	0
0	46
1	0
1	51
3	10705
0	0
0	10
0	0
0	0
0	143
0	1
0	0
0	1250
1	35
0	0
0	0
0	0
0	0
9	5
0	0
0	65
0	30
0	1
0	0
0	0
0	0
0	10
0	144
0	46
0	199
0	0
2	72
0	71
0	12
0	3
0	0
0	0
0	127
0	0
0	23
0	0
0	27
3	48883
1	6
0	0
0	15
2	7
0	37
0	0
0	24
0	0
0	7
0	7
0	1
0	0
0	63
0	33
0	2
0	209
0	0
0	42
0	1
0	26
1	4
1	190
0	285
0	0
0	0
0	0
1	113
0	57
0	0
13	47670
0	1928
0	91
1	0
0	0
2	15
0	12
94	6827
2	42
5	72
1	2
0	19
0	0
0	0
1	15
0	5
1	1
0	0
1	304
0	0
0	4
0	7
1	549
0	1
0	77
0	0
2	115
0	53
2	18
299	1749
0	1
0	24
0	19
0	3
1	72
0	0
0	0
0	85
6	1
1	1
0	13
0	51
0	0
1	0
0	1
0	56
0	0
0	222
0	2
0	1
2	24
1	0
0	95
0	7
0	0
0	0
0	193
0	0
0	0
0	69
0	15
0	6
1	2132
0	368
0	0
9	643
1	2
0	0
0	23
0	247
0	75
0	269
0	1
0	13
0	0
0	0
0	0
0	0
0	16
52	1566
0	0
0	0
0	0
0	1
0	0
1	81
0	87
5	21
4	156
5	94
0	0
0	39
0	35
0	83
0	311
0	0
0	1
0	1
5	2668
0	0
2	7
0	0
0	0
0	0
0	0
1	269
3	822
0	0
0	0
0	82
0	1365
0	5
0	68
0	0
0	50
0	0
0	12
1	77
0	0
4	304
0	0
12	13
0	97
0	0
0	89
0	10
0	0
0	170
0	0
0	0
0	0
0	0
0	2
0	0
0	1
0	0
0	5
0	20
0	36
0	121
0	0
3	448
0	15
0	153
0	476
1	16
0	8
1	292
0	391
0	21
0	0
0	0
0	28
0	45
0	6
0	0
0	1085
0	64
2	193
0	1
0	1
0	31
0	63
1	0
0	285
1	23
6	2153
1	77
1	5
0	13
0	0
1	236
0	138
0	0
0	0
1	3809
3	20
0	255
0	50
0	15
0	0
0	2
0	68
0	321
0	3
0	9
0	46
0	0
415	6805
0	0
0	49
0	3
0	10
0	0
0	223
0	0
0	0
0	2
0	0
1	18
0	11
0	0
0	3
0	22
0	0
0	15
3	98
0	14
0	12
0	27
0	10
0	889
1	0
0	194
0	27
0	0
1	280
0	127
0	0
0	0
0	138
0	3
0	41
2	11
0	20
0	0
0	0
0	42
1	0
3	51
2	2
1	1143
0	32
0	29
0	11
1	267
0	52
0	0
0	107
0	0
0	257
0	7
0	0
0	0
0	9
0	13
0	0
0	53
2	553
16	140
0	0
0	0
0	45
0	11
0	0
0	26
0	47
4	0
0	11
0	90
0	0
0	0
0	171
0	0
0	0
1	12
0	0
0	70
0	1
0	1
0	50
6	7
0	0
0	78
0	35
0	108
0	163
0	0
1	49
0	0
0	0
0	24
0	6
0	0
0	54
0	0
0	32
0	405
9	23
3	197
0	105
0	0
0	10
0	621
0	13
0	0
0	114
0	29
0	20
0	0
0	87
0	0
0	0
0	0
0	0
0	15
0	251
0	39
0	108
0	0
1	430
0	0
0	0
0	17
0	178
0	63
0	0
0	18
0	70
1	69
0	24
0	5
0	1
0	442
0	18
0	0
0	82
0	0
0	0
0	0
0	1
0	0
0	0
0	87
0	1
0	30
140	36
1	0
0	6
0	0
0	0
0	0
0	0
0	17
1	46
0	52
0	2
0	59
1	165
0	4
0	0
0	251
0	0
0	0
0	6
1	9
0	3
0	0
0	226
9	441
0	0
0	0
0	0
0	5
0	13
0	9
0	562
0	1
12	35
1	7
0	0
0	18
0	62
0	180
0	163
0	0
0	0
0	128
0	7
1	14
0	1
0	43
1	212
0	49
0	8
0	12
0	25
1	1129
0	18
0	10
0	2
0	0
0	43
0	167
2	43
2	756
0	0
0	5
0	0
0	139
0	0
27	0
0	63
0	0
0	11
22	513
0	0
0	106
0	25
0	71
0	0
0	271
0	938
0	11
0	0
1	7
1	13
0	1
0	15
0	27
0	0
0	59
0	254
2	120
0	0
0	4
0	9
0	0
0	0
0	11
2	40
15	1
0	0
1	78
0	0
0	23
0	0
0	0
0	0
0	1176
0	2
0	22
0	0
4	9
0	439
0	0
0	3
0	30
0	0
2	169
0	0
0	8
0	2
0	1
0	0
4	42
0	0
0	203
0	21
0	13
0	0
1	12
0	0
0	1
0	1052
0	0
0	22
0	0
0	2139
0	866
0	640
0	60
1	62
0	74
0	15
0	287
0	3
0	13
0	0
0	361
1	432
0	8
0	14
2	288
0	476
0	9
0	39
0	337
0	0
0	35
1	2
0	0
0	1089
0	0
0	3899
1	25
0	0
0	231
1	4
0	0
0	0
30	857
0	35
0	37
0	0
0	314
0	123
0	15
0	0
0	15
12	60
0	1
1	63
0	0
4	51
0	68
0	0
0	46
0	23
0	0
0	190
0	0
0	1
0	36
0	0
0	1
0	16
0	0
2	3
0	0
0	158
0	0
0	23
0	0
0	0
0	252
2	60
0	0
1	460
0	3658
35	7
2	337
0	1
0	0
0	0
0	29
30	279
0	7
0	3
1	145
0	79
0	1
0	538
1	912
0	23
0	2
0	0
0	7
0	6
0	18
2	255
1	0
0	9
0	4
0	145
0	0
0	1
0	350
0	11
0	63
0	8
1	1
0	21
1	241
0	33
0	122
0	0
0	446
0	226
1	95
0	1168
0	209
1	119
0	0
0	0
0	1
0	1651
1	1
0	37
0	1
0	0
0	0
0	7
0	1
0	0
0	5
0	0
0	0
0	0
0	8
0	10
0	0
0	0
0	0
0	11
0	70
0	0
70	52
0	13
7	400
0	182
0	49
0	0
0	0
0	0
0	829
0	0
0	65
0	33
0	0
11	23
0	51
4	284
2	64
0	31
0	441
1	79
0	0
0	0
0	84
0	2
0	0
0	0
0	2
0	0
0	12
0	63
0	0
0	0
0	0
0	0
0	0
0	0
1	0
0	5
0	548
0	55
0	44
0	6
0	18
0	0
0	5
0	0
0	0
0	11
0	1
0	0
0	0
0	0
0	0
1	1
4	893
1	37
0	151
0	75
5	69
4	200
0	0
0	28
0	70
5	47
0	0
0	5
0	26
0	5
0	0
0	0
0	0
0	11
0	198
0	111
0	20
0	0
0	124
0	173
0	0
0	0
0	0
0	175
0	385
0	1
0	0
0	0
1	757
0	251
0	400
0	290
4	14
0	1
0	84
1	0
0	1
0	0
0	17
0	11
0	0
0	913
0	3
0	1
0	3
0	10
4	23
0	2
0	0
1	537
0	1
0	17
0	1
142	2880
0	8
0	5
0	9
0	0
1	8
0	0
0	16
0	2
0	25
0	12
0	0
0	3
0	166
0	0
0	0
0	0
0	0
0	45
1	1
0	3
0	263
0	26
0	0
0	26
0	0
0	18
0	0
0	167
0	36
1	332
0	2
0	401
0	0
1	21
0	0
0	31
1	235
0	0
0	60
6	8451
0	0
0	1
0	15
0	3
0	0
1	597
0	20
0	0
0	0
0	0
0	0
0	0
0	0
2	761
0	2
0	1
0	5
0	0
0	134
0	0
0	45
0	12
0	42
0	1
0	6
0	2
3	2858
0	124
0	2
0	5
0	0
0	0
0	0
0	1
0	0
0	197
0	396
0	33
1	147
0	0
0	54
0	0
0	122
0	30
1	113
0	0
3	45
0	0
0	15
0	0
0	1
1	15
0	0
0	70
0	32
0	35
0	12
0	120
0	0
0	85
0	0
0	52
0	89
0	6
1	80
0	3
0	615
0	0
0	48
0	0
0	50
2	1
0	0
0	0
0	90
0	0
0	41
1	95
0	0
0	0
0	0
0	8
0	22
18	136
0	24
1	0
0	0
0	1
1	1
0	10
0	1018
0	54
0	3
0	0
0	0
0	796
0	54
3	230
3	107
15	8
0	3
3	584
0	15
6	37
0	14
0	39
1	405
0	14
0	399
0	28
0	0
0	590
0	71
0	0
0	4
0	0
0	0
0	387
1	2
0	0
0	43
0	7
0	73
11	46
0	17
0	11
0	53
0	0
0	52
45	3
6	8
0	0
0	0
0	14
0	85
0	0
5	275
0	406
0	229
0	0
0	0
0	2
2	4272
0	173
0	160
0	19
3	249
0	0
6	40
0	125
0	16
0	1
0	0
48	92
0	0
0	56
0	3
0	3
0	27
0	0
0	103
2	254
0	0
0	0
0	48
0	0
0	1
0	0
1	121
0	34
0	0
0	0
0	0
0	47
0	229
0	0
1	0
1	2
0	50
0	90
0	0
0	7
0	15
0	1
0	12
0	303
30	655
54	74
9	174
0	0
0	301
0	4
0	13
0	137
0	1
0	0
0	1
0	0
0	30
0	5
0	0
0	27
0	24
0	11
0	21
3	0
0	0
0	730
0	0
2	0
0	190
0	0
0	63
0	0
0	2
0	84
0	1
0	0
3	7
0	37
0	61
0	0
0	231
0	0
1	15
0	6
161	0
0	4
3	159
0	0
0	0
0	40
0	95
2	0
0	261
0	0
0	0
0	0
0	79
0	0
0	439
0	3
0	0
0	0
1	87
0	0
3	0
0	121
12	0
4	533
0	0
0	70
0	38
5	209
0	33
0	0
0	2
0	10
0	0
0	0
0	0
0	65
0	76
0	6
1	3
0	292
3	787
0	10
0	8
1	707
0	0
0	102
0	62
0	25
0	9
0	44
0	0
3	11
0	30
0	12
0	2
0	258
1	21
0	69
0	14
0	174
2	4
0	25
1	170
0	0
0	10
0	1684
0	0
0	259
0	0
0	0
0	0
0	0
2	72
0	7
0	178
0	0
4	82
0	5
1	3
0	1
0	26
0	0
0	0
0	78
0	0
0	0
0	82
0	10
0	0
1	317
0	3
0	56
0	25
0	6
10	1473
0	13
0	178
0	337
0	174
0	58
0	62
0	77
0	0
0	0
0	139
0	129
0	0
0	259
0	98
1	25
0	21
0	153
0	98
0	0
0	1118
1	24
0	0
0	66
0	1
0	10
0	0
0	4
0	1
0	0
0	27782
0	124
0	10
3	1009
0	0
0	0
0	1077
0	49
0	4
0	0
0	5
0	5
0	3
0	0
0	0
1	152
0	7
0	9
0	21
29	370
1	62
1	23
0	0
0	0
0	0
0	0
0	0
0	159
0	0
0	15
0	16
4	342
0	3
0	0
1	111
6	162
10	31
2	42
2	35
3	82
0	2
0	4
0	9
0	496
0	7
0	41
0	113
0	48
0	3
0	19
0	14
0	11
0	1
0	150
0	0
0	165
0	2
27	173
0	0
0	252
0	127
0	17
0	28
0	29
0	0
5	25
0	12
1	448
0	0
0	171
1	0
0	0
2	18
0	0
0	1
0	0
0	3
0	112
0	24
1	40
0	122
0	0
0	0
0	3
0	0
0	0
0	0
4	3
0	1
5	3
0	215
0	0
1	23
0	0
0	0
0	0
0	0
0	0
0	0
0	0
0	0
0	27
0	69
0	239
0	6
0	2
0	2
0	0
0	221
0	1
0	92
8	305
0	30
0	0
2	64
0	0
0	0
0	8
0	8
0	0
0	1163
0	0
0	124
0	0
5	13
0	3
0	0
2	157
2	23
0	1
1	0
0	0
0	18
0	0
0	0
0	0
0	0
0	0
3	59
0	3
2	446
0	0
0	92
0	12
0	2
0	191
0	2
2	2
0	47
0	8
0	67
0	144
0	25
0	0
0	60
0	429
0	432
0	2
0	0
1	0
0	9
0	310
0	4
0	50
0	8
0	125
0	26
1	171
0	32
1	106
0	59
0	0
0	3
3	99
2	35
0	226
0	226
0	0
0	58
0	6
0	0
0	423
0	2928
0	18
1	3
0	8
0	1
0	2
0	0
0	0
0	2
0	44
0	0
0	0
0	671
0	3
0	6
0	18
0	56
0	24
0	0
0	21
19	9
12	2
0	195
0	2
0	1488
0	4
7	91
0	336
0	0
0	140
0	8
0	2
0	0
0	0
0	0
0	3
0	39
0	15
0	1
0	22
0	0
2	59
0	38
0	160
0	0
0	0
0	0
0	0
1	256
0	0
0	4
1	18
1	15
0	59
0	50
0	0
0	0
0	513
0	21
0	0
0	428
0	102
0	0
0	188
1	287
1	27
1	28
2	66
3	3
0	48
0	0
0	339
0	0
0	0
3	387
0	239
0	0
6	25
0	91
0	224
0	49
1	73
0	64
0	0
0	16
1	41
0	5
1	5
0	0
0	1
1	12
0	16
0	111
0	1
8	251
0	417
2	177
0	454
1	0
0	19
0	68
0	1
0	5
0	435
0	27
0	23
0	5
1	1
0	457
0	56
0	16
1	19
0	24
0	353
0	0
0	69
0	10
0	0
0	2
0	5
0	16
0	483
1	2
0	0
0	2
0	156
0	9
0	0
0	0
0	274
0	0
0	0
1	2
0	16
1	2
9	679
0	110
0	0
0	280
12	105
0	1
0	0
1	56
5	240
0	0
0	42
0	0
0	28
1	65
0	488
2	516
0	378
0	3
0	0
0	0
0	19
0	142
0	0
0	0
0	137
0	121
0	184
0	3
1	181
19	134
0	1
0	6
3	15201
0	1
15	492
0	0
0	81
0	0
0	1
3	129
0	99
0	1
0	0
4	7
0	23
1	108
1	49
0	34
0	2
0	53
0	230
0	0
2	2
0	0
0	0
0	132
5	1
0	866
0	76
0	129
0	0
0	322
122	1986
0	0
0	0
0	0
0	40
0	6
1	22
0	0
0	29
0	0
0	13
0	135
1	2
0	69
0	31
0	2
0	0
0	0
1	21
0	0
0	5
0	21
0	8
0	1
0	0
0	258
0	0
1	327
0	0
0	42
0	0
0	5
0	143
0	0
0	52
0	0
0	68
5	29
0	159
70	20
0	81
0	459
1	43
0	0
2	1
0	0
0	0
2	219
0	26
1	15
0	206
0	0
0	4
0	0
3	29
1	9
0	103
0	10
0	109
0	87
0	289
2	62
0	0
0	0
0	0
0	6
0	51
0	0
0	7
0	77
0	0
8	3
0	0
0	212
0	0
0	0
0	5
0	10
0	1
0	0
0	0
0	0
0	2
0	0
4	60
0	247
0	27
2	0
0	332
1	1
0	272
1	1197
9	4536
2	184
0	25
0	0
0	65
2	21
0	0
0	5
0	26
0	2
0	0
0	0
0	546
0	4
0	11
0	2776
0	7
0	324
2	74
0	83
0	6
0	47
0	0
0	0
0	0
0	18
0	0
0	19
0	68
0	0
0	0
0	0
0	8
0	219
0	0
0	0
0	23
0	0
0	19
0	153
7	10
0	0
0	0
0	27
1	166
0	0
0	18
0	0
0	1
0	0
0	25
0	30
0	0
0	29
1	34
0	0
0	80
0	19
2	49
0	0
0	259
9	2282
0	6
0	1
0	198
1	23
0	0
0	7
0	539
2	5
0	0
0	70
0	16
6	8763
0	476
0	1
0	199
3	83
1	16
0	278
0	0
0	0
0	0
0	471
0	0
0	6
0	1
0	0
0	12
0	0
0	5
0	0
0	0
1	111
0	21
0	0
0	0
0	0
0	11
2	48
0	0
0	1
0	6
47	15
6	59
0	0
0	1
0	0
0	71
0	0
0	424
0	0
2	98
0	0
0	2
0	0
0	21
0	6
0	66
0	1
0	719
1	1
0	154
0	1081
0	15
0	0
0	75
0	76
0	509
0	9
0	120
0	41
0	95
0	18
0	96
0	6
0	68
2	240
23	11
0	0
0	0
3	3
0	35
0	0
0	0
6	80
0	28
0	0
0	21
0	0
0	0
0	112
0	729
0	1
0	0
0	43
0	0
0	1
0	0
5	358
0	0
0	1
0	0
0	0
0	5
0	4
0	37
0	23
0	11
1	330
0	30
0	753
5	11976
1	155
0	0
0	40
0	1360
0	14
0	1
0	0
0	49
0	0
0	15
0	0
0	310
0	170
0	0
0	0
1	282
0	123
0	0
0	3109
1	1
0	0
0	0
5	1005
0	41
0	0
8	2
2	10
0	0
1	35
0	83
1	78
1	41
1	4
0	0
0	47
0	0
9	410
2	538
0	50
0	0
0	3286
0	11
0	1
0	159
0	0
0	0
2	1332
3	4
0	14
2	13
0	59
3	1052
1	544
0	0
0	2
0	1
0	240
0	0
0	0
0	137
0	5
0	0
0	150
0	0
0	9
32	20
1	682
1	1
0	114
1	81
0	27
0	50
0	173
0	42
0	71
0	30
0	0
1	15
1	0
2	26
0	10
0	46
0	0
2	9
0	111
0	6609
0	0
4	29
0	0
1	0
0	0
1	75
0	108
0	9
1	308
1	88
0	0
0	256
0	0
0	218
0	2319
0	7
0	18
0	3
0	96
0	4
0	451
0	34
0	0
0	0
0	110
0	0
0	0
0	18
0	0
2	2205
0	172
0	0
0	21
1	104
15	240
1	114
24	1206
0	1
0	15
0	0
0	0
4	748
0	0
0	39
0	0
0	0
0	0
0	0
0	5
0	7
1	13
0	4
0	0
0	0
0	0
0	0
0	0
0	1
1	223
0	9
0	83
0	7
1	0
0	5
0	101
0	0
1	3
0	12
0	5
0	306
0	1
0	10
0	27
0	58
0	14
0	0
0	0
0	63
1	40
0	183
0	33
0	1
0	10
0	56
0	0
0	1058
0	0
0	2
0	38
0	0
0	41
0	124
0	326
8	8
0	0
0	0
0	0
0	604
0	303
0	0
0	45
0	0
0	1
0	0
0	129
0	118
1	526
0	0
0	1
0	13
0	2
0	14
0	22
0	40
0	0
0	36
0	0
0	3
0	0
4	5
0	412
0	55
0	0
2	77
0	0
3	41
0	2
0	90
0	0
0	83
3	7
1	4027
0	63
0	0
0	5
2	61
0	0
0	0
0	261
0	0
0	192
0	75
0	198
0	9
0	232
0	4
0	2
1	217
0	153
3	58
0	44
0	109
0	0
0	0
0	0
0	39
0	329
0	0
0	0
0	0
0	153
0	229
0	0
0	1378
0	18
0	3
0	1
0	107
0	121
1	25
0	89
24	1350
0	325
0	0
0	0
0	324
0	72
8	101
0	0
0	136
0	770
0	54
0	0
0	0
0	26
0	0
0	27
0	21
0	0
0	78
0	12
0	7
0	218
0	0
0	50
0	55
0	22
0	182
0	0
0	4
0	0
2	23
0	344
1	8
0	140
0	16
0	0
0	0
0	208
1	3
0	24
0	343
0	23
0	2
0	0
0	9
0	23
0	258
0	0
1	173
0	38
0	29
0	11
0	0
0	62
0	44
0	0
1	2
0	1
0	46
11	82
1	3
1	230
0	348
0	12
0	23
0	0
0	0
0	87
1	2
0	63
0	4
0	29
0	1586
0	0
0	33
0	210
0	30
0	354
0	0
0	190
0	0
0	9
0	144
0	21
0	0
0	472
3	305
0	211
0	608
0	9
0	43
0	0
0	0
0	1
0	1969
0	185
0	0
0	5
0	79
0	52
0	112
0	23
2	1978
0	0
0	8
0	50
0	0
0	271
0	0
0	68
0	0
0	32
0	677
0	155
1	10
0	1
0	0
2	0
0	0
2	9
0	31
0	61
0	2951
0	1158
0	10
0	0
0	5
0	633
0	13
0	202
0	0
0	0
0	1
0	0
1	12
0	3
0	28
0	163
0	6
0	1
0	2
0	0
0	0
0	124
0	135
0	27
0	9
0	0
0	178
0	38
0	0
0	1
1	2024
0	5
0	10
0	69
1	59
0	2
0	3
0	51
0	50
0	13
0	136
0	0
0	0
0	33
0	133
0	538
0	0
0	0
0	0
0	42
11	34
2	0
0	51
0	0
1	322
0	220
0	5
0	21
0	0
3	299
0	0
0	77
0	0
0	0
0	3
3	4
0	14
0	9
0	120
0	39
8	77
0	262
0	0
0	168
3	56
0	63
0	246
0	2
0	12
0	37
0	0
0	71
0	0
0	0
0	14
0	0
0	1734
1	108
0	7
0	126
0	1
0	6
3	170
0	80
0	0
18	28
0	0
0	360
0	84
0	2
0	0
0	20
2	40
2	277
0	0
0	90
2	151
0	63
0	0
3	53
0	1
0	0
0	0
0	0
0	0
0	19
0	0
0	0
1	0
0	423
0	1207
0	71
9	223
6	6
0	21
0	30
0	0
0	49
0	385
0	348
0	53
0	0
6	1
0	0
0	0
0	0
0	0
0	20
0	4
2	1031
0	217
0	120
0	1
0	105
10	147
0	137
0	235
0	50
0	0
0	249
2	0
0	0
0	5
0	56
0	0
1	5
0	23
0	1
0	0
0	0
0	1
0	0
0	0
0	0
0	199
1	300
0	0
1	231
0	337
0	57
0	0
0	20
3	11
0	253
0	0
1	807
0	0
0	114
0	219
0	10
0	1
2	484
0	1
0	3
0	0
0	0
1	5
0	152
0	522
0	30
0	79
3	93
0	0
1	3
0	20
0	136
0	0
0	1
0	96
0	0
0	0
0	0
1	30
0	280
0	0
0	1049
0	0
0	169
5	358
0	1182
0	176
0	0
0	9
0	0
0	6
0	0
3	33
9	103
0	20
0	0
0	3
0	0
0	3
1	0
0	0
1	244
0	244
0	0
0	0
3	753
0	0
0	0
0	126
0	30
0	10
0	0
0	66
0	0
0	18
0	0
3	113
0	5
0	0
0	0
0	0
0	0
0	51
0	0
0	0
0	0
0	1
0	87
0	18
0	4
0	1
0	1
0	34
0	197
0	0
0	0
8	108
1	160
0	20
2	34
0	314
0	40
0	0
0	19
0	46
0	10
0	14
0	0
0	41
0	0
0	309
0	1
0	0
0	0
0	15
0	0
0	43
0	173
0	95
0	0
0	22
0	0
0	0
0	86
0	409
0	3
0	8
0	12
0	153
0	0
1	29
0	3
1	407
0	1
0	0
0	0
0	13
0	3
0	23
0	11
0	2
0	0
0	4
0	58
0	113
0	0
0	11
1	74
0	3
0	0
0	10
0	18
1	455
0	229
0	0
0	42
0	0
0	0
0	0
0	1
0	5
0	13
0	0
0	0
1	21
0	57
1	23
0	2
0	0
0	3
0	0
0	4
0	54
0	0
0	54
0	159
0	0
0	0
0	0
0	0
0	0
1	1
0	0
1	46
1	1
0	121
0	4
0	0
0	63
0	61
0	0
0	1068
0	0
0	1
0	0
0	1
0	0
0	6
0	65
25	139
0	34
0	1606
0	32
0	123
2	26
0	0
0	539
0	0
0	0
0	0
0	11
0	0
0	113
2	5
0	40
0	0
0	0
0	162
0	149
0	0
0	21
0	446
0	6
1	77
0	0
1	28
6	4
1	94
0	0
1	0
0	56
1	67
0	0
0	1
0	2
0	0
0	64
0	0
0	485
0	228
0	0
0	1
0	315
0	91
1	33
1	5
0	0
0	32
0	954
0	223
223	376
0	0
0	0
0	21
2	100
0	338
0	7
0	58
0	33
0	38
5	10
0	1
0	0
0	0
0	0
0	0
0	0
0	0
0	0
11	153
0	13
0	33
6	38
0	23
0	0
0	0
0	3
0	194
2	702
0	3
1	31
0	0
0	0
0	131
0	234
0	47
0	0
0	310
0	0
0	0
0	804
0	0
0	9
0	3
0	0
0	0
0	0
3	0
0	0
1	0
1	12
0	409
0	0
0	82
0	1373
0	6
0	91
11	30
0	0
0	0
2	22
0	280
0	20
1	465
0	9
1	7
0	3647
0	15
6	80
0	21
0	35
0	1
0	0
0	1
5	2387
2	47
0	0
0	13
0	0
0	8
0	0
0	48
0	18
0	96
0	13
0	0
0	24
0	1
2	13
1	0
0	8
0	1
0	8
0	867
0	0
0	288
0	5
0	0
0	124
1	5
0	0
0	0
0	0
0	145
0	105
0	100
0	2
0	39
3	13
3	28
0	0
2	0
0	2
1	77
0	0
0	0
0	0
0	166
1	259
0	630
1	2
0	0
0	122
0	80
0	0
0	0
0	0
0	295
0	650
0	4
0	0
0	0
0	17
0	26
0	391
0	0
0	55
0	1
0	19
0	0
1	9
0	43
0	0
0	273
0	2
0	4
5	98
0	0
0	0
0	0
0	0
0	269
3	1
2	4
0	0
0	5
5	561
0	1400
1	6
0	16
0	0
0	12
0	0
0	487
0	0
0	16
0	11
0	178
0	154
1	233
0	70
0	3
0	39
0	0
0	51
0	0
0	30
1	0
0	65
0	167
0	0
0	1958
0	1
0	4
0	0
0	334
1	81
0	446
0	0
0	0
0	0
1	539
0	0
0	0
0	14
0	79
11	89
0	3
0	369
0	2
0	30
0	409
0	232
0	0
3	0
0	38
0	39
0	12
0	168
0	0
0	0
0	78
0	117
0	63
0	5
0	32
0	0
0	33
0	0
0	1
3	3985
0	0
0	0
0	187
0	170
3	123
0	4
0	0
2	109
0	16
1	3878
3	424
0	15
0	9
0	154
1	1
0	0
0	125
0	0
0	25
0	0
1	0
4	6
0	0
0	0
1	20
0	0
0	1
0	3
1	0
0	0
0	0
0	51
0	141
0	0
0	0
0	10
0	7
0	620
35	8
0	0
0	0
0	0
0	41
0	0
0	14
0	103
0	0
0	0
0	12
0	0
0	0
1	1
0	86
0	0
0	119
0	3
0	0
0	14
12	17
0	9
0	4
0	177
0	301
0	387
0	516
0	0
2	0
0	0
0	0
0	762
0	0
0	1
0	2
0	7
0	0
0	13
0	4
7	367
0	0
0	0
0	0
0	8
0	38
0	193
0	0
0	0
0	0
0	36
0	23
0	19
0	0
0	61
0	0
0	1
3	135
0	0
0	0
0	0
1	0
0	166
0	59
0	117
0	11
1	0
0	0
0	1
0	45
0	0
0	0
0	0
0	1
0	639
0	0
0	2
1	1
0	0
0	6
0	0
0	0
0	4
0	1
0	132
0	0
1	1
0	0
1	3
0	0
2	179
2	1
0	0
0	58
0	22
0	358
0	0
0	14
0	15
0	0
0	0
0	0
0	0
0	1
0	0
0	160
0	2
0	5
0	19
5	141
0	83
0	7
0	0
0	73
1	237
0	8
0	1
0	0
0	126
0	0
0	5920
0	22
1	507
0	192
0	0
0	3
0	4
0	1
0	197
0	2
0	23
0	0
0	105
0	0
0	0
0	0
0	0
0	104
0	4
0	28
0	0
0	0
0	0
0	9
2	2
0	97
4	43
0	22
0	112
1	12
0	9
0	0
0	3
0	3
0	0
0	0
0	159
0	67
1	356
2	19
1	112
0	0
0	0
0	4085
0	0
0	0
0	75
0	4
0	1
0	0
0	0
0	18
1	141
0	0
56	515
0	323
3	251
0	0
0	149
4	4
0	0
0	47
0	0
0	5
0	0
0	0
0	2
0	0
0	3
0	381
0	6384
0	0
0	11
1	0
3	993
0	0
0	60
0	20
0	0
1	0
0	250
0	0
0	6
0	2
0	3
1	68
0	19
0	68
0	56
0	122
2	278
0	8
0	161
0	146
0	0
0	0
0	0
0	141
0	47
0	0
0	39
0	0
0	12
0	0
0	0
7	422
0	0
0	0
0	1
0	8
0	95
0	34
0	10
9	271
0	585
0	1
0	149
0	1
0	0
0	1
0	0
0	0
1	22
0	0
0	12
1	194
3	0
0	3
1	140
0	0
0	176
0	0
0	0
0	4
1	15
0	0
0	1718
0	26
0	4
0	0
0	4
0	4
0	0
0	0
0	0
0	55
67	564
2	186
0	535
0	6
3	0
0	0
0	0
0	0
0	0
1	133
0	1
0	4
1	1
2	4
0	79
0	105
1	0
0	287
0	115
0	0
0	112
0	116
0	0
0	0
0	4
0	391
0	28
0	0
0	0
0	65
2	55
0	0
1	60
0	0
0	3
0	16
0	11
0	0
0	49
0	42
0	4
0	0
0	7
0	61
0	16
0	170
0	0
0	0
0	484
0	60
0	0
0	36
0	40
0	381
0	8
9	113
0	4
0	67
0	0
0	2
0	0
0	121
1	80
0	0
0	2
0	34
0	169
0	985
2	39
0	0
0	0
4	441
0	1
1	414
9	52
0	922
0	0
0	0
1	0
0	634
3	1
0	0
0	20
1	24
0	0
0	45
0	0
3	77
2	105
0	23
0	0
3	534
0	10
0	758
0	0
1	3
6	295
0	175
0	58
0	33
0	0
0	0
0	95
0	0
12	373
0	0
0	703
0	0
0	36
0	1
0	37
0	94
0	1323
0	202
0	7
0	0
0	32
1	38
0	149
0	0
65	11815
0	6
0	34
8	20
13	173
0	47
0	0
2	23
0	89
0	0
2	0
0	29
0	0
0	5
0	1
0	435
0	24
0	0
0	17
0	0
0	0
0	254
0	6
0	2
0	1
0	1437
0	7
0	46
1	756
0	1
1	473
0	0
0	0
0	309
0	0
0	134
3	80
41	1
0	312
0	10
0	26
1	482
0	0
0	1
0	0
17	0
0	8
0	3324
0	0
2	9
0	66
0	0
0	60
1	59
1	43
0	8
0	0
251	5075
0	0
0	384
0	21
0	65
0	110
0	0
0	385
34	2
0	126
5	16
0	0
0	75
0	1
0	1
0	0
2	246
0	18
0	107
0	0
0	0
0	0
1	9
0	7
0	575
0	4836
0	5
0	0
0	3
0	0
0	85
0	10
0	1
0	0
0	7
0	22
0	0
0	1
0	21
1	382
0	14
9	11078
0	57
0	10
0	3
0	14
0	1
0	44
0	4
32	573
1	295
0	76
0	39
0	0
0	0
0	2
2	523
5	244
0	0
1	113
0	43
0	129
0	26
0	0
0	9
0	126
0	31
0	0
0	3
0	0
0	2
1	13
0	0
0	117
0	59
0	12
1	14
0	206
0	16
0	1
0	0
0	0
0	0
0	0
1	0
0	52
0	328
0	13
0	0
0	173
0	14
0	0
0	0
0	1
0	0
0	681
0	0
0	0
0	33
0	0
0	14
0	401
0	9
0	5
0	4
0	8
0	9
0	0
0	54
0	1
0	0
0	0
0	7
0	0
0	0
2	1064
0	372
1	106
0	0
0	33
0	0
0	0
0	2
0	19
1	42
0	0
2	66
0	140
0	379
0	48
0	156
0	2
0	0
2	1072
0	0
0	29
0	19
1	4
8	528
0	57
0	198
0	70
0	4
0	19
0	0
0	4
0	20
1	19
0	0
0	0
0	41
0	2
0	64
0	0
5	0
0	0
0	1
0	362
0	94
0	0
0	179
0	173
0	1
0	222
3	2
0	0
0	71
0	0
65	1
0	0
1	19
0	0
0	130
0	0
0	0
0	0
0	29
0	0
2	5897
0	0
0	1846
0	2
0	0
0	13
0	10
0	550
0	23
0	9
1	1
1	3
0	26
0	0
0	0
0	0
0	13
0	14
0	0
0	4
0	0
3	502
0	81
0	3
0	0
0	0
0	0
0	0
0	0
0	6
0	0
0	1
0	7
1	405
0	7
0	30
0	0
0	0
0	0
0	0
0	0
0	0
0	61
0	0
0	25
0	46
1	33
0	54
0	0
0	429
0	21
0	1
0	1
0	0
0	0
0	30
0	0
0	0
5	32
0	121
0	540
0	249
0	0
0	200
0	8
0	15
0	2
0	30
0	513
0	34
0	48
0	0
1	43
0	23
0	45
0	1774
0	7
5	14
0	2
0	46
0	1
0	12
0	0
0	45
0	1
1	3
0	0
0	8
0	1
0	2
0	1
0	0
0	47
0	253
0	1
0	0
0	0
2	0
0	0
0	33
0	106
0	0
7	9
0	0
0	38
0	14
3	5
0	2
2	133
2	35
0	8
2	64
0	19
0	88
0	282
0	0
0	0
0	3
0	1049
0	3
0	0
1	0
0	255
1	9
0	605
0	0
6	7
0	0
0	89
0	64
0	0
0	19
0	1
0	0
1	2
0	0
1	2
0	14
0	0
2	72
0	53
1	160
0	0
0	0
1	3110
3	112
19	588
0	0
1	0
0	0
0	0
0	2
0	0
5	5
0	29
0	76
0	0
0	2
2	649
4	0
6	126
1	0
3	110
8	48
0	4
0	1163
4	0
0	3
0	0
0	0
0	0
0	0
1	42
0	0
1	347
0	33
0	0
2	1732
5	780
0	1
0	4
0	9
0	0
0	0
7	61
0	425
0	0
0	0
0	1
4	88
0	0
0	0
0	0
0	0
52	84
0	0
0	48
0	5
0	180
0	10
0	0
0	0
0	0
0	0
0	0
47	91
0	120
1	3767
0	0
1	60
0	0
0	27
0	3
0	2
0	14
0	0
0	1
0	213
1	6
0	0
0	7
2	1
0	6
11	101
0	0
0	0
0	53
0	44
1	3
2	41
0	32
0	278
0	95
0	11
0	0
0	2
0	0
0	26
1	103
0	64
0	256
0	121
0	17
0	10
0	26
0	1
0	2
0	0
0	6
0	146
0	0
0	28
0	155
3	21
0	56
0	0
0	14
0	46
0	83
0	128
0	0
0	0
0	19
0	27
0	0
1	3
0	0
0	0
0	0
0	0
0	0
0	52
6	7
1	4
0	0
1	0
2	68
0	567
4	0
0	0
1	177
1	186
0	12
0	628
0	0
0	19
0	47
0	0
0	3
0	26
0	0
0	7
0	3
0	19
0	58
0	11
0	127
0	0
0	0
0	33
0	27
0	0
0	1
14	338
0	72
0	0
0	260
0	52
0	171
0	318
0	51
0	0
0	0
0	0
0	2
0	29
0	0
0	111
0	1
0	0
0	0
0	0
0	4
19	0
0	0
0	6
30	260
2	37
0	0
43	517
0	3
0	1451
0	31
2	60
0	37
0	0
0	334
0	42
0	502
0	1
0	0
0	0
0	0
0	0
2	0
0	0
0	170
0	1331
0	0
11	140
1	79
0	633
0	187
0	9
0	6
0	59
1	204
0	180
0	3
0	0
0	30
0	243
0	0
0	0
0	0
0	66
0	8
0	99
0	200
0	13
0	35
0	0
0	0
0	0
0	194
0	62
1	120
0	0
0	2
0	21
0	0
0	0
0	0
0	119
0	0
0	3
0	0
0	7
0	337
0	0
0	9
0	1
0	265
0	1415
0	13
1	342
0	0
0	0
4	187
0	699
0	0
0	0
0	1
1	0
0	65
0	1
1	63
0	3
32	46
1	41
5	704
0	4
0	0
0	388
9	21
0	256
0	44
7	22
0	1
0	0
0	0
0	0
0	263
3	563
1	0
0	74
0	91
0	0
0	3
0	1
0	4
0	1
0	10
0	0
0	1173
0	547
0	0
2	0
0	5
0	2
0	10
9	2
0	10
0	25
0	84
0	12
0	39
0	47
0	167
5	2123
0	2
0	2
0	0
0	0
0	7
1	8
0	6
0	170
0	7
0	21
0	120
0	1
0	28
1	15
0	0
0	9
0	28
0	244
0	0
0	0
0	0
0	0
0	4
0	327
0	2
6	403
0	0
0	68
0	36
0	10
0	0
1	2
2	505
5	82
0	0
0	0
0	63
0	0
0	0
0	231
0	137
0	69
0	0
1	0
0	61
0	5
0	0
0	0
0	1
0	602
0	158
0	65
0	0
0	21
1	0
0	0
0	31
0	7
0	52
0	0
0	5
0	148
0	1
0	24
0	0
7	117
10	265
1	4
3	3
0	215
0	0
0	0
0	0
0	6
0	1
2	1125
24	1940
0	8
4	35
0	10
24	74
0	19
0	26
0	193
0	45
0	0
0	0
0	469
0	0
0	0
0	3
0	0
0	0
0	16
0	48
0	0
0	0
0	0
2	26
0	5
0	0
0	586
1	5
0	29
0	0
3	0
0	0
0	9
0	0
0	15
1	23
0	0
0	2690
0	10
2	182
0	2
1	17
0	190
0	0
0	18
0	0
1	48
0	22
0	12
0	1
0	0
0	80
0	0
1	35
0	329
0	0
0	6
0	0
0	427
0	14
1	14
0	0
0	0
0	3
0	0
0	0
0	70
0	0
0	0
0	0
0	0
0	29
1	7273
0	0
0	44
0	0
0	75
0	0
1	9
0	121
0	44
2	399
2	94
0	83
0	0
0	230
2	45
0	0
0	1
0	10
0	17
0	76
0	125
0	0
1	0
0	0
0	6
0	1
0	606
0	0
9	436
0	200
3	1
0	0
0	0
0	0
0	186
0	7
0	1430
0	3706
0	2
1	515
0	0
0	15
1	0
0	55
1	20
0	86
0	71
0	25
0	0
0	246
0	33
0	61
0	407
0	0
0	15
0	536
0	2
0	108
8	49
0	31
0	0
0	1
2	4
0	963
0	7
0	274
0	66
0	93
0	15
0	1
0	4
0	2087
0	15
0	0
0	87
0	2
0	0
7	7
0	18
0	2
0	5
0	425
0	0
0	0
0	87
1	180
0	0
0	2785
0	687
0	0
0	2
0	1
0	37
0	0
0	20
1	7
0	14
0	2
0	0
0	114
0	838
0	0
0	0
0	0
0	0
1	1457
0	0
23	22
2	12
0	0
0	233
8	81
0	2
0	0
1	1438
0	0
0	5
0	290
0	175
0	11
0	380
0	2
0	127
0	0
0	14
0	0
0	0
0	0
0	0
0	2
0	0
0	0
0	165
0	0
0	2
0	0
0	0
0	80
0	156
3	15
0	2
0	95
0	0
0	0
0	14
0	0
0	6
0	2
0	5
0	26
5	223
1	9
0	0
0	2
0	7
1	0
0	98
0	56
0	37
0	61
0	0
0	52
0	0
0	2
10	208
1	88
51	233
0	4
0	1
0	0
0	27
0	0
0	0
2	28
0	4
0	6
0	1
0	211
0	19
0	1
0	0
0	0
0	3
0	198
0	0
0	7
0	19
0	0
0	0
0	758
0	0
0	65
0	1
0	0
0	0
0	16
0	202
0	0
0	188
0	18
0	15
0	0
0	25
0	0
0	0
0	8
0	0
0	9
2	16
0	0
0	32
1	7
0	67
0	430
0	225
0	0
0	115
0	0
0	5
12	80
0	0
0	0
0	100
0	0
0	0
0	78
0	1
0	54
0	0
5	519
1	183
0	1260
0	4
0	0
1	149
0	0
1	20
0	0
0	0
0	0
0	519
0	0
2	92
0	3
1	1831
0	7
3	1
0	3
0	45
1	2010
1	513
1	0
0	8
0	26
0	0
1	401
0	1
0	0
0	751
0	0
0	73
0	2
0	138
0	103
0	0
0	0
0	0
0	57
0	0
0	0
0	0
0	0
0	4
0	0
1	15
0	2
3	2445
0	243
0	6
0	44
1	1
0	0
1	11
0	70
0	87
0	84
0	14
6	26
0	0
0	0
0	279
0	41
0	60
0	0
0	3
0	443
0	42
0	0
0	31
0	0
0	4813
0	4
0	42
2	17
1	36
0	0
1	0
0	0
0	3
0	16
0	0
0	0
0	40
0	315
0	26
0	3
0	3025
0	155
2	54
2	939
1	557
1	452
0	136
5	53
1	130
0	587
0	0
0	0
0	643
0	23
0	16
0	68
0	0
0	1385
0	0
0	0
0	45
0	0
1	21
0	0
0	0
0	0
0	0
0	128
0	80
0	119
5	20
0	0
0	53
0	133
0	96
0	117
0	0
0	1
0	65
0	0
8	962
80	1390
0	24
1	19
0	15
0	1
0	0
0	0
0	11
0	4757
66	1315
0	43
0	152
0	1
0	8
0	0
1	64
0	0
0	235
2	5
1	15
0	13
0	201
0	380
0	0
0	4
0	16
0	0
0	14
0	669
0	0
0	23
3	0
0	83
1	38
0	126
0	0
16	159
0	28
0	0
0	0
0	4
0	597
0	21
0	0
0	0
0	6
1	694
3	8206
0	46
0	22
0	39
0	0
1	13
0	30
0	0
0	220
0	0
0	0
0	36
0	0
0	0
1	117
0	316
0	0
7	15
0	2
0	7
0	0
0	75
3	285
0	0
0	0
0	0
0	112
0	292
1	25
2	0
1	53
0	3
0	0
0	184
0	0
0	0
0	1
0	0
0	0
0	0
0	139
1	26
0	0
0	0
0	0
0	51
0	0
0	0
0	0
1	4
0	20
0	4
0	0
0	162
0	0
0	7
0	31
0	0
0	3
0	0
0	0
0	12
0	68
0	0
0	6
0	9
0	0
0	2
0	3
1	165
2	439
0	0
0	0
0	35
0	0
0	0
4	621
0	4
0	10
0	11
12	3869
0	0
0	120
0	3
0	0
0	324
146	416
0	307
2	220
0	1
0	201
0	0
0	0
0	46
0	2
1	1228
0	160
0	0
0	210
0	0
0	56
0	97
0	6
2	33
0	0
0	0
0	6
0	0
0	0
1	24
0	1
0	0
0	0
0	0
0	0
0	0
0	69
0	100
0	0
0	0
2	24
0	37
0	0
2	179
2	120
4	3
0	0
0	0
0	183
1	8
0	0
0	209
0	2
2	179
0	35
0	28
0	0
1	40
2	2
3	224
0	0
0	0
0	9
0	725
0	186
0	43
0	0
0	131
0	60
0	0
0	0
0	0
2	606
0	48
0	15
0	0
0	0
0	2
3	369
0	115
0	69
0	0
0	6
0	45
0	1899
6	29
3	1
0	0
0	0
0	3
0	5
0	27
4	531
0	23
1	0
0	7
0	25
0	0
0	0
1	82
0	0
0	3
0	0
0	0
0	0
0	0
1	9
0	29
21	1
0	625
0	28
0	4
1	308
2	20
0	0
0	803
0	207
2	2
0	4
0	0
0	13
2	348
1	65
0	1
0	45
2	24
1	5
0	0
1	24
0	429
0	6
0	105
0	0
0	150
0	0
0	0
0	0
0	0
0	0
0	1
0	309
0	0
1	14
0	0
0	44
0	22
5	26
0	5
0	0
0	0
2	140
0	1
0	1
0	187
0	34
0	6
2	25
0	0
0	21
0	22
0	0
0	0
0	0
1	1
0	0
0	84
0	3
0	53
0	0
0	0
23	1795
0	0
0	298
0	188
0	0
0	3
0	4
0	4
0	0
0	331
0	0
3	14
0	1229
0	28
0	0
0	80
0	137
0	0
0	13
0	215
0	0
0	1
62	245
0	146
1	17
0	13
97	21
0	243
0	55
0	0
0	76
0	155
0	472
0	0
0	5
3	1441
0	6
0	0
0	44
0	0
0	8
0	4
0	144
0	25
0	3
0	39
0	29
0	201
0	0
0	151
0	377
0	0
0	82
0	335
3	40
0	22
15	42
0	1117
0	0
0	156
0	0
0	9
0	54
7	310
0	0
0	7
1	60
0	0
0	184
0	17
0	0
0	438
0	5
1	41
0	53
0	0
0	0
0	0
1	66
0	0
0	706
0	40
0	102
0	11
5	37
0	114
0	0
0	279
0	0
0	0
4	109
0	32
0	0
5	169
0	1
0	54
0	66
0	0
0	1
0	0
0	0
0	116
0	7
0	1
0	0
2	139
0	2
0	0
0	0
0	218
1	6
0	5
2	48
0	13
0	0
0	219
0	5
4	921
2	108
0	72
0	106
0	0
0	60
0	0
0	12
1	52
0	239
0	55
0	24
0	0
0	510
0	148
0	0
0	20
0	1
0	0
6	67
0	0
0	0
0	0
0	2
0	0
0	597
0	8
0	37
0	83
0	0
0	5
0	24
0	2
0	8
0	1
0	1
0	15
0	8
1	588
0	322
0	2
0	112
0	462
0	24
0	0
0	0
0	3
0	0
0	0
0	46
0	41
0	63
0	0
1	31
0	0
0	6
0	12
0	18
0	9
0	122
0	53
0	0
0	3
1	943
0	322
0	408
0	0
0	145
0	110
0	0
0	0
1	20
0	0
0	0
0	60
0	113
0	0
0	19
0	0
0	0
0	26
1	131
0	0
0	6
0	0
2	18
0	0
0	0
0	2
2	308
5	0
0	0
0	0
0	0
0	1
0	24
12	6
0	33
0	21
0	1
0	19
1	0
0	0
0	9
0	53
0	11
0	0
0	0
2	225
0	0
0	52
0	0
0	23
0	0
0	0
0	5
0	22
0	10
0	0
0	217
0	9
0	14
0	620
2	2
0	16
0	0
3	58
7	0
0	174
0	0
0	144
0	820
0	0
0	79
0	22
0	0
0	69
0	13
1	113
0	0
0	0
0	14
0	140
0	13
6	348
0	0
0	0
0	0
1	53
0	11
0	0
0	0
0	71
16	6
0	2
0	483
0	0
0	22
0	0
1	275
0	19
4	43
0	702
0	0
2	1
0	1770
1	55
2	194
1	1
0	729
0	0
0	99
0	297
1	1
0	2
0	2
0	148
0	103
1	46
0	0
0	1
1	0
0	180
0	153
1	453
0	0
0	28
0	627
0	0
0	0
0	0
0	21
0	0
0	5
0	1
0	64
1	25
0	0
0	66
0	0
0	60
2	267
29	36
0	58
0	10
0	1
0	2
0	0
0	0
0	18
1	13
2	49
0	117
0	0
0	0
2	2882
0	366
0	456
0	0
0	3
0	2
0	17
0	0
0	340
0	32
0	0
0	1
9	79
16	920
2	38
0	54
0	19
1	140
1	1
0	28
0	67
0	169
0	11
0	402
0	0
0	2
0	0
0	0
0	42
3	489
0	0
0	0
0	120
1	51
0	0
0	6
0	0
0	9
0	53
0	93
0	0
0	0
0	13
0	48
0	70
0	0
0	0
0	56
0	0
4	5
0	0
0	0
0	15
0	6
0	9798
0	0
0	0
1	299
0	0
0	14
0	34
0	12
0	0
0	16
0	2
0	14
0	13
0	15
0	8
0	11
0	14
0	0
0	1
0	0
0	172
1	2
0	0
3	37
0	36
0	40
0	7
0	0
0	481
1	30
0	0
0	0
1	251
0	0
0	1
0	0
1	98
6	774
0	0
0	30
0	2
0	0
0	7
0	7
0	0
0	0
0	0
0	0
0	180
0	45
0	0
0	4
0	1
44	179
0	19
0	1
1	17
0	0
1	133
0	586
0	9
0	3
0	4
0	15
1	3805
0	32
0	7
0	0
0	0
0	12
0	48
0	1
0	0
0	75
0	2
0	0
0	265
0	0
0	63
0	4
0	19
0	123
0	584
1	117
0	5
0	1
1	26
1	0
0	0
0	0
0	35
0	11
0	0
0	0
0	249
0	0
0	510
0	143
0	1
0	0
0	468
0	0
0	0
1	177
0	311
0	0
0	0
35	1
0	7
0	28
0	0
0	82
0	0
0	18
37	569
0	38
0	20
0	0
0	15
0	83
0	155
2	44
0	2
0	126
0	119
0	28
4	72
0	8
1	1
0	160
0	23
2	367
0	0
1	127
0	0
0	0
0	10
0	493
1	109
1	36
1	10
1	20
5	1
0	0
0	0
8	101
0	4
0	21
0	0
0	24
0	0
0	0
0	0
0	23
0	162
0	0
0	0
0	0
0	177
0	36
0	54
0	1
0	0
0	0
0	194
3	49
0	0
0	0
0	1
0	119
7	1
0	0
0	42
1	0
0	0
0	0
0	0
0	0
0	0
0	6
0	1319
0	0
0	0
0	0
0	227
0	9
0	4
113	167
0	3
0	20
31	1
2	2
0	0
3	1855
0	2
0	0
0	297
0	0
4	94
4	30
0	5
0	107
0	0
1	253
0	0
0	67
3	738
0	126
0	1
0	13
0	0
0	30
0	0
0	682
0	0
0	740
0	0
0	107
2	0
3	4
0	0
0	0
0	348
5	44
2	108
0	14
0	557
0	242
0	0
0	15
0	20
0	0
0	0
0	1
0	0
0	0
0	0
0	0
1	47
0	206
0	6
1	192
0	0
0	3
0	0
1	35
0	1
0	0
1	125
0	13
0	0
0	0
0	50
0	175
0	0
0	0
1	1
0	85
0	0
0	0
0	2
2	158
0	0
0	5
0	195
0	41
0	0
0	2
0	8
4	3216
0	0
0	625
0	32
0	83
0	690
2	0
0	24
0	0
0	93
0	269
16	20
0	14
0	4
1	0
25	436
0	0
0	13
0	0
4	30
0	10
1	133
0	64
0	4
0	159
0	16
0	15
0	817
0	0
0	7
0	1
0	37
0	1
0	0
0	360
0	455
0	0
0	196
0	831
5	685
0	26
0	32
0	1
1	5
0	0
0	1285
0	44
0	1
1	12
0	0
0	236
0	0
0	710
0	0
0	87
0	736
1	0
0	100
0	0
0	112
0	8
0	93
0	111
0	17
34	181
0	0
0	0
0	2
0	58
10	0
0	0
0	0
1	556
0	241
0	22
0	0
2	3627
0	0
1	15
0	5
0	0
0	12
0	0
0	0
1	58
0	0
3	27
0	53
0	22
1	262
0	0
1	124
0	0
0	0
0	194
0	0
1	63
0	0
0	17
0	0
4	700
0	0
0	0
0	29
0	0
0	0
0	0
0	4
3	205
0	0
0	0
0	97
0	122
0	77
0	455
0	4
0	0
0	9
0	0
0	5
1	351
0	44
1	24
0	113
0	152
0	34
3	43
14	4662
1	125
0	0
0	3
0	26
19	259
10	311
0	144
0	10
0	339
0	0
0	0
0	0
0	1733
0	18
0	0
0	0
0	134
0	0
0	482
0	86
3	0
0	0
0	0
0	0
0	6
0	4
0	18
0	0
0	147
0	0
0	0
0	391
0	120
0	0
0	588
0	20
0	47
0	47
1	0
0	49
3	0
15	0
0	11
0	201
0	5
0	388
0	133
0	26
1	0
0	0
21	0
0	0
0	0
0	36
0	153
0	0
0	30
1	123
0	11
3	16
3	496
0	108
0	8
0	0
0	0
1	14
0	0
0	0
0	27
0	1
0	120
0	0
4	341
0	980
0	35
0	3
0	4
0	0
0	0
0	252
0	60
0	48
0	8
0	0
5	16
0	0
0	0
0	486
0	358
0	4494
0	0
0	0
0	28
0	13
1	4
0	0
0	0
1	4
0	245
0	8
0	1
0	133
0	51
0	0
0	13
0	23
0	0
0	5
1	521
0	36
0	1
0	19
1	3
0	767
0	28
0	1
0	0
4	31
0	0
0	0
1	426
0	0
0	6
0	0
0	330
0	0
0	0
0	0
0	102
0	36
0	2
0	0
0	4
0	6
0	0
0	3
1	21
0	0
0	8
0	9
0	80
0	23
0	12
0	1170
0	45
0	0
0	54
0	0
0	13
0	93
0	73
0	87
6	1
0	0
1	7
0	129
0	49
0	170
0	0
0	0
1	653
0	14
0	0
0	0
0	0
0	705
5	34
0	0
0	58
0	52
0	1
0	2492
0	18
2	0
0	0
0	0
0	0
0	878
0	0
0	50
0	390
0	703
1	0
0	0
0	0
7	89
0	0
1	0
2	1
0	123
0	0
0	161
0	0
0	19
1	68
0	21
0	106
0	12
1	314
0	0
0	6
0	0
0	709
3	3
0	22
0	2584
0	17
0	547
0	66
0	0
0	20
0	64
2	40
0	52
0	0
0	107
0	7
0	91
0	0
0	208
0	17
0	1
1	665
2	2422
0	0
5	6
1	6
1	1233
0	10
0	11
0	1
0	81
0	47
0	0
0	1
39	41
2	111
0	94
0	1
0	0
0	12
1	1064
0	0
0	41
0	0
0	174
0	6
0	0
0	65
0	46
0	0
0	0
0	0
0	0
0	0
0	212
0	1163
1	434
0	33
0	210
0	0
0	44
0	28
0	0
0	0
0	0
1	524
0	0
0	16
0	36
0	92
0	0
0	10
0	21
0	0
0	9
0	0
0	3
0	7
0	107
0	195
0	86
0	0
0	20
0	1
0	0
0	1
0	2
0	0
0	5
0	38
1	0
1	0
0	12
0	0
1	791
0	0
1	1
0	0
0	0
0	226
0	0
0	1
4	61
0	57
0	0
1	1
0	20
0	0
0	0
0	0
0	3
0	2
0	492
0	38
0	2
0	28
0	2
0	1
0	85
1	29
0	36
0	12
0	90
0	459
0	255
0	41
1	176
0	7
0	0
0	0
0	86
0	0
2	665
0	0
0	0
2	1501
0	101
0	114
0	10
0	69
0	4
0	6
0	0
0	15
0	1
0	0
0	3
0	5
0	25
0	1
0	0
0	0
5	651
0	0
0	0
0	7
0	65
0	0
0	0
0	0
4	29
0	15
0	34
0	242
0	2
0	24
0	139
0	1
0	0
1	0
0	16
0	0
0	1206
5	85
0	0
0	0
30	94
0	0
28	128
0	18
0	244
0	0
1	59
0	16
0	26
0	75
0	63
0	0
0	0
2	1
0	0
0	0
0	0
0	215
0	31
0	16
0	5
0	4
0	2
0	121
0	38
3	212
0	46
2	7
0	40
0	0
0	1
0	5
4	6
1	350
4	730
0	0
1	2
0	9
0	0
0	19
0	0
0	3
0	7
0	0
0	6
0	0
0	42
0	0
0	70
0	16
0	74
0	26
0	0
0	81
0	696
0	0
0	0
0	0
0	0
0	0
0	0
0	18
0	0
0	4
0	0
0	0
0	19
0	82
0	207
0	226
0	0
0	138
0	8
0	0
0	0
0	29
0	13
0	2
0	0
1	63
0	442
0	0
0	14
0	0
0	5
1	37
0	0
0	160
0	1
0	31
0	15
1	237
560	5443
0	5
0	0
0	3
0	751
1	0
0	0
0	5
0	0
3	56
0	0
0	4
0	0
0	0
1	30
0	0
0	0
0	1
0	0
0	0
0	9
0	41
0	140
0	123
0	0
0	1
0	91
0	62
1	1
0	0
0	0
0	190
0	0
0	19
0	2
3	115
0	0
0	0
0	97
0	1
46	260
0	101
2	168
0	21
0	0
0	0
0	0
0	0
0	899
0	0
0	0
0	0
3	7
2	256
0	798
13	1368
0	0
0	25
0	13
0	0
0	0
0	433
0	0
0	105
3	217
0	0
0	2
0	82
2	12
0	0
0	178
1	1
0	0
0	32
0	0
0	52
0	257
0	2
1	47
0	167
0	0
0	194
0	321
0	0
0	1
0	49
0	0
0	0
0	0
0	41
0	140
0	182
0	47
0	0
0	800
0	67
0	1
0	0
0	23
0	25
0	39
0	0
0	2
1	6
23	2
2	77
0	0
0	0
0	32
0	1
0	0
0	4
0	3
0	38
0	0
0	0
0	1
0	0
9	384
0	2
0	3
0	81
0	53
0	70
0	153
0	3
0	37
0	0
0	41
0	1
2	0
0	17
7	199
0	21
0	15
0	0
0	0
0	1
0	11
0	2
1	4
0	10
0	0
0	153
0	51
0	0
2	213
0	5
0	103
0	114
0	18
0	3
0	0
0	29
0	7
0	26
0	0
6	5
0	23
0	314
0	28
0	0
0	0
0	21
0	0
0	2
0	0
2	4
0	0
0	52
0	30
0	246
0	0
0	34
0	0
0	0
0	92
0	123
0	0
0	39
0	97
0	374
0	25
1	3
0	0
0	6
0	29
20	66
0	197
0	11
0	449
0	0
0	1
2	34
0	0
1	23
0	0
0	1
0	89
0	22
0	0
0	0
1	2
0	116
0	0
0	0
1	69
0	0
0	43
0	1
0	75
0	0
1	301
0	0
0	24
1	37
0	24
0	212
1	195
0	0
0	72
0	108
0	0
1	11
0	0
0	0
0	91
0	31
0	0
0	0
0	0
0	1
0	11
0	2
0	0
0	9
0	74
0	199
1	1519
0	0
0	0
0	4
0	219
0	57
0	153
0	1
0	0
6	4322
0	65
0	0
0	116
0	14
0	4
0	0
0	0
0	7
0	8
0	14
1	61
0	75
0	0
2	2
0	10
0	0
0	0
0	12
0	29
1	0
0	4
3	365
0	14
0	0
0	0
0	1809
0	1374
0	35
0	417
0	184
0	0
1	8
0	0
0	13
0	23
1	460
0	11
0	3
0	0
2	261
1	190
11	11017
0	12
0	0
0	6
0	1
0	116
0	7
0	0
0	95
0	0
0	499
0	0
0	17
0	0
0	0
0	99
0	5
0	23
2	27
0	23
0	0
0	2842
15	6365
0	0
0	142
0	278
0	856
1	50
6	2775
0	0
0	63
0	0
0	32
0	19
3	5
10	198
0	85
0	14
0	0
0	0
0	646
0	191
0	32
0	3
0	120
0	0
3	121
0	0
0	0
0	0
1	199
0	11
0	83
0	1
0	0
0	1
0	2
0	0
0	0
0	0
0	14
0	54
0	0
0	15
0	3
0	0
0	23
0	0
0	0
0	135
2	0
0	0
0	0
0	29
0	1113
0	0
0	64
0	0
0	0
0	0
0	0
0	242
0	0
0	235
2	22
25	50
0	0
1	18
0	3
0	17
0	0
1	172
0	0
0	0
0	6
13	95
0	7
0	204
0	0
0	441
1	341
0	6
0	2440
0	631
0	34
1	21
0	14
1	27
0	0
2	79
0	51
0	0
2	741
0	0
0	0
1	20
0	11
0	0
0	4
0	1
0	17
1	4
0	1
0	261
468	84
0	2
0	735
0	39
0	0
0	116
0	5
0	0
0	8
0	576
0	0
0	0
0	11
0	388
0	207
0	43
1	3
0	152
1	167
3	19
0	0
0	12
0	105
0	0
1	3
1	12
0	17
0	0
0	32
0	0
16	112474
0	14
0	0
0	139
0	94
0	9
0	22
0	0
0	163
0	1
0	6
0	0
131	952
0	1769
0	0
44	120
0	9
0	0
0	0
0	1
0	499
0	0
0	81
0	0
7	278
1	77
0	0
0	1
0	1
0	3
0	17
1	467
0	30
0	0
0	9
0	439
0	0
0	0
0	9
0	1
0	153
0	0
0	27
0	13
0	23
1	18
4	307
0	0
0	0
0	1
1	91
1	436
0	0
1	216
0	0
0	34
0	0
0	0
0	10
0	44
0	83
1	444
1	12
65	420
0	148
3	565
0	1
0	17
0	0
0	0
1	51
0	5
0	1
0	0
15	28
5	36
0	66
0	22
0	0
0	6
0	0
0	1
1	6
2	43
0	545
0	113
0	227
0	0
1	0
0	26
0	727
0	142
0	6
0	1
0	4
0	24
0	13
0	0
1	1436
1	21
0	7
0	0
0	0
2	346
0	0
1	7
0	701
1	3
0	0
0	24
0	322
0	0
0	5
0	229
0	102
1	0
0	216
0	0
0	5
0	116
0	0
0	0
0	0
0	55
0	154
0	8
2	641
0	308
0	105
0	6
0	0
3	327
0	5
0	109
0	0
0	0
0	0
0	0
0	0
0	0
0	0
1	0
0	286
0	0
0	12
1	4856
0	1502
0	85
2	355
0	23
0	313
0	0
0	319
0	6
0	0
0	16
0	0
0	374
0	0
0	0
0	0
0	1
0	5
0	0
0	0
0	5
1	107
0	7
2	1
0	182
0	236
0	85
0	8
0	0
0	0
0	60
1	13
0	265
0	0
0	0
0	2
0	1
0	12
0	0
0	0
0	162
0	32
4	481
0	0
0	0
0	0
0	0
0	201
0	39
0	805
1	24
1	403
0	24
0	4
0	0
0	72
0	0
0	33
4	991
0	0
0	112
0	7
3	80
0	0
1	1044
0	0
0	5
0	62
0	0
0	13
0	13
0	33
0	0
0	233
0	1
0	0
0	91
0	0
1	0
2	454
0	0
0	0
0	140
0	225
1	17
0	0
0	184
0	0
0	1509
0	19
3	85
0	18
0	0
0	32
0	1582
1	28
0	0
0	4
0	0
0	0
0	1
0	0
0	0
0	93
0	2
0	75
0	18
0	61
0	314
0	0
0	26
0	610
0	5
0	4
0	268
0	3
0	0
0	0
0	9
2	7
12	37
0	471
0	1
0	253
0	176
0	15
2	146
0	14
0	9
0	0
0	0
0	36
0	0
0	1
179	723
0	36
0	0
1	1410
0	3
0	1012
0	10
0	24
1	163
16	12
0	0
2	10
0	18
0	0
0	0
0	40
0	0
0	137
0	4
1	89
0	3
0	0
0	0
0	4
0	91
0	34
1	36
0	81
0	1
0	12
0	0
0	3
0	4
24	476
0	0
0	5
0	60
0	26
12	439
0	5
0	58
0	2
0	8
0	22
0	144
0	0
0	0
0	0
0	15
0	505
0	4
0	0
0	98
5	6
0	21
0	0
0	0
0	102
0	0
0	0
0	0
0	1683
0	36
0	0
0	19
0	127
0	0
1	17
0	0
0	0
0	5
5	8
0	0
0	1
0	2
0	0
0	19
0	2
0	14
171	0
0	3
0	12
0	0
0	0
1	16
0	0
0	0
0	169
2	2
7	2
0	0
0	271
0	415
0	5
0	20
0	0
0	52
0	1230
0	6
1	120
0	0
0	2
0	1
0	33
0	0
0	5
0	51
0	75
0	0
4	58
0	273
0	50
0	6
0	36
0	546
0	0
0	0
0	23865
1	127
0	455
0	13
0	12
0	41
0	1
0	482
0	0
1	42
0	535
0	19
0	1
0	0
2	231
0	47
0	57
0	0
26	0
0	215
0	14
0	0
0	13
0	0
0	22
0	0
0	0
0	246
0	0
0	0
1	807
0	0
0	28
0	33
0	10
0	7
0	51
0	0
0	0
0	0
0	0
0	2
0	15
0	0
0	213
0	5
0	177
0	0
0	80
0	0
0	33
0	0
0	3
0	0
0	0
0	204
3	17
2	8
1	94
0	0
0	4
0	0
0	65
0	0
0	5
0	271
0	0
0	25
0	0
0	0
0	0
0	19
0	0
7	764
2	172
1	58
0	0
0	232
0	0
0	443
0	0
1	352
0	1974
0	88
0	0
0	0
0	0
0	0
0	40
0	0
0	129
0	21
0	0
0	23
0	0
0	0
0	0
0	0
0	0
3	116
0	141
0	0
0	0
0	9
0	12
0	53
1	1
0	13
0	5
1	1
0	69
0	0
14	151
0	2017
0	0
0	0
0	0
0	1
0	45
0	0
0	0
0	0
0	0
0	178
0	5
0	0
0	0
0	55
245	400
0	0
0	116
0	0
0	33
0	29
0	20
5	19
0	179
347	332
0	0
2	27
0	30
0	0
0	0
0	1
0	27
0	28
0	0
0	232
0	5
3	16
0	0
0	35
0	1
2	1
0	1175
0	0
0	0
6	14
0	0
1	18
0	0
2	344
1	2197
0	0
0	0
0	0
0	41
0	285
0	0
0	15
1	267
0	1
0	16
0	93
0	0
0	0
0	0
0	31
0	0
0	10
0	0
0	0
0	14
0	18
0	59
0	286
0	170
0	0
0	0
0	14
0	0
0	0
0	553
0	90
0	91
0	30
0	525
0	33
0	0
0	0
0	0
0	0
0	451
0	0
0	6
10	0
0	301
0	9
0	0
0	19
0	1
0	12
0	0
0	1
7	457
0	0
4	51
0	2
0	7
0	0
0	0
0	73
3	28
0	0
1	11
0	652
0	10
0	1
0	48
2	66
0	0
9	5
0	21
0	0
0	23
0	55
0	0
0	36
0	19
0	1070
0	60
0	0
0	649
1	0
1	79
0	4
0	0
1	4
0	12
0	0
0	1
0	4
0	23
0	31
0	1
0	559
0	140
0	0
0	27
1	21
5	3
0	0
0	1
0	168
0	0
3	32
0	64
0	0
0	0
0	18
0	0
0	0
0	0
0	93
0	47
0	0
101	2965
0	47
0	6
5	19
0	17
0	0
0	0
0	0
0	0
1	2
1	169
0	194
0	147
1	15
0	6328
0	57
0	0
0	67
0	12
0	17
0	0
0	967
1	1172
0	3
0	1
0	2644
0	36
0	5
0	5
0	0
0	121
0	0
3	218
0	0
0	39
0	4
0	96
0	25
9	93
0	0
0	0
0	7
0	6
0	0
0	8
0	0
2	172
0	0
0	0
0	0
0	2
0	0
0	0
0	0
0	1
0	45
0	19
0	96
0	249
0	11
0	0
0	0
1	283
0	530
0	112
0	2
0	0
0	0
0	182
1	2
0	0
0	1
0	1765
0	0
0	0
0	4
0	9
0	526
0	0
0	69
0	0
0	0
0	18
0	24
0	148
0	28
0	3
0	0
3	72
1	90
0	0
0	29
0	0
0	0
0	0
0	15
0	15
0	1
0	0
0	1
1	45
0	18
0	5
0	0
0	4
1	5
0	87
0	1
1	235
8	0
0	61
0	0
0	240
0	0
0	0
0	106
0	0
0	0
3	1
2	9
0	27
0	0
1	31
0	0
0	47
1	7
0	16
0	69
0	390
0	0
1	3
0	0
3	55
0	2
0	119
0	5
0	0
0	74
4	0
0	0
0	34
0	2
0	195
0	19
0	0
0	26
0	22
0	38
0	2
0	0
0	18
0	78
0	0
1	30
0	0
0	0
0	0
20	382
0	0
1	0
1	3
1	85
0	4
0	85
0	0
3	3
0	19
0	94
0	486
0	0
0	0
1	1
0	0
0	0
3	7
0	0
0	0
0	36
0	1
0	121
0	0
0	113
0	268
2	47
0	0
0	47
0	5
0	0
1	309
0	2
1	90
0	0
0	289
0	1
0	171
0	2
0	22
0	3
0	35
0	0
2	5
0	14
1	2748
4	5
0	0
0	6
0	0
0	0
0	39
0	1
0	0
0	0
0	25
0	31
0	0
6	263
0	166
1	189
2	22
0	0
0	0
0	462
0	2
0	1
0	1
5	0
0	6
0	0
0	3
0	0
0	1
0	8
0	1
4	101
0	0
0	0
0	4
0	0
0	54
1	1120
0	0
0	0
0	1
0	62
0	0
0	4
0	0
1	0
0	0
0	0
0	3
0	33
0	391
0	4
0	195
4	79
0	0
0	3
0	5
0	0
0	106
0	0
0	1264
0	170
0	0
0	4
1	3
0	0
0	1
0	326
0	2
0	120
0	41
0	10
0	123
0	62
0	89
0	2
0	18
0	10
0	79
0	9
0	0
0	65
0	281
0	64
0	34
0	0
2	1
0	0
0	2
0	0
0	0
0	0
0	324
0	35
0	0
0	74
0	0
0	23
2	313
0	44
0	0
2	2
0	2
0	0
0	1
0	140
0	175
0	6
1	63
0	15
0	3
5	306
0	42
1	197
0	3
0	0
0	0
0	40
0	0
0	0
0	0
0	15
0	2
0	3
0	221
0	0
0	40
0	57
1	118
0	69
0	1
3	0
0	452
0	1
0	0
0	550
0	303
0	0
0	87
0	235
0	5
0	0
0	40
0	21
0	0
0	0
0	15
0	0
0	622
0	2
0	0
0	0
0	13
0	55
0	11
0	579
0	0
3	3
0	860
0	1
0	423
0	1
3	11
0	17
0	8
0	0
0	0
4	130
0	0
6	5
0	0
6	12
0	10
0	8
7	14
0	9
0	5
0	0
0	1
3	13
0	0
0	0
0	3
0	36
0	21
1	17
0	2
0	0
0	11
0	2
0	301
0	0
0	288
25	766
0	1
0	14
0	0
0	5
0	0
8	69
0	55
0	2
0	0
0	0
33	229
2	70
0	0
0	75
0	3
0	0
1	0
0	2
7	15
0	0
0	3270
0	0
0	1
0	5
0	664
0	12
0	0
1	63
0	0
0	0
0	1
0	1235
0	29
0	0
0	3
0	0
0	0
1	809
0	0
0	19
0	3
0	2
0	1
9	564
0	55
42	209
14	1
3	35
0	0
0	6
0	264
0	0
10	7
0	4
0	0
0	0
0	0
0	384
0	0
0	0
0	0
0	3
0	0
0	0
0	157
0	0
0	0
0	0
0	2
0	0
0	1
0	9
0	40
0	15
0	301
0	176
0	0
0	0
3	35
0	12
0	12
0	0
0	0
0	0
0	0
0	0
1	158
0	0
1	105
0	0
0	17
0	1
11	18
2	0
0	0
0	8
0	0
0	0
0	0
0	901
0	332
0	0
0	9
0	0
0	0
0	104
0	1
0	52
0	755
0	0
0	362
3	276
0	1156
2	86
0	14
0	7731
0	9
0	0
1	6
1	299
0	0
0	772
12	28
0	6
0	3
0	0
0	2
0	0
0	25
2	594
1	151
0	56
0	0
0	0
3	12
0	0
0	4
0	134
0	60
0	0
0	0
0	5
0	0
0	47
0	48
152	1408
0	0
0	100
0	2
0	0
0	5
0	474
0	40
0	5
0	92
0	0
0	99
0	0
0	0
0	0
2	382
0	0
0	3
0	0
0	74
0	74
0	111
0	179
1	0
0	24
0	0
2	65
0	0
0	3
0	10
0	0
2	636
0	794
0	10
1	59
0	0
0	0
0	1
0	4
0	4
0	1
0	0
0	7
0	0
0	0
0	4
0	0
0	0
0	0
0	28
0	0
0	0
16	2
0	100
0	0
2	20
0	3
0	4
0	274
0	0
0	182
0	0
0	3
0	9
0	0
0	0
0	9
0	0
0	792
0	0
0	0
0	0
0	244
0	0
0	0
0	0
0	4
1	126
0	1
5	4343
0	1
0	0
0	34
0	0
0	0
0	0
0	36
0	0
0	30
0	62
3	0
0	32
0	54
0	0
21	2
2	373
0	0
0	3
0	0
0	146
0	0
0	32
0	0
0	0
0	9
0	454
0	0
0	6
0	55
1	0
0	78
0	0
0	171
0	0
0	10
0	159
0	0
0	147
0	0
0	28
0	0
0	15
5	37
0	3
0	0
0	13
2	6768
0	5270
0	0
0	9
0	39
0	15
0	0
0	122
1	1
0	10
6	15
0	18
0	334
0	3
11	32
0	109
0	0
0	0
0	67
0	15
0	0
0	0
0	10
35	356
7	187
0	134
0	12
6	10
0	0
0	1
0	0
0	0
0	99
0	0
0	49
0	91
0	3
0	10
0	0
153	244
0	54
2	160
0	61
0	0
0	35
0	0
0	0
1	243
0	40
0	0
0	0
5	70
0	0
10	114
0	67
0	5
0	2
0	13
0	185
0	0
0	5
0	0
23	0
0	2
0	34
0	7
0	1
0	49
0	1
0	0
0	0
0	51
0	381
0	0
0	33
0	0
0	0
0	0
2	27
0	0
0	0
0	0
0	28
0	13
0	48
0	0
2	3338
1	229
0	0
0	0
0	0
2	0
0	0
2	20
0	136
0	25
0	10158
0	0
0	0
0	193
0	0
0	19
0	5
0	50
0	0
0	34
0	5
0	0
0	0
0	0
2	143
0	0
0	0
0	0
0	0
0	251
0	0
0	5
0	0
1	29
0	65
1	169
0	0
0	193
0	340
0	1
0	5
0	0
0	0
0	6
3	1779
1	161
0	21
0	0
0	247
0	0
1	0
0	0
0	0
0	20
0	6
0	0
0	15
0	0
0	8
0	0
0	14
0	53
0	0
0	0
0	25
0	2
0	0
0	62
2	184
0	0
0	2
0	2
0	304
2	0
0	29
0	4
1	2
0	0
0	0
0	0
0	0
0	431
0	0
0	85
0	0
10	577
0	52
0	0
0	0
0	0
0	21
17	822
0	0
0	0
0	522
0	0
0	225
0	33
1	9470
0	2
0	69
0	252
0	0
0	472
0	90
0	0
0	0
0	31
0	288
0	0
0	4
7	821
0	2
4	955
0	28
0	3
0	3
0	9
0	66
0	40
0	0
3	40
4	502
1	0
0	89
0	0
0	1
2	193
0	1
0	0
0	0
2	108
0	0
0	0
0	0
0	0
0	0
0	363
0	109
0	11
0	30
0	0
0	72
0	0
2	5
0	0
0	19
1	270
0	0
0	108
0	0
0	9
0	0
0	0
5	8693
0	0
0	0
0	0
0	33
16	2
11	0
0	1432
0	0
0	2
0	0
0	30
0	0
0	48
0	0
0	0
0	0
0	0
0	0
0	0
0	0
0	2
0	590
0	3
0	362
0	7
0	0
0	0
0	0
0	0
0	332
5	0
0	0
0	26
0	11
0	0
0	0
3	89
0	24
0	76
1	0
0	2
0	0
0	6
0	0
0	1
0	9
0	0
1	25
6	8
0	0
0	0
0	13
0	133
0	132
8	914
0	0
0	0
0	0
0	0
3	3
1	101
0	0
0	0
0	0
0	22
0	363
4	1
0	0
0	4
0	15
1	0
10	59
0	3
0	0
0	0
0	64
0	0
1	0
0	0
0	313
0	0
0	0
0	0
0	0
0	3
0	0
1	998
0	10
0	45
0	10
0	8
0	0
1	148
0	0
0	22
0	33
0	29
2	0
0	50
0	1
0	346
0	0
0	4
0	0
0	0
3	7
0	2
0	0
0	0
0	0
0	32
0	0
0	49
0	0
0	0
0	0
0	545
0	66
5	22
0	0
0	0
0	6
0	104
0	0
0	137
0	0
0	50
0	0
1	280
0	0
0	0
0	1
12	6
0	0
0	26
0	1
0	0
0	2
0	15
0	0
0	0
0	0
0	2
0	0
0	0
0	13
1	41
0	11
0	338
0	178
1	31
1	4002
0	19
0	235
2	32
1	108
1	105
0	0
0	15
0	132
0	0
0	0
5	3529
0	27
0	0
0	51
0	168
0	0
0	7
1	2
0	0
0	32
0	9
0	0
0	63
0	51
0	0
0	11
0	0
0	0
0	8
0	0
3	9
0	0
0	15
0	0
0	7
4	266
0	1
0	16
0	0
0	0
0	0
0	11
0	3
0	0
3	1051
0	0
0	10
0	0
0	1260
0	0
0	0
0	0
0	0
0	215
0	0
0	0
0	115
0	0
0	599
0	3
335	0
0	1175
1	891
0	0
0	5
0	23
0	40
0	0
1	87
0	0
0	0
0	0
0	6
0	0
0	0
1	22
0	64
0	0
0	0
0	5
0	6
14	533
0	45
0	94
1	68
0	107
0	3
0	28
0	0
0	3
0	139
21	595
0	4
0	0
0	0
0	33
0	4
0	0
0	0
1	33
0	0
0	37
0	1593
0	653
0	7
0	0
0	7
0	12
0	0
0	1
0	0
0	45
0	0
0	22
0	425
0	29
0	0
0	433
0	92
0	2
0	173
0	10
0	0
0	0
0	0
0	20
0	10
0	0
0	0
0	0
0	6317
0	49
1	3
1	7
0	0
0	1
0	0
788	114
0	0
0	8
0	0
0	18
0	40
1	33
22	1
0	1
0	14
3	21
0	0
0	1
0	52
23	105
0	12
0	40
0	0
0	2
0	17
0	9
0	1956
0	0
0	6
0	0
0	0
0	0
0	30
0	0
0	67
0	1
0	13
0	380
0	30
0	0
0	0
0	17
0	1
0	45
1	58
0	39
0	0
0	8
0	0
0	253
0	0
0	0
0	82
0	0
0	15
0	11
10	43
0	3
3	376
0	0
0	139
0	66
0	4
8	278
0	13
0	3
0	0
0	0
0	0
0	0
0	0
0	0
0	0
0	3
17	608
0	4
0	27
15	8
0	0
2	207
0	0
0	0
0	98
8	359
0	2
0	0
0	0
24	24
0	0
0	0
0	0
0	0
23	0
0	12
0	10
0	0
0	17
0	3
0	0
0	0
0	0
0	0
0	0
1	54
0	0
0	9
0	1
1	44
0	0
0	2595
1	231
0	0
0	0
0	0
0	5990
0	0
0	0
0	0
0	0
0	90
0	0
0	14
0	1
21	85
0	0
0	0
0	0
0	0
0	6
0	10
0	119
0	0
0	0
0	0
0	42
0	11
0	0
0	59
0	0
0	10
0	0
0	216
0	0
0	436
2	85
0	15
0	56
0	30
0	16
0	1
0	138
0	92
0	88
0	591
0	0
0	0
0	0
0	10
0	1
0	7
0	0
1	47
0	0
0	0
1	167
0	0
0	0
0	0
0	0
0	0
0	0
0	0
0	0
2	130
0	0
0	328
0	0
0	0
0	0
0	0
0	0
0	66
0	68
0	0
0	39
0	0
1	23
0	2
0	23
1	173
0	0
0	0
0	0
0	76
8	29
0	0
0	1
0	4
0	0
0	0
0	61
3	655
0	15
0	0
0	15
0	0
0	1
0	0
0	16
1	30
0	0
2	242
0	543
0	0
0	815
0	729
0	0
0	0
0	93
0	0
0	0
0	45
0	0
0	0
0	0
0	100
0	0
0	0
1	2
0	0
1	528
0	45
0	43
1	70
0	0
0	46
0	46
0	215
0	0
0	44
0	27
1	0
0	0
0	5
0	0
0	0
0	91
0	0
0	0
0	64
1	0
0	2
1	69
0	0
0	0
0	2
0	0
1	557
0	11
0	63
0	3566
0	0
0	67
0	0
0	0
0	39
0	8
0	29
0	20
0	0
0	0
2	2902
0	0
0	0
4	141
0	1211
0	0
0	0
0	165
0	1246
0	0
0	0
7	86
0	9
0	0
0	0
0	18
0	376
0	65
0	0
0	0
0	0
0	14
0	0
0	0
0	836
8	99
0	0
0	5
0	3
0	0
0	12
0	0
0	0
0	30
0	0
3	636
0	0
0	90
0	0
0	0
0	0
0	3
0	0
0	46
0	2
0	178
0	59
0	0
0	0
0	168
0	0
0	0
0	0
1	51
0	0
0	56
1	0
0	0
0	0
0	328
0	0
1	285
2	175
0	0
0	0
0	12
0	300
0	161
0	0
0	37
0	0
0	2604
0	2
0	0
0	0
3	5732
1	366
3	438
2	80
0	4
0	100
0	0
0	5
0	0
2	222
0	557
0	0
0	5
6	391
0	56
0	0
0	12
0	0
0	21
0	0
0	0
0	148
0	117
0	0
0	19
1	14
0	0
2	46
0	0
0	0
0	0
0	0
0	26
6	9
0	0
0	0
0	164
0	13
0	0
0	0
0	0
0	446
0	0
0	54
0	7
0	1
12	294
0	3
0	0
0	0
0	0
0	0
0	0
0	0
0	0
0	0
0	0
0	0
3	0
0	1
0	2
0	52
0	0
13	13
1	10
0	0
0	166
0	1
0	209
0	38
0	0
0	113
0	4
0	0
0	0
0	0
0	4
0	41
0	0
0	0
1	182
0	7
0	65
0	0
0	0
0	0
0	2
0	0
0	0
0	108
0	76
0	0
0	0
0	0
0	0
0	8
0	0
0	5
0	0
0	4
0	0
0	200
0	0
0	0
1	352
0	0
0	0
0	0
0	0
0	26
1	79
0	0
0	0
0	0
0	101
0	10
4	179
1	2
1	0
0	0
0	4
0	0
0	1
1	55
0	0
0	0
2	3
0	0
0	54
13	103
0	7
1	1039
5	47
0	0
0	0
0	0
51	853
0	339
0	0
0	0
0	0
0	0
0	0
0	31
0	0
0	45
0	0
0	17
2	11
12	439
0	0
0	0
0	3
0	0
0	222
0	0
0	42
0	12
0	0
0	0
0	2
0	93
0	1
0	0
3	769
0	416
0	0
0	935
0	0
0	0
0	1
5	52
0	2
0	3
0	0
33	529
0	0
0	0
0	0
0	1
0	0
3	111
0	26
0	0
0	0
0	126
0	25
0	53
0	14
0	0
0	14
4	62
1	183
0	0
0	7
0	0
0	52
0	31
0	0
0	0
0	0
0	0
5	19
0	4132
0	0
0	0
0	0
3	176
0	0
0	708
0	33
1	54
0	1775
0	0
0	15
0	57
0	0
0	109
0	5
0	120
8	1
0	0
0	0
0	0
0	0
1	12
0	151
0	3
0	0
0	112
0	1
0	0
0	0
0	0
0	1
0	195
0	18
0	0
0	126
0	0
0	2
0	0
0	95
0	585
0	0
0	1
6	315
0	5
2	61
0	134
2	109641
0	2
0	0
0	2
0	36
0	0
0	0
0	0
5	6834
0	0
0	8
1	110
0	31
0	0
0	0
0	0
0	0
0	0
0	83
0	0
0	383
1	121
0	3
0	1
0	92
0	0
0	0
12	484
2	3242
0	0
0	1216
0	3
0	0
1	1
0	73
0	176
0	0
3	24
1	0
0	167
0	40
0	0
0	4
0	11
0	0
0	202
0	0
1	28
0	0
0	106
0	1
0	15
0	707
0	0
0	12
0	0
1	0
0	33
0	64
0	79
0	0
0	197
9	283
0	0
0	0
0	0
0	0
0	4
0	0
0	4
0	0
0	99
2	32
2	3
0	2
2	45
0	0
0	0
3	0
0	86
0	12
0	0
0	0
0	151
0	4
0	3
0	0
1	19
1	4576
0	0
0	4
0	0
0	89
0	0
0	1
0	0
0	0
1	0
0	1
1	16
0	37
0	0
0	1
0	0
1	3
0	1
0	0
23	2570
0	2
0	0
0	95
0	1
0	1
3	197
1	13
1	453
0	0
0	25
0	69
0	3
0	0
0	0
0	0
0	0
0	70
0	0
0	0
0	150
0	139
0	113
0	0
0	56
2	22
4	11
0	16
0	0
0	247
0	53
0	6
0	48
0	234
0	1
0	307
0	0
1	0
0	0
0	0
0	73
0	18
0	6
0	0
0	11
0	0
0	139
0	0
0	4
0	0
4	542
0	0
0	47
0	0
0	0
0	0
0	0
0	0
0	4
0	0
0	37
0	0
0	512
0	347
0	2
0	0
0	0
0	0
0	3
0	0
0	0
0	0
2	0
0	0
1	74
0	22
0	0
0	0
0	0
0	0
0	69
0	30
0	0
0	0
0	29
0	0
0	46
0	22
1	0
0	3
0	0
0	1
3	19
0	3
0	0
3	25
1	0
0	29
0	97
0	20
1	143
0	107
0	0
0	1
0	0
6	0
0	0
0	150
0	0
0	0
0	0
3	8
0	1
0	0
0	136
0	9
0	0
0	134
0	0
0	0
0	4
0	77
0	109
0	0
0	0
0	10
0	0
0	1519
0	126
0	0
0	0
2	305
2	103
0	4
0	0
0	0
0	0
0	0
0	84
0	303
0	0
0	22
0	0
0	0
0	0
0	0
0	9
0	0
0	0
0	11
0	7
957	251
0	0
0	0
0	45
0	0
0	401
0	37
1	114
0	3
0	0
1	0
2	346
0	0
0	0
0	6
0	73
0	15
3	195
0	0
0	861
0	188
0	6
0	7
0	0
1	23
0	0
3	69
0	5
0	0
0	0
0	0
1	2
0	0
0	0
0	17
0	11
0	0
0	32
41	15
0	0
0	0
0	203
12	22
0	57
1	0
15	176
0	4
0	4
0	0
0	0
0	53
0	15
0	0
297	0
0	0
0	9
0	0
0	0
0	0
0	0
0	68
2	670
3	27
0	0
0	0
0	0
3	47
0	0
0	8
0	0
0	0
0	0
0	0
0	0
0	108
0	181
0	42
0	117
1	858
0	77
1	59
0	0
0	831
0	0
0	0
0	2
0	74
2	119
0	0
0	0
0	0
0	0
0	162
0	2
0	0
0	0
0	44
0	0
1	0
0	0
0	0
0	170
0	234
84	497
0	62
0	104
0	0
0	1
0	0
0	138
0	49
0	225
0	6
0	0
0	4
0	236
0	634
1	15
0	0
0	77
1	265
35	0
0	0
0	2
66	0
0	0
0	7
0	13
0	5
3	1
0	0
0	0
0	60
0	0
0	0
0	0
0	1
0	186
0	0
0	818
0	0
5	65
0	785
0	8
0	38
1	0
0	0
0	371
0	0
0	382
0	0
0	0
0	2
0	12
0	978
0	0
0	43
0	0
0	0
0	0
0	0
0	8
0	0
0	3
0	0
0	4
0	122
0	0
0	0
0	0
0	0
0	0
0	224
0	388
0	91
0	44
0	0
0	182
0	1
0	91
0	0
0	0
0	0
0	2
0	901
2	0
1	22
0	52
0	0
0	0
0	0
0	476
0	0
0	43
0	1
0	55
0	9
0	123
1	37
0	25
0	0
0	0
0	0
0	0
0	158
0	0
0	0
0	0
0	0
0	0
1	2
0	0
0	49
0	0
0	17
0	0
15	5
0	0
0	17
0	0
2	48
0	0
0	0
0	102
5	112
0	0
7	249
0	525
0	0
0	22
0	0
0	52
0	0
0	458
0	0
0	0
0	0
0	0
0	7
0	0
1	0
0	11
0	387
0	34
0	0
0	0
1	84
0	54
0	0
0	23
0	0
0	3
0	0
0	9
0	3
0	8
0	19
0	0
0	0
0	1
1	90
0	109
0	47
0	9
0	52
0	0
0	0
0	0
0	0
0	0
0	0
6	0
0	170
9	565
0	0
0	0
3	34
0	118
0	1892
0	15
0	0
0	78
0	0
0	0
0	229
0	3
0	0
1	1532
0	0
0	0
0	115
0	0
0	7
0	0
1	742
0	87
5	0
0	22
0	0
2	68
0	0
0	0
2	14
1	20
0	90
0	0
0	145
0	2
0	0
0	0
0	33
0	495
0	657
0	12
0	0
0	0
0	0
0	187
0	439
1	686
0	33
0	0
0	0
16	124
0	0
0	0
0	279
0	0
0	4
0	0
0	0
0	0
0	0
0	12
0	0
26	87
0	0
0	0
0	7
0	0
1	4
0	0
0	0
0	0
0	0
0	3
0	2
0	7
0	159
0	0
0	0
0	0
0	535
0	11
0	0
0	4
1	0
0	2
0	9
0	0
0	0
0	26
0	0
0	0
0	0
0	3
2	113
0	1
0	14
0	0
0	0
0	0
0	1340
0	0
0	509
0	0
0	282
0	0
0	0
0	1488
0	326
0	0
1	0
0	0
0	0
0	1
0	103
0	1
0	107
0	228
0	0
2	0
1	27
3	160
0	0
1	103
0	0
0	271
0	401
0	0
2	18
0	0
0	26
0	0
0	120
0	0
0	2
2	0
0	23
0	44
1	1
0	0
0	4
0	0
0	20
0	3
0	17
0	361
0	295
0	20
338	918
0	0
0	84
0	66
0	0
0	192
0	44
29	486
2	6
0	0
0	0
0	202
0	32
0	50
0	0
0	5
0	0
4	2899
0	0
0	0
0	0
0	0
0	0
0	114
0	6
0	47
0	23
0	0
0	0
81	51
0	0
0	192
0	55
10	2
0	0
1	116
0	1
0	249
0	8
2	27
0	880
0	1
0	0
0	2
0	1
24	340
0	373
1	1
0	0
0	0
0	0
0	0
0	489
0	0
0	0
0	389
0	0
0	39
0	0
0	7
0	6
0	0
0	4
0	7
0	0
1	3
0	48
0	0
0	0
2	70
0	2
0	458
0	0
0	0
0	0
0	0
2	37
0	13
0	10
0	423
0	0
4	4
0	0
0	0
1	26
0	0
0	11
0	0
0	0
0	0
0	0
0	0
1	185
1	405
0	0
0	0
0	0
5	1
0	1
0	0
0	59
0	0
0	51
0	43
0	0
0	134
0	0
0	5
0	11
0	7
1	15
0	6
0	11
0	49
0	4
0	131
79	4
0	0
0	3
0	44
0	49
0	4
0	76
0	0
0	11
0	0
0	0
0	0
0	0
0	0
0	0
0	345
4	0
0	0
0	63
0	0
0	44
0	0
0	0
0	0
0	0
0	1294
0	0
0	0
0	44
0	0
0	6337
0	0
0	137
0	0
0	0
0	108
0	40
0	0
0	0
0	0
0	0
0	2
0	46
0	0
0	0
0	0
0	13
0	3
1	44
0	100
0	13
0	0
0	0
0	1980
0	70
0	32
7	343
0	59
0	0
0	179
0	439
0	180
0	56
0	49
0	12
0	8
0	19
0	0
0	1
0	0
0	0
3	55
0	184
0	0
0	1
0	691
0	0
0	0
0	0
4	0
0	20
0	0
0	0
0	7875
0	0
0	10
0	0
0	0
0	0
0	2
2	2
1	301
0	260
0	0
0	58
0	69
0	0
0	0
0	0
0	2
0	0
0	0
0	0
0	0
0	231
0	0
0	0
0	22
0	2
0	155
0	39
0	0
0	1
0	0
0	94
0	22
0	2958
0	0
1	0
0	117
1	0
1	0
0	0
0	0
0	1
0	74
0	4
0	153
0	18
0	8
0	0
0	5
0	0
0	61
0	3
3	32
0	4
0	0
0	0
0	0
0	0
0	4
0	0
0	39
0	1
0	0
1	35
1	7
0	89
0	222
0	0
0	42
0	0
0	35
0	0
0	0
1	565
0	34
0	0
1	0
0	0
0	0
6	70
0	81
0	105
0	1
0	306
0	0
0	0
0	25
0	21
0	0
0	214
0	11
0	4
0	0
0	0
3	11
0	5
0	528
0	0
0	4
0	9
0	118
0	31
0	102
0	1
0	9
0	70
0	0
1	59
0	0
1	2
0	11
0	117
0	0
1	729
2	89
0	5
11	8
0	0
0	0
0	0
0	13
0	20
0	0
0	0
0	14
0	0
0	5
0	673
1	1832
0	20
0	0
0	2
0	77
0	0
0	0
0	337
0	0
0	0
0	0
0	427
1	3
10	64
0	45
7	3
0	0
0	69
0	1
0	54
1	0
2	239
0	187
0	22
0	0
2	8
215	0
0	0
0	28
0	0
0	3145
0	48
0	0
0	0
0	0
0	0
0	2
0	20
0	28
0	0
0	31
0	616
0	0
0	1
0	1
2	299
0	0
0	0
0	0
0	4
30	0
0	9
0	0
0	0
0	0
0	175
0	0
0	29
0	0
0	536
0	0
0	54
0	152
0	4
0	0
0	496
0	1
0	7
0	16
0	23
10	205
1	218
0	7
0	213
0	23
0	0
0	0
0	0
0	0
0	1
1	127
0	0
0	0
0	0
0	0
0	82
0	242
0	51
0	4
0	0
39	497
44	9368
0	0
6	220
0	0
0	45
0	0
0	0
0	0
0	1605
0	0
0	0
0	0
0	16
0	9921
0	0
0	0
0	2
0	0
0	0
0	159
0	0
0	413
0	0
0	0
0	0
325	312
0	16
0	7
0	19
0	0
0	28
0	279
0	7
0	0
0	0
0	54
1	303
1	6
0	1162
0	0
0	0
0	0
0	8
0	0
0	0
7	1
0	0
0	4
0	0
0	0
1	251
0	6
0	0
1	1099
0	0
0	0
0	0
0	12
0	3
0	153
0	8
0	213
1	0
0	0
0	1
0	20
0	46
0	640
0	12
0	67
0	49
2	786
0	17
1	188
0	0
0	0
0	4
0	1372
0	409
0	0
0	39
0	1
0	27
0	0
0	0
0	84
0	81
0	0
0	0
1	19
0	0
0	16
0	0
0	0
0	2
18	221
0	3
0	0
0	0
0	0
0	0
0	0
0	149
0	206
0	78
0	51
0	20
0	0
94	50
0	4
0	0
9	0
0	0
5	0
0	3
0	0
0	2
0	86
0	0
0	0
1	191
0	15
0	0
0	37
0	0
0	1
0	123
0	4
0	150
0	0
0	9
0	0
1	38
9	0
5	77
0	18
0	1
11	32
0	170
0	0
0	0
0	0
0	0
0	107
2	202
0	29
0	0
0	9
1	0
2	0
0	25
0	12
0	862
0	100
1	1849
0	0
0	20
0	0
2	404
8	11
0	0
0	0
0	454
0	60
0	0
0	131
0	4
0	3
0	38
0	24
0	30
0	0
0	0
0	0
0	0
0	49
0	0
0	13
0	0
50	9
0	56
0	0
1	0
0	36
0	0
0	67
0	0
0	0
0	100
0	38
0	0
1	1672
0	38
0	0
0	0
0	2
0	0
1	772
0	29
0	634
18	1995
0	3
0	2
0	22
0	0
0	12
0	10
0	0
0	0
0	0
0	0
0	0
0	1532
0	0
2	6219
0	106
0	318
0	32
0	1
0	0
0	484
0	241
14	182
0	0
0	0
0	0
0	0
0	0
9	359
0	0
1	33
0	0
0	0
0	24
0	2
0	0
0	20
0	448
0	0
0	1
0	10
0	0
4	105
0	0
0	21
0	1
0	0
0	0
0	1
0	0
0	0
6	54
0	0
0	1
0	0
0	0
0	0
0	0
0	37
0	0
0	0
0	60
0	45
0	4
0	0
0	41
0	14
0	25
0	7
0	8
0	0
0	127
0	6
3	12
0	0
0	0
0	0
0	0
0	0
14	4
0	233
1	4
0	0
0	0
0	0
0	0
0	0
0	132
4	124
0	91
0	9
0	0
0	0
0	0
0	0
0	0
0	0
0	0
0	0
0	214
0	9
0	0
0	0
0	0
0	0
8	544
0	0
0	0
0	6
0	0
0	1
0	227
0	0
0	6
0	0
0	30
0	85
0	72
0	0
0	0
0	590
1	16
0	5
0	1338
0	0
0	5
0	0
0	1
0	1622
0	75
0	0
0	0
0	5
1	42
0	0
0	34
0	2
0	0
0	5
0	5
0	0
0	0
0	0
0	18
0	0
0	0
0	1
14	471
0	0
0	0
0	75
0	7
0	71
0	1
0	0
0	25
0	0
0	0
2	1
0	0
0	0
0	0
1	6
0	2
0	0
0	34
0	2
1	11
0	0
0	4126
0	0
0	2
0	94
1	0
0	0
0	0
0	1067
0	0
0	3
0	0
1	34
0	0
0	77
0	25
0	0
0	0
2	1
0	0
0	0
0	1
0	3
0	1
0	0
0	53
0	0
0	0
0	0
0	10
0	80
0	62
1	62
0	0
0	0
0	0
0	43
0	9
2	3
0	0
0	0
21	2
0	0
0	405
16	78
0	187
0	0
0	3
0	687
0	59
0	0
0	0
0	295
1	0
1	16
3	0
0	93
0	71
3	574
0	1
0	0
0	0
0	4
0	5697
0	0
0	0
0	28
0	0
0	2
0	0
0	0
1	16
0	0
0	24
0	303
0	0
0	0
0	55
0	0
0	3
0	479
0	33
0	1
0	9
1	2
0	11
0	584
0	0
0	4
0	8
0	8
0	3
0	0
36	1151
0	0
0	0
0	30
0	84
0	61
0	0
0	0
0	0
0	0
1	194
3	60
0	1
0	60
0	0
5	494
0	0
0	3
1	3
5	123
0	1759
0	136
0	371
0	0
0	5
0	94
0	0
0	0
0	4
0	0
0	37
0	282
0	0
0	49
1	302
0	389
0	36
1	312
0	17
0	0
1	0
0	1
0	15
0	37
8	1
0	111
1	3
0	236
0	98
12	164
0	0
0	0
0	0
0	160
40	0
0	30
0	0
5	3
0	0
0	0
0	31
1	25
19	77
0	0
0	0
0	4
0	154
0	6
0	0
0	167
0	0
0	2
0	31
0	40
0	205
0	0
0	0
0	21
0	0
0	0
1	10623
0	1
0	21
0	280
0	0
0	6
0	0
0	16
0	0
7	3536
2	56
0	0
0	253
0	24
0	9
0	0
270	0
0	0
0	0
0	0
0	157
0	717
0	652
0	0
0	44
0	1465
0	0
0	990
2	8
0	3
0	0
0	42
0	7
0	0
0	0
0	0
0	224
0	0
0	0
0	0
0	50
0	0
0	79
0	0
0	30
0	9
0	8
0	0
2	0
0	3
0	0
1	657
0	0
0	0
0	1272
0	22
1	69
0	58
0	124
0	52
0	6
0	0
1	73
0	5375
0	81
0	0
0	10
0	1
5	481
0	0
0	0
2	30
0	2
0	5
0	0
0	0
4	13
0	0
0	50
0	0
0	0
0	1
0	210
0	2
0	0
16	2117
1	36
0	20
0	0
0	102
1	0
0	21
0	23
0	154
0	2
0	0
0	0
0	9
0	132
0	21
0	68
0	0
1	56
0	29
20	4
0	1
0	0
0	29
0	6
0	13
0	0
0	0
0	0
8	136
24	699
0	0
0	0
1	8
0	5
12	31
0	0
0	304
0	0
5	2
0	49
0	238
3	2541
0	24
0	0
0	178
2	4
0	0
0	7
0	0
0	0
0	0
4	1873
0	809
0	8
0	0
0	73
0	184
0	9
0	0
0	0
2	0
1	0
0	0
4	253
0	0
1	0
1	16
0	26
0	107
0	60
0	0
0	0
0	0
0	215
0	362
0	2609
0	0
0	0
0	0
2	12
0	0
0	0
0	0
0	0
1	10
0	29
0	0
0	0
1	97
0	0
0	10
0	9
0	3
0	0
0	11
0	0
0	24
22	264
0	3
0	0
31	20
0	660
0	0
0	10
0	43
0	52
0	0
450	197
1	0
0	0
0	0
0	0
0	177
0	31
0	0
0	0
0	137
0	24
0	0
0	0
0	10
0	56
0	0
0	0
0	737
1	450
0	0
3	68
0	0
0	129
0	28
0	12
4	0
0	77
0	2
0	0
0	0
0	6
0	0
0	7
0	0
0	0
39	0
0	0
0	901
0	0
0	28
3	4
0	55
0	115
0	0
0	7
0	275
0	0
0	1037
0	82
0	37
0	0
0	0
0	86
4	0
0	358
2	0
0	137
0	1
0	998
0	0
0	0
0	0
0	3
0	0
0	0
66	2060
0	0
0	0
0	112
0	0
0	11
0	0
0	176
0	41
0	0
0	0
0	0
0	25
0	0
0	15
0	16
0	459
3	691
0	0
0	0
0	14
1	138
0	0
1	7156
0	0
0	0
0	0
0	12
0	0
0	0
0	2
0	0
1	12
0	8
0	0
26	172
0	0
0	0
0	0
0	20
0	0
4	0
0	220
0	68
0	0
0	0
0	0
8	14
0	232
0	1885
1	2
2	287
0	756
0	0
0	0
0	0
2	45
0	13
1	15
0	462
0	1
0	21
0	271
1	54
0	188
0	0
1	903
0	0
0	0
0	0
0	13
0	0
10	3
0	13
0	14
0	46
0	201
1	540
0	32
0	0
0	0
0	0
0	0
1	10
21	48
0	0
0	149
0	1
0	0
0	0
0	0
0	34
5	25
0	0
0	0
3	122
0	18
0	23
0	0
0	1
0	132
0	9
0	0
0	0
0	0
0	43
4	134
0	85
3	1
0	58
0	63
0	50
1	75
0	37
0	23
0	0
0	7
0	94
0	0
0	153
0	212
0	44
0	0
0	423
0	1
0	7
0	3
0	0
0	2
0	22
0	2
0	29
0	0
0	0
0	0
0	0
0	3
0	0
0	0
0	18
0	0
0	0
0	25
0	14
0	0
0	0
0	0
0	21
2	67
8	40
0	2
2	19
0	0
1	3
0	0
1	7
0	10
0	0
0	0
0	3
0	0
0	7
0	0
0	334
0	0
0	180
0	7
0	0
0	27
0	7
3	27
0	0
0	2
0	131
2	11
2	0
0	50
0	84
0	16
9	2383
0	83
3	296
0	0
0	477
0	0
0	0
0	0
0	3
0	277
0	11
0	0
0	0
0	0
0	1
0	51
0	1
0	0
0	299
0	33
0	0
0	64
1	12
0	22
0	0
4	9
0	219
0	0
0	0
2	39
1	400
0	0
2	0
0	767
0	16
2	1
0	1253
1	0
0	18
0	185
0	0
0	0
0	0
0	10
0	10
0	278
0	3
0	3
0	0
0	0
0	23
0	0
0	0
0	7
29	0
0	0
0	0
0	0
0	75
1	287
0	1
0	0
0	0
0	304
0	0
0	0
0	6
0	5
1	4050
2	0
0	18
0	0
0	8
0	0
1	13
0	76
0	0
0	0
0	0
0	0
0	5858
0	10
1	0
0	1
0	585
0	0
0	8
0	0
0	0
0	5
0	0
9	1
0	0
3	335
0	0
0	23
0	29
0	0
0	1693
0	60
0	4
0	19
1	13
3	850
0	45
8	0
0	0
0	0
0	0
0	1
0	0
0	0
0	0
0	0
0	0
0	31
5	302
0	0
3	180
0	14
0	24
0	0
0	8
0	39
0	0
0	5
0	0
0	1
1	0
1	156
13	13
0	32
0	37
4	118
2	12
0	0
0	365
0	0
2	45
0	96
0	20
0	0
29	3102
3	161
0	1
0	0
0	0
0	1
0	3
0	61
0	0
1	6
0	2
0	0
0	0
0	0
1	1
15	881
3	1
0	208
0	0
0	0
0	0
0	6
2	9
0	18
0	56
4	8
0	1
0	1
2	167
0	0
0	2
0	0
0	1
0	0
0	0
0	0
0	0
0	0
0	0
0	17
0	0
0	6
1	2
0	6
0	0
26	0
0	0
0	0
0	0
0	76
0	0
0	0
0	0
0	5
0	2
0	20
0	51
0	32
0	0
0	127
0	0
0	0
0	0
0	442
8	9
0	41
0	177
0	0
0	811
0	0
6	138
0	0
0	1
0	0
0	100
0	0
0	11
1	1
0	0
0	0
0	21
0	0
0	0
0	28
0	9
0	0
0	0
0	0
1	0
0	8
0	0
3	40
0	3
0	7708
0	0
0	0
0	0
0	315
0	0
0	261
0	0
0	0
0	0
0	1
1	2
0	4
0	5
0	0
0	116
0	0
1	0
0	0
0	0
0	0
0	0
2	55
0	37
0	0
0	54
0	0
0	5
0	0
0	7
0	0
0	0
0	0
0	2
0	20
0	59
0	0
0	2
0	1
0	11
0	0
0	0
0	0
0	0
0	220
0	0
0	2
0	5
0	30
0	208
0	0
0	0
0	13
0	410
0	40
0	0
0	0
0	65
0	0
0	213
0	11
0	0
0	0
0	17
0	0
1	0
0	0
0	0
0	0
0	0
1	34
0	0
0	0
0	0
0	0
0	5
0	0
6	85
0	0
5	0
0	0
0	0
0	0
0	0
0	0
3	66
0	734
52	0
3	251
0	49
0	0
0	0
0	8
0	0
16	111
0	170
0	6
0	35
0	93
0	0
0	21
1	337
0	1
1	0
0	0
1	3
0	99
0	0
0	0
1	0
1	1
0	0
0	4789
0	0
0	0
6	1
0	0
0	0
0	318
0	2
31	584
0	10
0	4
3	92
0	0
0	0
0	0
0	0
0	0
0	57
0	0
0	0
0	171
1	282
0	26
0	116
0	0
0	0
0	0
0	177
0	803
0	40
0	71
0	0
0	0
0	0
0	2
0	0
0	52
0	0
0	253
0	0
0	1725
0	0
0	0
0	0
0	0
1	98
0	6
0	0
2	18
0	2
0	9
0	75
0	0
0	0
0	0
0	3
2	110
0	0
0	0
0	58
0	0
0	0
2	7
0	0
0	0
0	2
0	0
0	21
1	7
0	1
0	4
0	0
0	0
0	1
0	0
0	1
0	1
1	45
0	0
0	14
0	0
0	177
0	0
0	81
0	0
2	4
2	11
0	0
0	1
0	61
1	0
0	0
0	0
6	922
0	7
0	0
0	21
6	133
0	60
0	20
6	259
0	0
1	5
0	3
0	31
0	0
0	281
0	20
0	0
1	0
0	24
0	13
0	0
0	233
1	160
0	59
0	0
1	1
0	0
0	36
0	1
0	30
0	116
0	0
0	0
0	0
0	153
1	2105
0	0
0	54
0	9
0	17
0	0
2	0
0	0
2	30
0	33
0	1
0	0
0	135
0	79
0	0
0	0
0	0
0	15
0	359
0	0
0	0
0	0
0	8
0	0
0	3
0	0
2	0
0	0
0	6
2	44
0	81
0	71
0	21
1	90
0	282
0	67
0	395
2	475
0	0
0	10
0	0
1	46
0	0
0	2
0	21
0	0
0	0
0	43
0	46
0	84
0	0
3	4
1	364
0	0
0	1695
0	1
1	114
0	36
0	17
1	755
4	191
0	6
0	3
6	19
1	969
0	0
0	0
0	29
0	0
0	8
0	0
0	0
0	0
0	105
0	313
14	55
8	206
0	0
0	1
0	322
5	482
1	0
0	0
0	113
0	0
0	0
0	400
0	1
0	63
0	13
0	0
0	260
0	0
0	0
1	1045
0	220
0	51
1	18
0	22
189	13273
1	3912
0	0
0	0
0	36
0	0
0	0
0	0
0	0
61	826
0	0
0	0
0	2
9	0
0	0
0	63
0	0
0	0
0	117
0	4871
0	0
0	51
0	2
0	0
0	0
0	859
0	0
0	0
0	0
0	0
3	21
3	126
0	0
0	46
0	0
0	0
0	101
1	29
1	16
0	11
0	0
1	154
0	0
0	5
0	0
0	0
1	483
0	4
0	10
0	7
0	0
0	0
0	0
0	0
0	1
0	2
0	43
0	0
0	0
0	0
0	2
0	14
10	10
0	3
0	27
0	0
0	224
0	28
0	23
0	0
0	0
1	112
0	502
0	0
0	0
0	0
0	0
0	0
0	1
0	92
1	251
0	0
0	0
0	0
6	1818
0	0
2	1
0	0
0	0
0	0
0	769
0	0
0	2
0	285
0	0
0	1166
9	0
0	1599
0	281
0	70
0	4
0	3
0	210
0	0
2	11
0	0
3	816
0	16
0	272
0	1
0	2
0	0
0	0
0	36
0	11
0	0
0	0
0	67
0	109
0	60
0	135
2	668
0	0
0	5
0	25
0	0
0	64
0	0
0	0
0	42
2	0
0	104
0	0
0	17
0	0
0	278
0	0
2	1
0	0
1	2729
1	2
1	15
0	0
0	208
0	0
4	59
0	89
0	8
0	0
0	4
0	0
1	20
0	0
0	32
0	14
0	15
3	35
0	62
0	85
0	1
0	83
0	65
0	22
0	0
0	1
0	3
0	0
0	278
0	43
0	0
0	531
0	586
0	0
0	0
0	0
0	18
0	174
0	0
0	0
0	558
2	0
0	442
0	75
0	21
0	0
0	2
0	0
0	261
1	2
0	0
0	0
1	0
0	17
0	1
0	59
0	0
0	17
2	1416
0	0
0	3
6	5
7	1
0	118
0	0
0	363
0	5
0	0
0	0
2	0
0	25
3	3
0	0
0	0
0	125
0	0
7	2389
0	235
0	3
0	0
0	21
0	0
1	31
0	2
0	0
0	0
0	29
0	11
0	23
0	0
3	699
0	0
4	39
0	0
0	0
0	0
0	32
0	0
1	35
12	556
0	92
0	0
0	0
0	0
76	310
14	170
0	284
0	64
0	5
0	0
0	0
4	0
0	1
0	62
0	0
0	0
0	1
0	12
0	9
0	0
0	0
0	0
0	0
7	151
0	0
0	0
0	1
0	278
0	103
0	0
1	565
0	0
0	2471
0	1
0	0
0	0
1	837
0	0
6	330
0	0
0	1
0	85
0	510
0	504
0	5
0	5
1	257
0	0
0	0
0	0
0	0
0	0
0	1
0	2
0	2
0	0
0	4
0	32
0	12
1	0
0	0
10	22
0	1
0	0
0	1
0	0
1	6
0	0
0	0
0	18
0	0
0	847
0	103
0	0
0	62
0	0
0	900
89	2
0	0
0	0
0	0
0	0
0	32
0	103
0	64
0	0
0	0
0	0
0	0
1	8
0	0
0	15
0	0
7	247
0	0
0	0
0	0
0	0
0	28
0	0
0	0
0	1
1	0
0	0
0	0
0	0
0	0
0	0
0	21
1	257
0	78
0	0
0	25
0	2
55	145
0	0
0	0
0	9
0	0
0	0
0	28
16	0
0	68
0	0
0	200
1	0
0	446
0	11
0	5
0	1
0	0
0	56
0	8
0	0
0	1
0	0
0	0
0	50
0	16
0	0
0	6
0	0
0	15
3	11
0	0
0	0
0	43
0	0
0	0
0	0
1	53
2	33
0	0
0	0
0	0
0	126
0	11
0	3
0	1
0	184
0	0
0	3
1	0
0	3
0	0
0	0
0	0
0	1
0	1218
35	2
0	216
7	4
0	0
0	5
0	0
0	10
0	57
0	297
0	56
0	5
0	3962
0	0
0	113
1	0
8	145
0	0
0	0
0	0
0	1173
0	11
0	11
0	282
0	0
0	0
0	33
1	1157
2	519
0	0
0	0
0	19
12	0
0	0
0	0
0	9
0	0
0	114
0	0
0	0
0	18
0	2
0	0
0	96
0	0
0	1
0	166
2	243
0	18
0	469
3	16
0	0
0	331
0	89
0	0
0	311
1	37
0	0
0	0
0	0
0	16
0	28
0	61
0	0
0	0
1	15
0	11
0	8
0	0
0	35
0	1
0	0
0	0
0	0
1	361
0	52
0	0
0	12
0	0
0	0
1	6
0	0
0	0
0	0
0	314
0	0
0	0
0	1
0	19
0	0
0	8
0	85
3	212
0	0
1	0
0	18
0	0
0	2
3	9
1	0
0	23
0	4
0	15
0	2
0	0
0	0
0	631
0	70
0	138
0	0
1	184
0	0
0	0
0	18
0	0
1	41
0	0
0	0
0	8
0	41
0	10
0	0
0	0
0	15
3	58
0	0
0	0
4	0
0	0
0	166
0	0
0	0
0	3
0	67
0	0
4	0
0	144
0	5
0	19
371	360
1	65
0	0
0	747
0	0
0	175
0	1
0	490
1	65
0	0
0	0
0	7
0	0
4	0
0	0
0	0
1	6748
1	0
0	0
0	0
0	0
0	0
0	0
14	4186
0	0
0	0
0	0
2	1
0	2
0	181
0	167
0	0
0	0
0	0
0	0
0	0
0	15
0	0
0	0
0	93
0	0
0	0
0	0
0	1
0	0
0	0
0	63
0	29
12	238
0	0
0	52
0	0
0	0
1	123
0	0
0	0
1	3
0	3
0	0
0	0
0	0
0	0
0	1
0	610
0	142
0	0
0	90
1	20
0	13
0	4
0	0
0	0
0	0
0	14
0	311
0	1
0	207
0	0
0	0
0	0
0	157
0	35
1	74
0	0
0	0
0	0
0	0
0	0
0	16
0	10
2	483
0	51
0	20
0	7391
3	208
0	0
0	128
1	99
0	18
0	0
5	892
0	0
0	787
0	0
0	1
0	20
0	3
0	15
1	219
4	32
3	131
0	0
0	62
0	0
0	0
0	0
0	0
1	722
0	0
0	725
0	0
0	0
0	0
0	15
0	6
3	557
0	0
0	0
0	0
0	0
0	12
0	5
0	0
1	82
1	1
0	18
0	435
0	0
0	31
44	24
0	0
0	0
0	0
0	61
0	0
4	0
0	33
1	15
0	0
0	0
0	19
0	0
0	0
0	15
0	12
0	18
0	0
0	0
0	0
0	0
0	10
2	49
0	245
0	0
0	3
0	54
0	15
0	267
0	6
0	0
0	0
0	0
0	0
0	17
0	21
0	0
0	436
0	529
0	0
0	61
1	384
2	61
0	0
0	163
1	30
0	0
0	20
0	0
1	21
0	328
0	13
0	0
0	23
0	0
0	0
0	10
2	146
0	0
0	0
0	0
0	20
0	6
0	32
0	0
0	302
0	24
0	0
0	1
7	913
0	0
0	0
0	0
0	1
1	15
0	5
0	0
0	0
0	20
0	32
0	3
0	0
0	347
0	0
0	0
0	0
0	0
0	0
52	52
0	0
0	0
3	41
0	11
0	27
0	0
0	0
0	0
0	9
0	40
0	18
0	104
2	0
0	0
0	0
0	15
0	0
0	0
0	306
0	0
1	115
0	0
0	40
0	0
45	10600
0	0
0	0
1	44
0	0
0	8
0	0
0	7
0	0
0	32
0	40
0	0
0	0
0	22
1	26
0	0
0	0
0	522
0	0
0	15
12	0
0	0
0	0
0	0
0	0
0	52
0	367
0	0
1	11
1	321
0	0
0	0
2	0
0	0
0	2
0	384
0	0
0	28
0	116
0	1
0	48
0	4
0	0
1	0
0	0
0	0
2	2
0	619
0	0
0	0
0	0
5	25
0	0
0	533
0	15
0	193
1	49
0	16
0	9
0	0
0	0
0	0
0	5
0	19
0	47
0	0
1	4
0	6892
0	0
0	30
0	0
0	358
2	193
0	809
0	37
11	0
3	249
0	286
0	20
1	0
1	39
0	0
0	0
0	0
0	0
0	0
0	2
3	142
0	0
0	465
0	0
0	0
0	7
0	0
23	1341
0	2
0	5
0	1
0	31
0	0
0	30
0	2
0	0
0	1
0	0
0	2
3	43
1	21
6	41
1	1
0	58
0	502
0	7
0	322
2	10
2	484
0	2
0	0
3	0
0	0
0	0
0	32
0	0
0	0
0	1
0	6
0	7
0	0
0	0
0	0
0	224
0	48
2	1313
0	0
2	41
0	0
0	0
1	4
0	0
0	1
1	52
0	0
0	9
0	11
0	0
13	0
0	0
0	4
0	2
0	2
0	6
1	177
0	0
0	286
0	0
0	13
0	32
0	0
23	0
0	2
0	0
0	289
0	0
1	164
0	0
0	11
1	0
0	0
0	0
0	10
0	58
0	0
0	0
0	0
0	0
0	0
0	0
0	0
0	0
0	5
0	0
0	0
0	0
0	0
0	0
0	44
1	80
0	0
0	0
0	70
0	0
0	0
0	0
0	4
0	0
1	7
0	0
0	0
0	2
0	0
0	0
0	0
0	50
0	0
0	230
0	6
0	0
5	0
0	0
0	7
1	38
0	37
0	0
0	0
0	0
0	0
0	0
0	1
0	0
22	262
0	0
0	0
0	0
0	0
0	10998
0	0
0	0
0	0
0	1096
0	0
0	1
0	0
0	1
11	72
0	10
2	61
0	2
1	2
0	1
0	0
0	5
0	0
0	2
0	74
0	0
1	7
0	0
0	0
0	0
0	0
0	9
0	0
0	1
0	1
0	0
0	0
0	6
0	425
0	1
0	47
0	2
0	2
0	65
0	0
1	32
0	0
0	20
0	9
0	1192
0	0
0	0
0	0
0	16
13	88
0	157
3	60
0	0
4	9
0	0
0	0
0	70
0	0
0	0
0	0
0	0
0	0
0	1135
19	232
2	0
0	0
0	0
0	28
1	0
6	19
0	0
0	0
0	4
0	0
2	1531
0	50
1	544
3	175
5	198
0	20
19	308
0	0
0	5
0	81
0	0
0	343
0	0
0	0
0	0
0	0
0	31
0	25
0	1
6	3
0	13
3	9
0	12
0	0
0	0
0	0
0	0
0	0
0	14
0	2
0	0
0	2
0	0
0	0
0	301
1	2
3	43
0	0
0	0
3	10
0	279
0	0
0	0
0	0
0	4
0	0
0	0
0	87
0	0
0	0
0	67
0	0
0	54
0	0
0	2
0	0
0	0
0	0
0	0
53	20
0	1
0	16
0	0
1	168
0	0
0	0
0	8
0	1
0	0
0	1
1	12
0	0
0	11
0	0
0	0
1	33
0	76
0	150
0	0
0	0
0	5
0	14
0	6278
0	1
0	15
0	0
0	502
0	0
0	6
0	0
0	0
0	37
0	0
0	0
0	1
0	13
2	405
0	0
0	14
0	0
8	395
0	32
0	0
0	0
1	12034
2	14
0	33
0	19
0	0
0	0
0	0
0	9
0	0
0	0
1	987
0	0
0	43
0	0
0	568
0	0
0	0
107	3
3	0
0	0
0	57
0	0
0	0
4	176
0	0
0	33
0	0
0	31
0	0
1	8
0	32
0	0
0	0
0	10
0	0
0	0
0	3
0	0
0	95
0	65
0	333
1	0
0	0
0	0
0	0
0	26
0	12
0	0
0	0
0	0
0	0
0	0
12	7
0	655
0	23
0	25
0	8
0	1148
0	0
0	0
1	35
0	0
0	16
0	282
0	0
0	6
0	1
0	385
0	13
0	1
0	414
0	0
0	670
0	15
0	4
1	3465
0	0
0	744
0	15
0	28
0	0
0	2
0	0
0	205
0	0
0	4
1	36
0	0
0	0
0	48
0	2
0	0
2	208
4	2218
0	5
0	0
0	1
0	82
0	8
0	0
7	6761
0	104
0	0
0	33
6	59
0	0
0	13
0	0
1	371
0	0
0	670
0	0
0	0
0	0
0	0
0	212
0	0
5	8
0	0
0	512
0	23
0	28
0	16
0	0
0	22
0	0
0	0
0	1
2	6
0	0
0	0
0	0
0	23
3	17
0	29
0	57
0	0
0	68
2	45
0	0
0	0
0	0
1	0
0	0
0	35
0	288
0	0
0	1
0	12
1	1
0	0
0	37
0	16
0	1
0	0
0	0
0	73
0	6
0	0
0	8
0	0
0	0
0	26
0	2
0	0
0	0
0	18
0	531
0	19
0	0
10	2
0	0
0	247
0	0
0	0
0	0
0	1
4	0
0	0
0	0
0	16
0	0
0	13
0	197
0	0
0	2
1	914
0	0
0	227
0	0
0	1
0	0
0	0
0	13
0	55
0	0
0	0
1	10
0	0
0	26
22	7
0	0
0	0
0	2
10	0
0	5
0	2317
0	86
0	2
0	12
0	0
1	19
0	800
0	16
0	0
0	911
0	23
0	33
0	7
0	0
0	4
0	3
0	0
0	7
0	153
0	0
1	0
0	4
0	0
0	0
0	0
0	28
0	0
1	2459
4	6
0	0
0	0
0	0
0	98
0	247
0	67
0	27
0	2
0	59
0	0
0	1
0	16
0	48
0	0
0	188
0	0
0	0
0	621
0	4
0	0
1	29
0	0
0	61
0	0
0	0
0	1
0	67
0	0
1	9
0	0
12	64
0	1
0	7
0	0
0	0
0	741
0	3
0	53
0	0
0	0
0	0
0	0
0	0
0	249
0	4
0	45
0	0
0	0
0	107
0	51
0	0
1	0
0	20
0	0
0	0
0	0
0	12
0	40
0	0
0	0
0	0
0	0
0	0
0	250
0	0
0	0
0	0
0	0
330	3
1	184
0	309
0	0
0	9
0	0
0	172
0	5
0	20
0	0
0	8
0	0
0	433
0	0
0	11
0	5
0	0
0	7
0	15
0	0
0	0
1	245
0	4
0	203
0	593
0	5
0	182
0	0
0	0
0	0
0	46
0	0
0	0
0	0
0	37
0	34
0	159
3	6
0	1030
0	9
0	103
0	0
0	0
0	0
0	16
58	3372
0	0
0	0
0	0
0	0
0	19
1	484
1	2
0	2
0	1
0	0
45	786
0	10
3	126
0	0
0	283
0	0
0	114
0	145
0	0
0	0
4	14
0	56
0	369
1	6
0	44
0	4
0	0
0	43
0	7
0	0
0	57
3	306
0	5
0	50
0	1
0	42
0	0
0	0
0	39
1	0
0	16
2	32
0	0
3	0
0	5
0	0
0	0
0	0
0	42
0	1850
0	50
0	0
0	18
0	100
0	19
0	3
0	32
0	419
0	91
0	0
0	0
0	4
0	155
0	187
0	41
0	0
0	0
7	601
0	3
0	0
0	5
0	0
0	0
0	0
0	9
0	0
0	4
0	0
0	36
0	0
0	0
0	0
0	28
0	6
0	0
0	0
0	0
1	160
0	0
0	50
0	39
0	187
0	0
0	2
0	16
0	4
0	0
0	3
2	16
0	19
0	62
0	89
2	61
7	178
0	1388
1	946
0	127
0	0
0	0
0	0
0	0
0	0
0	4
2	1907
0	184
0	0
0	0
1	601
6	93
1	102
0	3
0	232
0	217
0	0
0	1
0	0
0	0
0	24
0	2
0	0
0	0
0	2
0	4351
0	14
3	1
0	177
1	31
0	2
0	4
0	0
0	0
0	71
0	0
0	30
0	0
0	258
0	31
0	0
0	30
0	2
0	104
0	0
1	32
0	0
0	0
0	9
0	42
0	0
0	0
0	0
0	14
0	1
0	950
0	0
0	43
0	54
0	22
2	0
1	1
0	86
0	0
0	0
0	0
0	9
0	3
1	0
0	0
0	0
0	0
0	357
1	306
0	0
0	112
0	28
0	6
1	453
0	155
0	0
0	0
0	64
19	120
0	129
0	0
0	61
0	0
0	105
0	3
0	0
1	3
0	35
0	0
0	0
0	0
0	29
0	195
0	0
0	0
0	0
0	2
0	2253
0	0
0	0
0	0
0	0
2	192
0	0
0	0
0	0
0	0
1	0
0	59
0	0
0	0
0	342
0	32
0	0
0	316
0	958
5	205
0	1
0	12
0	18
1	43
1	98
0	0
0	90
0	0
22	443
0	0
0	21
0	51
0	42
5	76
0	136
0	25
0	21
0	26
0	8
4	142
0	0
1	0
0	82
0	27
0	0
58	1239
0	33
0	0
0	7
0	0
0	0
0	0
0	0
0	23
1	0
0	0
0	0
0	0
2	3
0	0
0	0
3	29
0	0
0	0
0	0
0	0
0	0
0	0
0	0
0	0
0	0
1	31
0	0
0	0
3	0
0	0
0	0
0	2
0	20
0	1469
0	32
0	0
0	3
0	0
0	0
0	68
0	0
0	37
0	0
0	11
0	0
0	0
0	0
0	0
8	261
0	184
0	0
0	0
0	207
0	0
0	0
0	0
0	0
0	0
14	165
0	126
0	0
0	0
0	69
0	2
0	53
0	24
0	0
0	11
0	0
0	46
0	152
0	0
0	10
0	0
0	0
0	2
0	3
0	0
0	123
83	917
0	0
0	0
0	32
0	24
0	30
1	3
2	128
0	0
0	0
0	649
6	83
0	0
0	0
0	0
0	9
0	0
0	329
0	9
0	0
0	0
0	33
0	0
0	0
0	0
0	0
0	0
0	1
0	0
0	0
0	63
0	0
0	279
0	0
0	0
2	1054
0	0
1	2
0	115
0	0
0	28
0	0
0	20
0	7
0	0
0	0
0	0
0	0
1	6
0	2
0	2
0	101
0	1049
0	0
0	91
0	0
0	1
0	43
0	11
10	23
13	15
0	0
0	25
0	0
0	0
0	0
0	23
2	0
0	17
0	0
2	16
0	233
0	2
0	0
3	1233
0	8
0	0
0	0
0	370
0	0
2	2
1	34
0	0
0	0
0	0
0	0
2	1
3	0
0	26
0	0
0	53
0	0
0	0
0	7
0	0
0	0
0	0
1	168
0	0
0	45
1	88
0	8
0	47
0	6
0	24
0	0
0	4
0	55
0	34
0	0
0	8
0	3
0	0
0	0
0	0
0	106
0	0
0	0
0	0
0	0
0	0
0	0
2	229
0	1
0	0
0	0
0	0
0	0
0	29
0	232
0	0
0	0
3	299
0	0
0	13
1	6
0	0
0	0
0	0
0	23
0	36
0	0
0	292
71	131
0	0
0	325
0	0
0	0
0	0
2	1248
2	25
1	54
0	23
0	0
1	169
0	0
0	0
0	0
0	18
0	4
0	0
0	30
0	1
0	83
0	0
0	0
0	0
0	0
0	0
0	1
0	539
0	0
0	0
0	0
0	2
34	0
2	0
5	120
0	0
0	0
0	0
0	73
0	0
0	0
0	0
0	28
0	427
0	0
0	70
0	28
0	7
0	53
0	35
0	1
0	14
0	0
0	98
0	0
1	0
0	7
0	0
0	0
0	5
0	0
0	23
0	188
0	0
1	47
0	0
0	108
0	0
0	48
0	125
1	5
6	0
0	1
0	122
0	39
0	0
2	22
0	0
0	0
0	0
0	1193
0	2
0	13
0	0
0	6
0	606
0	0
0	1
0	0
0	256
0	1
0	71
0	0
0	504
2	75
0	0
0	31
0	2120
0	3
0	521
2	0
29	25
0	0
0	424
0	5
10	165
0	116
12	90
0	3
0	8
0	0
0	0
0	0
0	62
2	84
0	19
0	22
0	0
0	0
0	0
0	0
0	0
3	25
131	121
0	16
0	670
0	6
0	3
0	209
2	791
0	1697
0	0
4	8
0	3
1	54
0	0
0	0
0	9
0	34
0	0
0	0
0	118
1	4
0	0
0	0
0	41
0	0
0	2
0	550
0	38
0	4
0	212
0	0
0	17
0	41
0	4
8	420
0	0
1	98
2	445
0	0
0	0
0	1
0	0
0	250
1	161
0	134
1	34
0	0
13	220
0	0
0	1
0	0
0	7
0	0
0	4
0	0
0	0
470	184
0	7
0	0
2	4
0	5
1	1
0	0
0	0
0	6
1	50
0	0
1	288
1	0
0	0
0	0
0	0
0	0
0	0
0	0
1	21
0	0
3	459
0	0
0	0
0	0
0	0
0	39
0	39
0	109
0	0
0	128
0	12
1	8
0	27
0	0
0	0
0	344
0	0
0	0
0	0
0	0
9	11
0	410
0	0
0	3
0	0
0	0
0	42
0	41
0	6
0	0
1	75
3	183
0	48
0	0
0	0
0	20
0	466
0	2
1	11124
0	60
0	0
0	0
0	20
0	6291
1	0
0	0
0	0
0	17
0	0
0	0
0	0
0	142
4	25
0	0
0	0
3	106
0	103
0	0
0	3
0	10
2	952
0	0
0	0
0	0
1	115
258	102
0	0
0	0
0	0
1	0
0	87
0	0
0	0
0	0
0	12
0	86
0	0
0	8
1	114
0	27
0	0
0	82
0	61
0	0
0	0
0	1
12	1
0	48
0	154
0	4
1	1657
0	1
0	5
0	0
0	0
0	0
0	0
0	297
1	91
0	28
0	35
0	0
0	0
0	0
0	9
1	0
2	205
0	6
4	11
851	277
0	0
0	0
0	0
0	1
0	20
1	1
0	837
0	483
0	4
0	0
0	30
2	0
0	0
0	0
0	285
0	0
0	32
0	0
2	294
0	11
0	11
1	0
0	215
0	104
0	3
0	176
3	86
0	46
0	0
0	0
0	0
0	1
0	0
0	66
0	205
0	0
0	0
0	0
0	0
3	157
0	12
1	0
2	178
2	1
0	0
0	1
0	0
0	0
2	49
0	285
0	0
0	0
0	6
0	4
0	0
0	60
13	256
0	7
0	0
0	2
0	381
0	205
0	0
0	0
1	14
0	0
0	0
0	0
0	1
0	15
0	0
0	1
1	181
0	276
0	16
0	13
0	85
0	0
0	11
0	0
0	2
0	0
0	0
0	512
0	0
0	72
0	53
0	367
0	0
0	0
0	41
0	3
1	6
0	454
0	0
0	29
0	624
0	1224
0	0
1	1
0	11
0	200
8	10
0	20
2	0
0	0
0	2
0	372
0	0
0	0
0	0
0	3
3	12
0	0
5	1231
1	62
0	0
0	4
0	2
0	6
0	18
0	3
0	0
0	0
0	0
0	0
0	25
0	0
0	597
1	6
0	162
0	7
0	0
0	7
0	2
13	1
0	0
0	0
0	0
0	0
0	0
0	0
0	0
0	0
0	65
0	6
5	0
0	16
3	436
0	0
0	6
0	0
0	14
0	0
0	0
0	0
3	16
0	0
0	0
0	0
0	0
1	10
0	0
0	152
1	407
1	1369
1	13
0	0
0	0
0	345
0	0
0	0
0	0
0	0
0	3
6	553
6	74
13	1
0	0
0	0
2	36
0	160
0	101
0	42
0	252
1	2
0	0
0	0
0	0
0	0
0	0
0	375
0	115
0	0
0	0
0	33
0	63
0	0
0	0
0	102
0	0
0	6
0	67
0	5
0	0
0	1
1	10
0	105
0	37
0	3
2	63
0	0
0	0
30	245
0	0
0	0
0	54
1	41
2	16
0	0
0	214
0	53
0	0
0	23
0	0
0	0
0	0
0	153
0	70
0	0
0	14
0	8
0	108
0	378
0	0
1	33
1	462
0	0
0	0
6	914
0	0
2	10
0	66
1	6
0	0
0	0
0	0
0	0
0	36
1	660
0	79
0	2095
0	0
0	0
0	0
1	0
0	56
0	0
2	5
0	18
0	0
0	325
0	8
0	0
0	0
0	7
10	0
0	0
4	588
12	1488
1	0
0	1
0	108
0	0
0	0
1	0
0	0
0	100
0	103
1	32
0	0
0	0
0	0
0	49
0	0
0	0
1	0
0	724
0	51
0	82
3	213
0	0
0	53
0	0
0	0
0	0
0	0
0	266
0	0
0	0
0	0
0	0
3	16
0	282
2	2
1	148
0	0
0	1
0	0
0	73
0	0
0	0
0	0
0	0
0	6
0	0
0	0
0	0
1	355
0	11
0	0
0	0
0	0
0	70
1	29
0	0
0	0
0	0
0	13
0	0
0	0
0	0
0	0
0	0
0	0
0	0
0	0
0	0
0	0
0	0
0	4
0	1634
0	0
0	71
0	9
0	67
1	7
0	0
0	812
0	0
0	1
0	44
0	4
0	14
0	6
0	0
0	8
0	0
0	0
0	1
0	0
28	306
0	0
0	0
0	0
0	218
0	108
0	23
0	0
0	0
0	0
0	44
0	652
4	5
0	11
0	0
6	11
2	197
0	1
0	489
0	0
0	0
0	135
0	1
0	1
0	19
0	1
0	306
0	72
0	0
0	0
0	28
0	0
5	15
2	0
0	0
0	5
1	0
0	0
0	1
0	0
0	7
0	1
0	33
0	92
0	0
0	3
0	146
0	0
0	0
0	0
1	20
0	20
3	221
0	0
0	30
1	98
0	7
0	7
0	0
0	21
0	5
0	0
0	29
1	0
0	31
0	0
1	27
19	674
1	0
5	49
2	380
0	0
0	30
4	2
0	0
0	0
0	0
0	916
0	37
0	51
0	0
0	0
0	56
6	12
1	24
0	94
0	0
0	4
0	2
2	0
0	138
0	0
0	1
3	11
0	0
0	8
0	155
0	0
0	12
0	0
3	51
0	0
0	0
0	0
0	74
0	15
10	185
0	2
0	0
0	1
1	61
0	3
0	0
0	97
0	7
0	0
0	1
0	6
0	4
0	0
0	0
4	121
0	305
0	56
0	0
0	1
0	40
0	0
0	0
0	43
0	9
0	5
6	1
0	0
0	0
0	0
0	0
2	16
0	1
0	0
1	753
0	0
0	77
0	0
0	0
0	0
0	0
0	0
0	1041
0	0
119	1050
0	0
0	2
0	12
0	0
0	0
0	0
1	0
0	44
0	0
0	0
0	13
0	216
0	979
0	0
0	9
0	11
0	0
0	0
0	0
0	1
0	0
0	0
0	0
0	0
0	347
2	0
1	43
1	449
0	33
0	0
0	0
0	2
0	0
0	2
1	31
0	1
0	0
0	58
0	0
0	0
1	35
0	0
0	3
0	1
0	225
0	337
0	40
0	5
1	1337
0	0
0	4
0	0
1	15
0	0
0	70
0	15
0	12
0	5
0	0
0	4
0	3
69	87
0	0
0	76
0	0
0	0
0	0
0	6
1	523
0	0
0	0
0	23
0	0
1	0
0	2
0	0
0	0
0	76
0	0
0	0
0	0
0	103
1	2
0	0
0	0
0	0
0	1145
0	9
0	12
0	69
2	34
0	37
0	0
0	144
0	3
0	0
0	855
0	0
0	0
0	20
0	3
0	0
0	0
0	7
0	6
0	540
1	169
0	31
0	1
0	0
0	0
0	221
0	0
0	0
0	0
219	317
0	0
0	0
0	43
0	104
0	248
0	6
0	10
0	225
0	0
1	0
0	46
0	0
0	270
0	0
0	0
0	24
0	45
0	34
0	175
0	31
0	3
0	4
0	262
0	283
0	2
0	0
0	501
0	0
0	54
0	616
0	30
0	1
100	1
0	0
0	5
0	0
0	15
1	10
1	123
0	88
0	0
0	0
0	102
1	12
0	24
0	0
0	0
1	15
0	8
0	0
0	0
0	0
0	17
0	23
0	6
0	12
1	11
0	2
0	0
0	26
0	40
0	303
0	18
0	0
0	0
0	0
0	64
0	8
0	0
2	5
0	0
0	174
0	46
4	5
0	8
0	2
0	29
0	0
0	50
2	0
1	0
0	2
0	18
0	0
3	9
0	296
1	13
0	9
2	0
0	112
0	0
0	0
0	14
0	0
0	2
0	5
0	0
2	197
0	310
0	0
0	3
0	1
0	1684
0	234
1	39
0	0
0	0
0	56
0	0
0	475
0	0
2	12
0	0
2	2350
0	49
0	0
0	0
1	69
0	0
0	20
0	57
0	229
0	0
0	0
0	0
0	20
0	0
0	0
0	0
0	106
0	25
0	95
0	51
0	0
0	0
0	0
0	107
0	0
0	42
0	1
1	2
0	0
2	0
0	4
0	840
0	0
0	103
0	5
1	166
0	0
0	0
2	35
0	2
0	0
0	72
0	361
0	0
0	12
0	0
0	3
0	0
3	180
0	4
0	0
2	60
0	1
0	0
0	0
0	22
0	0
6	10
0	276
0	19
0	124
0	14
0	0
0	2
0	1
0	0
0	36
0	74
0	0
0	0
0	109
0	96
0	204
0	0
0	10
0	0
0	0
0	0
0	1
0	553
0	0
1	35
27	28
0	1760
0	0
0	0
0	2
0	9
0	0
0	52
0	0
0	0
0	16
0	9
0	1547
0	11
4	6
0	198
0	49
0	133
0	4
0	15
0	0
0	0
2	77
0	0
0	21
0	3
0	25
0	20
1	2
0	64
0	12
0	0
0	0
0	0
0	8
0	7
0	0
0	0
0	0
0	0
0	9
0	0
0	0
0	0
2	30
1	299
0	21
0	33
0	0
0	17
0	0
2	1156
0	0
0	0
0	5
0	0
0	537
0	648
0	0
0	29
0	252
0	1
0	0
5	1546
0	5
0	32
0	68
0	0
0	2
0	19
0	272
0	0
0	0
0	36
0	10
0	1
0	18
0	17
3	10
1	3073
0	1442
2	63
2	0
0	0
0	0
0	43
0	0
0	0
0	0
0	322
0	103
0	0
0	0
2	1
0	501
0	383
0	0
91	0
3	0
0	343
1	491
0	0
0	0
0	0
0	9
0	188
0	0
0	0
0	0
0	40
0	715
0	0
0	0
0	0
0	0
0	0
0	52
2	139
0	6
0	372
0	0
0	106
1	0
0	0
0	0
0	0
0	0
0	2
0	16
7	29
0	0
0	0
0	0
0	0
3	65
0	0
0	19
0	0
0	39
0	0
0	0
0	81
0	12
0	257
0	0
0	0
0	0
0	0
0	1
0	0
0	0
1	264
418	237
0	1661
0	3
0	0
0	0
0	75
0	282
0	74
2	1737
0	0
0	58
0	59
14	0
0	0
0	0
0	8
0	0
0	0
0	46
0	1
0	262
2	3
0	0
0	0
0	0
0	8
0	3
0	37
0	184
0	0
2	178
4	8
0	18
0	0
1	90
0	2
0	2
0	0
0	33
0	1
0	0
0	0
0	0
0	8
0	0
0	0
0	0
3	4726
0	304
0	138
0	7
0	0
3	6306
0	0
0	12
0	728
0	6
0	18
0	0
2	54
0	75
0	0
1	225
0	0
5	197
0	3
0	0
0	0
0	0
0	617
0	14
0	9
11	227
0	227
4	274
0	30
0	155
0	22
3	126
0	0
0	0
0	0
0	0
3	78
1	16
0	8
0	0
0	20
2	176
0	79
0	12
0	0
0	21
0	624
0	3
0	0
0	0
0	174
0	0
1	27
0	1
0	104
3	511
0	0
0	17
0	0
0	8
0	3
1	69
0	0
0	26
0	0
0	3
0	0
0	0
2	23
0	11
1	254
0	0
0	1
0	0
0	311
0	0
7	6
0	0
62	13
0	0
3	2
0	0
0	0
1	1377
0	2
0	0
0	0
7	0
0	42
0	0
0	0
0	0
0	0
0	65
2	5
0	48
0	52
0	11
0	233
0	0
0	0
0	0
0	0
0	4
0	0
0	0
0	23
0	86
0	84
0	47
0	573
0	0
0	0
44	17
0	3
0	16
0	0
0	7
0	114
0	1
0	27
0	0
3	7
0	8
0	12
0	0
0	0
0	0
0	0
0	0
0	0
1	0
12	0
0	91
0	54
0	12
5	0
2	1
0	14
10	7218
0	286
0	0
0	0
0	11
2	0
0	0
0	194
0	0
0	0
0	0
0	0
0	0
405	1
0	0
0	325
0	0
0	0
0	0
0	0
0	0
1	910
0	0
0	8
0	1991
0	0
0	3
0	447
0	454
0	21
0	47
0	0
1	13
1	273
1	18
0	0
0	0
0	54
0	0
0	10
0	18
0	12
0	0
0	0
0	0
0	1964
0	0
0	0
0	390
0	53
0	3
0	0
0	66
0	285
1	23
0	1
0	3
0	3
0	0
1	182
2	122
0	0
0	0
0	81
0	14
0	58
0	0
0	0
0	234
0	52
0	9
0	1
0	0
0	359
0	8
0	0
0	0
0	359
3	0
5	1
1	110
0	0
0	0
1	12
0	0
7	2
0	128
0	0
0	0
1	2
0	0
0	363
0	59
0	0
0	69
0	10
0	365
0	62
0	487
2	0
0	5
0	0
0	0
0	0
0	0
0	16
0	34
1	29
0	0
0	0
0	0
0	19
0	0
0	0
0	0
0	0
0	8
0	0
0	0
0	43
0	0
0	28
2	321
0	26
0	0
0	468
0	0
0	356
0	14
0	0
0	0
0	6
0	9
0	87
0	323
0	116
7	0
0	6
0	0
0	0
0	12
0	652
0	0
0	12
0	6
0	0
0	31
0	0
0	42
0	0
7	0
0	0
0	0
187	141
0	7
0	14
0	0
0	0
0	51
0	0
10	25
0	41
0	0
1	20
0	7
0	43
1	3390
0	0
108	0
1	0
0	0
0	153
0	1
0	0
0	0
0	61
2	43
1	0
0	22
0	0
0	1294
0	5
0	483
0	119
0	0
1	0
0	14
0	0
0	163
0	15
0	12
0	0
0	2
0	0
0	0
0	17
1	24
0	0
0	14
0	7
0	0
0	60
0	26
0	0
0	15
0	0
0	0
0	19
0	0
3	11
0	0
0	0
0	0
0	0
0	14
16	2
2	0
0	925
0	0
0	0
1	86
0	5
0	454
0	23
0	128
0	0
14	1
0	0
0	139
0	1
0	2
7	133
41	37
0	32
0	0
0	69
0	33
0	0
0	0
2	8
0	227
7	1
0	0
0	0
0	0
0	1
0	34
1	53
0	0
0	1
0	0
0	0
0	0
0	60
0	0
0	43
0	0
0	17
0	0
0	0
0	3
0	0
0	69
0	436
0	0
0	0
0	35
0	0
0	0
0	0
0	21
0	0
0	0
0	20
0	0
0	0
0	0
0	0
1	0
0	0
0	0
0	0
0	37
0	0
0	0
2	22
0	397
0	99
2	0
0	137
1	82
1	194
2	10
0	209
0	2
0	13
0	0
0	0
0	32
0	74
0	284
2	11
0	0
0	190
0	0
0	301
0	0
0	0
0	0
0	0
0	4
0	0
0	3
1	1
0	0
0	128
3	165
0	16
8	1508
0	0
0	0
0	81
0	20
30	83
1	44
0	0
0	0
0	20
0	11
2	414
0	105
0	1234
2	455
0	3
0	0
0	3
2	2055
0	0
0	0
1	463
0	0
0	0
0	0
0	2
0	294
2	19
0	0
0	0
0	0
0	56
2	111
0	0
0	0
0	533
2	8
1	15
0	7
7	342
0	8
0	1
2	621
0	92
0	0
0	0
0	139
1	138
0	0
0	5
0	0
0	10
29	146
0	3
1	524
0	0
0	94
4	4
0	0
0	2
1	7
0	0
0	561
0	423
0	2520
0	0
0	0
0	0
1	0
0	49
4	39
4	161
0	0
0	461
0	42
1	1155
26	1709
0	58
0	2
0	0
0	2
0	78
0	82
0	17
0	152
0	0
0	0
0	8
0	0
0	5
0	0
0	82
1	25
0	0
0	6
0	0
4	431
0	3
0	0
1	9
0	0
0	433
0	55
0	0
0	0
0	0
1	97
0	0
0	570
0	0
0	0
0	218
0	0
0	2
0	15
0	0
0	0
3	211
0	2
0	0
0	0
0	0
0	0
0	0
0	0
0	2
0	191
0	228
0	0
1	74
0	222
0	76
0	2
2	64
0	0
0	0
0	0
0	0
0	0
0	0
0	0
0	49
0	6
0	0
0	0
0	0
0	0
0	411
0	48
6	130
0	96
0	7
0	47
0	0
0	0
0	21
0	37
0	16
0	0
3	106
0	1
1	389
0	11
0	25
3	91
0	45
12	483
0	7
0	5
0	0
0	0
0	0
0	17
0	0
0	0
0	0
0	0
0	0
0	0
0	1011
6	1
0	119
0	3392
0	0
0	3
0	0
0	0
0	64
0	0
0	0
0	0
0	0
1	96
0	32
0	8
0	1670
0	13
0	73
0	50
0	41
0	175
0	0
0	0
0	0
0	96
0	5
3	403
4	196
0	1
91	75
0	484
0	0
0	0
0	0
0	0
0	0
1	365
0	0
0	0
0	0
0	0
1	40
0	0
0	0
0	0
0	3
1	31
0	0
0	1
1	3
0	18
4	107
2	204
0	21
0	0
0	427
0	82
0	0
2	240
0	14
0	0
0	0
0	0
0	5
0	525
0	0
0	61
0	0
0	3
0	0
0	0
0	8
0	0
0	24
0	2
0	6
2	100
0	0
1	0
0	67
0	0
0	12
23	400
0	31
0	12
0	44
1	620
0	0
0	0
0	0
0	6
0	0
0	2
0	10
0	0
0	7785
0	0
0	21
0	2
0	49
0	0
8	755
0	0
0	489
0	0
0	0
0	20
0	93
12	570
0	0
0	0
0	0
0	0
0	0
0	35
0	46
0	74
0	0
0	0
0	0
0	102
0	8
2	183
0	0
0	0
0	135
0	0
0	1
0	0
0	0
0	0
0	1
0	14
0	219
0	0
0	2
0	0
3	1300
0	2
0	18
0	54
1	739
0	1
0	0
0	0
0	7
2	102
0	0
0	423
1	74
0	50
1	590
0	1
0	1117
7	0
0	148
2	4254
0	0
0	0
0	0
0	0
0	0
56	0
7	67
7	141
0	0
0	3
0	0
0	7
1	69
12	1
0	0
0	84
0	0
0	0
0	0
0	0
0	0
2	14
6	22
1	82
0	0
1	34
0	0
0	1
0	0
0	24
0	11
1	46
0	0
0	5
2	131
0	0
0	273
0	13
0	211
0	0
0	0
0	0
0	0
0	0
1	1052
0	387
0	40
0	16
3	3
0	0
0	0
0	0
4	159
0	1446
0	503
0	0
0	92
0	0
0	0
0	0
0	0
0	0
0	19
0	0
0	0
0	1
2	78
0	1122
0	35
0	130
0	1
0	0
0	0
0	0
0	0
0	30
0	30
0	0
0	0
0	89
0	0
0	0
0	83
0	128
0	0
0	0
0	16
2	64
1	7
0	2
0	294
0	452
15	1811
0	0
0	0
0	0
0	0
0	0
0	0
0	0
1	30
0	0
1	251
0	0
0	25
0	27
0	0
0	32
0	1349
1	4
1	345
0	591
0	274
0	1
0	0
0	0
0	1
0	17
0	1
0	213
0	18
0	11
0	0
0	0
0	0
0	0
0	118
0	0
0	30
0	60
0	0
0	1
0	134
0	0
0	26
1	0
0	858
0	134
1	2
0	0
0	0
1	4
0	0
0	0
0	255
0	91
0	117
5	179
1	23
0	0
0	0
1	15
0	57
0	60
0	0
0	5
0	15
0	31
0	0
0	0
0	16
0	0
0	0
1	0
0	0
0	49
0	1459
2	4
0	15
0	1
24	8
0	0
0	3
0	1
0	328
0	7
0	8
1	0
0	0
0	32
0	15
0	0
0	0
0	0
0	0
2	456
0	0
0	197
0	11
0	0
0	14
0	11
1	147
1	56
0	0
0	2
1	107
0	17
0	0
0	0
0	62
0	24
0	2
0	0
0	0
0	38
0	34
0	14
0	0
3	4
0	0
0	62
0	92
0	7
0	1
0	7
1	50
1	10
0	0
0	0
0	87
1	109
0	0
0	0
0	0
0	8
6	151
0	0
0	0
0	0
0	3
3	4
1	18
0	0
0	2614
0	48
0	0
0	0
1	4
0	0
0	3
0	147
0	2
0	11
0	0
0	12
0	22
0	0
0	4
0	0
0	21
0	3813
0	0
0	0
3	13
0	41
0	0
0	0
0	54
0	0
0	66
0	0
0	13
0	1895
3	1
0	88
0	3008
0	0
0	0
0	0
0	0
0	320
0	0
1	2
0	0
0	191
0	1
0	6
0	0
0	0
0	0
0	0
0	29
0	0
0	1
0	115
0	0
0	0
0	111
0	0
0	5
2	0
0	4
0	0
0	40
0	41
0	108
0	0
0	0
0	0
0	6
2	0
0	47
0	81
0	0
0	0
0	0
0	1
1	158
0	229
0	6
1	0
0	0
1	0
0	0
0	0
1	1415
0	0
0	8
0	0
0	1
0	0
0	13
0	6
0	252
0	12
0	3
0	397
0	0
0	0
2	22
2	35
0	0
0	139
0	201
0	0
0	0
0	1
1	2
0	44
0	161
0	0
1	6
0	0
0	290
0	44
0	1
0	400
4	104
0	0
2	59
1	0
0	0
0	62
0	0
1	39
1	3
0	33
1	0
0	0
0	41
0	0
0	0
0	0
0	0
0	2
1	104
0	0
0	0
0	0
0	0
0	0
0	10
0	12
0	0
0	0
0	2
1	2070
0	43
0	2
0	0
0	0
1	1022
0	618
0	0
0	159
0	0
0	0
0	44
2	4
1	214
0	20
0	0
0	0
1	0
0	39
0	2
5	52
0	38
0	1
0	0
0	0
0	0
0	0
1	16
1	24
0	0
0	0
0	0
0	38
0	178
0	0
0	0
0	0
7	160
4	26
0	351
0	2
0	0
0	61
0	34
0	0
24	71
0	132
0	71
0	208
0	78
0	17
0	0
0	0
0	0
0	0
0	0
95	0
0	0
0	0
0	0
0	0
0	142
0	8
0	0
0	44
1	0
0	13
0	0
0	1
0	49
1	8
0	35
0	0
0	27
0	0
0	0
1	1964
0	0
0	596
1	0
0	3
0	0
0	43
0	0
0	0
0	558
0	0
0	0
3	14
0	6
0	0
0	0
0	0
0	0
0	24
0	346
0	300
0	29
0	0
0	0
0	14
0	0
0	0
0	10
1	149
0	1505
0	1
0	0
0	4
0	0
0	0
0	0
0	620
0	8
0	0
1	152
0	0
0	14
0	29
3	2572
1	0
0	0
0	0
0	5
0	103
0	88
0	10
0	57
0	0
0	0
0	0
2	445
0	54
44	14
0	90
0	95
6	0
0	120
0	10
0	9
0	0
0	0
0	0
0	9
2	0
0	7
0	67
0	102
0	30
0	0
0	117
0	10
6	47
0	0
0	0
0	0
0	0
0	0
0	0
0	4
0	0
0	11
7	337
0	1
2	33
0	0
1	0
0	3
0	0
0	2
0	19
0	0
0	10
0	13
0	29
0	0
0	37
0	12
0	0
0	346
0	0
0	0
0	1
0	413
0	110
0	0
0	0
0	0
1	151
8	19
0	91
0	0
0	0
0	8
0	0
0	0
0	0
0	104
0	0
0	17
0	0
0	0
0	0
0	119
0	6
0	16
2	327
0	0
2	0
0	0
2	25
0	0
0	12
7	10
0	0
0	0
0	0
0	0
0	0
0	73
0	2
0	0
0	0
2	106
2	278
0	3
0	0
5	420
0	0
0	88
0	12
0	1
0	44
0	0
0	0
0	123
1	238
0	10
8	98
0	77
0	347
0	8
0	0
2	44
0	5
0	11
0	9
0	52
0	0
0	4
0	26
0	44
0	0
0	0
0	0
0	21
0	873
0	0
0	16
0	0
0	0
0	32
0	0
0	2
0	15
0	13
0	20
0	0
0	76
0	0
0	0
0	0
0	0
0	0
1	107
0	0
0	0
0	9
7	17
0	0
0	0
1	171
13	360
1	209
0	0
0	0
0	132
0	4
0	0
0	0
4	0
0	0
3	6
0	420
0	1
4	6
0	0
1	7
0	0
0	60
0	96
0	0
0	0
0	0
1	2
0	0
0	83
0	0
2	2
0	7
0	6
1	0
1	446
0	161
0	186
0	0
0	32
0	0
0	15
0	0
0	0
4	4
0	0
0	41
0	0
5	210
0	0
0	0
0	3
0	0
0	0
0	0
0	317
2	53
0	0
0	61
0	0
0	17
0	0
0	0
0	0
4	209
0	0
0	338
0	175
0	0
0	71
0	0
0	70
0	25
1	150
0	37
3	20
0	2
0	0
1	241
0	111
0	4
0	0
0	0
0	0
4	68
0	77
0	0
0	434
0	0
0	0
0	0
0	0
1	2
0	4146
0	0
0	0
0	0
0	1
0	9
0	783
0	0
1	62
0	24
0	16
0	0
0	0
0	0
0	12
0	0
0	1
0	0
0	6
0	0
0	1
0	195
0	2
0	0
0	68
0	0
0	115
0	0
0	276
0	0
1	28
0	0
0	2
0	0
0	0
0	33
34	143
0	0
0	0
0	0
0	1047
0	143
0	5
0	0
0	0
0	0
0	10
0	0
0	64
0	0
0	0
0	0
0	33
0	35
0	42
0	0
1	5514
3	19
3	307
0	0
0	35
0	0
0	39
4	2
0	22
0	0
0	4
0	0
0	119
0	8
0	0
0	191
0	10
1	5
0	0
0	45
0	0
0	0
24	1667
0	0
0	0
0	3
0	23
0	28
0	247
0	3235
0	0
0	0
0	0
0	0
0	62
0	0
0	0
0	7
0	1
0	0
0	0
2	35
0	6
0	34
0	7
0	0
0	0
0	0
0	495
0	984
0	697
0	0
0	8
0	17
0	63
0	2
0	0
0	0
0	9
0	17
0	0
0	0
0	0
1	0
2	8
0	0
0	16
0	0
0	17
0	0
0	0
0	76
0	0
0	281
0	24
0	12
0	0
0	48
0	0
0	0
0	0
0	22
2	1
0	0
0	0
0	331
0	0
0	0
0	0
0	5
0	1
0	15
1	1
0	195
0	1
0	0
0	0
0	0
0	11
0	8
0	2
0	0
0	8
0	0
0	2
0	7
0	0
0	26
0	0
0	1
0	0
0	1
1	80
0	0
0	0
0	3
0	0
0	6
0	96
1	2
0	213
0	0
1	0
0	237
0	34
0	0
0	7
0	0
2	84
0	4
0	0
1	16
0	142
0	111
0	0
0	1596
0	10
0	4
0	0
0	1
0	1
0	5
0	0
0	5
0	131
1	0
1	36
0	22
0	105
0	0
0	1
0	45
0	39
0	285
0	0
0	0
0	0
0	0
0	5
0	0
0	1
0	60
0	0
0	23
0	0
0	0
0	0
31	22
0	0
0	0
0	0
0	0
0	250
1	149
0	0
0	31
0	0
0	27
0	0
0	0
2	312
2	0
0	0
3	3083
0	0
0	1137
0	0
0	1368
0	9
73	1
1	0
0	0
0	0
0	8
0	0
0	72
0	20
0	0
0	6427
0	1
0	171
0	3
0	6
0	53
0	0
0	7
0	43
3	473
0	8
0	0
0	0
0	0
1	143
0	0
0	236
2	0
0	177
0	34
0	1
0	11
1	23
0	61
0	0
0	0
0	63
0	0
0	0
0	0
0	0
0	0
0	10
3	60
0	0
0	0
0	1
1	40
0	0
0	0
3	1472
1	24
0	20
0	9
0	0
0	443
2	130
0	1742
0	0
0	0
0	0
0	0
0	1
0	256
0	0
0	0
0	274
0	40
0	0
0	1933
0	0
0	9
0	0
0	0
1	315
0	489
0	0
0	0
0	41
0	0
0	20
0	0
0	0
0	6
0	2
0	32
0	57
0	0
5	123
3	38
0	63
0	0
0	249
0	0
1	14
0	0
0	0
0	0
0	0
0	386
0	0
42	88
0	0
1	129
0	0
0	0
0	5
0	1
0	0
8	786
0	256
0	21
0	100
1	578
0	0
0	0
0	3
0	0
0	9
0	20
0	0
0	58
0	60
0	1
0	12
0	41
0	0
8	255
1	5
0	129
0	3
0	0
0	0
0	0
0	54
0	45
0	1
0	114
0	3
0	0
0	88
0	0
0	65
0	21
0	25
0	10
0	0
0	2
1	73
0	0
0	44
0	0
0	59
0	1
0	2
0	6
0	0
0	515
0	0
16	5
0	0
0	2
0	48
0	3
0	9
0	565
0	0
0	8
0	42
1	204
2	119
0	0
0	30
0	31
0	168
0	0
9	4
0	0
2	42
0	0
0	0
0	95
15	5260
0	253
0	116
6	613
0	0
0	6
0	13281
0	71
0	0
0	1
0	28
0	0
0	0
1	1
0	0
0	0
0	0
0	0
0	0
0	0
0	0
0	29
0	7
0	172
0	1141
0	33
0	0
0	0
0	23
0	0
0	8
0	7
0	24
0	25
0	0
0	0
0	37
0	15
0	0
0	0
0	1
0	20
0	72
0	0
6	12
0	1
0	627
0	1249
0	0
0	18
0	0
0	18
0	254
0	0
1	58
0	90
0	0
0	0
0	140
0	0
0	0
0	51
0	0
0	4
0	171
0	534
0	47
1	870
0	3
0	0
0	0
0	0
4	8
0	23
0	51
0	18
0	351
0	2
0	0
1	0
0	3542
0	0
0	0
0	0
0	1
0	0
2	106
0	2
1	5
0	5
0	2
0	1
0	43
0	0
0	0
0	34
0	0
0	0
0	0
0	0
0	0
1	0
0	330
0	182
0	0
0	0
11	118
0	0
0	0
0	39
0	2
0	0
0	3132
0	868
0	0
1	0
0	6
0	1
0	252
0	1
0	6
0	0
0	0
1	717
0	0
1	516
0	292
0	0
0	0
0	0
1	0
1	0
0	0
4	37
0	0
0	217
0	1
9	130
0	0
1	475
0	0
0	2
0	0
0	0
1	75
55	577
0	12
0	1
0	0
0	0
0	0
0	711
0	54
0	0
0	6
0	0
0	15
0	5403
0	1728
0	8
0	2
0	0
1	19
0	0
0	0
0	0
0	666
0	7
1	1
0	0
0	3
0	0
0	0
0	229
0	0
0	360
0	7
16	38
3	35
0	3
0	69
0	0
9	372
1	305
3	0
0	0
0	0
0	49
0	0
0	0
0	0
0	11
0	42
0	6
0	4
0	4
0	18
0	17
0	0
0	0
0	1
0	0
0	0
0	4
0	11758
0	1153
0	4
0	105
8	0
0	974
0	612
0	23
0	32
0	355
0	0
0	0
2	22
0	0
0	27
0	0
0	136
0	60
0	35
0	0
0	40
0	0
0	5
0	0
0	150
0	0
0	43
0	26
0	35
0	0
0	0
0	7
0	80
0	1048
1	204
0	0
0	0
0	85
0	25
1	48
0	76
0	0
0	1381
0	0
0	78
0	49
0	1
917	0
0	0
0	0
0	2
0	0
0	47
0	0
0	1
5	0
0	8
0	1
0	0
2	429
0	0
0	0
0	170
0	0
0	4
0	0
0	7
0	5
1	14
0	0
0	40
0	0
0	0
0	9
2	9
0	0
7	412
0	8
0	1
0	0
0	3
0	2
12	2
0	82
0	0
0	0
0	2
1	129
0	4
0	0
0	1183
0	37
1	1
0	5
0	0
0	0
1	29
0	0
0	0
3	97
0	0
0	0
0	42
0	0
0	0
0	75
0	0
0	0
0	17
0	0
0	0
0	71
0	57
0	0
1	3
0	219
0	0
0	12
0	6
0	0
0	0
0	0
0	9
0	19
0	3
0	0
0	4
0	0
0	0
0	0
0	113
0	0
0	26
0	0
0	0
0	4
0	45
0	0
0	0
1	0
0	0
0	0
0	36
0	13
0	3
0	0
0	1
0	0
0	16
0	240
0	0
0	19
0	73
0	0
0	78
2	18
0	9
0	0
0	23
0	0
0	3
0	0
0	9
0	0
0	0
0	0
0	32
0	0
15	320
0	0
0	464
2	147
0	10
0	0
0	36
0	1
0	0
0	0
0	0
0	0
0	49
0	0
0	0
0	0
0	0
0	81
0	375
14	37
0	666
0	25
0	22
0	21
0	0
0	0
0	32
0	0
0	0
2	0
0	0
0	150
1	0
0	230
0	0
0	0
0	0
0	2
0	1
0	0
0	19
1	53
0	0
0	23
0	2
0	2
0	1
0	59
0	0
0	0
2	0
0	106
0	18
0	1
0	0
0	0
0	0
0	0
0	24
0	12
0	0
0	0
0	0
0	0
0	4
0	0
0	20
2	246
0	0
0	0
0	7
0	0
0	159
0	33
0	0
1	40
0	343
0	0
0	5
0	0
0	0
0	0
0	0
0	0
0	0
0	0
0	401
0	0
0	241
0	0
0	0
0	0
0	0
0	0
0	0
0	1
0	2
0	0
0	0
0	0
0	3
0	0
0	0
0	102
0	0
0	0
0	0
1	50
1	289
3	447
0	70
0	0
1	39
1	3
12	694
0	11
4	25
0	10
0	2109
1	82
0	0
0	0
0	0
0	1
0	0
0	0
0	43
0	0
0	1
0	0
0	4
0	61
0	205
0	17
0	0
0	0
0	121
0	0
0	0
0	0
0	6
0	0
0	0
2	0
0	0
0	0
0	0
0	27
0	393
0	83
0	0
0	74
0	1
0	116
0	15
0	6
0	218
1	50
0	58
0	25
0	1
0	5
0	52
0	0
0	0
0	31
0	119
0	0
0	0
0	0
0	16
0	0
0	514
1	5
0	33
0	417
0	6
0	265
0	54
0	0
0	0
0	0
0	0
0	120
0	25
0	0
0	0
0	15
0	1
1	9996
0	0
0	31
0	4
2	882
0	0
0	0
0	429
0	0
0	28
0	0
0	0
0	0
0	0
0	0
0	0
0	0
0	0
0	0
0	56
0	6
0	0
1	9
0	3
0	2
26	23
0	81
0	62
0	0
0	114
0	0
0	0
0	50
0	0
0	6
0	0
0	95
1	0
0	0
0	0
0	11
0	0
0	0
0	19
0	32
0	0
0	51
0	1
0	59
0	0
0	0
0	0
0	8
0	65
0	0
0	0
5	1
0	0
0	0
0	7
8	210
0	159
0	41
0	14
0	0
0	0
0	0
0	0
0	0
0	15
0	1
0	72
0	2530
0	2
2	86
0	0
0	338
0	0
0	140
0	0
0	0
0	0
0	5
0	14
0	0
0	0
0	0
2	2
0	0
0	0
0	0
0	0
0	0
0	0
0	0
0	2
35	216
0	1067
1	11
0	0
0	6
0	3
0	0
0	0
0	0
0	62
0	38
0	7
0	0
0	2
0	0
0	0
1	1
0	0
0	0
3	475
0	2
0	0
0	0
1	2
0	0
0	0
0	54
0	7
0	0
0	0
0	0
0	0
0	2
0	89
0	0
0	0
0	0
0	608
6	8
0	244
0	11
0	0
0	50
0	0
0	0
0	0
0	0
0	0
0	626
0	11
5	3
3	20
0	0
0	0
1	7
0	0
0	0
0	0
0	98
0	99
0	2
0	9
2	2
8	3213
0	0
0	0
0	0
0	0
3	439
9	0
0	0
0	4
7	1
0	0
125	54
0	78
0	0
0	3
0	2
0	0
0	0
0	4
0	0
0	0
0	0
0	9
0	2
0	26
0	0
1	0
0	49
0	4
0	0
0	30
0	0
0	0
2	287
0	0
0	0
0	0
0	0
0	0
0	39
0	0
0	0
0	0
0	0
0	0
4	126
0	150
0	212
0	1
0	0
0	2
0	42
0	0
0	0
0	0
0	82
0	204
1	52
0	192
0	65
0	0
1	51
1	135
5	1
0	9
0	227
0	0
0	0
0	175
25	171
0	0
0	0
3	17
0	10
1	0
0	0
0	0
0	0
0	0
2	1
0	0
0	26
0	3
0	0
0	0
0	0
67	0
0	0
0	0
0	0
0	56
0	0
0	237
0	16
0	30
0	0
0	51
0	2
0	175
0	43
0	0
0	19
0	0
0	0
0	0
0	38
4	0
0	22
0	0
0	0
0	0
0	224
0	138
0	1084
0	0
0	4
0	0
0	0
0	0
0	23
0	0
3	610
0	116
0	86
0	25
0	3
0	1
0	2
0	0
0	0
0	0
0	14
3	23
2	768
0	0
0	0
0	0
0	6
5	27
0	0
0	0
0	0
0	0
0	0
0	1491
0	4
0	0
0	0
0	153
0	244
0	0
0	0
0	0
0	0
0	14
0	5
0	87
0	147
0	0
0	1090
0	0
0	0
0	0
0	99
0	0
0	110
0	0
0	4
0	1
0	335
6	18
0	0
0	38
0	0
0	1
0	0
0	61
0	395
0	0
0	2
0	238
0	52
0	0
0	211
7	612
0	5124
0	288
0	0
0	1
0	0
0	2502
0	3
0	0
0	7088
0	21
0	0
0	290
0	20
1	200
0	380
1	6
0	1246
2	86
0	0
0	0
0	10
0	0
0	1310
0	0
0	0
0	12
0	0
0	295
0	0
0	0
0	52
0	1
0	140
0	4
0	0
0	0
0	2
0	0
0	0
0	0
0	11
0	1
0	21
0	13
0	1
26	5
0	0
0	6
0	38
0	0
0	0
26	1412
2	0
0	593
1	124
0	23
0	14
0	0
1	603
0	3
0	1
0	4
0	71
0	0
0	0
0	456
0	0
0	34
0	67
0	7
8	1074
0	6
1	440
0	7
0	0
0	0
0	3
3	29
0	0
0	0
0	0
0	4
0	1
0	0
0	0
0	0
0	0
1	1039
0	0
0	0
0	0
0	0
0	0
1	7
0	0
0	0
0	12
0	6
0	1
0	17
0	1
0	37
0	94
0	0
0	0
0	0
0	0
0	0
0	0
0	24
0	3
0	54
9	160
0	0
0	0
0	62
0	0
0	142
0	0
0	94
0	78
2	2704
0	0
0	0
0	15
2	54
0	0
0	0
0	0
1	0
0	243
0	0
0	52
0	0
4	1157
0	217
0	0
0	6
0	0
0	0
0	0
0	2701
0	39
0	0
0	0
0	0
0	0
0	30
0	21
0	12
0	0
0	15
1	1124
1	217
0	0
1	1
0	1200
0	0
0	1
2	23
0	0
0	0
0	23
12	19
0	0
0	0
0	0
0	0
4	109
0	3
0	0
0	0
0	30
0	16
0	54
0	0
0	0
0	4
0	32
0	0
0	0
0	1
9	22
0	19
0	0
0	0
0	390
3	211
0	64
0	479
0	0
0	232
0	175
0	0
0	0
0	3
0	0
0	0
0	0
0	128
1	89
0	0
0	15
1	0
2	0
0	0
0	688
0	323
5	58
0	0
0	4
0	7
0	0
0	0
0	347
0	33
0	14
0	0
0	804
0	12
0	0
0	0
0	3
0	52
0	0
0	23
0	4
0	0
0	1
0	0
0	34
0	0
3	64
0	0
0	0
0	62
0	0
0	0
1	22
0	0
2	1
0	19
0	0
0	0
0	0
0	21
0	101
0	0
0	13
0	0
0	39
0	0
0	0
0	37
0	6
0	3
0	0
0	0
0	120
0	22
0	0
0	5
1	0
0	4
0	18
1	521
0	0
0	32
0	0
0	45
0	0
0	22
0	10
0	0
0	464
0	9
0	40
1	64
0	0
0	0
0	2
0	0
6	341
0	0
6	17
0	0
0	0
0	274
0	0
0	21
0	26
1	468
0	6
0	0
0	0
0	0
0	0
0	5
0	470
0	0
0	1
0	0
0	266
0	0
0	0
0	21
0	28
0	0
0	38
1	532
0	0
0	0
0	0
0	0
2	7
0	0
0	0
0	8
0	14
0	2
1	0
0	0
0	0
0	77
0	0
0	0
0	19
0	18
0	125
0	51
0	1
0	0
0	0
1	49
0	0
0	19
0	0
0	0
0	3
0	0
0	0
0	0
0	91
4	2
0	11
0	0
4	303
0	0
0	109
0	0
0	0
0	0
0	0
0	0
0	0
0	0
0	0
1	0
0	0
0	0
1	9
3	29
0	0
0	0
0	0
1	0
0	0
0	0
0	0
0	0
0	4
0	0
0	0
1	11
0	0
0	1
2	65
3	68
0	0
0	0
26	181
0	0
0	0
0	0
0	78
0	0
0	0
0	1
0	120
0	4
0	177
0	0
0	0
0	0
0	0
5	339
1	52
0	0
0	0
0	0
0	0
0	0
0	0
0	29
0	0
0	0
0	6
0	0
0	3
0	0
0	0
1	222
0	0
0	0
0	12
0	0
1	0
0	0
0	0
0	0
0	19
0	0
0	0
0	0
0	0
0	400
0	330
0	0
0	0
0	97
0	176
0	1285
4	91
0	0
0	16
0	0
0	0
0	0
0	804
0	0
0	7
0	0
0	0
0	18
0	4
0	0
0	0
0	0
0	0
72	12
0	0
0	14
0	5
0	243
1	61
0	0
0	433
0	0
69	24
2	0
0	0
0	44
0	0
1	129
0	125
0	0
0	172
0	0
0	1
6	197
0	0
0	6
4	2
0	2
0	0
0	0
0	199
0	0
0	17
0	0
0	0
0	0
0	107
0	0
0	120
0	289
5	0
0	10
0	0
0	120
0	6
0	4
0	84
2	135
0	36
0	0
0	0
0	0
0	0
0	272
0	0
0	320
0	2
0	0
0	0
0	0
0	0
0	0
0	16
0	4
1	126
0	0
6	655
0	0
0	0
0	0
0	11
0	0
0	158
1	0
0	1
0	0
7	150
2	89
0	0
0	0
0	0
0	119
0	726
0	8
0	1
0	1
0	0
0	0
0	60
0	0
0	0
1	0
0	2
0	30
0	0
0	37
12	26
0	5
0	0
0	18
0	2
0	22
0	0
0	0
1	31
0	0
1	1
0	30
0	311
0	49
0	2
0	13
0	0
0	0
0	0
0	0
0	1181
8	0
0	0
0	0
0	0
0	0
0	0
0	21
0	0
210	479
0	0
0	0
0	0
0	0
0	0
0	0
2	122
0	0
0	151
0	0
0	0
0	0
1	388
0	0
0	0
0	11
0	2
53	18
0	4
1	4
2	619
0	0
0	1
0	0
0	0
0	0
0	156
0	0
0	16
0	11
0	20
0	278
0	0
0	91
0	15
11	21
0	0
0	6
0	1
0	10
0	0
0	0
0	79
0	486
0	0
1	141
0	0
0	0
0	0
0	0
0	0
0	0
0	0
0	0
0	383
0	0
0	1
0	0
0	0
0	0
0	0
0	4
0	0
0	284
0	0
0	0
0	29
0	18
0	43
1	20
0	0
0	0
0	0
0	0
0	0
0	0
0	0
209	420
0	0
0	10
0	0
0	0
0	0
0	0
0	0
0	0
0	486
3	209
0	0
0	10
0	2
0	29
1	2
0	0
0	7
0	135
1	19
0	0
6	226
0	0
0	0
2	563
0	0
0	0
0	712
3	175
0	1
1	738
0	0
0	0
0	2
0	0
0	0
0	10
0	3160
2	15
5	1
0	26
0	0
0	0
0	0
0	73
0	13
0	0
0	2
0	0
0	329
0	0
3	98
0	9
1	1
0	0
4	0
0	0
3	1
0	53
0	1
0	0
0	0
0	0
0	18
0	0
0	0
0	56
0	8
0	0
0	1
0	0
0	0
0	0
119	671
0	100
0	0
0	0
0	5
0	0
0	194
0	0
0	0
1	16
0	0
0	0
62	390
0	0
0	39
0	0
0	17
0	0
0	0
0	0
0	0
0	375
0	0
0	3
0	3
0	6
0	15
0	0
0	0
0	0
0	0
0	40
7	0
0	8
1	247
0	0
0	0
0	0
0	0
4	239
0	182
0	0
1	1
0	75
0	2
18	174
0	39
0	76
0	0
0	181
0	52
0	9
0	0
0	41
0	334
0	0
0	4
0	0
0	123
0	0
0	0
0	613
1	211
0	0
0	0
0	0
0	0
1	1
0	0
0	3
0	0
0	0
4	171
0	34
0	61
0	238
0	0
0	917
0	5
0	0
0	1181
0	0
0	52
1	5
0	167
0	2
0	0
0	1
0	0
0	538
0	0
0	7
0	0
0	0
2	4390
0	0
0	180
1	0
0	0
0	0
0	22
2	4
0	382
0	0
0	0
0	0
0	1
0	0
0	22
0	25
0	0
0	17
0	0
0	128
0	0
0	54
0	159
0	148
0	0
0	123
0	1272
0	43
1	2
0	11
0	10
0	9
0	7
0	0
0	8
20	55
0	0
0	0
0	2
0	0
0	0
0	1
0	2
0	0
0	9
1	121
0	323
0	0
0	21
0	0
0	0
0	0
0	0
0	0
2	97
0	44
0	0
0	45
0	0
0	0
0	248
0	0
0	0
0	59
0	0
0	162
0	0
0	11
0	0
7	0
232	424
0	14
0	0
0	0
0	727
0	0
0	0
0	0
0	16
3	0
0	0
0	0
0	20
0	0
0	0
0	0
0	393
1562	5695
0	0
0	0
0	0
0	0
0	90
0	0
0	766
0	0
0	0
0	0
1	5
22	0
0	60
0	0
0	2
0	0
0	0
0	529
0	12
0	16
0	11
0	7
0	0
0	371
0	8
0	0
0	104
0	5434
3	0
0	44
0	0
0	0
0	0
0	0
0	13
0	9
0	0
0	0
0	193
0	89
0	32
0	0
0	0
0	58
0	0
0	6
0	423
0	0
0	26
0	0
0	1321
0	0
0	0
0	0
0	223
0	0
0	14
0	1
0	12
0	0
0	0
0	9
0	155
0	0
0	0
0	0
0	0
0	0
0	10
0	13
0	0
0	2
0	0
0	0
0	86
0	0
0	0
0	4
0	0
0	0
0	0
1	123
0	0
0	0
0	0
0	59
0	0
0	0
0	0
0	45
0	0
14	118
0	0
0	0
0	0
0	275
0	8
0	0
0	0
0	0
0	78
0	0
0	301
0	0
2	3
0	0
0	10
0	934
0	0
0	0
0	0
0	0
0	241
0	26
0	0
0	0
0	0
0	3
0	1206
0	0
0	0
0	0
0	0
0	0
0	0
0	132
0	0
0	1
3	0
0	0
0	0
2	2
0	0
0	0
0	0
0	0
0	0
0	57
0	0
0	0
0	168
0	0
0	1
1	181
1	0
0	0
0	9
1	3
0	1
0	129
0	0
0	1
0	0
0	14
0	0
0	228
0	0
0	26
0	0
0	0
0	311
1	0
0	0
0	0
0	1
0	199
0	70
1	0
0	1
0	0
0	290
0	0
0	1
0	0
0	0
0	15
0	2
0	0
0	0
0	0
0	0
0	0
0	6
0	0
0	0
0	90
0	0
0	0
1	0
32	21
0	15
0	0
0	0
0	141
2	194
0	0
0	123
0	0
0	4
0	1
0	355
0	163
0	47
0	43
0	0
0	1
0	9
0	0
0	39
0	52
0	0
0	0
0	115
0	7
0	0
0	0
0	0
0	2
0	0
0	0
0	17
0	45
0	62
0	6
0	0
0	497
0	65
0	5
1	1
0	0
0	0
0	0
0	0
0	0
0	37
0	4
0	0
8	805
0	0
0	0
0	0
0	5
2	72
0	0
0	0
0	327
1	937
0	4
1	0
0	0
0	0
0	0
0	10
0	0
0	42
0	0
0	0
3	0
0	0
0	0
1	1
0	0
1	56
0	135
0	3220
0	66
0	0
4	37
80	439
0	28
0	0
0	0
0	8
0	0
0	0
0	0
0	0
0	6
0	0
0	36
0	0
0	0
0	16
0	216
0	150
0	5
0	0
0	5430
0	23
0	0
0	18
0	183
0	0
2	31
0	81
0	0
0	110
2	0
0	0
0	19
0	0
0	3
0	0
0	0
1	1
17	5
0	0
0	9
0	0
0	0
0	46
0	383
10	26
0	10
0	0
0	1
0	9
0	7
1	244
0	0
0	0
0	178
0	0
0	653
0	0
0	4
0	0
0	21
0	0
1	41
0	268
0	40
0	150
0	554
0	186
0	0
0	82
0	0
0	4
0	0
0	0
8	16
0	0
1	10
0	0
3	93
0	0
0	0
0	0
0	6
0	0
0	158
0	0
0	0
0	0
443	0
0	0
1	2
0	0
0	74
0	30
0	0
0	194
0	0
0	0
0	0
0	0
0	0
0	0
1	48
0	0
0	15
1	13
0	0
0	763
0	0
0	0
0	16
0	52
0	1781
0	0
0	207
0	0
0	0
0	156
0	52
0	11
0	16
0	0
0	0
0	0
0	47
1	31
0	0
0	0
0	4577
0	0
0	30
0	11
0	0
0	351
4	211
0	0
3	21
0	118
0	100
0	35
0	0
0	0
0	3
1	1
0	122
0	0
0	0
0	0
0	100
0	100
0	0
0	0
0	116
0	16
0	0
0	13
0	0
0	44
0	96
0	0
0	0
0	0
0	258
0	1369
0	0
0	0
0	0
0	0
0	9
0	0
0	0
0	80
0	0
0	4
0	4
3	107
0	0
0	0
0	0
0	85
3	10
0	61
3	0
0	0
0	0
0	0
1	105
12	62
0	0
0	202
0	0
0	17
0	0
2	37
0	0
0	84
0	360
0	0
0	0
0	15
0	0
0	0
1	0
0	0
0	0
65	1667
0	445
0	0
0	0
1	388
0	149
9	240
0	0
1	126
4	80
0	77
0	2
0	47
0	0
0	16
1	6
0	0
0	0
0	71
0	0
0	2
0	125
0	6
0	0
0	3
0	161
0	183
0	0
0	0
0	84
0	45
0	20
0	0
1	148
2	0
0	1
0	0
0	0
0	1
13	757
0	46
0	0
0	0
0	0
0	0
0	8
0	0
0	1
0	0
2	4
0	3
0	12
0	0
0	0
0	0
0	0
0	22
0	0
0	0
0	0
0	0
1	4
0	0
0	0
0	0
0	0
0	39
0	10
0	5
0	0
0	2
0	0
0	0
0	28
0	4
98	5
0	0
0	0
0	0
0	0
0	834
0	0
0	0
0	0
0	0
0	128
0	32
0	0
0	0
0	0
0	0
0	29
0	0
0	16
0	1
0	41
1	401
0	0
0	19
0	0
0	0
1	0
0	0
0	0
0	0
0	0
0	18
0	4101
1	145
0	0
0	0
0	26
0	0
1	437
0	0
0	0
0	0
0	0
0	0
0	1
0	0
0	0
1	194
0	0
15	29
0	0
0	1170
0	260
0	375
0	0
0	0
0	47
0	63
0	0
0	72
0	0
0	83
0	148
0	1905
0	0
0	0
0	38
0	0
0	4
0	4
0	56
0	340
0	33
0	0
0	12
0	62
0	0
0	0
0	47
0	13
0	9
0	4
63	250
0	2
0	85
0	0
0	62
0	31
0	0
0	0
0	0
0	0
0	0
3	62
0	0
0	0
0	0
57	958
0	0
0	539
14	658
0	85
0	71
0	0
5	231
0	0
0	0
1	67
2	45
0	0
0	0
0	0
2	0
0	0
0	181
0	0
0	116
1	0
5	1195
0	0
0	0
0	745
0	1
1	0
0	12
0	7
0	0
0	0
0	0
7	389
0	0
0	0
0	76
0	58
4	35
0	0
0	119
0	0
0	0
0	0
0	0
0	0
0	0
0	0
0	0
0	175
0	0
0	8
0	0
0	436
0	0
0	30
0	8
0	0
0	0
0	0
0	0
0	12
0	0
0	0
91	1236
0	0
0	1337
0	15
0	171
0	1
0	16
0	0
1	72
0	1
0	715
0	0
0	0
0	0
0	0
0	0
0	150
0	0
0	5
0	0
5	8
0	0
0	31
0	0
0	587
0	0
0	0
0	62
0	1
0	11
0	0
2	164
0	0
0	0
0	0
0	0
0	0
0	64
2	1
0	0
0	0
0	0
0	0
6	29
0	0
0	0
0	566
0	0
0	142
0	0
1	273
0	0
0	0
0	0
0	0
0	0
0	0
0	260
0	0
1	806
0	0
0	13
0	46
0	44
0	0
0	110
0	0
0	63
0	4
0	0
0	195
2	0
0	1
0	7
0	54
1	1
0	35
0	0
0	0
137	480
0	0
0	0
0	0
0	0
0	299
0	0
0	0
0	0
1	197
0	0
0	0
0	24
0	22
0	0
0	0
1	93
0	0
1	423
2	54
0	19
3	58
0	99
0	265
0	0
0	52
0	0
0	1122
0	0
0	60
0	0
0	0
0	0
0	0
0	224
0	0
0	0
0	274
0	0
1	2
0	0
0	0
0	4
0	28
0	4
0	0
0	0
0	384
0	0
0	29
0	9
0	9
0	0
2	79
0	22
0	39
0	0
0	4
0	28
0	0
0	2
0	22
0	0
0	194
0	25
0	0
0	0
0	152
0	0
0	1
0	185
0	1
1	297
0	30
0	29
0	0
0	0
0	0
1	5
1	0
0	0
0	16
0	0
0	0
0	34
0	1
1	0
0	0
0	2
0	0
0	258
0	0
0	0
0	0
1	0
0	0
0	29
0	113
1	1889
0	0
0	0
0	0
0	84
0	0
1	251
0	0
0	11
0	0
82	724
0	0
0	0
0	0
0	11
0	0
0	0
0	12
0	0
0	0
0	20
0	0
0	0
1	355
0	0
0	0
0	0
0	0
0	2
0	0
0	0
0	2
0	42
0	0
23	6312
2	0
0	127
0	282
0	3
0	7
0	11
0	0
0	0
0	209
0	0
0	17
0	195
0	95
0	0
0	16
0	0
0	0
0	0
5	6084
0	469
0	405
0	0
0	0
0	2
0	112
0	0
1	4
0	2
2	25
0	0
0	0
0	2
0	1
0	4
0	103
0	0
0	0
0	0
0	14
0	140
1	11
0	0
0	0
0	0
0	0
0	2
1	1
0	0
0	0
0	1
0	257
0	0
0	0
0	43
0	39
15	0
0	0
0	0
0	208
0	2
0	0
0	375
0	83
0	0
0	534
0	0
0	1
1	0
3	227
0	90
0	299
0	0
0	51
0	0
1	153
0	591
0	0
0	414
0	0
0	5
0	0
0	0
0	0
2	212
0	141
0	119
0	0
2	42
0	0
0	6
0	0
0	0
0	0
0	0
0	0
0	13405
0	0
0	0
0	0
0	0
0	0
0	0
0	0
0	108
0	17
0	0
1	0
0	1238
0	24
0	2
0	0
0	45
0	0
0	0
0	0
4	214
0	9
0	1
0	0
4	38
0	0
1	38
0	0
0	0
0	2
0	461
0	0
0	0
9	355
0	0
0	0
0	0
0	7
0	0
1	2
0	5
0	0
0	20
0	0
0	0
0	487
0	0
0	0
0	0
0	0
0	24
0	0
0	48
0	128
0	5
0	229
0	61
1	14
0	0
2	0
0	212
0	0
0	0
0	0
0	0
0	125
0	0
0	0
0	0
0	0
0	29
0	0
0	0
0	0
0	6457
0	0
0	6
0	0
0	0
2	4
0	74
0	0
0	0
3	267
0	0
1	0
0	0
0	0
0	0
0	0
0	0
0	0
0	49
0	63
0	11
0	0
0	1
0	22
10	6
7	3
0	0
0	0
0	3
0	245
0	0
0	0
0	0
0	0
0	0
2	0
0	0
0	0
0	0
0	337
0	149
0	0
0	0
0	0
0	0
2	98
0	0
0	27
0	0
0	0
0	2
0	23
0	0
0	0
0	0
0	165
0	270
0	0
0	7
0	0
0	16
0	0
0	107
0	275
0	0
1	28
1	0
0	23
0	9
4	52
0	66
0	0
0	39
0	1
0	1
0	0
0	0
0	379
0	0
0	680
0	4
3	274
0	0
0	37
0	0
0	0
0	11
0	0
0	6
0	0
0	141
0	0
0	8
0	0
3	11
0	20
3	710
0	0
0	66
0	2
0	175
0	0
1	10
0	18
0	0
0	0
0	220
0	0
0	0
0	51
0	40
0	6
0	8
0	190
0	79
0	169
0	0
0	0
1	1748
1	97
0	129
0	28
0	0
0	0
0	0
0	0
0	4
0	2
0	0
0	0
0	51
0	0
0	67
0	0
1	29
0	55
0	521
0	0
0	294
1	507
0	0
13	344
0	0
0	0
0	10
0	65
0	115
3	58
0	0
0	349
0	15
0	0
0	0
0	0
0	72
0	491
0	0
0	0
0	453
0	1453
1	2938
0	0
0	0
0	54
0	0
0	0
0	4
0	307
0	0
0	1
0	0
14	62
0	0
0	0
0	7
0	0
0	0
0	0
1	1
0	0
0	142
0	0
2	4214
0	0
0	0
0	0
0	8
15	196
0	0
0	0
0	0
0	0
0	11
0	0
0	64
6	119
0	0
0	0
0	0
0	0
0	0
0	0
0	0
0	51
0	7
0	0
0	0
0	4480
0	9
0	0
0	0
1	8
0	0
0	0
0	0
0	0
0	0
0	0
0	44
0	0
0	0
0	2
0	5
0	9
0	0
0	2
0	2
0	9
0	11
0	0
0	0
0	0
0	44
0	0
0	4
0	2
0	0
0	0
0	45
0	87
1	1
1	6
0	166
0	0
0	0
0	308
0	0
0	29
0	0
0	0
0	0
0	5
0	0
0	15
0	125
0	0
0	3
0	0
0	176
0	81
0	4
0	0
0	1
0	8
0	0
0	3
0	9
0	0
0	1
0	901
0	0
0	0
1	1425
0	0
0	522
3	511
0	30
0	0
1	1
0	0
0	6
0	17
0	0
1	0
3	122
2	3
0	7
0	0
2	925
0	0
0	0
0	0
0	7
0	31
0	2
0	114
0	50
0	0
0	0
0	0
0	1
18	311
0	0
0	0
14	436
0	0
0	0
0	238
0	49
0	0
0	0
0	0
0	0
0	0
0	0
0	0
2	4
0	7
0	80
0	1
0	0
0	2
0	0
0	84
0	33
0	47
0	0
0	0
0	8
0	138
1	3
0	0
0	0
0	0
0	0
0	0
0	1
0	0
0	96
0	82
0	213
0	0
3	16
0	1
0	882
3	492
0	0
0	0
0	5
0	0
1	103
0	0
0	111
206	23
0	108
10	407
0	0
1	9
0	21
0	1
0	12
0	0
0	0
0	0
0	41
0	6
0	0
0	0
0	0
0	0
0	16
0	0
0	0
0	382
0	8
0	6
0	0
0	7981
2	27
0	0
0	1
0	0
0	0
0	75
0	39
30	504
0	0
0	4
0	0
0	0
0	257
0	0
0	0
0	0
0	0
0	35
0	0
33	0
0	24
0	135
0	0
0	179
0	0
0	0
0	49
0	0
0	0
0	0
0	0
2	24
1	26
0	1
0	327
0	0
0	0
0	0
0	0
0	53
0	0
0	0
0	101
0	0
0	603
1	126
4	42
0	0
0	0
0	0
7	0
4	181
0	22
0	0
3	31
0	0
4	221
0	0
0	0
1	375
0	0
0	0
0	12
0	95
0	212
0	0
0	0
0	0
0	0
0	0
1	188
0	0
0	0
0	3
0	0
0	0
1	31
0	0
0	0
0	0
0	0
0	25
4	11
0	0
0	301
0	0
1	84
0	0
0	228
0	8
0	0
0	94
0	291
0	82
0	0
4	802
0	2
0	0
0	0
1	3996
0	0
0	107
0	173
0	47
0	25
0	0
7	1684
0	0
0	0
1	8
0	7
0	80
0	0
0	0
0	0
0	0
0	2641
0	0
0	56
0	26
0	1
0	243
0	0
0	0
0	4
0	0
1	0
0	0
0	2
0	7
0	0
0	0
0	0
0	0
1	34
0	0
0	0
4	247
0	45
0	1
0	1
0	0
0	0
0	0
0	8
2	719
0	0
0	0
3	0
0	4
1	3
0	0
0	0
0	0
0	25
0	0
1	0
2	342
0	0
0	0
0	40
0	3
0	0
0	0
0	72
0	0
0	0
0	5
0	0
44	1
0	6
0	0
0	60
3	2
2	0
0	28
0	34
2	12
0	0
0	1
0	9
0	2
0	148
0	39
0	35
0	0
0	0
0	27
0	74
0	0
0	0
0	0
0	0
0	0
1	64
0	0
0	0
0	568
8	340
0	8
0	0
0	18
0	0
0	0
0	0
0	0
0	134
0	30
0	1486
2	77
0	56
3	128
0	0
0	15
0	5
0	0
0	0
0	0
2	1
0	4
0	0
0	0
5	337
1	249
0	0
0	0
0	0
0	0
1	21
0	0
0	0
0	13
0	0
0	8
0	0
0	4
0	973
0	0
0	0
0	13
0	0
5	1022
0	2
0	0
0	123
0	0
2	27
0	0
0	0
1	0
0	0
0	0
0	16
0	0
0	182
0	0
0	0
0	17
8	42
0	0
0	167
0	10
0	0
0	0
1	119
0	0
0	225
0	0
0	0
0	0
0	187
0	0
0	0
0	2
0	34
0	0
1	99
0	3
0	0
0	0
0	0
0	0
0	0
0	0
0	0
0	12
0	0
81	577
7	19
0	933
4	106
0	0
0	3
0	154
0	356
0	56
0	0
0	0
0	0
0	0
0	0
0	0
1	3
0	72
0	10
0	0
1	38
0	104
0	0
56	0
0	83
0	0
0	0
0	0
0	0
0	0
0	62
0	0
0	146
0	0
0	0
0	0
0	0
0	0
0	1
1	69
0	0
0	0
0	1
0	0
0	0
0	0
0	0
5	21
0	15
0	2
0	0
0	85
0	0
0	0
0	0
0	5316
0	167
1	148
0	18
0	41
0	0
0	0
0	0
2	3
0	0
0	0
0	22
0	0
0	0
0	0
0	0
0	3
0	0
4	18
0	4
0	0
0	75
0	0
1	46
0	0
0	0
0	0
0	0
0	68
0	0
0	0
0	0
0	0
0	0
0	11
0	0
0	0
0	0
0	8
0	2
0	0
0	0
0	23
0	79
0	0
0	0
0	400
3	4
0	0
0	0
0	30
0	0
0	0
0	0
0	18
12	22
0	0
0	15
0	0
0	0
0	550
0	9
0	0
0	0
0	0
0	0
0	61
0	76
0	0
0	0
0	272
0	0
0	0
1	6
0	0
0	0
0	1
0	5
0	0
0	4
0	14
2	94
0	224
2	3
0	0
0	0
0	0
0	167
0	0
0	0
0	21
0	81
0	8
0	14
0	0
0	0
0	66
0	0
0	0
2	3
0	142
0	0
0	1
0	142
0	0
0	128
0	0
0	0
0	0
0	1
33	0
0	0
0	0
0	198
0	98
0	26
1	4
0	25
1	150
1	16
0	0
0	0
1	18
0	0
0	0
0	228
2	1379
0	0
0	0
0	0
1	667
0	0
0	0
0	0
0	0
0	0
0	0
0	0
0	0
0	34
0	1
1	177
11	129
0	0
0	26
0	0
0	14
0	0
0	18
1	30
0	51
0	56
4	466
0	0
0	0
0	0
0	0
0	78
0	0
0	0
0	0
0	0
0	220
0	24
0	0
0	27
0	7
0	596
0	0
0	0
0	0
0	0
0	6
0	6
0	153
0	0
0	2
0	703
0	18
0	42
0	133
1	1224
0	146
0	14
0	0
0	0
0	2
0	0
0	25
2	10
3	0
0	0
0	0
0	1
0	0
1	78
0	220
0	0
0	271
0	0
0	0
0	0
0	100
0	2
0	0
0	0
0	2
0	294
0	0
0	0
2	2
0	0
0	0
0	0
0	0
0	1
0	30
87	0
0	0
0	0
0	24
0	70
0	3
18	826
6	41
0	0
0	11
0	20
0	14
1	2
0	166
5	449
0	0
0	11
0	0
11	4
0	0
0	1698
3	400
0	0
0	0
0	0
0	57
0	0
0	14
1	5
1	307
0	0
1	1
0	0
0	5
0	198
0	0
0	0
0	900
0	0
0	0
2	218
0	20
0	0
0	0
2	25
0	12
0	7
0	0
0	8
0	117
0	45
0	0
0	1
0	29
0	0
0	519
0	925
1	2
3	6
0	5
0	0
0	69
0	0
0	0
0	80
0	154
0	26
0	12
0	0
0	0
0	0
0	0
0	19
0	0
0	0
0	0
0	0
0	762
0	0
1	1
11	0
0	0
0	0
0	0
0	0
0	4
0	0
0	18
0	47
0	444
0	280
0	0
0	18
0	0
0	0
0	1
0	0
0	84
1	0
0	0
1	172
2	234
0	9
0	0
0	6
0	56
0	0
0	0
0	0
0	0
0	11
0	0
0	6
0	0
0	9
115	0
0	26
1	797
0	0
0	0
0	6
0	0
0	36
3	20
0	0
0	0
0	39
0	0
0	0
0	0
0	0
0	0
0	139
0	0
0	61
0	0
0	43
0	283
0	0
0	2
0	20
543	47
0	0
0	0
0	11
9	199
3	26
0	0
0	30
0	197
0	4
0	51
0	0
0	0
0	9
0	0
0	3
0	0
0	0
0	0
0	0
0	103
0	5
11	44
0	0
0	504
0	0
0	205
0	0
0	0
0	0
0	0
0	58
0	0
0	226
0	0
0	0
0	16
0	35
0	0
0	0
0	103
0	0
0	0
1	28
0	0
0	108
0	0
0	0
0	0
0	1349
0	0
1	1197
0	0
0	0
0	0
0	1
0	0
0	0
0	1
0	109
0	0
1	62
0	7
0	0
11	443
0	40
0	0
0	5
0	0
0	0
0	0
0	0
0	0
0	76
0	0
0	132
0	0
8	96
0	167
0	0
0	255
0	0
0	75
0	1
0	0
0	0
0	1
0	0
0	55
0	7
0	0
0	3614
4	5271
0	2
1	408
0	6
0	0
0	0
0	0
0	116
0	52
36	99
0	0
0	28
0	0
0	14
0	1396
0	0
8	9
7	6
0	0
0	4
1	74
0	1
0	0
0	0
0	14
0	0
0	0
2	452
1	15
0	0
1	290
0	2
0	0
0	85
0	0
0	0
0	0
0	47
0	24
0	0
0	0
0	0
1	188
0	0
0	0
5	78
0	0
0	0
0	1
0	0
1	156
0	0
1	921
0	15
0	0
0	0
13	548
0	2380
2	179
0	0
0	0
0	202
0	70
0	0
46	2374
0	327
0	0
0	0
0	0
4	92
2	122
0	104
0	0
0	27
0	0
0	16
0	0
0	131
0	34
0	0
0	90
0	0
1	0
0	0
1	155
0	0
0	0
1	3
0	1
0	75
0	0
0	41
0	8
0	0
0	0
0	0
0	0
1	513
0	374
0	1089
1	215
0	0
0	0
0	0
0	0
0	892
0	65
0	116
0	0
0	57
0	0
0	32
0	0
0	22
0	1
0	0
0	24
0	276
0	4
0	117
22	288
0	0
0	11
0	0
0	229
0	0
0	423
1	1053
0	0
0	0
0	0
0	0
1	42
0	1
0	0
0	4632
0	0
0	0
0	0
5	30
0	0
0	0
0	1
0	0
0	0
0	90
0	40
1	0
0	0
0	2
0	139
0	2
0	0
0	0
0	51
0	0
0	25980
0	0
0	0
0	0
0	233
0	0
0	0
0	0
4	0
0	0
0	0
0	0
0	28
0	99
0	1
0	0
0	0
2	193
0	453
0	4
0	1
0	27
0	22
0	0
0	2
0	95
0	0
0	1
0	200
0	0
0	1
0	0
0	19
0	0
17	73
0	0
0	190
0	62
0	0
0	6
0	0
0	0
0	57
0	15
0	0
0	0
2	0
0	355
0	1000
1	0
0	1105
0	33
0	0
0	13
0	41
1	11
0	0
1	94
0	0
0	0
0	0
0	189
0	2
0	15
0	3
0	0
0	0
0	0
1	0
0	0
0	0
0	10
0	0
0	0
2	0
0	0
0	11
0	0
0	16
0	0
0	0
0	0
0	0
0	0
0	78
0	1396
0	0
0	0
1	3
0	0
0	0
0	24
0	0
6	46
0	0
0	0
1	94
0	0
0	0
0	225
0	20
0	0
0	2
0	0
0	1
0	44
4	24
0	1
0	9
1	566
2	0
0	13
0	0
0	5
0	45
0	0
0	11
11	684
0	0
0	22
0	59
0	0
0	0
0	0
0	0
0	0
0	0
0	0
0	5
0	0
0	0
0	174
0	0
0	0
0	0
0	193
0	0
0	0
4	71
0	3
0	0
0	0
2	46
0	0
1	193
0	19
15	377
0	1
0	15
0	479
0	0
0	0
0	417
1	47
0	0
0	47
0	0
0	25
0	0
0	0
0	0
0	0
0	1
0	0
0	183
0	4
0	0
1	9
0	0
0	0
0	9
0	0
0	11
0	43
0	0
0	21
0	1
0	0
0	51
7	1061
1	153
0	10
0	22
0	9
0	0
0	1
0	0
0	0
2	4
0	0
0	0
0	0
0	162
0	632
0	94
0	0
0	0
0	0
0	0
0	0
0	0
5	1
0	0
0	325
0	0
0	422
0	0
0	0
0	2
0	115
0	0
0	385
0	130
1	514
70	504
0	26
0	0
0	39
0	0
0	94
0	5
1	12
0	0
0	43
0	0
0	11
1	62
0	1
2	134
0	0
0	12
0	0
0	223
0	52
0	2352
1	114
46	3559
0	0
0	0
0	0
0	0
0	0
0	29
0	0
0	7884
0	0
0	0
1	14
0	0
0	0
0	7
0	718
0	0
3	183
1	27
9	13
1	1
0	0
0	0
0	0
0	35
0	0
0	452
1	35
0	211
0	10
0	0
0	58
0	0
0	0
0	216
0	0
0	0
0	19
28	115
0	23
0	0
0	0
1	3
0	0
0	276
0	0
0	63
0	0
0	0
1	12
0	0
0	644
0	4
0	0
0	107
0	0
0	2
0	48
0	848
0	79
0	0
0	1
0	24
0	7
0	4
0	0
0	0
0	0
0	0
0	12
0	54
1	61
0	0
0	0
0	0
0	49
0	1
0	92
0	0
0	0
0	2
0	0
0	2
0	0
0	0
0	1
0	103
0	257
0	349
0	0
2	25
0	0
0	2
0	71
0	0
1	12
0	0
0	0
2	0
1	250
7	2505
0	0
0	57
0	0
0	78
0	71
0	0
0	120
0	1
0	136
0	41
0	0
0	19
1	0
0	0
0	1
0	14
0	249
0	0
0	31
0	236
0	0
0	6
0	0
0	12
0	101
0	0
0	0
1	7559
1	43
0	0
0	504
0	86
0	0
0	6
4	7
0	84
0	6
0	15
0	0
0	4
0	0
1	41
0	0
0	0
0	0
0	0
0	0
0	8
2	72
0	16
0	5
0	6
0	21
11	445
0	396
0	0
4	279
0	0
0	9
0	415
0	0
0	669
1	64
0	0
0	163
5	1
0	1
0	0
0	0
0	58
2	575
1	0
0	20
0	66
0	136
0	0
0	48
0	0
0	0
0	35
0	1
0	0
4	79
0	0
0	20
0	0
0	9437
1	37
0	0
0	0
0	1
0	1728
1	6
0	13
0	0
0	3912
0	0
0	0
0	41
0	27
0	0
0	436
0	0
1	916
0	56
0	0
0	32
0	0
0	0
0	0
0	226
0	62
0	0
19	200
0	0
0	0
0	0
0	10
4	129
0	4
1	67
0	1
0	1710
0	2
0	1324
0	0
0	0
0	32
0	0
0	0
0	0
1	4984
0	1643
0	2
0	0
0	0
0	0
0	65
0	160
0	14
0	0
0	0
0	0
0	0
0	0
0	63
0	0
0	0
0	0
0	0
0	0
0	0
0	35
6	436
0	0
0	0
6	75
0	97
1	0
0	2
0	0
0	72
0	0
0	2
0	50
0	0
0	47
4	130
0	30
0	0
0	0
0	215
0	57
0	0
0	0
0	0
0	76
0	1
0	6
0	0
0	0
0	23
671	271
0	0
0	0
0	12
0	0
0	6
0	19
0	0
0	0
0	0
2	34
0	1
1	247
0	354
73	4432
0	25
0	0
0	0
0	4
0	0
0	50
3	224
0	1083
0	66
0	0
0	518
0	2
20	1555
0	0
0	0
0	0
0	63
0	14
0	0
0	0
0	0
0	0
0	0
0	0
0	0
0	0
0	0
0	10
0	0
0	0
1	35
0	0
1	30
0	0
0	0
0	27
0	0
0	0
0	0
0	0
0	15
0	43
0	133
6	24
0	0
0	27
0	0
0	208
0	0
0	23
100	510
0	0
0	0
3	4
4	47
0	0
0	0
0	0
1	285
0	27
1	83
0	0
0	0
0	0
0	0
0	0
0	99
0	33
0	0
2	0
0	0
0	0
0	0
0	0
0	268
0	2
0	764
0	63
0	0
0	8
0	0
1	96
0	151
0	0
0	12
0	2
0	0
0	0
0	60
0	55
0	0
0	40
0	0
1	28
0	12
0	0
0	0
0	36
0	0
13	834
0	141
0	10
0	3
0	24
0	0
0	0
0	74
0	32
0	1
0	32
0	4
0	0
0	107
0	11
0	389
0	0
0	11
0	696
0	35
0	0
0	67
2	6
0	0
0	0
0	84
39	0
2	0
0	1
0	0
1	232
0	0
0	0
0	0
0	20
0	14
0	0
0	368
1	6
0	0
0	5
0	27
0	0
0	4
0	495
0	668
0	166
0	0
0	0
0	0
0	746
0	0
0	0
0	0
0	12
0	138
59	231
0	14
0	0
0	12
0	0
0	0
0	0
0	0
0	0
0	0
0	0
0	0
1	89
0	0
0	0
0	28
0	199
0	0
0	0
0	0
0	0
0	0
0	0
0	34
0	14
0	0
0	0
0	31
0	1
0	2
0	0
0	0
0	0
0	3
0	0
0	1
0	0
0	257
0	0
0	0
0	2209
9	2
0	0
0	47
0	0
0	11
0	0
0	142
0	22
0	170
0	71
0	0
0	12
0	68
0	0
0	29
0	0
0	9
0	1
0	79
0	144
0	0
0	246
0	0
0	93
0	1380
0	1
0	0
0	0
0	52
0	736
0	1190
2	999
0	113
0	13
0	3
0	24
1	143
0	0
0	45
0	0
0	14
0	2
0	68
0	0
0	0
0	0
0	0
0	0
0	2398
0	0
0	0
0	0
0	0
0	66
0	10
0	5
0	0
0	815
0	0
0	97
0	16
0	26
0	305
0	0
0	0
0	0
0	6
0	0
0	0
0	0
0	76
0	790
0	47
0	0
1	68
0	0
0	48
0	0
0	82
2	0
1	1106
0	47
0	0
0	33
1	83
4	129
0	0
0	0
0	0
0	0
0	0
0	9449
1	0
0	0
0	5
0	0
0	0
0	0
0	0
0	13
0	0
0	0
0	115
0	0
2	17
0	0
0	0
0	21
3	217
0	0
0	0
0	0
0	0
0	4
0	21
0	0
0	0
0	3
0	0
0	161
0	0
0	0
0	23
0	0
0	19
0	0
1	4
0	0
0	0
0	0
1	1478
0	13
2	18
0	252
0	0
0	0
0	0
0	0
0	0
0	0
0	0
0	0
0	2
0	2
0	0
0	10
0	0
0	8
0	0
0	0
0	745
0	6
0	769
0	452
1	0
1	69
0	0
0	40
5	5
7	190
0	0
0	0
0	0
0	109
0	38
0	0
0	0
0	0
0	44
0	2
0	0
0	0
0	73
0	698
0	513
0	0
0	0
0	1
2	1216
0	2
2	0
0	70
0	63
1	104
0	0
0	29
0	0
0	125
0	0
0	0
0	3
0	0
0	38
0	183
0	3
0	0
230	1
0	13
0	0
0	0
0	0
0	14
0	0
0	0
0	0
0	0
2	388
0	0
0	0
0	0
0	0
1	1566
0	0
0	360
34	24
0	96
0	0
0	0
0	590
1	194
0	0
0	0
0	0
0	129
0	0
0	141
0	69
0	1
4	374
0	33
0	0
0	0
0	7
0	104
0	217
0	145
0	0
0	0
0	386
2	395
0	0
0	0
0	6808
0	0
3	178
1	3
10	280
0	0
0	88
0	0
0	1002
0	0
0	0
0	83
0	395
1	0
0	0
0	5
0	227
0	3
0	1
2	0
0	0
0	18
0	27
0	1
0	0
0	5
0	10
0	432
0	0
1	0
0	680
0	0
0	0
0	53
0	0
0	0
1	99
0	54
0	3
0	28
0	38
0	0
4	988
0	0
6	1
0	29
0	0
0	0
0	0
0	1
0	68
2	143
0	35
0	0
0	0
0	0
0	0
0	31
0	21
0	0
0	0
0	331
0	0
0	9
2	0
0	0
0	195
0	171
0	0
0	53
0	0
0	7
0	0
0	5
0	0
0	70
0	0
0	52
1	2
0	0
0	1
0	0
0	0
0	0
0	0
0	231
1	0
0	17
0	50
1	160
0	0
0	1
0	1
0	172
0	0
0	15
0	298
0	3
0	238
0	922
0	27
0	0
0	0
0	0
0	0
0	62
0	6
3	2
0	0
1	16
0	14
0	108
2	2
0	0
0	0
0	0
0	0
0	0
0	1
0	237
0	0
0	177
0	0
0	0
92	260
0	0
0	19
1	164
0	0
0	804
0	0
0	0
0	0
0	0
0	0
0	540
0	0
0	0
1	77
0	97
0	9
2	2
0	0
0	78
2	2
0	2
0	0
0	0
0	0
0	0
0	0
0	199
0	192
0	289
0	6
0	0
0	1
2	165
0	0
0	105
0	0
12	956
0	0
2	1
0	0
0	25
0	0
1	13
0	0
0	0
0	472
0	31
20	3258
0	0
0	0
0	8
0	0
0	0
0	167
0	8
0	0
0	430
0	0
0	0
0	0
0	0
1	57
0	0
0	11
0	0
0	0
0	534
17	3
0	0
0	3
0	0
0	0
0	0
0	145
0	0
0	0
0	0
0	0
0	1
0	0
0	0
0	0
0	0
0	0
0	0
0	2
0	46
0	12
0	4
2	924
1	46
0	0
0	0
0	2
0	0
1	0
0	1
0	0
0	0
0	0
0	0
0	0
0	0
0	87
0	0
0	0
0	223
0	0
0	0
0	15
0	0
0	0
2	423
0	0
0	40
0	24
0	0
0	0
0	36
0	0
0	494
0	0
0	4
0	0
0	0
0	14
0	38
0	208
0	21
10	939
0	0
0	0
0	34
0	144
0	0
0	0
6	216
0	14
1	91
1	880
0	64
0	0
0	44
1	2
0	0
0	110
2	235
3	20
0	0
0	22
0	1
0	0
0	0
0	3
0	0
0	0
1	0
0	0
0	8
0	6
1	5575
2	65
0	0
0	2
0	0
0	4
0	0
0	0
0	0
0	19
0	0
0	0
2	54
0	50
0	3
0	479
0	0
0	0
0	0
1	101
0	0
0	2
0	22
0	0
0	0
0	0
0	0
0	0
0	0
0	0
2	5
0	0
0	29
0	0
0	21
19	778
3	1133
0	0
0	6
12	498
0	0
0	0
0	5
1	0
0	0
0	0
5	248
0	39
0	4
0	0
0	0
0	0
0	0
0	0
0	0
0	0
0	0
0	0
0	0
0	0
0	0
0	189
0	136
1	21
0	186
0	71
0	34
0	6
0	4
0	0
0	0
2	57
2	6
0	0
0	0
0	535
0	17
0	17
0	0
0	19
0	0
0	0
0	0
2	26
0	24
0	0
0	267
0	0
0	0
0	0
0	2
8	774
0	0
1	24
0	2
0	0
0	31
0	4
0	0
0	0
22	94
0	0
0	0
1	616
0	10
0	0
0	0
0	0
0	75
0	0
7	11
0	176
0	0
0	0
0	0
1	7
0	0
1	57
0	0
0	198
0	0
0	0
0	126
0	0
0	6
0	2
0	0
0	109
0	28
0	0
0	1
0	0
0	0
0	0
0	0
0	0
0	12
0	115
0	0
0	13
0	4
0	0
0	3
0	144
0	122
0	0
0	187
0	0
0	252
0	0
0	0
0	0
0	0
0	0
1	0
0	18
1	9
0	0
0	297
0	0
17	6561
0	2
0	0
0	0
19	507
0	0
0	0
0	0
0	0
0	0
0	12
0	181
0	173
0	0
0	0
0	51
0	0
0	0
0	17
1	5
4	1
0	0
0	23
0	0
0	0
0	0
0	0
0	0
1	3
0	0
0	0
0	0
0	0
0	0
0	47
0	0
0	0
0	0
0	0
0	6
0	0
0	0
0	0
0	566
0	38
1	57
0	0
0	0
0	5
0	0
0	92
0	0
0	0
2	542
0	0
0	0
0	0
0	9
0	0
0	1597
0	35
1	388
0	0
0	0
0	66
0	0
0	58
0	0
0	11
6	3964
0	0
0	1
0	0
0	105
0	0
0	0
0	121
0	0
0	0
0	1524
0	1
0	207
0	31
0	1
0	6
0	0
0	0
0	0
0	23
0	0
0	11
0	7
0	0
0	9
0	0
3	2
0	1
0	588
0	1
0	14
0	0
0	134
0	0
0	0
0	0
0	0
0	0
0	51
0	0
0	0
0	14
0	0
0	0
0	0
0	0
1	509
2	14
0	129
29	202
0	269
0	0
0	0
0	202
0	0
0	0
0	0
0	26
0	0
1	0
0	0
0	0
0	0
0	1
0	0
0	0
2	0
0	0
2	115
0	0
0	0
0	0
0	0
0	138
0	11
0	0
0	0
0	9
0	0
0	0
0	129
0	0
0	0
0	0
0	21
0	38
1	0
0	30
0	0
0	0
1	0
1	1686
0	0
0	0
0	2
0	0
0	0
0	0
0	0
0	6
0	0
0	73
0	0
0	236
0	25
0	337
0	1
0	0
0	125
0	0
0	5
0	0
2	1
0	0
0	0
0	1
0	254
0	12
0	0
0	265
0	0
0	85
0	104
0	137
0	0
0	8
0	0
0	0
0	0
0	0
4	17
0	1
0	316
1	67
0	0
0	0
0	0
0	0
0	5006
0	346
0	0
0	952
0	0
2	4
0	0
0	0
0	0
0	0
0	0
0	0
0	0
0	0
0	0
0	88
0	0
0	0
4	94
0	0
0	3
0	9
0	0
0	512
0	136
0	170
0	0
0	119
14	3
0	69
0	2848
0	0
0	0
1	0
0	0
0	3
0	7
0	111
10	214
0	0
0	2
0	103
0	1
0	75
0	0
0	0
0	36
0	62
0	0
0	0
0	0
0	4
0	3
0	1
0	0
0	0
0	0
0	5
0	39
0	0
0	0
0	6
0	0
0	21
1	565
0	0
0	0
0	0
1	182
10	20
0	0
0	381
0	0
0	0
0	250
0	449
0	0
0	2
0	0
1	3
0	0
0	0
0	0
0	9
0	0
1	44
0	0
0	0
0	0
0	15
0	0
0	0
0	0
0	9
0	0
0	0
0	62
0	1
8	14
0	0
0	9
0	2
0	378
0	20
0	21
0	0
0	7
0	16
0	0
0	0
0	0
0	0
0	0
0	11
0	0
0	0
3	396
0	0
0	7
0	0
0	317
2	224
0	1431
0	37
0	371
0	0
0	51
0	0
0	0
0	0
0	94
0	0
0	0
0	0
0	3
0	0
0	0
0	0
0	0
1	19
0	63
0	0
0	0
0	9
0	0
0	0
0	0
0	11
44	150
0	155
0	0
0	43
45	2
0	0
0	0
0	5
0	0
0	105
1	1
0	0
0	0
0	60
0	118
0	2
593	2900
0	0
0	108
0	0
2	239
2	46
0	0
2	290
0	0
0	16
0	25
0	1
0	0
0	15
0	0
0	5
1	45
0	25
0	0
0	190
0	0
0	331
1	3
0	5
1	175
0	0
0	3
0	17
0	31
0	49
0	0
0	0
0	62
0	384
0	44
0	1
0	23
0	1182
0	0
0	0
0	0
0	0
0	554
0	369
0	0
0	0
1	0
0	36
0	0
0	0
0	0
1	1
1	28
0	0
0	0
0	0
0	0
0	13
0	126
0	0
0	0
0	0
2	828
197	21
0	0
0	0
2	173
0	0
0	391
0	0
0	526
0	0
0	3
0	0
1	128
0	233
0	988
1	28
0	58
10	2489
0	0
0	0
0	0
0	384
0	16
0	0
5	90
0	0
0	0
6	11
0	0
0	25
0	38
1	211
0	2
0	6
0	0
0	0
0	0
0	10
0	0
0	11
0	0
0	2
0	0
0	0
0	6
0	0
1	1130
0	0
0	0
0	0
0	0
0	0
0	0
0	0
0	854
7	35
0	50
0	131
0	2
0	14
0	118
0	29
0	43
0	0
0	21
0	0
2	3
0	0
46	3
0	2
0	683
0	0
0	849
0	0
0	0
210	512
0	1
0	3
0	16
0	2
0	19
0	4
0	0
0	0
0	67
0	0
0	7
0	354
0	0
0	0
0	0
0	0
0	3
0	0
3	15
0	21
0	14
0	158
0	0
0	0
0	0
0	0
0	17
0	0
0	776
1	327
0	0
0	0
1	22
0	0
0	27
0	0
7	1070
0	0
0	0
0	0
0	0
0	0
0	62
0	0
0	0
0	0
0	0
0	104
0	24
1	88
0	312
0	0
0	14
0	0
0	1
0	0
0	0
0	0
0	79
0	100
0	3
1	15
0	0
0	0
0	0
0	0
0	189
0	485
0	0
0	0
0	0
0	0
0	171
0	0
0	0
0	5
0	0
0	0
0	118
1	2
0	99
0	0
0	32
0	0
0	0
0	152
0	0
0	0
0	2
0	0
0	27
0	0
0	0
0	28
0	0
0	139
0	0
0	74
0	37
0	142
0	69
0	11
0	71
0	120
0	34
0	47
0	0
0	0
0	26
0	0
0	7
0	2531
0	8
1	226
0	36
0	11
0	1067
0	84
0	0
0	0
12	2779
0	0
0	11
0	0
0	424
0	20
0	0
0	29
0	0
0	7
0	0
0	0
0	56
0	46
0	0
0	0
0	0
0	0
0	43
0	52
0	0
0	60
0	1
0	9
0	0
0	0
0	375
0	0
0	223
0	0
0	0
0	0
0	0
0	0
0	25
0	0
0	0
0	14
0	0
1	10
0	136
0	0
4	530
0	0
0	0
0	0
0	0
0	0
0	0
1	13
0	0
0	0
0	0
0	3
0	0
0	0
0	0
3	13
0	0
0	0
0	0
0	13
0	5
0	0
0	0
0	0
0	64
0	1
0	12
0	0
0	0
0	0
0	509
0	0
0	0
0	0
0	0
0	0
0	0
0	0
0	0
0	1
0	0
0	0
0	0
0	0
0	0
0	73
0	0
0	231
0	0
0	0
0	1
0	9
0	0
0	0
0	0
0	0
0	0
0	0
0	58
0	90
0	5
0	36
0	0
0	0
0	0
0	15
0	3
0	0
0	0
2	122
7	504
0	92
0	0
0	0
0	44
0	0
0	10
0	4
0	1
0	0
38	14045
0	7
0	0
0	0
0	0
0	0
0	5
0	0
0	60
0	168
0	55
0	44
0	0
0	0
0	1
15	6
11	1628
0	357
1	114
0	0
0	0
0	0
1	0
0	0
0	119
27	99
0	0
0	0
0	1
1	20
0	0
0	13
0	21
0	12
0	0
1	177
0	0
0	3106
0	0
9	22
0	30
0	0
0	0
16	40
0	0
0	1
1	1
0	0
0	0
0	0
0	6
1	1333
0	0
0	2
0	0
0	0
0	0
0	0
0	0
165	592
0	0
1	652
0	205
0	0
0	0
0	0
0	0
0	0
0	0
0	0
0	132
0	0
0	0
0	6
0	3184
0	71
1	37
0	4
0	0
0	56
0	0
0	0
20	494
0	86
2	5
1	1151
0	65
0	60
1	39
0	0
0	1
0	22
0	303
0	229
0	1
1	486
0	0
1	40
0	0
1	3
0	0
0	0
0	1
0	2792
2	656
0	11
3	4
0	6
0	0
0	0
0	149
0	0
0	250
0	11
0	75
0	0
0	0
0	113
1	307
0	0
0	0
0	1
0	0
0	2
0	3
0	0
0	0
0	45
0	0
0	0
0	1
0	390
0	4780
0	85
0	0
0	0
0	0
0	0
0	0
0	0
0	0
0	56
0	877
0	137
1	149
0	524
0	0
0	0
0	0
1	120
0	283
0	0
0	0
0	28
0	0
0	23
4	30
0	5
0	0
0	0
0	0
0	120
0	2
0	0
1	2
0	0
0	0
0	0
0	140
0	147
0	0
0	0
7	1
0	0
0	0
0	0
0	0
113	425
0	320
0	5
0	0
0	12
0	42
0	0
0	138
1	118
0	0
0	60
0	28
0	0
0	0
0	2
2	2
0	0
0	0
0	5
0	0
0	968
2	1
0	0
0	3
0	3
0	0
0	771
0	6
0	0
0	11
0	4
0	0
0	0
0	0
0	0
0	29
0	0
0	0
0	1
0	0
0	0
0	86
0	45
0	0
0	0
0	57
0	74
0	31
0	3
1	2007
0	1
0	0
0	0
0	4
0	0
3	773
0	0
1	0
0	0
0	4
0	0
0	158
0	69
0	131
5	340
0	94
0	7
0	0
0	0
3	6
0	17
0	0
1	5
0	12
0	12
0	0
0	0
0	0
0	29
0	26
0	0
14	2936
0	38
0	0
0	54
1	156
0	0
0	0
1	0
0	0
0	0
0	2
0	0
0	0
0	6
0	521
0	9
0	681
1	0
1	0
0	0
0	0
1	342
0	266
0	0
0	0
0	0
0	0
0	0
0	0
1	2
0	1
0	0
0	114
0	0
0	19
0	0
0	0
2	676
0	0
0	0
0	95
0	0
0	2
0	1
0	109
1	2293
0	81
0	0
0	0
0	1634
0	598
0	0
0	0
5	1416
0	3
0	203
2	54
1	6
0	0
0	0
0	0
2	113
0	0
0	0
0	0
0	10
0	59
0	16
0	50
0	0
0	1116
0	0
0	0
0	13
9	65
35	62
0	0
0	0
0	0
0	0
1	20
0	0
0	0
0	3
0	935
0	27
0	0
2	1049
0	0
0	0
0	0
0	1
161	3111
0	0
0	795
0	0
0	0
0	0
0	0
0	0
0	6
0	338
0	0
0	1
5	336
0	0
0	547
0	1
0	2
1	6
0	0
0	4
0	2
0	0
0	37
0	0
0	0
0	0
1	0
0	0
3	85
0	1
0	0
0	10
0	149
0	0
0	0
1	5
0	139
0	0
0	0
1	36
0	37
0	3
0	0
0	1
0	0
0	4
0	0
0	0
0	80
0	0
0	1
0	0
0	0
2	0
0	31
0	25
0	0
0	5
0	16
0	0
0	0
0	8
7	0
0	4
0	13
0	0
0	42
0	2
0	3
0	0
0	0
2	4
1	0
0	0
0	176
0	0
0	1
0	0
0	5
0	0
0	0
0	0
0	31
0	500
0	37
1	0
0	0
0	0
0	35
0	0
0	6
0	3
0	0
0	0
1	15
1	788
0	0
0	83
0	1
0	1453
0	0
1	4
0	0
0	1106
0	0
0	0
0	79
0	0
0	0
0	116
0	0
0	0
0	1
0	18
0	78
0	3
0	0
0	0
0	2
0	0
0	192
0	0
0	1
0	0
0	8
0	0
0	48
0	0
0	3
0	0
0	0
0	0
0	0
0	19
0	0
0	34
0	0
0	0
0	0
0	147
0	0
0	116
0	0
0	1
0	334
0	63
0	7
0	10
0	0
0	0
0	0
2	554
0	0
0	0
0	7
0	0
0	0
0	0
0	0
0	0
0	0
0	0
0	18
0	609
0	7
0	0
0	0
0	0
0	10
0	179
0	185
0	281
0	0
0	3
1	68
0	0
0	0
1	0
0	0
1	115
0	1
0	241
0	13
1	23
0	76
0	0
0	0
0	0
0	0
0	0
0	0
0	0
0	33
0	0
0	0
0	0
0	0
0	0
0	0
0	12
0	1
0	0
0	20
0	0
0	0
0	0
0	6
0	1
0	0
1	0
0	9
0	0
0	0
0	83
0	0
0	0
0	47
0	0
0	0
0	0
0	3
0	0
0	0
0	0
0	23
0	26
0	7
0	0
0	0
0	0
0	0
0	0
0	2
0	0
0	1162
0	25
0	261
0	60
0	0
0	0
0	0
0	39
0	0
0	0
0	0
0	0
2	0
0	0
0	0
0	0
2	82
0	0
0	467
0	3
2	33
8	8
0	130
0	0
0	0
0	3
1	0
0	55
0	2
0	89
0	0
1	11
0	31
4	730
0	0
12	3
0	660
0	3
0	0
0	0
0	0
0	2
0	27
0	0
0	291
0	0
0	0
0	0
4	0
0	938
0	60
0	0
0	6
0	2
0	0
0	0
2	27
0	0
0	0
0	25
0	0
3	1
0	0
0	13
0	11
0	0
0	0
0	0
0	0
0	0
0	0
0	0
0	3
0	6
9	755
0	16
0	1
0	0
0	18
0	195
0	0
0	271
0	0
0	0
0	10
39	1
0	0
0	396
0	0
0	28
0	0
0	1145
0	27
0	0
0	0
0	0
0	0
0	25
3	256
0	0
0	0
0	0
0	0
0	70
5	106
0	0
0	503
0	25
0	458
0	0
0	0
0	0
0	0
0	11
0	0
1	111
2	9
0	0
0	0
0	18
0	0
0	0
0	0
6	175
0	14
0	0
1	0
0	0
0	0
0	6
0	0
0	0
0	0
0	0
0	0
0	0
0	0
0	0
0	0
0	1
0	6
0	1
0	0
0	0
0	0
0	0
0	0
2	5
0	466
0	0
0	0
0	0
1	70
0	0
0	0
0	0
0	23
0	0
0	0
0	2
0	25
0	0
0	0
0	51
0	0
0	3
1	6
0	175
0	1
0	26
3	103
0	0
0	0
0	31
0	166
0	0
0	58
0	0
0	0
0	0
0	5
0	12
0	55
0	0
0	0
0	31
0	1
0	193
0	3
0	0
0	0
0	0
0	38
0	0
0	0
0	0
0	0
0	0
0	0
0	26
0	0
0	0
0	0
0	8
0	223
0	0
0	2
0	0
0	511
0	39
0	5
0	0
0	0
0	129
0	0
2	142
0	3603
0	17
0	0
0	0
0	0
2	4
5	12
0	0
0	33
0	0
0	9
0	0
2	34
0	0
0	56
0	0
0	0
0	3
0	0
0	0
0	342
0	0
0	12
0	0
0	0
0	67
0	0
2	4
0	0
4	7
0	0
0	0
0	0
0	3
0	0
0	0
0	0
0	0
0	11
0	56
0	0
2	84
0	0
2	25
0	0
0	0
0	0
0	0
0	0
0	0
0	31
0	5
0	1
1	0
0	241
0	282
0	0
0	0
0	6
0	42
0	0
0	0
0	0
0	12
0	2
0	0
0	0
1	55
0	0
0	932
0	4
0	0
0	13
1	338
0	0
0	258
0	0
0	0
0	16
0	6
0	0
0	0
0	10
0	127
0	107
0	0
0	0
0	318
0	0
0	0
0	0
1	16
0	10
0	0
0	0
0	0
0	0
0	1
0	457
0	0
0	0
0	0
0	5
0	0
0	0
0	0
0	14
0	129
0	0
0	0
0	0
0	0
0	0
0	0
0	0
0	0
0	0
0	0
0	0
1	0
0	3
0	0
1	67
0	0
0	0
0	0
0	0
0	0
0	26
0	7
0	0
0	0
0	0
0	0
0	21
0	0
0	282
0	236
0	263
0	0
0	3606
0	0
0	7
0	0
0	84
0	570
0	0
0	15
0	0
0	0
0	0
0	0
1	1
3	23
0	904
0	1
0	100
0	134
0	0
0	0
0	23
0	1
0	0
0	0
0	156
0	44
0	61
0	0
0	24
0	16
0	0
0	15
0	0
0	99
0	2
0	3
0	0
0	1
0	38
0	2
0	0
0	200
0	51
0	0
0	44
0	31
0	0
0	0
0	0
0	0
0	16
0	0
0	49
0	494
0	0
0	0
0	0
0	0
0	23
0	42
0	0
0	0
0	1157
0	21
0	32
0	0
4	100
0	0
0	0
0	26
0	3
0	9
0	0
0	17
0	0
0	0
0	1
3	652
0	78
0	0
0	0
0	0
0	0
0	79
0	0
0	0
0	0
0	71
2	5
0	3
0	270
0	9
0	0
0	19
0	0
0	0
0	0
1	1257
0	5
0	928
0	0
0	0
0	0
0	34
0	1254
0	0
0	0
0	6
0	149
1	138
0	0
0	0
0	5
0	288
0	284
0	1
0	0
0	0
0	273
0	210
1	23
0	0
0	0
0	63
0	0
0	3
0	5200
0	2
0	0
1	21
0	56
0	70
1	165
0	107
0	0
22	1376
0	468
0	7
0	0
0	0
0	0
0	34
0	121
0	0
1	17
0	0
0	7
0	0
0	427
0	56
1	6
0	0
0	0
0	0
0	0
0	0
0	356
0	21
0	0
0	0
0	18
0	0
1	28
3	270
0	2
0	68
1	2
0	8
0	0
1	13
0	4
0	35
0	48
0	65
0	0
0	0
0	1101
0	0
1	6
0	66
1	140
0	0
1	0
0	0
0	23
0	0
0	36
0	0
0	0
2	8
0	31
0	0
0	0
0	1
0	0
0	0
0	1635
1	313
0	0
1	0
0	33
1	10
0	0
0	0
0	10
0	13
0	2
0	4
0	23
3	16
1	92
0	65
0	0
0	0
0	269
0	0
0	0
0	0
1	80
0	0
0	0
0	0
0	9494
0	0
0	0
0	0
0	5
0	0
0	0
0	4
4	309
0	0
0	0
0	0
0	3
0	0
0	0
0	0
0	0
0	4
0	0
1	15
0	137
0	0
0	0
2	8
0	0
0	37
0	153
0	0
0	0
2	6923
0	63
0	0
1	69
0	5
0	0
1	153
0	132
0	0
2	105
0	10
0	0
0	0
0	0
3	0
0	0
0	116
0	57
0	0
0	0
0	40
0	95
0	1
0	0
0	0
0	0
0	92
0	0
0	13
0	395
0	42
0	1
1	7
2	0
0	0
0	0
0	1
0	0
0	0
0	0
0	52
0	3
0	0
0	184
0	44
0	1
0	0
0	54
0	63
0	0
0	26
0	36
0	67
0	23
0	0
0	13
0	0
0	33
0	0
0	0
0	0
0	0
2	0
0	110
1	74
1	449
0	0
0	0
0	32
0	1
6	0
0	152
1	1
0	0
0	0
0	561
0	1
0	54
0	0
0	93
0	109
0	82
0	0
0	240
0	2
0	3106
0	0
0	175
0	107
0	9
0	0
0	0
1	7
0	0
0	0
0	2
0	0
0	0
0	13
0	23
0	0
0	60
1	0
0	108
4	1
0	88
0	0
0	0
0	0
0	0
0	0
0	0
0	0
0	152
0	6
0	0
0	252
1	224
0	18
0	0
0	36
0	1
0	0
1	397
1	232
0	208
0	1
0	0
0	54
0	0
0	0
0	2
0	0
0	0
0	0
0	1
0	86
1	551
0	5
0	0
1	106
0	0
0	5
0	0
0	5
0	0
6	91
0	0
0	0
0	0
11	757
0	0
1	47
0	0
1	7
0	0
0	0
0	0
0	0
0	0
0	0
1	52
0	213
0	0
0	0
0	0
0	26
0	21
0	1
0	156
0	39
0	0
0	46
0	7
0	0
0	0
0	1
0	0
0	27
0	112
0	132
0	0
0	0
0	0
0	303
0	0
0	0
0	11
1	1
0	0
0	543
0	8
0	0
0	0
0	0
0	0
0	0
0	0
0	190
1	2
0	0
0	24
0	0
0	2
0	3000
0	13
0	29
0	21
0	0
0	1
0	0
8	56
0	2
0	0
0	0
0	0
0	0
0	103
0	0
0	1
0	0
0	0
1	0
1	1
0	74
0	1
0	0
0	0
0	34
0	1
0	0
0	0
0	0
0	3
1	197
0	0
0	0
0	0
0	13
0	232
1	370
0	0
0	248
0	0
0	0
0	54
0	0
0	14
0	2
0	66
0	0
0	0
2	0
0	31
0	2
0	0
7	374
0	0
2	161
0	58
1	354
1	0
1	53
0	78
0	5387
0	0
0	14
0	92
0	2
0	24
0	0
0	0
0	9
0	0
0	0
75	13
0	58
0	0
2	364
0	59
0	9
1	0
0	0
0	13
0	0
0	29
0	1
0	37
0	0
0	0
0	12
0	0
1	0
0	0
0	0
0	0
0	0
0	0
0	0
0	0
0	0
9	0
0	90
43	1837
0	19
0	31960
0	0
0	0
0	135
0	0
0	0
0	197
0	0
0	0
0	0
2	530
0	0
0	0
0	9
0	0
0	0
0	0
0	42
2	45
0	0
0	4
1	25
2	64
1	80
0	0
17	6165
7	0
0	0
2	198
0	9
6	445
0	8
0	0
0	0
0	190
2	1
0	0
0	0
0	0
0	0
0	0
0	0
0	139
0	0
0	160
2	82
0	2
0	0
0	0
1	127
0	0
0	0
0	0
0	0
0	0
1	26
0	0
1	0
0	0
0	0
0	0
0	10
0	6
0	0
0	66
0	197
0	0
0	284
4	55
0	0
1	0
0	38
0	1826
0	0
0	0
0	0
0	10
0	6482
88	686
0	0
1	0
0	3
0	11
0	0
2	117
0	14
0	0
1	14
0	32
0	0
0	0
0	0
0	0
0	21
0	22
1	0
0	5
0	207
0	0
0	62
0	0
0	6
0	0
0	22
0	0
0	2
0	197
0	20
0	0
0	0
0	0
0	0
0	0
0	1
0	239
1	28
0	0
0	0
0	0
0	0
0	13
0	0
0	0
0	59
1	165
3	0
0	0
0	0
0	39
0	2
0	0
6	1
2	40
0	0
0	0
0	0
0	306
1	336
0	0
0	0
3	30
0	0
0	0
0	0
0	0
0	0
1	23
0	0
0	267
0	0
0	227
0	230
0	0
0	10
0	0
0	0
0	38
0	153
0	283
0	388
12	1085
0	43
0	11
0	351
0	16
0	125
0	0
0	17
0	51
0	0
0	842
0	29
0	3
1	0
0	17
0	0
5	512
0	10
0	11
0	0
0	0
0	70
0	50
1	4
0	0
85	18
0	0
0	0
0	1862
0	0
0	63
5	991
0	0
0	7
0	107
1	0
0	0
0	0
0	0
0	391
0	321
1	11
0	163
0	8
0	4
6	0
0	134
0	0
1	13
3	25
0	0
0	0
0	35
0	70
0	251
0	0
0	0
0	0
1	0
0	0
0	0
0	1
0	618
0	30
0	0
0	0
0	0
0	74
0	23
0	0
0	0
0	0
0	571
0	98
6	4
0	984
0	0
0	184
0	140
0	21
0	0
0	1
0	56
0	280
0	0
0	0
0	89
1	1474
1	135
0	681
0	0
0	31
0	0
0	2
0	2941
0	25
0	12
0	0
0	32
2	34
0	0
0	0
0	24
0	0
0	108
0	117
0	0
0	0
0	0
0	0
0	18
0	295
0	2
0	138
0	6
0	0
0	117
0	6
0	0
0	0
0	623
0	0
0	25
0	0
0	0
19	227
0	0
0	11
0	1129
17	6
0	0
1	14
0	0
1	1
0	97
0	20
0	141
0	113
0	1
0	73
18	6
0	0
0	14
0	29
0	0
0	20
0	1
0	1
4	1
0	49
0	14
0	20
1	306
0	15
0	1
0	91
0	522
0	157
0	0
0	109
0	162
2	18
0	25
10	1468
0	0
0	218
4	58
0	0
0	0
3	585
0	4
1	5
0	30
0	0
0	0
0	51
0	0
0	20
0	76
0	0
0	0
0	0
0	0
0	0
0	0
0	0
0	0
1	31
0	0
3	3
0	1381
0	175
0	52
0	21
0	0
18	0
1	70
0	10
0	0
0	54
0	21
0	90
0	0
0	0
0	10
1	19
2	50
0	48
0	0
0	0
0	0
0	78
1	127
0	0
0	0
0	33
0	52
1	0
0	2
0	155
0	49
0	197
0	0
2	1062
0	13
0	0
0	6
0	31
0	0
0	0
1	11
0	0
0	82
0	0
0	0
39	6
0	0
0	0
0	16
0	0
0	0
0	0
0	24
0	0
0	156
0	74
0	171
0	0
0	6
0	7
0	0
410	2328
7	4230
0	0
0	0
5	6229
0	0
0	22
0	55
0	16
0	0
0	321
0	150
0	0
0	0
0	6
6	136
0	0
2	12
1	24
0	0
0	1
0	17
117	0
0	0
0	258
0	32
0	0
0	175
0	61
0	0
0	102
0	0
2	7
1	0
0	0
0	15
22	1474
0	0
1	1
0	0
2	32
8	243
0	24
0	0
5	1152
0	135
0	77
0	0
0	0
0	131
0	0
0	108
0	65
2	54
0	0
0	7
0	0
0	76
0	0
0	0
0	0
0	0
4	33
0	375
0	0
0	16
0	7
0	0
0	51
1	187
1	6
0	123
0	628
0	0
0	0
2	36
0	0
0	298
0	1
0	0
0	0
0	24
0	64
0	0
0	1
0	0
0	86
0	85
0	0
0	0
0	2
0	0
0	63
0	0
0	9
0	77
0	0
0	255
0	0
0	16
1	9
0	0
0	104
0	0
0	0
0	0
3	0
0	18
0	0
0	0
0	717
0	0
0	12
0	0
0	0
0	625
1	0
0	1
0	0
0	0
0	0
0	0
0	6
0	18
0	47
0	67
0	0
0	0
0	0
0	0
0	3
0	0
0	0
26	1
0	107
0	19
1	2811
0	33
0	903
1	4
0	0
0	0
0	0
0	0
0	1
0	6
0	0
0	262
0	69
0	0
0	34
0	0
0	0
0	0
0	0
0	0
0	0
0	0
0	0
0	244
0	3
0	0
0	1
0	0
0	0
0	29
0	0
0	2
0	0
0	2
0	4
0	0
0	0
0	0
0	20
0	0
0	0
0	0
0	1
0	3548
0	0
0	0
0	176
1	947
1	4
0	0
0	0
0	121
0	3
0	9
0	227
0	36
0	0
3	24
0	0
2	13
0	0
0	0
0	0
0	0
0	0
0	17
0	115
0	25
0	0
0	2
2	31
0	192
0	175
0	5
0	19
0	149
0	0
0	0
0	0
0	0
0	0
1	1
0	24
0	0
0	38
0	0
0	1049
0	1
0	1
0	0
0	0
3	530
0	0
1	451
0	1
0	0
25	336
0	2
5	10410
0	0
0	0
0	0
2	124
2	0
0	1
0	0
0	0
1	862
0	0
0	138
0	0
0	16
0	6
0	0
0	0
0	0
0	0
0	3828
0	0
0	0
2	0
0	2
0	0
0	283
9	0
0	0
0	0
0	0
0	0
0	1
0	0
0	10
0	524
0	3
0	0
0	0
0	1412
0	17
0	0
0	698
0	0
0	5
0	0
0	0
4	989
0	0
0	14
0	378
0	0
0	0
0	6
0	63
36	575
0	18
0	0
0	0
0	0
1	2
1	10
0	0
0	0
0	0
0	9
0	2
0	6
0	0
0	9
0	70
0	1
0	0
0	484
0	0
0	9
0	0
0	0
0	53
0	0
0	0
0	141
0	15
0	0
0	1
0	0
7	26
0	0
0	0
0	20
0	0
0	0
0	0
1	78
0	35
4	26
0	0
0	0
0	0
0	81
0	0
0	0
0	0
0	0
0	0
0	0
0	291
0	0
0	12
0	22
0	2
0	48
0	0
0	38
1	35
0	0
0	0
0	126
3	2052
0	0
0	0
0	0
0	0
0	0
0	2179
1	0
4	1
0	0
0	3652
0	0
0	77
0	0
0	0
0	0
0	4
1	3
0	0
0	0
0	181
0	0
0	84
0	226
0	86
0	0
0	119
3	65
0	4
0	7
0	0
0	0
0	0
0	0
0	58
0	36
0	0
0	1
0	0
0	6
0	48
0	0
0	0
0	0
0	0
0	29
0	1
0	66
0	2
0	0
0	742
0	108
0	1
0	0
0	0
1	5
2	7
0	2
0	0
0	0
0	1
0	0
0	101
1	22
0	0
0	441
1	1
0	190
0	0
0	7
0	2
0	580
1	893
0	2
0	12
0	3
0	0
0	0
1	47
0	26
0	0
0	3
0	45
0	98
0	6
0	0
0	547
2	23
0	1
1	46
0	47
0	17
0	0
0	0
0	16
0	0
0	0
3	89
0	0
0	0
0	3
0	0
0	0
0	22
4	9
0	1
0	42
0	3
0	378
0	0
2	5
0	0
0	395
1	25
0	1
0	0
0	0
1	1
0	0
0	44
0	0
0	0
0	0
0	0
7	1
0	0
0	0
0	363
0	2
0	0
0	31
0	0
0	813
0	0
0	1
0	0
0	27
3	157
0	0
0	1
0	0
5	2882
0	0
0	0
0	19
0	0
0	27
0	94
0	238
0	122
0	4
0	198
0	974
1	287
0	27
1	1
0	49
1	9
0	0
0	0
0	0
0	125
0	17
0	0
4	23
0	2
0	0
0	5
0	0
0	0
0	0
0	0
0	0
0	748
0	0
0	0
2	15
0	3
0	30
0	219
1	24
0	0
0	0
0	84
0	8
0	0
0	191
0	0
1	74
1	52
0	81
0	3089
0	2
0	36
0	0
0	0
0	52
0	0
0	0
0	0
0	17
0	57
3	80
2	23
0	0
0	0
4	19
109	307
0	0
0	221
0	1
0	164
0	6867
0	0
0	0
0	91
0	0
0	0
0	6
0	0
0	0
0	98
1	78
0	0
0	32
0	0
0	6
0	0
0	0
0	0
0	0
0	1
0	12
0	0
1	2
0	0
0	0
1	24
0	0
0	3855
0	0
0	2678
0	0
0	2
0	0
0	6
0	0
0	5
0	73
0	2
0	40
0	19
0	0
0	0
0	0
1	11049
0	0
0	0
0	0
1	1
2	11
0	0
1	343
0	0
0	0
0	14
0	102
0	0
0	6
0	0
0	217
0	0
0	61
1	1830
0	218
0	0
0	61
6	54
0	0
0	0
0	0
0	0
0	0
0	0
0	8
0	0
0	90
0	0
1	45
0	0
0	1
0	18
0	0
0	0
0	0
0	99
0	0
0	0
0	0
0	1
0	0
0	0
0	2
0	0
0	281
0	0
0	92
0	1
0	1218
7	79
0	38
0	0
0	19
0	108
0	2
0	60
2	11
0	0
0	18
0	0
0	0
5	178
1	0
0	28
0	1367
0	0
0	7
1	345
0	233
0	0
0	0
0	15
0	31
0	0
0	38
0	0
0	0
0	36
0	0
0	0
0	0
0	0
0	0
1	52
0	0
0	0
0	0
0	0
0	0
0	210
0	0
0	0
0	52
0	20
0	0
1	116
0	11
7	38
0	0
0	6
1	0
0	305
0	0
0	3
0	0
0	0
0	17
0	154
3	31
0	14
0	36
0	245
0	127
0	0
27	19
0	4
0	0
0	0
0	0
0	0
0	19
0	23
0	3
0	62
0	0
0	0
0	0
0	0
0	7
0	15
0	0
0	0
0	0
0	0
0	68
2	55
0	53
0	15
0	24
0	11
0	2
0	62
0	19
0	0
0	0
0	200
0	0
0	0
0	0
0	81
0	0
0	0
0	0
0	5
0	282
0	323
0	0
0	0
0	0
0	10
0	0
0	9
0	0
6	2856
0	0
0	0
0	1379
1	186
0	0
0	3
0	9
0	585
0	0
0	91
0	0
0	0
7	0
0	0
0	1090
4	269
2	99
0	76
1	184
0	11
0	2
0	3
0	58
0	0
0	0
0	9
0	0
0	0
0	166
0	136
0	600
0	1
0	34
0	0
2	0
0	980
0	0
0	4
0	388
0	0
0	0
0	0
0	0
0	234
0	85
0	0
0	1
0	978
0	15
2	409
2	55
0	0
0	0
0	288
0	0
2	456
0	0
1	4
0	0
0	0
0	0
0	734
5	55
0	0
0	0
3	56
0	19
0	74
0	9
0	3
0	0
0	32
0	0
0	0
0	0
2	69
0	0
0	0
0	23
0	0
0	0
0	0
0	59
0	0
0	8
0	22
0	0
0	0
2	384
0	0
0	0
0	0
0	0
0	0
0	0
0	2
0	621
2	545
0	38
0	0
0	58
0	2040
0	0
0	1
0	0
0	143
0	99
0	465
0	0
0	0
0	29
15	4
0	0
0	0
2	42
0	2
0	8
0	4653
0	6
0	0
0	0
0	8
1	73
0	0
0	0
0	0
0	0
0	0
2	31
116	5
0	3
0	0
0	1
140	676
0	1
0	0
1	59
0	0
1	0
1	49
0	0
0	4
0	4
1	82
0	0
0	5
0	1
0	0
0	73
1	2
0	545
0	96
0	0
0	0
2	0
0	0
0	0
0	0
0	248
2	0
0	0
0	0
0	0
0	0
0	0
0	0
0	0
0	0
0	12
0	0
0	0
0	0
0	1
0	70
2	481
0	0
0	45
0	9
0	1
1	6
0	0
0	0
0	125
1	17
5	5
0	23
0	0
0	0
0	0
0	0
0	2
0	0
0	0
0	0
2	52
0	0
0	347
0	0
0	1
75	92
0	0
0	0
0	26
0	1
0	17
0	0
0	0
0	0
0	0
3	70
0	373
0	0
0	457
0	3
0	96
0	0
0	251
0	0
0	51
6	0
0	883
0	0
1	10
0	0
0	0
0	0
0	5
0	3
0	0
0	101
0	141
9	768
0	2
0	0
0	0
0	0
0	0
1	0
0	0
0	34
0	93
0	1
0	3
0	0
0	1
0	0
0	12
0	0
0	61
0	0
0	159
0	55
0	982
0	3124
0	0
0	71
0	0
0	0
0	142
216	180
0	0
0	0
0	1
0	0
0	0
0	2
0	37
0	1
45	32
0	170
0	0
0	9
0	89
0	0
0	0
0	0
0	0
0	0
325	372
0	0
0	422
0	0
0	2
0	0
0	0
0	0
0	0
0	15
0	146
0	19
0	0
0	2
0	0
0	61
0	2
0	0
0	2
0	2
0	0
0	0
10	67
0	0
0	0
0	0
0	0
0	84
0	0
0	0
0	0
0	194
0	0
0	0
1	7
0	0
3	7
0	0
0	5
0	2
0	9
1	13
0	4331
0	0
0	0
0	0
0	102
0	11
0	11
0	0
0	45
0	0
0	0
0	598
0	0
0	3
0	0
0	0
0	0
0	0
1	17
0	2
0	0
0	35
0	0
0	5
0	0
0	0
0	322
0	43
0	0
0	0
1	320
0	52
0	0
0	0
0	0
0	0
0	0
0	202
0	0
0	0
0	0
0	34
0	0
0	335
0	159
0	0
0	0
0	12
1	1
0	0
0	28
0	0
0	331
0	79
0	20
0	0
0	0
0	351
0	0
0	0
0	1241
0	7
0	0
0	0
0	0
0	45
0	0
1	96
0	40
0	0
0	0
1	0
0	0
0	0
0	0
0	0
0	141
7	2
0	0
0	0
0	0
0	0
0	0
0	0
0	0
0	74
0	0
0	0
0	203
0	11
0	0
1	2
0	2
0	59
0	0
0	0
0	0
1	35
0	0
0	13
0	0
0	0
0	1
0	0
0	10
0	0
0	0
0	31
0	0
0	0
0	0
0	0
0	77
1	34
0	0
0	0
0	12
0	151
0	0
0	0
0	0
0	0
0	0
0	7
0	0
0	14
0	0
0	13
0	0
0	282
0	19
0	27
0	1
0	0
0	1
0	2
22	8092
0	0
2	699
0	0
0	205
0	0
0	0
1	154
0	11
0	12
0	5
0	0
0	627
0	0
0	0
0	0
0	3
0	10
0	131
1	0
0	66
0	0
0	0
0	0
0	0
0	0
0	490
0	0
0	537
0	0
0	0
0	2
0	2
0	0
0	9
0	11
0	3
1	9
0	0
0	0
0	0
0	0
0	22
0	1
0	0
0	0
0	0
0	0
1	305
0	0
0	0
0	0
0	1
0	0
0	0
1	26
0	0
0	21
0	0
0	0
0	0
7	5
0	22
0	0
11	475
0	0
0	0
0	0
0	0
0	0
0	376
0	9
0	1
0	0
0	31
0	15
0	4
0	154
0	0
0	63
0	3
1	0
0	71
0	184
0	0
0	23
0	48
0	11
0	0
0	53
0	179
0	3
0	0
0	0
0	77
0	43
1	520
0	637
0	0
0	3
0	0
0	10
0	0
1	0
0	35
0	0
0	0
0	1
0	0
0	0
2	241
1	10
0	1
0	0
0	0
0	0
0	0
0	0
2	29
0	0
0	13
0	0
0	51
1	339
1	1007
0	480
0	0
0	848
2	2
0	0
0	0
0	89
0	4
0	9
0	10
0	12
0	0
0	0
0	43
0	0
0	0
0	0
0	0
2	0
0	0
0	19
0	5
0	16
0	60
0	168
0	48
0	0
0	2098
0	0
0	0
0	0
1	11
3	0
0	151
0	0
0	0
0	11
0	26
0	0
0	0
0	0
0	0
0	0
0	746
0	0
1	26
0	0
0	4
0	0
0	1
0	0
0	1063
0	0
0	0
0	237
0	1
0	158
0	0
0	125
0	0
0	0
0	5
0	0
0	38
2	11
0	0
0	0
0	128
0	0
0	110
0	0
0	0
0	0
0	56
0	359
0	58
0	61
0	0
0	0
0	0
0	6
0	32
0	61
0	0
0	0
4	131
1	0
0	8
0	0
0	0
0	372
0	0
0	0
0	0
0	281
0	697
0	1323
0	0
1	79
0	0
0	1
0	15
0	0
0	8
0	0
0	0
0	4
0	9
0	116
0	0
0	0
0	123
0	1
0	27
0	0
0	0
0	0
0	0
0	0
0	49
0	19
0	179
0	0
0	0
0	0
0	0
0	0
0	0
1	220
0	2
0	0
0	0
0	14
0	302
0	26
0	0
0	0
0	0
0	0
0	0
0	35
0	64
0	2
0	0
0	35
0	0
0	8
0	0
0	0
0	0
0	0
0	3
0	3
7	56
0	210
0	0
2	8
2	14
0	0
0	0
0	9
0	0
0	0
1	3
0	0
0	0
0	912
0	0
0	0
5	47
0	12
0	0
0	0
0	0
0	113
0	0
1	35
0	0
0	0
0	0
0	209
0	26
0	0
0	0
5	22
0	3
0	0
0	0
0	3
0	15
1	347
0	0
0	0
0	0
0	58
0	19
0	10
0	1085
0	26
0	3
0	28
0	52
0	0
0	34
0	0
3	196
0	61
0	0
0	0
0	1
0	118
0	0
2	15
0	0
0	0
0	29
0	153
0	49
0	17
0	2
0	0
0	0
0	1
0	8
0	5
0	6
2	135
0	0
0	28
0	29
0	0
0	0
0	0
0	0
0	0
0	276
0	697
0	26
1	6
0	0
0	0
0	95
0	0
0	15
0	0
0	0
1	66
0	23
0	0
0	0
0	256
0	0
0	292
0	0
0	5
0	0
0	0
1	0
0	0
5	0
0	0
0	0
22	158
0	0
0	0
0	0
0	93
0	63
0	0
4	1
0	0
0	0
1	61
0	216
0	0
0	0
0	1
0	0
0	924
0	0
0	0
0	0
17	281
0	5570
0	2
0	1
0	0
0	19
0	0
0	3
10	0
0	12
0	46
0	0
0	30
0	0
0	0
2	0
0	0
0	0
0	0
0	165
0	0
0	11
0	0
0	141
2	4
0	25
2	0
0	2
0	6
3	409
0	0
8	515
0	0
251	930
0	96
0	54
0	0
0	0
0	0
0	0
1	0
0	0
1	25
0	0
2	78
1	45
0	0
0	0
0	4
0	0
0	0
0	0
0	0
0	0
0	3
0	0
1	0
0	2
0	0
0	106
0	61
0	0
0	0
6	4
0	11
60	0
0	0
0	0
1	118
0	112
0	0
2	7
0	42
0	27
0	0
0	0
0	0
12	0
0	0
0	68
0	0
0	0
0	0
0	0
2	892
0	51
1	124
0	0
0	3
0	10
0	0
0	42
0	106
0	0
0	0
0	0
0	0
0	1
0	91
0	96
0	0
0	16
0	0
0	94
0	0
0	353
0	7
1	419
0	51
0	0
0	0
0	0
0	3
0	313
0	20
0	0
0	0
0	106
2	26
0	42
0	1182
0	0
0	0
0	0
0	0
0	61
1	458
0	0
1	179
0	0
5	17
0	0
0	0
0	0
0	7
0	282
0	0
0	5
0	1065
0	0
0	0
0	0
0	13
1	3
1	82
0	0
0	25
0	33
1	35
0	194
0	0
0	0
0	2
0	17
0	6
0	110
0	0
6	114
0	1
1	351
37	422
0	0
1	0
0	0
0	0
0	340
0	0
0	0
0	12
0	11
0	0
0	0
0	0
5	5
0	0
0	0
0	0
0	0
0	0
0	0
0	0
1	81
0	9
0	7
0	1
0	0
0	24
0	0
0	0
0	0
0	68
0	95
0	391
0	0
0	0
0	0
3	1078
5	2
0	0
0	30
0	0
0	736
0	0
0	0
0	2
0	8
0	6
1	1064
0	0
0	11
0	21
0	0
0	0
0	95
0	4
0	10
0	0
2	17
2	140
0	0
0	4953
0	0
1	0
1	32
0	119
0	43
0	0
0	0
0	357
0	0
0	0
0	0
0	11
0	68
0	81
0	0
0	0
4	83
0	0
0	0
0	2
0	1
0	0
0	0
0	0
0	0
0	7
0	1
0	0
0	0
0	0
0	0
0	0
0	0
0	9
1	35
0	31
0	0
0	0
0	0
0	0
0	115
0	0
0	0
0	0
0	0
0	0
0	0
0	0
0	0
0	0
0	63
0	472
0	10
0	16
0	637
0	0
0	0
0	5
2	0
0	11
0	5
0	0
0	8
0	0
0	243
0	0
0	0
0	1
0	0
1	2585
0	128
4	250
0	3
10	1630
0	0
0	6
1	56
0	15
0	1
0	0
64	158
0	0
0	0
0	0
0	0
1	45
0	0
0	148
2	391
0	0
0	0
0	78
1	394
0	55
0	1
0	0
0	3
0	0
0	34
0	2
0	0
5	0
0	0
0	0
1	4
4	616
0	0
0	0
0	65
0	18
0	1
0	1
0	26
0	153
0	0
0	2
0	64
0	0
0	45
0	0
1	473
0	24
0	0
0	0
0	0
0	6
0	0
0	81
0	1
0	0
1	33
0	0
0	0
26	89
0	2
0	0
0	221
0	0
1	152
0	0
0	4
0	0
0	117
0	29
0	0
0	0
0	18
1	7
0	0
0	0
1	112
0	24
0	0
2	56
0	15
0	0
0	0
0	589
0	0
0	0
0	0
0	0
0	0
5	983
0	118
0	199
0	0
0	0
0	5
0	0
0	0
0	1
12	1009
0	0
2	1
0	0
1	18
0	0
0	182
0	0
0	0
0	0
0	0
0	24
0	0
0	135
0	29
0	36
0	20
0	399
0	62
0	0
0	0
0	0
0	0
0	26
0	7
0	4
0	110
11	2782
0	9
0	0
0	437
1	1143
0	155
0	128
0	0
1	1
0	0
1	245
0	0
0	165
0	0
0	0
0	0
0	35
0	0
0	5
0	0
0	0
0	0
0	0
0	169
0	0
0	0
6	0
0	0
0	0
0	0
0	0
0	107
0	0
0	0
0	0
0	0
0	0
0	33
0	1
0	0
0	0
0	1
0	7
0	0
0	285
0	0
0	0
0	0
0	14
1	0
0	0
0	0
0	10
1	2
0	0
0	25
0	13
2	151
0	2264
0	0
0	3
0	0
0	0
0	3
0	0
0	0
0	74
0	57
0	251
0	0
0	0
0	0
0	0
0	0
0	0
0	0
0	0
0	53
0	0
0	0
3	476
0	1
0	0
0	49
0	3
0	716
0	0
0	15
0	0
0	0
0	0
0	62
0	1420
0	0
2	1
0	0
0	13
0	0
0	16
0	0
0	0
0	4
0	0
0	0
0	15
0	11
17	0
0	0
2	54
0	0
0	0
0	0
0	1
0	0
0	16
0	24
0	0
0	0
0	0
0	0
0	0
0	6
0	0
0	41
0	116
0	21
0	0
0	5
0	15
0	0
0	0
2	11
4	358
0	1
0	0
0	0
0	0
0	171
0	129
0	1
0	0
0	0
0	0
0	0
1	241
1	36
0	0
0	5
0	215
0	7
0	9
0	0
0	0
0	0
0	0
0	325
0	0
0	0
0	0
0	83
0	161
0	7
0	0
0	0
0	2
0	0
34	56
0	0
1	508
0	34
0	0
0	0
0	36
0	0
0	0
0	0
0	1
0	0
0	0
0	0
0	0
0	4
0	0
0	0
0	17
0	42
0	248
0	0
0	0
0	0
0	0
0	10
0	0
0	26
0	143
0	0
0	0
0	0
4	97
0	0
0	0
0	83
9	22892
28	22
0	0
0	0
0	0
0	1249
0	0
0	74
0	0
2	1217
0	41
0	0
0	71
0	0
2	25
0	0
0	0
0	1
0	0
0	0
0	32
0	0
0	1
0	0
0	0
0	0
0	0
6	392
0	20
1	74
1	0
0	0
0	0
0	0
0	0
0	0
0	0
0	26
0	4
0	34
0	0
0	57
0	0
0	0
3	59
0	0
2	0
0	0
0	0
0	27
0	0
0	1
0	0
0	0
0	27
0	0
0	2
0	0
2	182
0	3
6	152
0	0
0	15
0	0
0	257
0	0
0	12
0	17
0	22
1	1
0	0
2	1954
0	0
0	209
0	510
0	123
0	0
0	5
0	55
0	1
0	0
0	0
0	1
0	0
1	22
0	0
0	0
0	3
0	36
3	369
0	39
0	9
0	0
0	27
0	2
0	0
0	0
0	0
0	0
0	181
0	17
0	4
0	46
0	566
0	0
0	9
0	1
0	170
0	2262
0	0
0	0
0	11
0	0
0	0
0	0
0	110
0	0
0	0
0	0
0	158
0	544
0	0
0	0
0	0
0	68
0	0
0	79
0	49
0	0
0	0
0	0
0	0
0	0
0	76
0	24
0	89
0	0
0	0
0	13
0	52
0	10
0	0
0	15
0	0
0	8
0	0
0	0
0	9
0	0
0	0
0	5
0	82
0	0
8	764
0	2
0	1
0	44
1	28
0	35
0	10
1	1442
0	0
0	5
1	2
0	0
0	1
0	0
0	0
0	0
0	192
0	9
3	0
0	71
0	0
0	0
0	274
0	0
0	0
0	4
0	0
0	0
0	372
1	6
0	0
0	533
0	15
0	0
0	0
0	1
0	0
0	0
0	23
0	0
0	0
0	0
0	6
0	0
0	55
0	0
0	2
0	0
0	0
1	1848
1	3
0	107
0	156
0	0
0	2
0	6
0	0
0	48
0	293
1	6
0	61
4	103
0	132
0	25
1	73
0	0
0	0
0	10
0	1
0	5
0	0
0	29
0	5
7	111
0	27
0	8
0	1
0	40
0	0
0	27
1	0
0	1
5	45
0	65
0	0
1	0
3	0
1	16
1	26
0	930
0	0
0	0
0	0
0	88
0	0
0	194
0	0
0	0
0	1820
0	278
0	0
1	125
0	0
0	18
0	103
0	0
1	7
0	51
0	39
0	0
0	0
0	81
0	0
2	128
0	0
0	89
0	0
0	0
0	0
0	27
0	18
0	0
0	0
0	0
2	706
0	0
0	0
0	0
0	3
0	4
0	0
0	63
0	12
0	1
0	0
0	64
0	7
1	1008
0	8
1	824
0	0
0	0
0	0
0	0
0	7933
0	72
0	2
0	346
0	0
0	196
0	2
0	0
0	0
0	0
0	0
0	116
0	0
1	10
0	115
0	112
0	0
0	26
0	0
0	0
0	0
0	0
0	0
0	0
0	112
0	0
0	30
0	0
0	2
0	328
0	1
0	264
0	266
222	213
0	349
1	5
0	155
2	124
0	0
0	8
0	1
0	0
0	0
0	56
0	0
0	1
0	4
0	0
0	0
3	403
0	0
0	0
1	6
1	17
0	0
0	0
0	0
0	0
0	65
0	519
0	93
0	0
0	0
0	0
0	1
0	0
0	0
0	0
0	0
0	0
0	0
0	0
0	0
0	0
0	108
0	1
0	0
1	1138
0	0
0	0
0	81
0	58
0	1
0	0
0	249
0	89
0	12
2	72
0	97
2	253
0	58
0	0
0	1
0	111
0	39
0	379
0	56
0	47
0	1015
0	3
0	0
0	0
0	17
0	113
0	0
0	16
0	48
0	1
1	53
1	150
0	7
3	204
2	78
0	90
0	0
0	0
0	0
0	127
0	11
0	40
0	0
0	3
0	0
0	5
0	7
0	3217
0	8
0	0
0	0
0	0
0	0
0	1865
0	19
0	3
0	0
0	1444
0	0
1	20
0	0
0	10
0	15
0	59
0	3441
0	0
0	11
0	1
0	0
0	0
0	2
0	163
0	8
0	26
0	79
0	0
0	0
0	0
0	1
0	29
0	180
0	15
1	210
0	99
0	2
0	0
0	0
1	1455
0	10
0	0
0	1
0	22
0	1
0	9
0	0
0	0
0	5
0	1264
0	0
0	0
0	0
0	2
0	4
1	711
0	0
0	3
0	0
0	63
0	489
0	32
0	202
0	0
0	0
0	120
0	17
0	1
0	0
0	307
0	80
0	54
0	8
0	7
114	53
1	102
0	2
2	17655
0	16
0	12
0	0
3	176
0	0
0	19775
0	0
0	24
0	111
0	20
0	59
0	0
0	0
0	0
0	0
2	43
0	0
0	0
0	0
0	556
17	4
0	56
0	0
0	55
0	3
0	29
1	173
0	4
0	0
1	40
0	26
0	3511
0	102
0	16
12	6
0	0
0	0
0	245
0	0
0	1
0	0
0	606
1	214
0	0
0	166
2	171
0	213
0	0
0	20
0	13
0	37
4	2542
0	36
2	100
0	0
0	530
0	345
0	174
0	1
1	3
0	19
0	14
0	70
0	10
0	91
0	0
0	91
33	412
0	29
0	0
0	0
0	0
0	0
0	0
5	245
0	65
0	433
1	38
0	201
0	50
0	0
0	1
0	0
1	0
0	446
0	41
0	0
0	0
0	7
0	0
0	170
1	154
0	14808
0	0
2	481
1	33
0	59
0	0
0	4
0	75
0	0
0	0
0	35
0	312
0	1
0	3
0	1
0	0
0	255
0	34
1	87
0	0
0	10
0	122
0	694
0	0
0	0
0	172
0	816
0	71
0	26
0	0
0	9
2	14118
0	0
5	65
6	58
0	0
3	10250
0	10
0	219
0	0
1	1
0	697
11	19
0	0
1	17
0	0
0	81
1	113
0	0
0	1
0	44
0	0
0	0
0	191
603	194
0	64
0	253
0	4
0	0
0	40
0	0
1	4434
0	0
2	131
0	0
0	34
0	65
0	0
352	1274
0	0
0	82
0	0
0	0
2	1883
0	100
1	400
0	3
0	135
0	925
0	40
0	0
0	3
0	0
0	8
0	77
1	58
0	522
0	0
0	1
0	32
0	958
3	98
297	1
0	0
0	8
0	237
0	1
0	21
0	478
12	49
0	0
0	0
0	141
0	0
0	2
0	0
2	241
0	0
0	0
0	0
0	0
0	0
0	1006
0	0
0	234
0	0
0	0
3	175
1	122
0	3
9	5
1	2
0	140
0	0
0	2348
0	0
0	0
0	140
0	0
0	976
0	68
0	4
0	22
4	3100
0	6
0	3
1	0
0	0
0	0
0	15
0	0
2	7
0	1
0	116
0	5
8	0
0	255
0	0
4	548
0	0
0	1
0	2
38	902
0	0
0	0
0	0
1	20
0	6
5	229
1	3015
3	333
0	61
0	99
0	4
0	4
0	0
0	0
0	1
4	25
0	0
0	2
0	377
0	1
0	153
0	246
0	694
0	0
0	19
0	13
0	118
0	0
0	0
0	274
0	202
0	0
0	0
0	166
0	132
0	5908
0	3
0	0
3	0
2	53
0	923
0	77
0	326
1	230
0	84
1	4
0	0
0	1
1	2
0	441
0	1
0	0
3	1209
0	3
0	23
0	0
0	2
0	0
0	0
0	9
0	678
0	388
0	0
2	175
0	238
2	5558
0	74
1	2
0	0
0	0
0	0
2	31
6	163
0	73
4	1113
0	0
0	52
0	40
0	27
0	0
0	0
0	0
0	37
0	26
0	0
1	1103
0	0
0	0
0	10
1	14
1	2821
7	1318
0	2
0	39
0	0
0	300
0	0
0	13
0	0
0	0
0	60
0	15
0	9
2	219
0	0
0	0
0	6
47	176
0	7
0	0
0	0
0	0
0	46
0	99
1	33
0	37
0	29
0	21
0	33
0	13
0	1
0	0
0	0
0	6
0	0
0	4
0	2
2	329
0	6
0	0
0	6
0	152
1	4247
0	30
0	342
0	34
0	189
0	23
0	0
0	0
0	613
0	1
0	0
0	117
0	170
0	15
0	362
0	16
0	0
0	0
0	111
0	10
0	27
0	57
0	1
68	0
0	1
0	2
2	74
0	0
0	8
2	1
0	0
3	5632
12	9902
0	361
0	1
0	0
0	4
0	0
0	75
0	9
0	0
2	236
0	37
1	18
1	33
0	11
0	17
0	0
0	5
6	155
0	0
2	10
0	96
0	0
0	1053
1	703
0	116
0	7
0	221
0	115
0	0
0	2922
1	42
0	14
0	0
0	247
0	0
0	1
1	61
0	0
0	8
1	0
0	21
0	153
0	9
0	0
0	0
0	0
0	86
0	0
0	0
0	0
2	71
0	0
0	0
0	10
0	0
0	6
1	93
0	6
0	0
0	1
0	0
254	1629
0	534
0	1235
3	25880
0	9
0	0
0	6
0	0
0	0
0	79
0	21
0	968
0	6
3	1468
0	0
0	2
0	1
0	0
0	0
0	0
0	54
0	271
0	46
0	6
1	0
0	40
1	2
0	93
1	80
0	934
0	0
0	32
0	0
1	2551
0	23
0	0
0	41
0	0
0	0
0	126
0	167
0	120
2	6
0	124
0	52
0	0
0	0
0	0
0	12
0	506
0	0
0	11
2	79
0	1062
0	0
0	1513
0	0
0	0
0	0
0	958
0	0
0	34
1	3
4	370
1	537
0	457
0	15
0	0
0	0
0	11
1	216
0	0
0	0
0	0
24	735
0	0
0	14
3	307
0	0
1	442
12	0
0	2
1	114
6	126
0	0
5	966
0	939
0	278
1	129
0	3
0	147
1	1
0	514
0	0
0	0
0	117
0	330
0	31
0	0
0	0
0	0
0	2
0	0
0	18
0	12
0	260
2	55
0	13
0	34
0	297
7	14
3	69
1	40
0	0
3	83
0	11
0	23
0	0
0	0
0	0
0	0
0	772
0	162
0	0
4	594
0	0
0	0
3	321
0	8917
0	11
0	9
0	3
0	0
130	0
0	0
1	794
2	156
0	0
0	0
0	757
0	473
0	7
0	0
0	17
0	1
0	1
0	171
0	7
0	116
0	0
1	110
0	5
0	391
0	0
0	8
0	10
0	231
0	0
0	100
0	0
0	1
0	43
0	258
7	859
0	0
0	1536
0	13
0	0
0	0
0	0
0	21
9	463
0	16
0	19
0	0
0	47
0	18
7	17
0	0
0	0
0	150
0	2
0	0
0	15
1	4
0	644
0	77
0	0
0	1
0	0
12	18
0	1623
0	949
0	0
0	92
0	0
0	244
0	0
0	226
0	0
0	0
0	0
0	16
0	85
0	0
0	187
0	41
0	0
0	1
0	0
0	6
3	166
9	40
0	1
0	16
0	238
0	18
0	0
0	76
0	8
0	0
2	23
0	30
0	0
0	635
0	1
0	3
0	1
0	0
0	0
0	0
0	114
0	31
0	3
0	0
0	6
0	4
0	211
0	12
0	0
0	0
0	7
0	25
0	1
0	0
1	1000
0	617
9	332
1	11
2	86
0	19
1	0
0	61
0	0
0	5
0	0
0	386
0	0
0	288
0	2
10	219
0	91
0	16
0	221
0	1
16	950
0	1
0	0
0	0
0	0
0	1
0	14
0	0
0	7
0	21
0	15
0	2
0	88
0	28
1	79
0	0
2	8
0	0
0	6
0	0
0	13148
0	0
0	0
0	3
0	0
0	16
0	45
0	11
4	36
0	0
0	32
3	33
0	60
0	227
0	23
0	101
0	0
0	710
0	0
0	0
0	0
0	0
0	0
0	0
0	566
0	12
0	0
0	71
1	0
0	36
0	82
0	861
0	10
0	0
0	0
0	15
0	23
0	0
0	69
0	0
0	168
0	0
0	11
0	100
0	0
0	171
33	0
0	84
51	2
0	346
0	1
0	0
0	0
0	0
0	0
0	4
0	0
0	754
0	0
0	102
0	0
0	1
6	2693
1	2
0	62
0	332
0	13
0	0
0	45
0	0
0	14
0	5
0	0
0	524
0	0
0	8
0	55
1	37
0	102
0	0
0	0
9	1816
0	0
0	107
0	0
0	0
0	0
0	0
0	0
0	12
0	24
0	0
0	8
0	0
4	82
0	2
0	3
0	5
0	0
0	24
0	124
0	0
0	0
0	0
0	56
3	6
0	0
0	235
6	9
0	0
0	0
0	0
0	46046
0	0
3	2
9	74
0	34
0	0
0	0
0	131
0	0
0	0
0	74
1	36
0	6
0	0
2	7
0	0
1	19
0	0
1	284
0	331
0	4
0	3
0	2
0	64
0	0
0	6
7	8
0	29
0	117
0	9
0	0
0	7
0	10
0	27
0	663
0	0
0	253
0	107
0	12
0	0
0	4
0	29
0	1
0	0
1	15
0	1
0	0
0	29
0	8
0	0
0	81
0	0
5	234
0	25
2	144
0	279
0	0
1	8
1	293
0	0
0	0
0	1182
0	0
0	76
0	17
0	0
0	2
0	37
0	15
0	115
0	10
0	55
0	0
0	21
0	0
0	0
0	0
0	6
0	0
4	513
0	0
0	0
0	0
0	0
2	6211
0	14
0	3
0	0
0	0
0	0
0	2
0	40
0	36
0	110
0	6
0	0
0	0
0	380
0	26
4	163
0	0
0	0
1	138
0	0
0	1
5	0
2	44
0	0
1	0
1	0
0	54
0	108
0	1
0	5
3	105
0	43
0	0
0	0
0	621
1	87
0	2707
0	184
0	0
0	1
0	4
0	864
5	5
5	160
2	239
0	23
0	498
1	108
0	0
0	33
0	8400
2	184
0	4
0	0
0	0
0	0
0	0
0	53
0	0
0	2046
3	0
0	0
0	0
4	30
0	6
0	1
0	1
1	116
0	110
1	79
0	176
19	380
0	4
1	12
0	0
0	0
0	58
0	0
0	0
0	0
0	2
1	194
0	4
1	927
0	10
0	1034
0	1
0	470
0	64
0	58
0	0
0	236
0	1
0	0
0	0
0	38
0	0
0	0
0	207
0	0
0	330
0	10
0	660
0	3
0	0
0	0
0	3
0	0
0	290
0	18
0	48
1	0
0	38
0	80
0	0
2	642
0	0
0	188
0	245
1	1026
0	0
0	0
0	0
1	1743
7	223
2	480
0	88
1	3
2	69
0	0
5	2369
0	4
0	11
4	2105
0	52
0	0
0	1006
0	30
0	879
0	0
0	14
0	0
3	56
0	0
0	59
0	390
3	1284
0	0
0	0
0	0
0	1466
8	0
0	75
0	9
0	8
67	343
0	5
1	347
0	7
5	127
0	0
0	27
0	18
2	32
0	0
0	12
0	69
0	0
0	795
1	18
0	4
1	18
0	59
0	992
0	54
0	0
0	2
0	47
0	0
0	5
0	137
0	0
0	42
0	10
0	0
0	0
0	814
0	0
1	9977
0	9
0	509
0	0
0	168
0	13
0	1847
0	0
1	54
0	0
0	0
0	0
16	11
6	1
0	0
0	70
0	874
0	23
0	4
0	6
0	158
0	1
0	0
1	284
0	0
0	0
0	0
258	1
0	0
0	1
0	0
0	90
0	0
0	0
0	0
0	0
0	1144
0	0
0	27
0	1272
0	0
0	2
0	23
0	0
0	23
0	0
0	58
1	120
0	2
0	9
0	0
0	47
0	0
0	1748
0	0
0	0
0	0
0	0
0	0
0	104
0	5
0	0
0	0
0	0
0	101
0	0
1	0
0	0
0	0
0	926
0	0
0	15
0	0
0	4
0	1198
0	0
0	0
0	1
0	0
0	14
0	0
0	33
0	0
0	2
5	1
0	1
0	0
0	96
0	0
0	0
0	0
0	0
0	0
0	0
0	1
0	498
0	68
0	0
0	12
0	0
0	0
0	0
0	0
0	760
0	0
0	0
4	563
0	3
0	0
0	0
0	10
0	118
0	0
0	8
0	1060
0	0
0	0
0	0
0	38
3	74
0	38
0	0
0	419
0	0
0	2
1	1036
0	0
0	0
0	79
1	2
0	14
0	265
0	0
0	0
0	0
0	4
1	0
0	2
1	390
1	0
0	212
0	495
0	0
0	20
0	16
0	0
0	166
0	2
0	266
0	184
0	0
0	0
1	93
0	0
0	119
0	31
40	41
0	722
1	319
0	0
4	337
0	0
0	0
0	0
0	0
1	2856
45	0
0	11
6	30
0	0
0	33
0	82
0	0
0	0
0	0
0	0
0	62
0	0
0	143
0	0
0	52
0	9
0	1160
0	0
16	19
0	0
0	0
0	209
0	0
0	302
0	28
0	51
0	20
1	37
0	1572
0	47
0	2
0	0
0	59
0	0
2	5552
0	7
0	0
1	0
0	3
1	204
0	0
0	0
0	985
0	144
0	230
8	287
0	18
0	0
0	282
0	757
2	50
0	0
2	27
0	8
0	205
0	347
0	2
0	370
1	0
0	37
0	16
0	7
0	17
1	55
0	0
0	1021
0	87
0	0
0	2
1	31
0	0
0	0
1	69
0	5
0	0
0	155
0	3
0	27
0	0
0	3
1	114
0	0
10	256
0	0
0	97
0	0
0	162
0	0
0	57
1	22
0	42
19	2
0	0
0	0
0	38
2	664
5	101
0	140
0	0
0	266
7	570
0	4
0	0
0	48
11	416
0	3
61	4018
0	87
0	0
1	102
0	6
0	144
0	3
0	34
0	8
2	84
0	0
0	3
0	15
0	35
0	15
0	2
0	0
0	129
0	39
0	144
0	39
0	0
0	33
1	538
0	61
0	0
0	538
0	377
0	53
0	5
0	1
0	0
1	1
0	15
0	0
0	0
0	14
7	23
0	4
0	0
0	32
1	0
2	211
0	1
0	718
0	2
0	134
0	0
0	29
0	0
0	16
2	218
2	46
0	0
1	7
0	4
0	1
0	0
0	1581
0	0
0	0
0	0
0	81
0	24
0	10
0	13
0	0
0	0
2	5
0	0
0	0
0	11
1	25
0	1
0	0
0	0
1	216
0	0
0	0
0	4
0	36
0	1
0	0
0	0
0	8
0	20
0	0
3	13
0	14
0	44
0	8
0	0
0	0
0	34
0	0
0	0
0	346
0	1
0	197
0	16
0	20
0	1
1	20
0	1
0	6
0	93
2	13
0	232
0	25
0	136
0	41
0	49
0	1722
0	12
0	0
0	41
0	249
0	122
0	82
0	26
0	0
0	0
1	78
0	0
0	3
0	2
0	3
0	0
0	1
0	3
0	0
0	6
0	42
1	26
0	5
0	0
0	2
2	2474
0	0
1	66
1	3
0	0
0	0
0	0
0	128
0	4
0	0
0	202
0	168
0	16
0	0
8	7
0	83
0	19
0	0
0	654
0	0
0	0
0	0
0	0
0	0
0	0
0	7
0	47
0	25
0	0
0	0
3	62
0	0
0	53
0	15
0	392
0	1
0	226
0	8
0	0
0	20
0	0
0	12
0	18
0	0
0	87
0	0
0	40
0	0
0	2
0	57
0	15
0	0
0	13
0	17
0	0
0	6
0	0
0	1
0	0
1	1169
0	0
0	225
0	0
0	100
0	10
0	1
0	88
0	0
0	19
0	15
0	363
0	0
0	17
0	0
0	14
0	0
0	131
0	0
0	4
0	0
3	80
6	1008
0	0
0	322
2	166
0	0
0	32
0	254
0	1
0	1
0	24
0	3
0	0
0	2
0	0
0	115
0	0
0	0
0	9
1	187
0	22
42	125
0	0
0	0
0	27
0	0
0	15
10	67
0	0
0	152
0	1
0	15
0	14
7	2109
0	0
1	716
0	189
0	107
0	4
0	0
0	0
0	157
0	259
0	283
0	43
2	706
0	0
0	156
1	567
0	1
0	0
0	11
0	0
3	1
0	0
0	0
8	32
0	116
0	6
16	962
0	0
0	0
1	42
0	0
15	1432
0	196
0	51
0	324
0	0
0	1
0	31
0	0
1	41
0	610
2	505
0	859
0	228
0	0
0	0
0	31
0	383
0	92
0	129
0	0
0	82
0	3
0	1321
0	411
0	243
0	0
0	92
0	1778
0	7
0	97
0	45
0	0
0	1
0	2
0	0
0	4
10	5
1	1212
0	92
7	52
0	7
0	10
0	30
0	264
0	0
0	0
1	12
0	0
0	0
0	15
0	43
0	87
0	41
0	4
0	4
0	45
1	129
0	0
0	22
0	1
0	1
0	157
0	1
0	901
0	18
0	0
0	0
3	63
1	90
0	0
0	525
0	15880
0	1743
0	27
0	0
0	0
7	2357
0	0
0	5
0	217
83	18093
0	4
0	6
0	0
0	141
0	0
0	61
0	0
0	0
0	37
0	0
0	844
0	6
0	0
0	0
0	306
1	668
0	25
1	13
0	0
0	6
0	93
3	252
0	22
0	90
0	497
0	30
0	447
0	0
1	18
0	3
0	67
0	42
0	0
19	4091
0	0
0	1
0	0
0	4
2	223
0	61
0	0
0	0
0	1
0	185
0	0
0	3
0	0
1	72
0	0
0	78
0	1212
0	0
0	0
0	0
0	0
5	127
0	1
0	16
0	631
0	11
0	78
0	67
1	190
4	1530
1	39
0	136
0	0
0	0
0	0
0	0
0	0
1	2672
0	22
0	0
0	28
0	525
0	6
0	46
0	0
0	13
0	0
0	0
21	2043
0	92
0	104
0	0
0	0
0	61
0	4998
0	14
0	39
0	3
0	0
0	47
0	1387
0	0
0	0
0	0
0	0
3	39
0	0
0	1
3	1
0	151
0	5
0	1
0	173
0	0
0	8
0	9
0	0
0	68
0	0
0	0
0	80
0	0
0	50
0	118
0	0
0	108
0	81
0	34
0	219
1	13
1	46
0	0
0	5
0	124
52	3968
0	399
1	23
0	1
0	40
1	101
1	676
0	7
0	0
0	25
0	2
0	0
0	0
0	0
0	0
0	1
3	4
0	4
0	0
0	957
14	38809
0	0
0	276
0	46
0	67
0	0
1	8
0	53
0	0
0	0
0	253
0	339
1	1
0	37
0	0
1	1
0	13
0	0
0	7
0	1
0	166
0	18
0	330
0	0
0	23
0	0
0	24
0	0
0	0
0	73
0	0
0	47
0	33
0	262
0	16
0	13
0	114
0	56
0	0
0	0
0	163
0	29
0	137
0	0
0	0
0	2
2	0
0	47
0	557
0	5
3	386
0	4
0	0
0	43
1	43
0	0
0	477
0	11
41	0
0	816
1	116
1	15
0	0
0	0
0	0
0	518
0	0
0	0
0	13
0	0
0	49
0	136
0	109
0	23
0	0
0	0
0	36
0	19
0	25
0	0
0	10
0	668
0	0
0	0
0	117
0	1372
0	31
0	37
0	9
0	7
0	15
0	55
0	9
1	1
0	5
0	22
0	134
0	0
0	6
0	0
0	0
0	47
0	6
0	3
0	0
0	0
0	23
0	0
0	73
2	292
0	57
0	0
0	78
0	11
0	7
2	2
0	69
0	767
5	152
0	622
1	262
0	16
0	0
15	6
0	11
0	0
1	263
0	58
0	1521
1	99
0	0
0	123
0	0
0	0
0	0
0	55
0	96
0	20
0	0
0	38
1	88
0	25
0	2
0	7
0	0
0	0
0	262
0	191
0	13
0	0
0	12
0	27
0	0
0	59
0	362
0	105
0	0
1	7
0	2
1	2325
3	11938
0	15
0	11
0	12
0	8
0	0
0	1
0	13
0	8
0	1043
1	0
5	1008
0	1
0	68
1	9
18	332
0	28
1	0
0	0
0	3
0	401
0	36637
0	58
2	0
0	8
0	0
3	0
0	0
0	3
1	384
0	0
0	12
0	1
0	568
0	0
0	1786
20	29
0	45
2	176
0	5
0	0
3	142
0	0
1	15
0	0
0	0
10	0
0	2358
7	1274
1	59
0	0
2	623
0	1
0	0
0	0
0	0
0	0
3	1551
0	5
0	125
0	0
1	5
0	0
0	0
0	0
1	1
0	233
0	2
3	96
0	161
0	0
0	130
0	16
2	4
0	0
1	47
0	199
0	46
0	0
0	0
2	1578
0	0
0	4
0	6
0	60
0	0
1	24
0	0
0	1
0	5
0	0
0	3
0	79
0	72
0	36
0	31
0	35
0	48
0	397
0	0
0	28
0	311
0	0
0	0
0	25
0	28981
0	0
0	3
0	0
0	0
0	2094
0	348
1	442
2	42
0	0
0	26
4	10824
0	73
0	11
0	67
0	0
0	0
0	0
0	0
0	0
0	20
1	16
1	0
0	1569
0	2
0	55
0	0
0	0
0	0
0	1
0	1
0	5
0	0
0	0
0	28
12	1298
0	53
0	0
0	0
1	0
0	0
7	0
0	21
0	32
0	154
6	149
0	0
0	8
0	0
0	1
0	365
2	13
0	72
0	57
0	0
0	29
0	6
0	0
0	0
4	480
0	762
0	0
0	2
1	2045
0	18
0	4
0	87
0	146
0	0
0	95
0	189
0	1663
0	7
2	28
0	173
0	0
0	0
0	172
5	132
0	0
3961	7454
6	290
0	0
3	27
0	17
0	17
0	0
3	1
0	0
0	1
0	56
0	20
0	0
0	2
0	122
0	300
0	6
1	104
1	7
2	37
0	9
1	322
0	0
1	96
0	74
0	18
0	0
0	3
0	12
0	0
0	0
0	0
2	5
0	114
0	8
0	1
0	378
1	125
0	1
0	46
0	0
18	22
4	157
0	0
0	0
27	73
0	0
1	205
0	3
0	0
0	105
0	28
1	532
0	349
0	0
0	41
0	221
0	0
0	1278
0	4
0	176
0	387
0	65
0	280
0	0
0	5
0	0
0	536
0	60
0	46
1	91
0	0
1	2
0	0
0	91
0	0
0	0
0	0
0	0
0	1
12	87
0	8
0	132
0	0
0	383
0	0
0	0
0	804
0	54
2	0
0	33
0	42
2	1
1	0
0	0
0	0
0	7
0	0
0	265
0	7
0	0
0	3
0	0
0	7
0	1
0	117
0	58
0	0
1	1
0	8171
0	0
0	7
80	0
0	0
0	12
0	0
0	209
0	2
0	0
0	0
8	0
77	170
0	10
0	3
0	916
0	6
0	5
0	0
3	0
0	347
0	6
0	0
0	73
0	191
0	0
0	0
0	0
0	86
3	1635
4	15895
0	220
7	181
0	0
0	109
6	250
0	89
9	87
0	0
0	14871
0	0
0	92
0	81
0	0
0	144
3	637
24	0
2	19
0	2
0	0
0	31
1	1
0	85
0	50
0	58
0	0
0	1166
79	236
3	26
0	255
0	665
0	12
0	0
0	35
3	66
0	1
0	55
0	98
0	0
0	95
0	251
0	0
0	0
1	515
0	380
0	0
3	0
4	519
0	10
46	1146
0	10
0	0
0	0
0	26
0	0
0	180
0	30
0	0
2	160
0	32
4	1079
0	28
1	176
5	42
3	49
0	30
0	50
0	0
0	245
0	0
4	148
0	9
0	326
0	0
1	137
8	73
0	286
0	220
0	0
0	2
0	448
0	0
1	1564
2	11
0	0
0	0
0	0
2	8
0	1
1	107
0	468
1	0
1	17
0	54
0	0
0	0
0	171
0	0
0	72
0	10809
0	0
0	4
1	38
0	0
0	21
5	6
0	0
1	298
0	52
0	0
0	0
0	32
0	0
0	0
0	0
0	142
0	0
3	148
1	43
0	0
21	632
0	7
0	53
0	0
0	256
0	9
0	6
1	5
48	1207
0	66
0	169
0	209
7	26
0	0
0	156
0	392
0	229
1	48
0	230
0	14
4	154
1	1
6	0
0	0
0	11
0	0
0	0
0	2
0	9
0	0
3	133
0	494
0	0
0	0
2	0
0	0
0	0
0	0
0	199
0	2
0	15
0	3
0	304
0	6
0	0
1	0
0	171
0	1
14	801
0	0
0	0
3	48
0	4520
0	0
0	0
0	362
0	150
0	0
0	139
4	456
0	88
0	78
0	129
0	9
1	0
0	0
1	39
0	53
0	0
0	0
0	238
0	0
0	286
0	4
0	1331
0	1
0	0
0	0
0	74
0	15190
1	1341
0	0
0	0
0	597
0	22
0	0
0	24
0	0
0	329
0	107
0	21
0	6
0	11
1	1
0	25
0	0
0	12
1	44
0	546
0	13
0	20
0	17
0	17
0	0
2	1
0	179
2	40
0	0
0	0
0	68
0	0
0	48
0	539
0	1
0	217
0	0
0	0
0	29
0	0
0	1
1	3
3	697
0	26
0	0
0	406
0	0
0	0
0	9
0	8
0	6
0	0
0	625
0	2388
0	0
0	0
1	36
0	0
0	0
0	7
0	15
0	125
7	47
0	66
0	0
0	25
0	208
0	5
3	975
0	0
0	5
0	136
0	0
0	0
2	109
0	0
0	0
0	43
0	87
0	0
0	197
0	54
0	14
0	0
0	1
1	168
0	104
0	0
0	0
1	1355
0	0
2	0
0	8
0	32
0	788
2	1
0	0
4	177
0	1
0	46
0	0
4	299
0	16
14	883
0	0
0	5
0	0
0	258
0	45
0	18
0	0
0	0
0	3
0	0
0	101
0	0
0	0
0	0
0	121
0	2
0	0
0	0
0	386
0	18
0	0
1	14
0	16
0	5
0	0
0	0
2	58
0	886
4	7
0	3
0	578
0	0
0	2
1	119
0	0
1	0
1	2256
0	72
5	40
0	23
0	0
0	0
0	0
0	14
0	74
0	44
0	13
1	33
0	3
3	38
0	2
0	0
1	2359
0	0
0	27
0	0
0	30
0	0
4	949
0	0
0	0
0	0
0	7
0	1460
0	0
3	137
0	0
0	60
0	0
0	0
0	0
0	0
0	0
0	38
0	0
0	0
0	0
0	14
0	2
30	10526
0	38
0	327
0	113
1	30
0	0
0	93
0	244
0	110
0	17
0	0
0	8
0	10
0	93
0	349
0	802
3	206
0	0
0	8
1	1
1	232
0	18
12	254
0	0
28	17
0	25
0	0
0	0
28	192
0	0
0	5
0	110
0	0
0	1
0	38
0	0
0	74
0	0
0	1628
0	0
0	2
0	3
0	0
0	2
0	0
0	15
7	215
2	901
13	1115
0	2
0	682
0	0
0	0
3	0
1	67
3	659
0	0
0	44
0	85
0	85
0	0
0	98
9	99
0	0
0	2
0	99
0	7
0	0
0	0
0	7
0	0
1	169
0	0
0	0
0	41
0	0
0	0
0	0
0	0
0	113
0	464
12	24
0	0
154	1
0	22
42	87
0	0
0	19
0	0
148	257
0	0
2	1
0	3
1	223
22	33
0	0
0	0
1	84
0	0
0	5074
0	0
0	7
1	31
56	0
0	18
0	0
0	28
0	447
0	0
0	90
0	0
0	0
0	0
0	11
0	17
0	0
0	0
0	3
0	0
1	0
0	0
0	29
0	33
0	77
0	0
0	0
0	8
0	9
0	0
0	9
0	0
0	9
0	153
0	68
0	0
0	41
0	1
1	363
0	1
0	0
0	16
0	0
0	4024
0	63
3	224
0	938
0	15
0	0
0	0
1	1268
0	143
0	0
1	557
0	0
0	0
0	18
0	1455
0	0
1	95
0	114
0	0
0	0
0	0
25	2
0	0
0	0
0	28
0	166
0	5
0	0
0	12
0	33
1	50
0	48
0	0
0	0
0	0
0	52
0	16
0	13
0	0
0	0
0	10
4	659
0	0
0	56
0	315
0	206
0	88
0	0
0	5
0	0
0	87
0	170
0	54
0	0
0	805
0	51
0	11
2	82
0	1
0	56
0	0
0	2
0	14
0	0
0	1
0	2
0	0
0	24
0	291
1	2
0	0
0	0
1	554
0	12
0	48
0	0
0	0
0	1
4	13
0	4
0	39
0	0
0	14
0	0
0	0
5	137
1	18
0	18
0	3
7	618
0	0
1	113
0	47
0	343
0	48
0	28
0	3
0	3
0	0
0	57
0	0
0	0
0	2
0	0
0	48
0	22
0	0
0	0
0	23
1	55
0	0
0	0
1	157
0	0
0	0
0	35
0	77
0	29
0	752
0	207
0	48
0	0
0	57
0	0
0	0
0	11
0	9
0	0
0	0
0	272
0	68
0	0
0	0
0	0
1	3
0	105
2	14
0	1
0	335
0	35
2	674
0	0
0	0
0	26
1	54
0	0
0	33
0	0
0	1
0	1
1	17
0	4
0	121
0	2
0	0
0	107
0	15
0	23
0	0
0	0
0	1
0	20
0	6
0	1
0	227
3	687
0	3
0	173
0	0
3	14875
0	22
3	0
0	0
0	7
1	18
0	513
1	0
0	2
0	104
3	1060
2	104
1	71
1722	571
2	0
0	4
0	6
0	0
0	5
0	5
66	5
0	1
2	539
0	646
0	563
0	2
3	156
0	0
0	19
0	27
0	0
0	112
0	66
0	0
1	1063
0	0
0	0
1	208
0	0
0	88
0	1
0	0
0	0
0	0
0	12
0	7
4	89
0	0
0	18
0	248
0	0
0	0
0	25
0	0
0	215
0	39
1	5
3	62
0	0
0	145
1	113
0	0
128	1
0	27
0	14
0	0
0	0
0	0
1	66
0	0
0	2
0	17
0	0
0	17
0	350
0	0
0	0
0	214
0	0
0	0
0	12
0	0
0	0
1	1074
0	0
0	0
1	8
0	0
0	8
0	0
0	0
0	1
0	1
0	71
0	0
0	0
0	0
0	0
0	65
0	3
0	0
0	0
0	45
0	11
0	1
0	0
0	0
1	71
0	23
0	13
0	0
0	0
0	0
0	36
0	4624
0	64
0	3
0	0
0	33
5	845
2	11
0	5
18	174
0	0
6	99
0	0
1	2
0	0
0	0
0	0
0	1
0	0
0	25401
0	0
0	29
0	19
0	0
0	0
0	0
3	26
0	0
0	12
4	1
0	0
0	7
0	0
0	23
0	1146
0	145
0	0
0	105
0	50
2	110
0	20
0	0
0	0
38	384
0	0
0	0
0	413
2	23
0	50
0	13
0	0
0	0
0	42
0	27
0	0
0	0
0	0
0	53
1	0
0	3
0	15
0	0
0	0
0	0
9	1
1	0
1	247
1	159
2	109
0	14
0	0
0	1169
0	11
3	1
170	159
0	0
0	0
0	0
0	36
0	0
0	0
3	15
3	1293
3	0
1	0
0	3
0	0
0	0
0	0
0	26
0	13
0	0
0	0
19	12307
0	0
0	0
0	122
0	3
0	0
1	89
0	518
2	547
0	0
0	54
0	163
0	0
1	17
0	22
0	0
0	85
0	136
0	29
0	0
0	0
15	545
0	369
17	9788
5	0
0	1
0	0
0	6
0	56
0	2
0	91
0	1
0	0
0	54
0	2
0	0
0	65
0	0
0	1327
0	0
0	538
0	0
0	162
0	202
0	89
0	0
0	1
1	46
1	18
0	34
0	0
13	79
0	0
0	0
0	3
1359	1257
0	0
0	2
0	0
1	31
0	35
0	3
0	11
0	537
0	131
0	169
0	163
1	163
0	2
0	0
0	0
1	0
0	132
4	2
0	0
0	17
20	1319
0	0
0	0
0	0
0	13
0	203
1	24
0	0
0	61
0	120
0	92
0	1697
0	14118
1	174
0	30
1	0
0	2
0	14
0	25
0	62
1	32
0	0
0	2419
2	117
0	5
0	57
0	10
0	0
0	0
0	13
0	0
0	24
0	0
0	1
0	0
0	0
0	0
0	18
0	4
0	110
0	1
1	375
0	0
0	19
0	0
0	0
0	0
1	0
0	0
0	0
0	72
0	1
0	0
0	0
0	5
0	4
2	4477
0	19634
0	0
0	51
0	0
0	66
0	11
0	31
0	19
0	0
0	69
2	229
0	67
0	16
0	177
0	0
0	0
0	1
0	99
0	1023
0	5
0	0
0	2
0	41
0	0
0	0
0	0
27	64
0	594
0	0
0	122
0	0
0	5
2	0
0	0
0	0
0	160
0	12
0	1
0	0
0	0
0	23
0	20
0	507
1	809
1	52
0	50
0	180
0	33
4	521
0	262
0	0
0	5
0	1
0	168
0	11
0	29
1	97
0	7
0	0
0	8
0	0
0	9
2	30
0	259
137	0
0	82
0	0
0	6
0	0
3	6
0	0
0	12
0	15
1	335
0	48
0	0
3	13699
0	375
0	1
0	1
0	1
0	275
0	48
0	201
0	6
12	21101
0	58
0	0
2	1634
0	0
0	10
0	0
0	0
0	47
1	1152
0	0
0	0
0	0
0	17
0	26
0	0
0	0
0	580
0	11
0	0
0	83
1	62
0	0
7	6950
0	863
0	134
0	42
1	4949
0	28
0	0
0	0
12	24
0	449
0	2
0	132
0	0
0	0
2	774
1	1860
0	3
0	186
0	0
54	2578
2	64
8	149
1	4530
0	0
0	0
0	94
2	247
0	273
0	175
0	525
0	0
0	104
0	0
0	2
0	0
0	0
0	19
1	2
0	25
0	28
0	0
0	748
0	0
0	0
0	291
0	39
0	50
0	328
0	15
0	0
0	161
0	47
0	805
0	13
0	0
0	3
0	16
0	0
0	0
0	174
0	23
0	0
0	86
0	39
0	600
4	13
0	3
0	0
0	0
0	0
0	0
0	0
9	3
0	0
0	0
0	0
0	12
0	2
0	2
0	0
0	0
0	0
4	16
0	0
0	0
10	66
0	0
2	391
0	1
0	6
0	0
16	18761
0	0
0	62
0	0
0	0
0	278
0	0
0	0
0	2
1	164
0	123
0	35
0	0
0	28
0	418
0	0
0	718
0	0
0	12
0	115
0	392
0	0
0	0
0	0
0	2
0	189
0	11
0	296
34	10
0	17
2	3
0	161
0	0
0	1870
7	3
0	361
3	51
1	402
0	66
0	15
0	9
1	5
0	12
0	69
0	77
0	367
0	6
0	1
0	0
0	0
0	0
0	0
0	68
0	2
0	55
0	0
0	297
0	0
0	181
0	73
0	0
0	54
0	0
0	8
0	0
0	0
0	0
0	705
0	0
0	0
5	43
0	0
0	0
0	0
0	0
0	107
1	222
0	0
1	128
0	7
0	0
0	10
0	219
0	0
0	22
0	309
0	476
0	28
0	706
0	0
0	0
0	0
0	85
668	1269
3	16
0	0
0	0
0	11
0	0
0	0
0	28
1	47
0	148
0	50
2	12
0	3
0	0
0	6
0	424
0	4
1	100
0	22
0	0
0	3
0	0
0	244
1	52
0	2
7	759
0	178
0	17
1	0
0	76
0	88
8	20
1	1
0	449
0	5879
1	189
0	0
0	5
0	0
0	2
0	63
0	0
0	30
0	51
0	44
0	0
0	192
2	34
0	2649
0	2
0	0
0	2
1	2
0	0
0	228
0	0
2	56
0	0
0	11
1	0
0	471
0	0
0	0
0	32
2	50
2	6
2	45
0	0
0	0
0	10
0	0
0	0
0	0
0	0
10	518
0	0
0	30
0	5
2	291
0	17
0	275
0	4
126	0
8	0
0	0
0	505
0	326
0	0
0	0
0	30
0	107
0	0
3	156
0	34
0	21
1	557
0	95
0	43
5	0
0	0
1	3
0	0
8	2673
0	0
0	0
0	30
0	0
0	0
0	0
0	239
0	620
0	379
0	6
0	0
0	0
333	1400
0	0
0	0
0	0
0	79
0	0
0	0
0	0
0	0
0	0
5	605
0	0
0	0
0	0
0	57
0	0
3	428
0	643
0	280
0	0
0	0
0	12
0	26
1	401
0	0
0	208
1	833
0	0
0	0
0	3
0	31
0	124
3	64
0	52
0	15
0	7
0	0
1	14
0	91
2	835
0	94
0	65
0	12
0	0
0	0
0	11
0	0
0	12
0	19
0	54
0	0
0	0
4	1097
0	35
0	0
0	23
0	1
1	50
0	0
0	28
0	96
0	0
0	0
0	0
3	45
0	294
0	0
2	351
0	0
0	0
0	5
0	487
0	123
0	0
0	5
0	3
0	0
0	80
0	0
0	97
0	0
0	385
0	0
0	0
0	67
0	95
0	347
0	4
0	11
0	0
0	6
0	114
0	11
0	1
1	7006
0	0
0	11
0	4
1	65
0	0
0	167
0	145
0	28
0	0
0	0
0	0
0	49
0	1837
0	35
10	89
0	1796
0	1
0	0
0	15
0	0
0	0
0	0
0	1
0	333
0	77
1	0
1	4
1	140
0	0
3	38
0	0
0	235
2	11
0	0
4	53
0	0
0	16
0	7
0	795
0	0
0	72
0	2
0	726
0	0
0	0
1	63
0	3
0	0
0	11
0	1111
0	0
1	2
0	13
0	0
0	2
0	0
0	0
9	0
0	0
0	18
3	1233
0	7
1	100
1	0
0	692
0	0
0	25
0	6
0	489
0	60
0	1
0	95
0	176
0	0
0	99
0	89
0	81
0	12
0	11
0	0
0	61
0	0
0	0
0	4
0	9
0	3
1	184
45	72
0	49
0	0
1	737
0	25
0	90
0	0
0	7
0	47
0	25
0	25
0	95
0	10
0	1
0	0
0	6
0	611
0	1481
0	2
0	63
0	0
0	0
0	0
0	0
0	0
0	0
0	0
0	0
1	221
0	30
0	19
1	47
3	13
0	1
0	16
0	24
0	0
2	0
0	62
0	0
0	121
0	0
0	331
0	25
5	256
0	0
0	0
3	7
0	0
0	153
0	42
0	0
0	76
0	0
0	414
0	0
0	0
0	20
0	1
6	5
0	0
1	489
0	33
0	88
0	0
0	0
0	0
0	5
12	103
1	72
0	61
0	0
0	0
1	17
0	1
0	48
0	12
0	90
0	358
0	0
0	0
0	1
0	5
0	0
0	143
0	0
0	0
0	0
1	94
0	28
0	1
1	0
0	2
8	4256
0	29
0	0
0	0
0	2
0	0
0	0
0	0
0	110
0	0
3	270
0	72
0	503
1	164
4	83
0	0
0	7
0	55
0	0
0	0
3	15
0	1
0	0
34	281
0	189
0	0
0	3
0	785
4	173
4	105
0	0
0	0
0	1
1	75
0	38
0	0
1	0
0	59
0	1071
4	243
3	1807
0	66
0	2873
0	86
1	4
1	17
0	0
0	0
0	0
0	0
0	0
0	0
0	17
4	22
0	0
0	11
0	32
0	0
0	45
0	96
0	0
0	0
0	0
3	1729
0	0
3	1181
9	331
0	1
0	0
0	16
6	692
0	502
0	0
0	2
0	44
0	0
0	2096
1	137
0	10
0	51
0	0
0	0
0	213
0	0
0	619
7	209
0	1090
0	44
0	0
4	408
0	13
0	11
0	0
0	334
0	0
0	72
0	0
0	0
0	0
0	95
4	94
0	0
0	0
17	103
2	76
0	40
0	3
0	1
2	0
0	20
0	52
1	325
0	137
0	31
0	14
0	35
0	0
0	201
0	0
0	25
0	0
1	1086
6	15
4	27
0	18
1	13
1	0
0	4
0	0
0	0
21	0
0	1
0	0
0	0
0	868
0	0
11	1128
0	1
4	30
0	0
4	69
4	7
0	2
0	0
0	92
0	232
0	0
0	6
0	1171
0	483
0	0
1	158
0	401
0	1
0	0
0	0
0	0
3	0
0	0
0	0
0	0
0	32
0	0
0	0
0	8
0	0
0	191
0	0
0	0
0	290
0	16
0	0
0	0
0	36
0	67
0	0
0	394
0	394
0	0
0	4
0	187
0	468
1	29
0	15
0	1
0	32
0	76
0	0
0	0
0	44
0	297
0	89
0	0
0	146
0	22
0	2304
0	0
0	231
0	0
0	0
0	29
0	0
0	0
4	16
0	0
0	0
0	60
0	307
0	0
0	7
0	182
0	0
0	1
0	0
0	13
0	0
0	7
0	22
0	0
0	14
0	18
0	8
0	0
0	35
51	4245
0	0
0	3
0	0
0	3
0	681
0	0
0	9
13	1675
3	0
0	28
0	0
0	2
0	1572
0	26
37	2926
0	30
1	440
4	170
0	23
0	47
0	1119
0	0
0	0
0	47
0	1
0	10
0	45
0	2
0	2
0	29
0	0
0	61
0	463
0	29
0	36
5	2
0	4
0	23
0	300
2	45
0	0
0	171
0	37
0	0
0	199
0	0
0	0
0	582
0	0
0	2
0	99
0	0
0	0
0	0
0	0
0	8
0	0
1	0
0	1
3	336
0	7
0	0
0	1
0	19
13	374
0	137
0	0
0	810
1	59
0	7
0	0
0	0
0	9
0	0
0	0
0	0
0	0
0	0
0	12
2	51
0	45
27	326
0	0
1	108
0	50
0	27
1	120
0	39
0	33
0	6
0	0
0	0
0	192
0	0
0	538
22	2
0	7
0	81
0	1
0	3
0	0
1	73
0	25
0	14
0	136
0	0
0	0
0	25
0	12
0	4
0	2
3	42
0	0
0	5
0	16
1	1
0	6
0	0
0	1
0	1556
0	53
0	15
0	9
0	0
0	0
0	0
0	0
0	512
0	73
1	0
0	0
0	9
0	32
24	0
0	259
0	0
0	28
0	0
0	9
3	0
2	18
0	7
1	43
0	0
0	0
16	145
6	379
8	334
0	12
0	0
0	162
0	737
0	0
0	0
0	384
0	789
3	217
0	0
3	15550
1	0
0	6
0	0
0	0
3	22
0	257
0	7
0	0
0	0
150	47
0	45
2	38
16	341
0	273
0	34
0	284
0	342
0	0
1	7
0	0
0	9
1	939
0	27
0	37
0	2
1	67
0	1204
0	0
0	338
0	80
2	38
93	1
2	177
0	6
0	0
0	0
0	0
0	65
0	516
0	0
1	36
1	29
0	0
0	0
0	0
0	20
13	9
0	0
0	11
0	91
0	54
0	11
0	0
0	0
0	0
0	111
0	0
0	0
0	4
0	84
0	0
0	13
0	1
8	86
0	6307
0	76
6	7210
0	181
0	31
0	6
0	6
0	0
1	3
2	333
0	0
1	23
0	83
1	5
5	2292
0	1
0	66
0	0
35	0
0	694
0	0
0	343
0	16
0	47
0	9
0	40
0	2
0	270
0	0
0	0
1	1396
0	10
0	0
0	58
0	9
0	0
0	0
0	401
0	0
0	7
3	22
1	11
0	206
0	209
0	0
0	0
0	0
0	26
1	470
0	0
0	0
0	0
0	8
4	189
0	692
2	21
0	136
1	1
0	105
0	0
0	0
0	0
0	0
0	2
0	0
0	244
0	66
14	4
0	567
0	73
0	189
1	0
0	0
3	1374
0	56
0	0
0	142
0	16
0	63
1	16
0	0
0	0
0	85
103	3263
0	0
0	0
0	16
0	0
0	0
0	60
4	7
0	17
0	68
2	216
0	100
2	0
0	0
0	123
0	18
0	152
0	0
0	7
0	0
0	4
0	80
0	0
0	139
0	37
0	1000
0	0
0	0
0	0
0	116
0	115
0	522
0	0
0	0
0	0
0	9
0	26
0	16
1	60
0	0
41	157
0	0
0	1
0	0
2	1243
4	16
0	24
0	0
2	271
0	246
0	515
0	0
0	0
0	2
0	174
8	10030
0	151
0	0
0	280
0	21
0	35
0	0
0	0
0	0
0	0
0	0
0	10
0	88
0	3
0	0
0	301
0	0
1	638
4	101
0	204
1	29
0	13
2	2
0	701
0	0
13	879
0	0
0	14
0	27
0	0
0	0
0	0
0	0
0	190
0	111
0	2
0	156
3	234
0	1
0	76
0	9
0	1
0	24
0	1
0	21
5	141
0	10
0	125
0	33
0	1
0	322
0	15
0	7
0	1
0	114
0	6
0	0
1	690
2	50
0	1
0	29
0	101
1	183
0	5
0	0
0	250
0	90
0	1152
0	1
0	324
0	96
51	1197
0	0
1	316
0	3
0	69
0	633
1	0
0	7
0	0
0	5
0	1
0	199
0	0
0	1
0	0
2	75
1	7
0	73
4	513
0	0
2	6
0	0
0	103
2	117
1	1
0	367
0	0
0	0
0	16
0	0
0	45
0	87
0	1
0	78
2	0
10	1956
0	847
0	0
0	7
0	0
0	888
6	92
0	11
0	15
0	57
0	382
0	0
0	33
0	30
0	3
1	323
0	211
0	1
0	63
0	34
0	7
0	0
0	0
0	0
0	0
0	172
0	170
0	189
0	43
0	8
0	112
0	40
0	50
0	0
0	13
0	41
0	59
1	8390
0	0
0	69
18	26
0	0
0	0
0	0
0	58
0	67
0	2
0	1
0	2
0	0
0	0
0	0
0	0
0	2
0	89
0	37
0	0
0	34
0	41
4	237
0	41
0	15
1	372
0	487
1	914
0	0
1	19
0	46
0	0
0	0
3	0
0	949
1	172
3	634
1	13
0	1454
0	1
0	1
0	13
0	0
1	22
1	3
0	0
0	0
0	481
1	756
0	4
0	0
0	0
0	1
0	36
0	15
0	197
0	6
0	965
0	0
0	66
0	0
0	0
0	0
0	0
0	0
0	13
0	14
0	45
0	225
0	44
1	0
0	0
0	43
0	1072
0	0
0	13
0	33
0	2
0	16
1	294
1	608
0	0
0	0
3	230
0	5
0	0
28	591
0	67
0	124
0	109
2	15
0	0
4	53
0	0
0	0
0	1
0	0
0	49
0	1
0	5
0	0
1	32
0	0
0	34
0	7
4	206
0	0
0	225
0	77
1	30
1	113
0	529
0	0
0	1244
0	214
0	3
0	31
0	0
0	7
0	2
0	0
2	0
0	0
0	0
0	0
0	0
0	18
0	0
2	118
0	149
0	0
7	0
0	131
1	278
1	0
2	61
0	3
27	9304
0	26
0	17
0	0
0	0
0	8
0	699
0	171
0	1
1	68
0	30
0	0
0	0
0	123
0	0
1	429
0	59
0	1
0	30
0	2
0	0
1	24
0	0
0	4
0	0
0	9
0	11580
0	0
0	25
0	18
0	1
0	0
0	0
0	0
0	12
1	105
0	0
0	2491
3	179
0	248
0	0
0	234
0	1
0	0
0	949
240	0
0	96
0	0
0	78
0	231
0	5
1	519
0	0
0	599
0	0
0	1
0	0
0	40
0	4
0	6
0	0
1	321
5	142
0	120
0	0
0	171
0	102
0	2
3	10811
2	36
0	526
0	285
0	136
0	8
0	19
0	1
0	3
3	505
3	110
0	0
0	1
0	0
0	8
0	4
0	0
0	18
0	771
0	0
2	6
0	0
0	0
0	1056
0	87
0	897
0	19
0	25
0	0
0	14
0	507
0	49
0	0
0	313
0	12
0	54
0	45
0	5
1	8
0	295
1	81
0	391
7	5169
0	0
0	2
0	109
1	141
0	0
0	10
0	94
0	0
0	94
0	47
0	13
0	0
0	30
0	310
1	26
1	417
0	27
0	0
4	199
0	0
0	32
0	422
0	27
0	195
0	15
0	85
0	0
0	33
5	3735
2	7
0	0
0	892
0	0
0	0
0	85
0	0
0	10
0	0
0	2
0	0
0	0
0	40
0	0
0	1
0	10
0	0
0	0
0	0
0	0
0	52
0	0
0	0
0	0
5	141
0	1095
0	1
0	0
0	377
1	355
0	232
2	3
0	0
0	1
0	0
0	0
0	3
0	3
0	41
1	163
0	0
2	41
109	81
0	0
0	1591
0	0
0	7
0	0
0	176
0	165
0	89
0	0
0	278
0	251
1	23
0	55
0	0
0	343
0	30
10	197
0	157
0	37
1	4
1	122
0	60
0	2
0	3
0	3844
0	8
0	156
0	17
0	17
0	0
0	415
0	0
0	7
5	73
0	0
0	46
0	33
0	0
4	12
0	1
0	0
0	0
0	0
0	6
0	13
0	0
0	1
0	36
0	81
1	166
0	80
0	0
14	17637
0	278
45	1780
0	0
0	0
0	0
0	11
4	1937
0	80
0	0
0	13
0	89
0	0
0	0
0	0
0	520
0	1776
0	9
0	112
0	0
0	223
0	0
0	0
0	165
0	0
0	74
0	13
2	673
0	0
1	9
0	1700
0	53
0	0
0	0
0	33
0	0
7	1092
0	167
0	0
1	222
0	56
0	24
0	0
0	8
0	0
0	157
0	614
8	229
1	883
1	2
0	42
0	211
0	31
0	211
0	0
0	0
0	0
0	0
3	92
1	35
0	149
0	0
0	0
0	4
0	0
0	7
2	18
0	8
5	1881
0	0
0	0
0	0
0	729
1	312
1	54
0	50
0	0
0	12
0	36
0	44
3	303
0	0
0	0
0	18
0	40
4	83
8	0
0	0
0	3
0	12
0	45
0	0
0	275
0	0
0	0
0	69
0	34
0	0
0	82
0	43
0	40
2	7
0	0
0	1518
0	0
0	28
0	0
0	0
0	0
0	0
0	0
1	50
0	12
0	0
0	323
0	293
0	0
0	0
4	118
0	1499
0	0
0	267
0	24
0	3
0	77
2	64
1	250
0	3
0	14
0	0
0	0
0	0
0	0
0	0
0	93
0	20
0	44
0	492
0	0
0	6
0	35
0	151
0	4
0	505
0	0
0	30
0	180
0	0
1	317
0	53
0	5
0	0
0	1
0	0
0	34
0	0
0	62
0	28
0	0
3	7
0	395
0	113
1	1
0	136
0	0
18	0
0	5
0	0
0	363
0	110
0	32
0	25
0	0
0	4
0	82
0	0
0	11
17	895
0	1
0	1
0	0
0	250
0	0
0	0
0	234
0	10412
0	0
0	667
2	273
0	22
1	66
0	0
4	752
0	303
0	1077
0	0
0	0
0	3
1	206
0	94
0	0
0	2
2	317
0	53
0	336
0	0
0	9
0	0
0	56
0	0
15	65
6	346
1	29
0	0
0	0
0	0
0	0
0	1
0	70
0	0
1	1058
0	0
0	0
0	45
0	39
0	0
0	2
0	1
0	0
523	13151
0	7
2	0
0	0
0	0
1	219
2	4
0	0
0	1
0	0
0	35
0	411
5	87
0	0
0	0
0	0
0	25
0	0
0	494
0	73
0	0
0	0
0	0
0	189
0	0
0	0
0	0
0	0
2	9
0	719
0	0
0	1
0	0
0	27
0	583
0	862
0	14
0	61
0	0
0	13
6	98
0	0
0	18
0	0
0	666
3	729
0	17
0	0
0	1
0	0
1	68
8	442
0	0
4	334
0	0
1	32
0	12
0	196
0	124
0	27
0	122
0	0
0	1
0	3
1	553
0	47
0	111
1	10
1	41
0	20
3	0
0	0
0	0
0	47
0	1
0	0
0	88
0	6757
4	171
1	185
0	49
3	197
0	1
0	1
0	0
0	0
0	0
0	1781
0	31
0	294
0	0
0	0
0	0
0	3
0	0
0	16
0	36
0	0
0	3
0	0
61	37
0	0
67	200
0	0
1	11
0	7
0	173
0	829
1	213
0	16
0	8
6	10
0	167
0	9
0	723
0	13
0	3
0	152
4	465
0	57
0	168
0	0
2	141
0	1
3	811
0	7
0	0
0	0
0	56
0	1
0	468
0	1
0	0
0	0
0	0
0	35
0	84
1	319
1	32
0	17
0	29
0	0
0	0
0	4
3	97
0	379
0	21
0	53817
1	200
0	4
0	83
0	1146
3	250
2	172
0	35
0	3
0	26
0	0
0	6
0	0
0	4439
0	0
0	0
0	404
0	530
0	138
1	2
0	46
3	180
0	395
0	0
0	0
0	0
12	0
0	0
1	13461
0	0
3	85
0	0
0	533
0	0
0	205
0	0
0	23
0	6
0	29
0	0
1	65
0	23
0	110
0	140
0	36
0	0
0	0
0	0
0	0
0	0
0	5
0	0
0	452
2	124
0	177
0	22
1	301
0	15
0	8
1	900
0	22
0	6
0	0
0	4
2	381
1	7
1	21
0	3
2	5
2	900
0	0
0	8
15	1171
0	87
0	0
0	37
0	0
0	245
0	3
2	3
0	28
0	14
1	923
0	1
0	9
0	2
0	5
0	7
19	830
0	0
0	4
0	3
0	131
0	74
0	7
0	0
3	0
0	0
0	0
0	3
0	136
0	0
0	222
0	11
0	322
0	0
0	50
0	207
0	33
0	0
0	2
0	0
0	0
0	0
0	1
0	7
0	121
9	142
0	219
0	1107
0	15
0	8
0	6
0	11
0	6
0	0
0	269
0	207
0	1
0	5
1	3
0	0
0	174
0	0
0	0
0	4
2	332
0	73
1	513
0	12
0	182
0	0
0	72
2	0
0	8
0	0
0	735
6	19
0	73
0	0
0	1050
1	18
4	4
0	0
0	0
0	112
0	84
0	7
0	31
0	0
0	6
0	20
0	0
0	0
0	0
0	0
0	13
0	1801
0	1019
0	0
72	3
0	3
0	96
0	0
0	100
0	105
0	24
0	0
0	0
0	92
0	1751
0	0
1	85
0	227
0	0
0	5
0	0
0	0
0	46
0	5
0	2
0	61
0	0
0	14
0	237
7	270
0	1706
0	0
0	0
0	11
0	19
0	0
0	49
6	291
0	0
0	33
0	0
0	0
2	35
0	30
1	2
0	0
0	29
0	30
0	5
0	0
1	2
0	2
0	58
0	0
0	434
0	0
0	0
0	0
0	0
21	67
0	29
0	0
0	149
0	274
0	0
0	0
0	7
15	0
0	384
0	0
0	2
0	5
0	32
1	19
0	0
0	600
0	209
0	5
0	0
0	206
0	0
5	0
0	35
0	3
0	26
0	719
0	0
0	0
0	0
0	26
0	39
0	0
13	328
2	2730
0	15
0	20
0	0
0	10
17	1
0	121
0	0
0	0
1	336
0	5
0	1
0	0
0	0
0	488
0	117
0	318
0	69
0	10
0	24
182	121
0	0
0	67
0	127
0	83
0	0
3	40
0	0
32	265
0	0
0	0
0	0
0	0
0	179
1	2709
0	132
3	358
0	0
0	0
1	13
0	14
0	0
0	17
0	0
0	195
1	12
320	2
1	0
0	75
0	0
0	3
0	1539
0	260
0	0
1	1473
0	1284
0	0
0	0
0	29
0	0
0	1
0	126
0	265
0	0
0	0
0	154
0	11
0	4
1	0
0	0
0	8
1	101
5	197
0	298
0	0
0	0
0	0
0	2
0	1
0	0
0	3733
0	29
0	0
0	27
0	0
0	432
0	0
0	0
0	0
1	1518
0	82
0	7772
0	196
0	0
0	0
0	5
118	601
1	4076
4	442
3	6
0	0
0	74
0	27
0	0
0	5
0	1
0	0
0	0
0	0
0	377
0	19
0	0
0	23
0	0
1	58
0	12
0	53
0	0
0	0
0	5
1	0
0	0
0	0
1	95
0	283
0	0
0	435
1	38
0	9
1	5
0	3810
0	296
0	0
0	16
0	23
1	47
0	632
1	56
0	0
7	875
0	0
10	252
0	15
0	0
0	47
0	0
0	5
0	8
0	0
0	743
0	0
0	16
7	17
3	17768
0	58
0	3
0	6
0	1474
0	93
0	0
0	173
0	0
0	111
0	279
0	30
0	0
0	1
0	0
1	363
0	554
0	16
0	3
0	9
2	107
0	0
0	1
0	51
0	1
0	0
0	6
0	4
0	97
0	27
0	175
0	6
0	56
1	0
0	0
0	79
4	148
0	0
0	0
0	0
0	0
0	0
0	204
0	482
0	14
0	79
0	13
0	2
0	0
0	0
0	0
0	12
34	558
0	88
0	0
0	0
0	124
0	438
0	73
0	1
0	0
0	694
0	131
0	0
1	9
0	0
0	1
4	612
0	0
3	0
0	20
0	0
0	0
0	70
0	26
0	160
0	0
0	0
0	0
0	378
0	0
0	12
0	177
0	0
0	249
0	0
0	0
0	0
0	3
0	53
0	40
0	69
5	0
8	50
0	0
0	305
0	0
0	0
0	16
0	290
0	0
0	0
0	17
0	13
0	2
0	300
1	49
0	54
0	0
0	0
0	27
0	96
0	4
0	2
0	59
0	88
7	141
0	1
0	12
0	0
0	0
2	14
0	1
0	231
0	0
0	0
0	0
0	127
0	5
0	0
0	157
0	0
0	206
0	0
0	47
0	119
0	8
0	0
0	0
0	36
0	4
0	2
0	11
0	53
1	2
0	20182
0	0
0	0
0	0
0	0
0	0
1	100
3	7
0	0
1	323
0	0
0	113
0	162
6	7862
0	0
0	20
63	0
0	174
9	634
70	0
0	0
3	50
0	382
1	2412
0	0
0	54
0	0
0	0
0	48
0	0
0	0
0	0
0	74
0	2
0	0
0	828
0	0
0	0
0	0
1	1
6	22587
0	0
0	13
0	5
13	3
0	0
0	1
0	0
0	0
0	16
0	6
0	56
0	0
0	0
0	0
0	875
0	59
0	423
0	12
0	0
2	1
0	163
0	0
0	0
0	68
0	0
3	117
0	48
0	2
0	0
0	0
0	12
5	0
0	9
0	0
0	39
0	0
0	733
0	151
0	10
0	0
0	3635
0	0
0	15
8	1273
0	7
1	989
0	80
0	8
0	0
0	0
0	0
1	13
0	19
0	0
0	2
0	0
0	36
0	42
0	0
0	6
0	0
1	658
0	110
0	0
0	0
0	0
0	0
4	325
0	180
0	0
0	0
0	105
0	2
0	33
0	9
0	0
0	4
3	2744
0	8
0	96
0	63
0	0
7	1145
0	18055
0	0
0	0
0	1496
0	0
3	405
0	0
7	176
0	0
1	125
1	4
0	0
2	1738
0	2
0	12
297	2794
3	84
0	0
0	19
76	245
0	115
0	24
0	0
0	1
1	0
0	0
0	148
0	2
0	1
0	90
0	36
0	0
0	16
1	0
2	0
0	0
109	251
0	0
0	95
1	295
0	0
10	0
1	0
3	53
0	6
0	0
26	2
3	386
4	0
0	0
0	0
0	182
0	35
0	163
0	0
0	13
0	0
0	199
0	4
0	0
0	893
0	1172
0	0
0	80
18	12
0	223
0	38
0	0
0	0
0	0
0	0
0	148
2	3
0	0
0	190
0	2
9	789
0	0
0	0
0	154
3	62
0	285
0	1
1	70
0	11
0	29
0	5
0	14
0	1205
0	0
0	35
0	0
0	16
0	47
0	0
0	430
0	206
0	59
0	40
0	40
0	23
0	294
0	0
0	6
1	13
0	1528
0	9
0	0
0	0
0	0
0	41
0	15
0	6
2	16
0	237
0	3
0	85
0	0
2	6
0	0
0	49
1	2660
0	0
0	11
0	4
0	0
0	118
0	0
0	97
0	1
3	27
0	7
0	3
0	0
0	0
0	30
0	27
0	294
0	19
0	0
0	19
0	278
0	1553
0	782
0	9
0	3
1	159
1	0
0	196
0	0
0	0
0	553
0	0
1	61
0	0
0	157
1	5933
0	361
0	0
0	27
0	25
0	54
0	12
0	0
0	0
0	0
0	19
0	2
0	1
0	0
0	0
1	54
0	0
0	0
19	2664
0	39
0	130
1	390
0	1158
0	98
0	28
0	55
0	28
0	92
0	0
0	0
0	48
0	120
0	8
2	1238
0	13
0	0
0	0
0	7
0	0
13	1136
0	54
0	45
0	172
0	0
0	7
0	0
1	35
0	1770
1	1
0	9247
0	1
0	581
0	0
0	11
0	0
0	40
0	135
0	203
0	0
0	356
0	37
1	0
0	13
0	0
0	4
0	35
2	458
0	0
0	376
0	273
4	7
0	22
1	22
0	20
9	1218
3	527
0	0
0	16
0	249
2	0
0	0
0	13
0	241
0	187
0	25
0	0
0	0
0	171
8	0
0	1
0	26
0	0
0	356
0	69
0	21
0	0
0	0
0	0
0	12
0	2
0	26
0	33
0	5
0	78
0	0
1	472
0	28800
0	626
0	641
0	7
0	0
0	149
0	729
0	12
0	0
0	0
0	57
0	0
0	346
0	0
0	0
1	220
0	0
0	1
3	1330
0	0
0	76
0	0
0	0
0	0
0	0
2	19
0	0
2	246
0	0
0	199
0	0
0	0
0	159
0	6
0	84
0	1954
1	599
0	46
0	0
0	2
2	5
0	0
0	0
15	96
5	932
0	0
0	0
1	350
0	18
0	0
0	1099
0	42
0	1
0	1
0	163
0	170
0	27
0	43
0	0
0	8
1	94
0	53
0	0
0	0
0	2
0	0
0	0
0	0
0	0
0	3
0	0
2	48
0	0
0	0
0	459
1	38
0	0
0	70
0	46
0	9
154	450
0	3
0	26
0	146
0	1
0	0
0	0
0	149
0	11
0	0
0	0
0	100
0	5
0	0
0	22
0	0
0	0
0	0
0	6
1	197
0	0
0	19
10	207
0	184
14	74
0	0
0	30
0	0
0	9
0	109
0	1415
0	46
0	25
0	1853
0	0
0	0
0	7
0	0
0	0
1	9
0	9
0	47
0	0
5	47
0	5
0	0
0	16
0	0
1	18
0	0
8	853
0	6
0	0
0	16
0	105
0	0
0	0
0	0
0	0
0	0
0	0
4	803
0	35
0	0
0	0
0	2362
0	15
0	82
0	0
0	31
0	82
0	0
0	0
0	7
0	0
0	0
0	5
0	20
0	0
0	0
0	1129
0	21
0	0
0	2
5	115
0	123
1	42
0	5
0	0
0	20
0	26
0	11
0	0
0	0
0	91
0	0
0	16
0	433
0	1
0	0
0	0
0	0
0	4
5	34
0	0
0	36
2	339
0	14
0	12
0	223
0	76
0	58
0	0
0	0
1	12
0	0
0	0
0	30
1	10
0	477
2	90
0	0
0	3
0	26
0	0
0	0
0	19
0	48
0	0
0	0
0	47
0	27
0	526
0	224
0	27
1	285
0	0
0	0
0	0
0	25
0	0
0	89
0	5878
17	3
0	0
0	0
0	0
0	532
14	38881
0	0
0	34
0	21
0	12
0	0
1	14
0	36
0	0
2	0
0	1032
0	0
1	155
0	40
0	0
0	234
1	20
0	109
0	29
0	12
0	34
0	27
4	1727
0	194
0	141
0	184
0	0
0	23
0	1
0	0
13	2594
2	132
0	1
0	45
0	767
0	0
0	18
0	1
0	114
1	760
0	131
0	5
0	0
0	35
0	6
0	110
0	0
0	0
0	16
0	60
0	118
0	59
0	30
0	83
0	0
0	177
0	167
0	9
1	845
6	23
0	260
0	0
0	4
0	0
0	0
0	0
0	0
1	67
0	909
0	271
0	10
0	61
0	0
0	9
0	10
0	1
0	75
0	0
1	1
1	1312
4	0
17	334
0	0
0	0
0	21
0	116
0	56
0	50
0	0
7	9
0	0
0	0
0	29
0	0
0	10
0	0
4	74
0	0
0	20
0	5
0	0
0	69
0	0
2	5
0	177
2	10
0	22
0	5
0	0
0	0
0	0
0	10
0	2
0	0
0	226
0	85
1	78
0	0
0	1
0	0
0	497
0	0
0	48
3	17
0	65
6	747
2	36
0	158
0	0
18	141
0	5
0	0
1	44
0	131
0	10
1	0
0	0
0	0
0	178
0	6
0	6
0	0
0	0
3	398
0	0
0	0
0	0
0	6
0	0
0	2
0	0
0	0
0	0
0	173
0	1
0	76
1	0
3	2806
0	0
0	0
6	895
0	0
0	0
0	0
1	32
0	28
0	78
0	24
0	545
0	0
1	6084
1	94
0	102
0	9
0	75
1	0
10	171
0	0
0	209
0	334
0	0
0	0
0	0
0	2112
0	239
0	15
0	0
0	0
0	9
0	234
0	20
0	1
0	0
0	63
0	0
0	10
0	0
0	16
0	313
0	22
0	494
0	0
0	0
9	428
0	0
8	35
2	11
0	16736
0	0
0	29
0	0
0	0
0	0
0	0
0	761
3	451
0	54
1	1
0	702
0	0
0	3054
0	118
0	0
0	1761
0	116
3	18
0	0
0	0
0	14
2	46
0	0
3	10
1	0
0	2
0	0
0	0
0	0
0	120
0	0
3	4377
0	0
0	0
12	3324
0	10
0	0
0	11
0	14
0	1
0	9
1	80
0	0
0	228
0	515
0	101
0	0
0	0
0	16
2	1
0	831
0	0
1	3
0	0
0	0
0	20
0	24
0	162
0	5
0	73
0	0
0	0
0	0
0	39
0	69
0	0
1	2675
0	17
0	157
25	56
2	175
0	95
1	139
3	18
12	596
0	46
0	45
0	0
2	53
0	0
0	0
0	0
0	40
0	0
0	0
0	0
0	0
0	0
0	25
0	0
0	39
1	5
1	44
4	36
0	2751
3	1092
0	41
0	59
0	0
0	97
0	0
0	33
0	0
0	2
0	0
0	19
0	23
2	44
0	754
0	30
0	0
0	0
0	534
0	16
0	0
0	0
9	1014
0	1
0	1
0	4
0	0
2	188
3	13
0	1
0	86
0	260
0	357
0	4
0	0
0	291
0	7
0	503
0	0
0	9
0	0
0	206
0	0
0	3
0	322
0	35
0	0
0	0
0	4
1	0
0	17
0	77
0	42
0	26
0	0
0	0
0	0
0	0
0	35
0	0
0	203
0	0
0	86
0	14
0	0
0	0
0	0
0	3
0	72
0	0
0	1
0	19
0	0
2	3
0	8
0	439
0	3
3	637
0	810
0	6
0	12
0	119
0	196
0	169
0	0
0	0
0	55
0	0
1	0
0	5
0	0
1	2
0	0
0	14
0	0
0	17
0	0
0	0
0	7
0	21
0	1
0	0
3	56
7	65
0	2
0	0
0	0
0	6
0	58
0	449
1	16
0	0
0	16
0	55
0	64
0	1329
8	573
0	9
0	7
0	108
0	0
0	0
0	53
0	0
2	0
0	486
0	0
0	0
0	31
0	506
0	10
0	0
1	5924
0	97
1	113
0	0
0	0
0	122
4	150
0	0
0	50
1	268
0	10
0	4953
0	0
0	0
11	2
0	0
0	0
0	0
0	50
8	370
0	751
0	0
98	10929
0	27
6	22463
0	174
0	30
0	0
0	10
0	9
0	9
0	0
0	1
0	0
0	99
0	10
0	0
0	0
0	4
0	11
0	0
0	0
0	16
0	54
0	1
1	65
0	0
0	37
0	11
0	60
0	344
0	0
0	13
0	0
0	24
0	3
0	1
0	0
0	0
0	23
0	0
0	128
1	391
0	735
1	142
0	0
0	188
0	19
0	14
0	540
0	57
0	1
0	0
0	588
2	157
629	5876
0	22
7	159
0	17
0	67
0	15
0	0
0	1
0	16
0	88
4	21
1	75
0	0
0	0
0	18
0	34
0	0
1	1
0	335
1	4
0	50
0	25
5	0
0	0
0	49
0	1
0	16
0	262
0	316
3	104
0	0
0	0
0	219
2	3
2	17
0	0
0	24
0	21
0	0
0	2
0	36
0	0
0	2
0	46
0	0
0	0
0	6
0	0
0	10
0	1759
0	13
0	8
0	72
0	20
0	0
0	0
0	588
0	197
0	73
0	26
0	0
0	0
0	22
0	0
0	19
1	165
3	616
2	1388
0	7
0	399
0	0
0	1
0	4
0	0
0	131
0	74
2	694
0	3
0	445
0	8
0	222
0	31
0	18
7	26633
0	0
0	25
0	1063
2	121
2	6
0	732
1	0
0	0
0	1
0	20
0	15
1	0
0	0
0	94
0	28
0	370
0	469
0	456
0	235
0	22
0	359
0	0
0	82
0	0
0	0
0	0
0	28
1	2169
0	0
3	254
0	0
2	128
0	4
0	2
0	49
0	0
2	3
1	2037
0	0
4	3
0	350
3	23
0	3
0	48
0	0
0	102
0	157
0	8
0	0
0	0
0	0
2	60
0	764
0	382
0	0
0	190
0	174
0	0
0	256
0	0
0	58
0	0
0	0
6	7
0	41
0	31
0	0
0	0
0	45
0	0
0	0
0	0
0	13
0	0
0	246
0	3
0	0
1	56
0	0
0	137
1	0
2	54
0	35
0	17
0	1
3	222
0	0
0	0
0	0
0	0
2	1592
3	39
1	295
0	180
0	2
0	0
0	12
1	172
0	100
0	0
2	20
0	112
0	445
3	293
5	17
1	1
0	417
0	773
0	5
0	0
2	19
0	244
0	0
0	0
0	0
0	12
0	0
0	0
0	0
0	43
0	4
0	9825
0	0
0	550
0	0
4	28
0	351
5	93
0	31
0	6
0	0
1	67
0	5
0	28
0	380
0	0
0	4
1	87
0	1
0	0
0	7
0	0
1	328
0	312
0	0
0	1
0	39
0	0
0	0
0	0
0	579
0	0
0	4
0	170
0	71
0	80
0	83
0	5
1	643
0	0
0	0
0	27
0	2
0	4
0	13
0	13
0	0
0	0
0	155
0	131
0	13
0	0
0	0
0	1060
2	10
0	0
0	1
0	105
0	181
0	1
1	6
0	409
0	0
0	1
0	162
0	0
0	6
0	0
0	11
0	0
0	116
0	0
15	0
4	1585
0	0
1	688
3	9706
0	9
0	0
0	2
0	132
0	8
0	2
0	173
0	797
0	3
0	0
0	91
0	8
0	58
0	1
0	44
0	0
0	113
0	338
0	43
0	42
0	64
0	55
0	0
3	475
1	2
0	5
0	17
1	467
13	893
0	0
0	0
3	0
0	6
0	1
1	335
7	1816
0	258
8	112
0	0
0	15
0	48
0	75
0	0
4	24
0	0
1	109
1	59
1	57
0	22
2	91
2	0
0	23
0	0
0	46
7	1675
0	20
0	0
1	2561
0	1319
0	6
2	210
0	0
0	0
1	63
0	4
0	153
0	0
0	0
1	227
1	12
0	33
0	0
15	1
0	78
0	25
0	41
0	0
3	49
0	857
0	92
0	0
0	0
0	36
0	247
0	0
0	0
0	0
0	3
0	157
0	0
2	3
0	515
0	11
0	1162
0	0
0	0
0	111
21	98
0	183
0	45
0	63
0	0
0	0
0	0
0	26
0	24
0	205
0	43
0	81
0	0
0	0
0	100
0	1
0	0
0	0
0	0
23	815
0	696
0	285
0	11
1	73
0	1
0	70
0	122
0	14
0	7
0	1
0	3
0	0
0	0
0	3
0	87
2	537
2	0
1	727
0	0
0	43
0	22
0	0
0	0
0	18
5	2
6	666
0	1
0	13
1	447
0	58
0	54
0	0
0	0
1	19
0	0
0	364
0	0
0	0
0	0
0	2293
0	0
3	657
0	62
0	44908
0	1
0	0
0	49
0	0
0	219
0	279
1	3
0	0
1	4
0	203
0	7
0	9
0	4
0	505
1	70
0	25
1	0
16	2473
0	43
0	0
0	2
0	8
0	1106
0	0
0	0
0	671
0	39
0	0
0	2
0	0
0	258
0	35
0	18
0	254
0	3
4	197
0	0
0	15
1	237
0	86
0	7
0	171
0	0
0	43
0	2
0	0
0	4
0	276
0	105
0	22
0	1
0	0
1	18
0	57
0	199
0	6
0	35
0	163
0	31
0	99
0	54
0	0
0	0
0	8
0	9
0	0
0	0
0	16
0	31
0	11
0	0
0	0
0	0
0	165
0	0
0	48
0	457
1	169
0	5
0	3
0	0
0	0
0	8
3	451
0	38
3	25
0	46
0	101
0	214
0	0
0	427
0	2542
0	22
0	0
0	0
0	50
0	66
0	0
0	0
0	6
1	106
0	0
0	53
0	0
0	0
0	0
0	0
1	36
27	1112
0	34
0	116
0	1
1	242
0	0
1	913
0	0
23	1787
0	0
0	1
0	28
3	5
0	82
0	7
0	0
0	0
1	354
0	2
3	364
2	70
0	0
0	10
0	0
0	37
0	80
0	1
0	210
0	3987
0	304
0	66
0	2
31	0
0	0
0	6
0	0
0	362
0	0
0	0
0	0
0	0
0	17
0	0
0	0
0	0
0	5
0	111
0	0
0	0
0	0
0	0
23	397
0	98
3	71
0	14
0	121
0	54
0	7
0	0
3	19
0	51
0	26
0	0
0	0
0	434
0	0
0	2
0	0
0	0
0	0
0	0
3	73
0	67
0	332
0	0
0	1285
0	4
1	6
0	1649
0	255
0	0
0	39
0	504
0	0
0	0
0	0
0	0
0	231
0	123
1	230
33	177
0	0
0	11
0	0
0	125
0	0
0	1
0	0
1	56
0	0
0	0
0	21
0	0
0	0
0	2
0	191
0	0
0	1
142	357
0	3
1	1379
0	25
0	1
5	13
0	15
0	12
1	8
0	1779
2	30
0	1
16	187
0	0
0	354
0	2
0	0
1	67
0	0
0	130
0	1
0	0
0	135
0	1
0	19
0	5
1	22
1	24
0	0
0	2
0	26
0	38
0	0
0	0
0	0
0	16
0	0
0	0
0	5
1	37
1	25
0	189
0	10
0	2808
0	194
0	0
0	0
0	3
0	0
0	165
0	53
0	35
0	183
0	0
0	0
0	14
0	7
0	0
0	0
0	29
0	0
0	0
1	8
0	10
0	155
0	0
0	1
0	0
0	0
0	0
0	53
0	1
0	55
0	53
1	103
0	3
0	0
0	158
0	23
2	657
0	0
1	22
3	283
0	0
0	0
0	109
0	0
0	35
0	20
0	10
0	311
0	65
4	664
0	0
0	2
2	4
0	24
0	15
0	3
0	72
0	7
0	0
0	341
0	0
0	67
0	58
0	155
1	11
0	7
0	0
0	8
0	0
0	573
0	0
52	14064
0	0
0	1
0	297
0	0
3	869
1	19
1	7
0	1
0	5
0	3
1	408
0	256
0	52
2	89
8	14
0	179
4	126
0	0
19	92
1	440
0	0
2	113
0	28
0	0
0	89
0	0
0	10419
0	333
0	107
0	0
0	135
0	9
1	14
0	48
0	1
0	0
0	9
0	766
0	12
0	97
0	84
0	0
0	0
0	13
0	1678
0	2
0	32
0	9
11	217
0	22
0	221
1	1
0	5
4	1130
0	12
0	70
0	99
0	742
0	0
2	349
0	0
0	0
0	442
2	768
0	14
0	0
0	0
0	1
0	0
0	2926
0	90
1	110
0	0
1	20
0	0
0	7
0	55
1	122
0	1
0	0
4	289
0	307
0	216
0	0
0	0
0	46
0	0
0	13
0	1
2	3209
0	0
0	1
0	252
0	0
1	29
70	30
0	265
0	464
0	2294
0	697
0	0
2	3
0	321
0	1
0	140
0	0
0	0
0	1377
0	2
170	338
2	1174
1	218
3	607
0	0
3	0
0	81
2	0
0	78
0	126
0	0
0	0
0	1
0	82
0	73
0	333
0	5
0	41
0	0
9	390
0	27
0	2
2	19
0	0
0	0
0	62
0	2
0	120
0	0
0	55
0	0
0	51
1	233
0	131
0	49
0	58
0	20
0	39
0	26
0	4
0	0
8	40
3	1132
0	0
0	9
6	513
0	305
0	57
0	0
0	348
0	5
0	0
0	3
6	40445
0	2
0	571
0	0
0	4
0	34
7	1591
0	64
1	33
0	0
165	30
0	92
0	169
0	9
0	0
0	2
0	64
0	168
0	0
0	3
1	254
0	0
0	39
0	0
4	954
0	0
9	6081
0	0
0	39
0	0
1	36
13	1
0	282
0	5
0	12
1	51
0	0
0	0
0	0
0	424
0	39
0	2
0	0
0	1028
0	0
3	50
0	12
7	245
0	188
0	0
0	1385
0	1
0	128
3	1
0	13
0	697
0	0
3	2326
1	592
1	45
0	0
3	92
1	0
1	1
0	688
0	0
2	2
0	0
0	10
0	157
0	0
0	199
0	0
0	85
0	688
0	54
0	0
0	0
0	1
1	3850
0	212
0	70
0	11
0	26
0	0
0	7
0	273
0	0
0	0
1	798
0	0
0	31
0	0
0	312
5	484
0	0
0	186
0	46
0	0
0	0
2	87
0	0
0	53
0	0
0	48
0	16
0	36
0	0
0	38
0	1
0	96
0	45
0	0
0	140
0	4
0	22
0	0
0	8
0	33
3	1
0	0
0	0
0	45
0	10
0	60
0	0
0	291
0	2
0	6
0	57
0	1
0	21
0	8
0	0
0	0
0	123
0	25
0	53
5	0
0	0
2	45
0	30
0	32
0	0
15	107
6	6832
0	0
0	1092
0	0
2	586
1	4
0	1907
0	0
0	188
0	92
0	1
0	71
0	0
0	136
0	2
1	5296
0	13
0	251
0	89
0	338
0	0
0	14
2	0
1	63
0	1035
0	5055
6	310
0	0
1	5
3	2
0	24
0	2415
0	1068
29	85
0	11
0	0
0	0
0	0
0	0
0	122
0	119
0	0
0	0
0	1
0	0
0	0
0	73
0	0
0	0
0	0
0	0
0	0
0	0
1	544
0	13
0	47
0	3
0	3
1	10
3	250
0	129
0	190
0	0
0	0
0	1217
0	28
0	1
0	0
0	1
0	15
0	0
0	425
0	0
0	0
0	18
0	0
27	0
50	2147
0	0
0	0
1	7604
0	0
0	0
0	5
2	223
0	0
0	0
11	412
0	0
0	0
4	539
0	0
0	7
0	228
0	0
0	0
0	0
0	48
0	0
0	0
0	0
0	11
0	208
0	13
0	0
0	19
0	60
0	14
0	0
0	57
0	859
66	1
0	226
0	0
0	0
14	469
0	0
1	135
0	0
0	0
0	50
0	15
0	0
0	85
0	6
0	348
0	1189
0	8
0	0
0	16
0	11
0	53
0	27
1	0
0	152
0	0
0	131
1	605
0	0
0	0
0	23
0	227
0	6
0	100
0	499
0	0
0	9
0	0
0	2
2	0
0	2178
6	74
0	30
0	5
0	64
1	22
0	2
0	0
0	105
273	459
0	0
0	0
1	476
0	67
0	9
0	10
0	0
0	165
0	20
0	40
1	78
0	0
0	10
1	536
0	22
0	0
0	17
0	364
1	47
0	0
0	91
0	1
0	575
0	457
0	97
0	22
0	25
0	1306
0	306
0	46
13	170
2	0
0	62
0	0
0	86
0	0
0	0
0	0
0	11
3	97
0	0
0	0
0	12
0	72
0	0
0	0
0	0
0	0
37	138
5	55
0	0
0	0
0	0
0	0
0	0
0	0
0	0
3	132
5	325
0	0
0	120
0	13
0	450
1	4
2	3
1	186
0	114
0	0
0	112
0	284
0	0
2	6824
0	151
1	0
3	36
0	10825
0	0
0	159
0	1
0	123
0	0
0	0
7	20
0	1428
0	0
0	0
0	206
0	11
0	22
0	0
0	80
0	43
0	66
1	15
0	9
0	1422
0	0
0	0
0	192
0	70
0	6
0	6
0	6
0	15
0	0
0	0
0	0
1	52
15	0
0	17
0	0
0	152
0	4
0	0
0	23
0	13
0	3969
0	3584
0	217
0	54
0	473
0	3
0	0
0	0
0	8
0	274
0	55
0	8
0	236
0	0
4	134
0	209
0	0
0	0
15	87
0	405
0	0
1	10
0	168
0	205
0	0
1	115
0	1493
0	0
0	0
0	0
0	2
0	0
0	9
0	37
0	0
3	49
0	24
0	807
0	0
0	0
0	235
2	41
0	0
0	0
0	502
0	52
0	110
0	127
0	16
0	36
0	64
0	0
0	0
0	0
0	27
0	287
0	108
1	8
0	142
0	16
0	223
0	0
0	99
0	140
0	88
1	15882
0	0
0	16
1	187
1	225
0	9
1	10
35	0
1	96
1	10
1	33
0	52
0	0
0	0
34	1387
0	129
0	3
3	548
0	0
0	0
0	129
1	46
0	0
0	0
0	0
0	171
0	290
0	106
3	327
0	170
4	29
0	163
0	358
1	1
1	0
0	0
0	0
0	0
0	0
0	417
0	0
0	45
0	0
0	11
0	41
0	19
2	27
0	0
3	126
0	5
0	89
0	0
0	0
0	3
0	1
0	1
0	7
0	65
0	3
0	1
0	0
0	0
1	0
0	14
0	0
0	161
0	87
0	1205
0	14
3	8
0	0
0	0
0	35
0	20
1	18
0	0
0	0
0	22
0	0
0	0
1	293
0	251
0	0
0	1
0	1
3	314
0	77
0	0
1	6
0	5
0	0
0	205
0	0
0	33
3	158
0	8
0	0
0	0
0	104
1	50
0	0
0	137
0	2
0	18
0	294
0	115
0	126
0	15
0	143
1	0
0	29
0	105
0	10
0	3
0	120
0	286
0	1
0	55
0	2
0	0
0	0
0	359
0	23
1	6
0	0
0	1
0	15
0	0
1	35
0	0
0	6
0	0
0	0
0	6
0	22
0	77
9	129
0	0
0	319
0	4
0	1
1	2
0	0
3	248
0	0
1	1
0	3
0	0
0	127
0	0
0	55
1	1191
0	3
3	67
0	9
0	20
3	234
0	0
0	911
0	1
1	56
0	0
3	138
0	0
0	0
0	348
0	13
0	12
1	16
0	28
0	669
0	6
0	180
5	86
1	0
0	2
0	11
0	0
1	0
2	512
0	0
0	0
0	0
0	153
19	101
0	0
0	0
0	6
0	44
0	11
0	3
0	5
0	278
0	1
0	0
0	0
0	0
1	28
0	0
0	38
0	92
0	24
0	0
0	156
5	43
0	0
0	14
0	65
0	4065
0	22
0	83
0	1773
0	1
0	29
0	606
0	7
0	0
0	0
1	82
0	69
0	0
0	55
0	2
0	0
0	294
1	0
0	30
0	106
0	103
19	325
0	4472
0	4
0	7
1	128
0	0
20	471
20	709
0	5
0	101
1	23
0	10
2	195
0	177
0	0
0	0
2	1096
5	0
8	240
0	12
0	20
0	0
0	55
0	0
0	28
1	1
1	284
0	172
8	682
0	0
5	3
0	0
0	0
0	0
0	5
0	0
1	526
5	53
8	13692
0	0
0	10
0	45
0	25
1	42
0	0
0	4
0	0
0	3
0	0
0	0
5	1116
0	231
4	46
0	1
0	51
47	4398
0	0
1	286
3	119
0	231
0	1
0	83
0	60
3	74
0	1
0	0
0	25
0	0
1	127
1	2409
7	305
0	0
0	0
0	0
0	0
0	30
0	31
0	4
0	0
0	0
0	0
3	1035
0	55
0	2245
0	0
0	0
1	4
0	3
0	89
0	18
0	0
0	8
0	0
0	0
0	0
0	0
1	1610
0	0
0	0
0	7
1	0
0	0
128	328
0	0
0	0
3	532
0	0
0	7
0	258
0	34
0	4
0	10
0	0
0	80
0	3
0	1
0	22
0	859
0	16
40	5945
0	0
0	0
0	34
1	0
0	0
0	0
1	17
0	764
0	82
0	0
0	70
0	445
0	13
0	0
0	49
0	31
0	0
3	0
0	3
0	61
0	0
2	5
1	232
0	142
2	276
0	18
0	17
0	0
0	138
0	0
0	1
0	1
6	206
0	0
0	5
18	467
0	0
1	5
0	0
0	0
0	955
1	90
0	25
0	56
0	5
0	12
0	15
0	0
0	0
0	0
0	4230
0	0
0	7
0	0
0	152
0	1
0	6122
0	1
6	0
0	0
0	130
0	0
0	102
0	19
0	0
0	0
16	169
0	0
0	0
0	1
1	0
0	142
3	2487
593	927
0	8
0	399
0	0
0	50
0	2
0	0
0	5
0	1
2	155
0	8
0	0
0	0
0	0
0	3727
0	0
0	913
0	235
1	0
0	0
0	147
0	0
0	75
0	0
0	0
2	557
0	284
0	0
0	492
0	11
0	5505
0	1
0	318
0	0
0	0
1	25
0	27
0	199
0	59
0	36
1	83
5	4
0	0
0	19
0	0
0	65
0	4
0	14
0	49
0	0
0	15
1	8
0	0
0	3
1	7
0	758
0	1
0	0
0	0
0	370
0	19
0	0
0	34
1	215
2	7
0	0
0	0
0	218
0	75
3	60
0	63
0	0
0	1083
0	88
0	0
0	639
0	317
0	0
0	5
0	196
0	3
0	0
0	0
0	40
0	46
0	111
0	0
0	0
0	0
0	196
0	196
0	0
0	8
0	341
0	259
0	14
0	0
0	1
0	1
0	3
0	5694
0	118
4	428
0	16
0	0
1	92
0	4
0	71
0	2
0	104
0	2528
0	0
0	0
0	18
0	51
0	1
0	52
0	0
0	18
15	209
0	9
5	13
0	25
0	0
0	4
0	0
0	63
0	77
0	0
0	4948
0	0
0	0
0	1085
0	0
0	14
0	1730
2	0
0	1138
0	0
0	86
0	0
0	0
0	99
15	287
0	0
0	130
0	1
0	0
0	3
0	466
0	22
0	15
0	0
0	32
0	20
0	1
0	2
0	0
1	39
0	0
0	186
0	0
0	7
0	2
0	5455
0	0
0	1
0	0
0	0
1	51
0	0
1	5
0	0
0	335
0	337
1	33
0	9
0	23
1	19
0	4
0	37
0	67
0	22
0	0
0	311
5	303
0	3
0	0
0	0
0	166
0	0
0	0
0	0
0	2
0	154
0	1284
0	0
0	54
0	0
0	0
0	90
0	165
0	6
0	153
1	73
0	0
0	192
0	67
1	767
0	0
0	1
0	0
0	86
0	0
0	176
0	0
0	383
0	32
0	5
1	37
1	918
0	143
0	0
0	112
0	0
0	17
0	143
9	712
0	0
0	11
1	83
0	3
0	9
0	0
0	1
0	0
0	856
0	9
0	0
2	1157
0	229
0	0
0	18
0	0
0	0
0	0
2	84
6	9
0	571
0	0
0	0
0	235
0	7
0	2
1	7
0	0
0	0
0	0
0	0
0	0
436	193
0	8
0	0
0	0
0	313
0	1
0	24
7	1586
0	67
0	46
0	1
0	383
0	3
0	0
0	0
0	5
0	24
1	226
0	0
0	1
0	0
0	64
0	151
0	105
0	2
0	70
0	8
0	0
0	0
0	279
0	1
0	0
0	2
0	308
1	407
0	4
0	1
8	62
0	45
0	53
0	145
0	0
0	126
0	0
0	0
0	71
6	356
0	34
0	0
0	198
0	215
3	32
0	415
0	0
22	761
0	44
0	2
0	1503
0	0
0	1
0	64
0	422
0	1747
0	30
0	0
0	79
0	0
0	7
0	168
0	30
0	0
6	336
1	18
0	10
19	1
2	180
0	54
0	0
0	140
0	162
0	1067
0	0
0	214
0	8
0	4801
0	0
1	0
0	9
0	120
0	7
0	25
0	29
1	158
0	0
0	0
0	26
0	0
0	2
0	0
0	5336
0	57
3	71
0	0
2	31
0	0
0	0
0	263
0	0
0	2
0	18
0	1
0	8
0	30
1	8033
0	39
0	0
0	0
0	434
0	790
7	3236
2	448
0	0
0	129
1	12
0	2025
0	1060
0	59
1	509
3	288
0	155
0	316
1	345
5	0
3	1169
0	343
0	0
2	7
0	120
0	1
0	0
5	67
0	52
0	0
0	2
2	0
0	193
0	289
0	30
0	0
0	89
0	0
0	56
0	6
4	78
0	0
1	10
10	1260
0	72
0	0
0	101
0	0
0	0
0	3
0	6
0	29
0	1
0	0
0	0
0	0
0	0
0	0
0	63
0	0
0	0
0	911
0	9
0	88
0	84
0	2
0	54
0	2
0	100
0	0
3	0
0	0
0	0
0	0
1	18
1	278
0	0
0	263
0	40
0	0
0	5
0	0
0	32
3	1536
0	137
0	21
6	2414
1	342
0	0
0	0
0	17
0	4
0	34
0	1
0	628
1	12
0	10
0	37
1	1228
0	0
0	1
1	0
0	0
0	2
0	0
0	109
0	0
0	8
0	47
0	0
0	0
0	5
0	55
0	0
0	67
0	0
0	33
0	0
0	0
9	0
0	2
0	0
1	628
0	665
0	0
1	329
0	1299
0	30
0	12
1	1442
0	0
0	0
0	1
1	562
0	0
0	1
0	81
1	643
0	804
0	0
6	198
9	1213
0	7
0	0
0	7
0	4
0	0
4	204
0	3
6	216
1	0
0	157
2	645
0	0
0	79
0	6
0	0
0	1758
0	106
0	0
0	231
0	310
4	230
0	0
0	97
0	80
0	171
0	0
0	0
0	13
0	0
0	3835
0	5
0	0
0	0
0	0
3	62
0	0
0	0
0	0
0	0
0	91
0	0
0	31
0	87
0	334
0	36
0	1
0	0
3	145
0	0
1	441
1	39
0	22
0	666
0	110
0	29
1	611
0	0
0	4
0	0
0	343
0	45
0	0
4	6
0	4
0	1088
0	0
0	176
0	0
0	0
0	9523
0	172
0	0
0	0
0	5
0	10
0	0
0	124
40	1741
0	819
0	6
12	355
0	1067
1	73
4	28
0	926
0	78
0	0
3	18
0	0
0	0
0	0
0	0
0	42
0	3879
0	163
0	2
0	0
0	277
0	2
0	0
7	646
0	0
0	0
0	0
0	0
0	0
0	44
0	0
0	213
0	0
0	469
0	450
0	0
0	17
0	0
0	1
0	1
0	365
0	0
0	20
0	7
0	12
1	104
56	104
0	7
1	8
0	6
0	1
0	1
0	22
0	0
0	46
136	1336
0	0
0	0
0	0
0	0
0	255
0	527
0	1
0	0
0	0
0	250
0	25
1	298
0	0
0	29
0	101
0	90
0	0
0	52
0	153
0	18
0	7325
1	698
0	2
0	253
0	0
3	5
1	21
0	197
0	254
1	356
0	482
0	201
0	127
0	0
0	0
0	180
0	0
0	187
0	1839
0	2019
0	0
1	44
0	0
0	15
0	0
0	0
0	12
0	6
0	0
1	323
0	99
0	257
0	56
0	5
0	65
0	2
0	120
0	0
0	0
0	0
0	107
0	1210
0	2
0	1
0	0
0	25
0	18
0	250
0	0
0	79
0	41
0	445
0	0
1	0
0	227
0	506
0	1172
0	223
0	33
1	13
0	0
0	0
0	0
0	805
0	0
16	30
0	25
0	0
0	85
0	2
0	19
0	359
0	0
1	211
173	0
0	12
0	334
0	29
0	42
0	146
0	0
0	0
0	186
13	2034
0	24
0	60
0	0
0	77
0	0
0	0
0	325
1	25
0	879
0	0
0	4
0	32
0	18
0	0
0	0
0	0
0	19
0	0
0	3
0	0
0	0
0	28
0	126
0	41
3	298
0	20
0	168
0	5280
0	253
0	82
1	0
1	37
0	0
0	0
0	12
0	0
0	3
2	12
0	0
0	0
1	64
0	3
0	180
0	3
0	0
0	69
0	1532
0	255
0	51
0	1621
0	258
0	496
0	0
0	1
0	425
0	100
0	13
142	261
0	2
0	3096
0	378
0	0
0	0
0	39
2	193
0	0
0	0
1	12
0	798
0	13
0	0
1	197
0	0
0	26
0	104
3	0
0	7
1	7
0	50
0	0
0	7
0	0
0	0
0	86
227	64
1	1701
2	113
0	554
0	3
0	36
2	311
0	14
0	11
0	0
0	722
0	691
1	185
0	0
0	0
1	160
17	293
60	0
0	0
0	0
0	0
0	0
13	974
0	58
0	0
0	1285
0	68
0	6
0	3
1	336
0	2
1	994
0	96
0	0
0	0
0	129
0	149
0	1
0	58
3	125
0	640
2	55
0	2552
0	30
0	2
0	0
0	18
0	36
0	2
0	2
0	0
1	0
0	0
0	506
0	39
0	0
1	15
0	530
0	0
0	78
0	2873
0	46
0	37
0	13
7	696
0	877
1	197
0	2516
0	0
2	2212
0	0
0	64
0	43
0	0
0	0
0	0
2	52
0	79
0	273
0	8
0	57
0	246
0	0
0	36
0	29
0	812
0	45
0	0
0	1
5	154
0	21
0	0
0	2
0	6
0	0
0	182
0	0
0	80
0	36
0	0
0	13
0	12
0	0
2	160
0	67
2	34
0	0
0	812
0	0
0	0
0	14
0	559
0	104
0	48
0	0
0	0
0	149
0	0
0	1
0	0
0	397
0	32
0	98
0	5
0	9
0	3
0	12
0	141
0	20
0	106
0	8506
0	0
0	0
0	3
0	0
0	102
0	2
0	136
0	0
0	0
0	521
0	0
23	371
0	144
0	197
0	0
0	0
0	588
0	9
1	14
0	232
0	1
0	0
0	1
0	1
0	350
0	0
0	2
0	0
0	6
0	0
0	20
0	0
0	3
0	613
0	16
0	879
0	2
1	0
0	0
0	13
0	38
1	7
0	150
0	106
0	603
0	35
0	0
0	36
1	568
1	66
0	34
0	0
0	336
0	434
0	87
0	10
0	17
2	0
3	22
0	18
0	47
0	12
0	0
0	92
0	19
0	0
0	170
0	0
0	3
0	2532
0	0
0	0
0	15
0	83
0	156
0	7
0	0
0	0
0	0
4	815
0	35
0	3
0	0
0	0
0	0
0	0
0	0
0	60
0	0
0	0
0	0
0	992
0	86
0	1
0	0
0	205
0	16
0	146
0	0
0	364
0	15
0	0
0	1251
0	7634
0	24
0	13
1	73
1	640
0	33
0	14
0	5
0	1
0	149
0	737
0	5
0	0
0	0
0	0
0	1
0	123
0	63
0	0
0	0
13	1138
0	0
20	7977
0	22
0	0
2	944
0	0
0	636
2	72
1	107
0	664
0	1165
0	547
1	560
0	80
0	7
0	3
0	0
0	5
0	0
0	0
0	46
0	0
0	1
0	2536
0	18
0	141
0	0
0	0
0	190
0	5
2	48
0	24
0	601
1	0
0	322
0	151
0	0
0	229
0	888
0	0
0	0
3	46
0	0
1	3
394	109
0	21
0	97
0	0
0	120
0	115
0	0
0	44
8	1095
0	4
0	17
0	124
0	26
2	15
0	1
0	0
0	42
0	0
0	126
0	3
0	116
0	466
2	6
0	0
0	0
1	516
0	5
0	0
0	215
0	0
20	2
0	46
0	632
0	0
0	40
0	0
0	8
0	0
0	229
0	726
0	0
0	1719
0	184
0	19
0	0
0	383
0	19
0	3424
0	361
0	412
0	0
0	14
0	4267
0	0
0	12
1	1
0	0
0	0
0	0
0	798
0	453
17	4346
0	8
1	74
0	87
0	0
0	0
0	272
0	1
0	0
0	0
0	0
0	0
0	41
7	118
0	0
0	0
1	202
0	2
24	48
0	1043
0	0
2	25
0	193
29	0
0	0
4	6
0	446
38	1
0	1
0	0
0	0
0	0
32	50
0	0
0	26
2	597
0	1
0	38
0	0
0	630
0	36
0	1190
0	622
0	0
0	0
0	0
0	0
0	0
0	45
0	110
0	212
2	449
0	9
0	0
0	0
0	11
1	49
0	0
0	0
0	2
0	0
0	0
0	0
0	971
1	0
0	0
0	80
0	826
0	492
0	2106
0	273
0	5
0	0
0	0
0	99
0	4
1	1160
0	0
0	2
0	4
0	0
18	1037
2	3981
0	45
0	0
1	623
0	5294
0	150
9	95
2	119
0	52
0	16
0	0
0	38
0	0
0	0
1	68
0	0
31	238
0	75
0	0
0	599
0	0
3	1
0	5
0	6
0	0
0	12
0	0
1	2550
0	1
0	325
0	382
0	48
2	589
0	1809
0	44
0	127
0	0
0	62
0	0
0	0
0	51
0	0
0	0
0	0
0	0
0	149
0	0
0	30
0	0
0	0
2	71
0	0
26	87
0	0
0	0
0	6
0	0
0	0
0	0
0	0
0	663
0	235
0	1718
0	0
0	1965
0	0
0	0
0	0
0	78
0	0
10	1373
0	648
0	254
0	353
0	36
0	22
19	11
0	3
0	9
0	104
1	2114
0	31
0	0
0	4
0	36
0	4
0	5779
0	0
0	1
0	90
0	0
0	3503
0	0
0	240
0	250
3	280
0	314
0	0
0	0
0	0
1	2
0	50
0	0
0	3
0	5
0	15
0	27
0	12
1	1228
2	1
4	386
0	0
25	60
0	349
0	169
2	56
0	96
0	0
0	132
0	132
0	21
0	2
0	0
0	18
0	0
0	18
1	303
0	109
0	83
0	428
0	0
0	0
0	156
2	463
0	0
0	369
0	104
2	728
0	566
0	0
2	477
0	0
1	25
0	1
0	384
0	16
0	79
0	9844
0	1811
0	0
0	173
0	14
0	4
3	82
0	0
0	61
0	0
0	14
0	150
0	719
0	35
0	0
0	108
0	39
1	0
0	459
0	0
2	26
0	404
0	35
1	53
0	1960
0	0
0	0
0	7887
0	0
1	23
0	0
0	2
0	0
0	784
0	0
2	44
0	0
0	0
0	1
0	0
22	158
0	3
0	428
1	3
0	99
0	109
1	31
0	0
0	0
0	36
0	0
0	96
0	0
0	12
0	5
0	119
0	5
0	0
0	3
0	0
0	0
0	10194
0	1
0	0
0	8
0	13
0	110
0	0
0	0
0	0
59	1754
0	801
0	0
1	840
5	0
0	0
0	33
0	3647
0	2
0	0
1	177
0	1
0	1892
0	454
0	1748
0	0
0	0
0	0
0	222
0	0
0	0
1	381
0	35
1	580
0	505
0	259
0	12
0	0
0	10
0	0
0	0
1	0
0	104
0	40
0	271
0	179
0	0
0	186
0	16
0	2597
0	139
1	4295
0	0
0	289
0	4
0	0
0	71
0	6
0	75
0	6
3	30
1	75
0	32
0	0
0	0
0	2
0	1
0	0
0	17
0	222
0	99
0	184
0	7
0	1
0	0
0	49
0	2
0	0
0	0
0	429
0	28
0	0
0	759
0	0
0	0
0	1
0	0
0	25
0	11
10	18
2	49
0	29
0	35
0	0
0	5
0	0
0	0
7	1
0	1109
0	1
0	0
0	39
1	69
0	76
0	10
5	1405
0	0
0	23
0	10
0	4
0	2
1	220
0	461
0	801
0	0
0	0
0	20
1	314
0	0
3	377
0	119
0	0
0	129
0	0
0	139
0	0
0	0
0	7
0	193
0	0
0	0
0	0
0	285
1	153
7	179
0	520
1	58
0	0
0	1
0	150
0	15
0	1
0	3
0	18
0	6
0	177
0	15
0	0
0	0
0	0
4	50
0	2052
0	13
0	167
0	133
0	121
0	24
0	5
0	118
0	0
0	4
0	46
0	431
0	0
0	1
0	2
0	21
0	5
0	447
0	318
0	0
0	169
0	2
0	1
3	722
0	47
0	0
0	0
3	27
1	8
2	216
0	70
0	11
0	129
0	6
0	511
8	6
0	0
0	0
1	2
0	39
0	0
0	0
0	642
0	0
0	0
0	113
0	0
0	0
0	131
0	0
0	90
0	0
0	598
0	26
0	52
0	28
0	0
0	35
0	0
0	0
8	214
0	0
0	85
0	9
0	0
1	608
1	385
0	242
0	27
3	524
3	838
0	0
0	118
0	50
0	0
0	6946
0	1780
0	2
0	0
0	0
0	67
0	0
0	0
0	4
0	117
15	0
1	131
0	0
0	195
1	1805
0	6
0	31
1	274
0	0
0	21
0	0
0	992
4	59
0	0
0	0
0	250
0	57
0	53
0	269
0	0
0	0
1	916
0	1324
0	18
0	0
0	988
2	236
0	0
59	144
2	749
0	0
0	3
0	1661
0	11
0	0
0	44
0	0
0	158
0	0
0	451
0	3
0	39
0	186
0	1212
0	42
0	0
0	2
1	38
1	20
0	122
2	8
0	0
0	32
0	0
0	93
0	86
1	26
0	3
0	25
0	0
0	74
0	0
1	2
5	317
0	0
0	0
0	0
0	1
0	22
0	45
0	0
0	7
0	18
0	43
0	10
0	82
0	51
2	64
12	1812
0	0
0	266
0	70
5	331
0	0
0	64
0	58
0	146
0	0
0	83
0	0
0	2440
0	124
0	5
0	0
0	220
10	20
0	1
5	0
1	422
0	313
0	243
1	72
0	0
0	0
0	0
0	1
0	4
1	72
0	35
0	656
0	97
0	12
12	245
0	196
0	21
0	4
0	320
0	0
0	21
0	14
0	0
0	104
0	129
0	44
0	3
0	0
0	87
0	1
1	0
0	3096
0	0
0	0
1	307
0	0
0	0
0	720
0	82
0	0
0	60
0	10
0	77
0	0
0	109
1	1074
0	0
0	449
0	351
0	0
37	5574
0	0
2	1754
0	31
0	6455
0	200
0	2
0	0
0	18
0	169
0	6
0	20
0	44
0	9
0	0
0	0
1	0
0	0
0	0
0	21
0	0
0	0
0	14
0	47
0	15
0	0
0	1085
0	0
1	68
0	2
0	0
0	0
0	0
0	20
0	0
1	765
0	0
1	85
0	49
5	82
0	277
1	1
0	0
1	97
8	1
0	29
0	963
0	8
0	0
4	113
0	289
0	80
1	431
0	262
0	440
0	0
0	0
0	26
0	1659
0	91
0	0
0	31
0	1
0	537
0	66
0	0
7	30
0	210
0	22
0	0
0	0
0	645
0	2
0	32
0	0
0	0
0	1
0	1
0	1
1	134
0	10
0	2565
0	25
0	192
0	9
0	3
0	178
0	0
0	2
0	45
0	0
0	372
0	446
0	83
0	564
0	871
10	962
0	0
0	52
0	35
0	1
0	0
0	35
0	0
0	38
0	3
0	0
0	0
0	0
1	0
0	729
0	2
0	1
0	6
0	1096
0	155
0	115
0	173
0	0
5	62
0	0
0	3
0	96
0	6
0	0
24	509
0	9
0	0
0	108
64	0
0	1
0	0
0	17
0	0
0	629
0	480
0	0
0	0
0	344
0	0
0	0
11	321
0	373
0	28
2	13
0	0
0	252
0	0
0	0
0	0
0	25
0	0
4	2
0	0
0	0
0	0
0	0
0	2
0	11
0	0
1	1
0	774
0	0
1	862
0	138
1	656
0	2
0	909
0	0
0	132
0	10
0	252
0	2
0	0
22	274
0	0
0	55
0	1
0	0
0	4
1	706
0	0
19	0
0	4
0	3
0	356
0	310
0	0
0	455
0	1
0	60
0	6
0	628
1	12
0	353
0	425
0	20
0	0
1	33
0	0
0	0
0	115
0	420
0	49
0	40
0	44
0	86
0	0
0	0
1	670
3	63
2	5
0	50
0	0
8	6
1	119
0	0
0	80
4	0
0	0
0	6
0	262
0	1311
0	1
0	0
0	944
1	5442
0	1140
0	0
0	0
12	322
1	15
0	25
2	16
1	124
0	0
0	28
0	25
0	0
0	42
0	99
0	5
0	5
0	142
0	476
0	36
0	7
0	39
0	10
1	42
0	31
0	0
0	1249
4	149
0	0
0	1
0	4
0	0
0	0
1	785
0	0
0	48
0	72
1	0
0	13
4	224
0	332
0	6
0	0
0	159
0	1
0	106
0	266
0	1
0	134
2	0
0	0
0	9
0	50
6	489
0	1272
0	190
3	840
0	0
0	284
0	2
1	97
0	0
0	0
0	15
0	0
0	0
0	0
0	113
0	45
1	25
0	0
0	0
0	12
0	0
0	6
1	26
0	5
0	5
2	1009
0	101
0	0
0	24
0	0
0	0
0	203
0	0
1	14
0	33
0	0
3	405
0	0
0	33
0	0
0	0
0	18
0	115
0	0
0	123
0	0
1	0
1	16
0	0
2	1033
0	236
0	8
0	1061
0	132
0	9617
0	0
0	80
1	67
0	0
0	490
0	0
0	475
0	3
0	96
0	1
0	141
0	0
0	4
0	764
0	411
0	0
6	566
0	0
0	108
0	211
0	0
1	285
0	96
1	263
0	0
23	0
2	0
196	2742
0	0
1	238
0	0
0	0
0	0
0	223
0	2
0	0
0	6
0	1
0	0
0	31
0	0
0	1
1	0
0	1011
0	178
0	97
0	4
0	0
0	313
3	320
0	13
0	0
1	4558
1	0
0	322
0	0
71	2401
0	559
0	9484
0	0
0	0
0	343
0	19
0	1
0	1
0	0
0	0
0	2
0	70
0	0
0	0
0	13
0	0
0	653
0	65
0	207
0	1
0	0
0	0
0	26587
0	111
0	0
0	0
3	694
0	149
1	654
2	1
0	0
0	357
0	2709
0	4
0	0
0	3
0	89
0	23
0	8
0	0
0	169
0	1
0	3
2	982
0	0
0	0
32	3429
0	0
0	1
0	181
0	0
0	0
0	1
0	41
0	151
0	217
0	0
8	214
0	183
0	20
0	0
1	43
0	31
0	32
5	22064
0	731
0	0
0	49
0	158
0	357
0	197
0	51
0	0
0	58
0	0
0	6
1	36
0	93
0	91
0	352
2	322
0	55
0	14
0	8
0	25
0	0
0	0
0	1456
0	0
0	84
1	201
0	0
0	0
0	0
0	2
0	40
0	1
0	0
0	1
0	0
0	52
0	1275
0	20
0	3
0	1
0	0
0	0
0	0
0	0
0	0
0	6
0	7
0	390
0	34
0	0
0	0
0	0
0	6
0	0
0	0
0	6
3	2
0	281
0	0
0	0
3	123
0	2
0	3346
0	0
0	140
0	97
0	0
0	203
0	0
0	0
0	13
0	618
34	506
0	0
2	227
0	0
0	45
0	45
0	3
0	0
0	51
0	0
0	0
3	134
0	10
0	355
0	0
0	1
0	1620
0	1023
0	0
0	0
0	447
0	46
1	120
0	0
0	9
3	581
0	6
0	330
1	9
0	65
0	0
0	325
3	10
0	0
0	0
0	175
0	277
1	4
0	0
0	1
0	0
0	2
0	347
1	776
0	287
0	1084
5	882
37	0
0	0
0	26
0	5
0	110
0	99
0	0
0	4
0	6
0	31
0	22
0	24
0	40
0	0
0	7
0	0
0	5
0	0
0	0
0	0
0	137
0	319
0	0
0	1137
0	246
5	0
0	1
1	93
1	89
1	276
0	27
83	2377
0	10
0	597
0	110
0	0
5	261
0	54
0	0
0	0
0	0
0	330
0	19
0	327
0	222
0	0
0	0
0	14
0	0
0	0
0	528
0	175
0	11
0	0
1	3
0	181
0	0
0	0
0	1
6	239
0	0
0	246
0	0
5	64
0	44
0	0
0	4
0	49
0	251
0	10
0	325
0	7
0	284
0	8
1	185
0	111
0	2
0	4
0	194
0	0
0	1
0	309
0	47
0	6985
0	1309
0	0
0	16
0	0
0	0
3	555
0	11
0	0
0	145
0	0
0	0
0	68
0	0
2	3
0	143
0	0
1	450
0	160
0	0
0	0
0	944
0	0
0	0
1	63
0	0
0	0
1	437
0	1
0	296
0	0
0	0
0	86
1	247
0	0
0	0
0	8
0	36
1	39
0	14
1	6
0	1
0	0
0	0
0	0
0	144
0	2
0	0
0	5
0	0
0	0
0	945
0	0
0	39
0	153
0	3
0	0
0	0
0	0
0	0
0	0
0	380
0	591
0	281
0	1
0	2
0	61
4	721
2	605
0	588
0	0
0	0
0	274
0	3538
0	2
0	2
0	0
0	0
1	13
7	51
0	37
0	442
0	0
0	0
0	73
0	1
0	0
0	9
0	0
7	66
0	0
0	20
0	206
0	5
10	258
0	0
0	139
0	0
0	215
0	0
0	280
0	128
0	184
0	333
1	308
0	0
0	2635
0	4771
0	119
0	123
0	0
0	53
0	0
0	0
0	2
0	0
0	36
0	0
0	16
0	7
0	8
0	2
4	0
0	0
0	94
0	189
0	241
0	285
0	235
0	430
0	25
0	11
0	1
0	417
0	19
0	5
0	0
0	0
2	2
2	108
0	1837
0	0
0	160
0	2
8	104
0	121
0	3
0	162
0	41
0	168
0	4
1	2
0	25
1	13
0	0
0	0
0	250
0	65
0	1
0	51
0	109
0	233
0	24
0	14
0	0
0	2
0	8
0	630
0	0
0	73
2	0
0	76
0	244
0	40
0	5
0	5
0	38
1	20
0	255
0	0
0	0
0	0
0	705
0	42
0	0
0	0
0	659
0	116
1	192
0	250
3	1658
0	0
26	0
0	120
0	28
0	57
12	0
0	6
0	620
0	0
0	5
0	59
1	87
0	6
0	2
0	0
0	1
0	12
0	1
0	0
0	1016
0	0
1	1
0	98
0	0
0	0
1	640
0	0
0	0
0	38
0	0
2	23
0	0
1	119
0	13
0	13
0	0
0	10
11	117
0	0
0	253
10	585
0	665
3	21
0	37
0	2
1	905
0	13
0	150
0	1
0	76
1	4
0	27
0	298
0	65
0	0
0	0
0	80
1	1649
2	55
0	0
0	9
0	0
0	0
0	57
0	0
0	16
0	0
0	0
6	646
0	0
6	0
0	0
2	65
0	0
1	63
0	0
0	0
0	778
0	59
0	0
0	0
0	159
0	1
0	0
0	3
0	0
0	2
0	0
0	0
0	4
0	0
0	2
0	446
0	0
0	4
3	548
0	72
0	0
0	126
1	1397
0	79
2	39
0	4
0	8
0	0
0	432
0	0
0	0
0	28
0	0
0	0
0	178
0	416
0	0
0	0
0	20
0	128
0	0
0	0
0	904
0	46
0	0
0	536
0	0
0	8
3	17
0	0
2	13
0	0
2	418
0	14
0	0
1	27
0	1
0	0
0	790
0	661
0	137
0	0
8	118
0	0
0	93
0	7
0	0
0	42
0	0
0	0
0	215
0	203
0	6
1	111
0	8
0	0
0	86
0	0
0	0
0	7
0	83
0	24
2	1
0	66
0	6
0	1
0	0
0	310
1	270
0	4
0	2
0	22
0	0
0	0
0	0
0	20
0	0
0	175
1	0
0	11
1	129
0	4438
0	419
0	38
0	0
0	21
0	722
0	0
0	100
0	7
0	0
0	0
0	48
0	27
0	7
2	15
0	168
0	0
1	27
0	16903
0	37
0	383
0	0
0	0
0	24
0	0
0	203
20	679
0	0
0	0
0	105
0	0
0	24
0	0
0	423
0	0
0	0
0	125
0	0
0	170
0	3
0	419
0	60
0	988
0	6
0	3
0	0
0	235
0	0
0	1
0	0
0	837
0	82
0	85
0	0
0	140
0	19
0	9
0	0
0	1
0	0
0	0
0	0
0	0
0	0
1	644
0	0
0	0
0	164
0	1
0	27
2	881
0	317
0	2
0	20
0	458
0	14
0	3
0	9
0	5
0	2
6	224
0	0
0	104
0	0
0	0
0	0
0	110
0	9
1	172
0	20
1	115
0	0
0	2
2	0
0	0
0	149
0	0
2	106
0	0
3	903
0	2
0	175
0	105
0	255
0	1067
0	417
0	0
0	38
0	100
0	281
4	202
0	210
0	267
0	43
0	35
0	134
2	430
0	16
0	2
0	0
0	112
1	302
0	0
0	0
1	99
0	1594
0	0
0	40
0	21
1	200
0	0
0	1453
0	0
0	367
0	0
0	0
3	13
0	61
0	40
0	0
0	1218
0	0
0	255
0	153
0	0
0	0
1	94
0	0
0	8
0	72
0	9948
0	2246
0	20
43	105
0	12
0	0
0	0
0	70
2	30
0	0
0	6729
0	0
0	2
0	0
0	1
0	273
0	0
0	0
1	1950
0	76
0	144
0	16
0	11
0	263
0	0
2	2608
1	71
1	8593
0	94
0	0
9	1289
0	88
0	7
0	324
0	13
0	0
0	647
0	0
0	0
0	58
0	64
0	268
0	939
0	7
0	0
0	264
0	1844
0	0
0	0
0	133
0	11
0	0
0	0
0	1
0	965
0	50
0	7
0	0
0	29
7	162
0	0
0	63
0	15
1	128
0	9
0	4
0	9
0	7516
4	0
0	392
1	1
3	2451
0	9
0	0
0	0
4	1201
0	0
0	71
0	16
0	105
0	0
3	13
0	8
0	29
0	0
0	0
0	1391
0	0
6	1269
8	4049
0	41
1	237
0	1
0	453
0	397
6	56
2	0
0	0
0	0
1	2164
1	516
0	0
0	42
0	0
0	39
7	594
1	3
0	77
0	0
0	0
0	0
0	0
0	30
0	40
0	78
0	7
0	0
4	484
0	0
0	153
0	0
0	0
0	606
0	24
0	42
0	49
0	235
0	0
0	13
0	4
1	6
0	0
0	162
1	170
0	2
16	7
1	72
2	23
1	12
0	445
0	2
0	190
5	82
0	80
0	931
0	737
0	0
0	2
1	5593
3	964
0	6
0	0
0	0
0	0
0	5
0	12
0	2
0	88
1	191
0	0
0	21
0	80
0	0
0	266
0	47507
0	0
0	0
5	3658
0	39
1	19
0	26
0	0
0	518
0	21
0	0
0	42
0	84
0	56
0	9
11	1560
0	26
0	94
0	0
0	0
0	16
0	0
0	72
0	0
0	0
0	97
2	23
0	0
0	0
8	187
0	0
0	1
0	0
0	70
0	5
5	1
0	18
0	0
0	30
0	43
0	681
0	20
0	263
1	0
0	0
0	0
0	916
0	142
0	24
0	0
1	23
0	0
0	5
0	266
0	6
0	12
0	20
0	0
0	2
0	1
0	196
2	95
0	0
0	30
0	0
0	0
3	603
0	256
0	0
0	25
0	0
0	275
0	7
0	205
0	1
0	4
0	0
0	0
7	1004
0	262
0	0
2	195
0	0
0	10
0	64
0	25
0	0
0	0
2	31
0	7
0	58
0	5
0	0
0	17
0	0
0	0
0	4
0	22
0	35
0	0
0	19
0	0
0	86
0	0
0	7
0	118
70	242
0	0
0	11
0	120
0	0
0	3
0	0
0	0
0	57156
2	3
1	226
0	49
0	70
0	0
0	0
0	6
0	0
0	0
0	76
0	8
0	124
0	0
0	5
0	162
1	39
0	151
0	0
0	3
0	11
0	0
64	798
0	10
0	196
0	5
0	94
0	212
0	23
1	6
0	2
1	717
0	6
0	0
0	0
0	0
0	0
0	41
0	129
0	0
0	133
0	163
0	35
0	12
0	12
0	0
0	1
41	1439
0	502
0	204
0	291
0	0
0	0
0	674
0	0
0	50
0	51
0	6
0	0
0	0
1	0
0	16
0	0
1	150
0	13
0	280
1	147
0	9
0	31
0	0
2	0
0	0
1	34
0	0
0	0
0	1
0	0
1	150
0	0
0	0
0	1
0	0
0	223
0	27
0	49
2	0
0	28
3	198
0	31
0	0
0	171
0	2
0	1226
8	484
0	156
0	68
0	9
13	44
0	47
0	5
0	0
0	112
0	7
0	44
0	95
1	482
0	0
3	62
0	26
0	166
0	1231
0	0
0	11
0	0
0	0
0	21
0	129
0	0
0	0
0	2
0	0
0	169
0	0
0	619
0	9
0	19
0	209
0	4
0	686
0	0
0	0
0	1341
0	33
0	0
1	156
1	36
0	12
1	639
0	69
0	2
0	0
0	0
0	454
0	0
0	15
0	0
0	123
13	15226
0	4
0	749
0	405
2	346
0	20
0	24
0	0
0	187
0	0
0	0
0	7
0	5
0	3
0	22
0	0
0	0
0	0
6	6
0	344
1	560
0	1
0	0
0	1
0	0
0	102
0	7
2	5
0	4
0	0
0	1
0	16
0	8
0	2356
0	0
0	157
0	2
0	88
0	2
0	0
0	279
0	300
0	72
3	8
14	29239
0	0
0	389
3	70
0	11
0	29
0	0
0	0
0	0
0	12
0	0
0	4
0	0
0	0
1	60
0	18
0	8
0	17
0	258
0	11
0	0
0	895
0	127
0	82
0	3
0	0
1	39
0	105
0	4
4	92
2	2
0	0
0	16
0	0
0	25
0	305
0	814
0	0
0	110
0	105
0	0
40	0
0	0
0	0
0	12
0	0
0	2
0	57
0	0
0	543
0	0
0	1
0	2
0	48
0	46
0	23
0	8
0	0
0	8
0	20
0	436
0	76
0	39
0	105
0	5
0	52
0	0
0	2
0	10
0	13
0	532
0	0
0	86
0	18
0	0
0	56
0	3
0	558
0	388
0	0
0	7
0	376
0	63
3	8
1	261
1	118
0	0
0	0
2	123
0	92
0	4922
11	282
0	0
0	2
0	0
0	1
0	620
0	21142
0	0
0	0
0	489
0	0
0	19
0	5
0	0
0	12
0	0
0	0
3	175
0	1775
0	0
0	0
0	0
0	98
0	181
0	960
4	128
0	70
0	6
124	66
335	70
0	307
0	8
0	159
0	25
0	3
0	0
0	0
2	339
0	0
0	47
0	0
0	134
0	220
0	202
0	0
0	21
0	0
0	0
0	307
0	0
0	6
0	129
0	191
0	0
3	6
0	0
0	0
0	4
6	67
2	201
0	637
7	134
0	0
0	1183
0	26
0	5
0	0
0	2
0	1
0	342
0	0
0	0
0	205
0	55
1	0
0	0
0	758
0	0
0	0
0	868
0	1
0	0
0	272
0	0
0	1
0	0
0	28
0	0
0	0
0	51
0	74
0	108
0	134
0	0
0	56
0	34
0	3
1	97
0	2
0	0
0	23
0	0
0	9
0	37
3	1
0	7
0	290
0	0
0	0
0	1025
0	41
2	121
0	198
0	0
0	0
46	477
0	9
0	19
3	54
0	0
0	6361
0	26
0	0
0	1414
0	0
0	92
0	5
0	0
0	376
0	3
1	165
0	25
0	77
0	0
3	67
0	14
0	3
0	0
0	35
0	0
0	0
0	0
0	63
0	0
0	1
0	433
0	61
0	827
8	0
0	566
3	197
0	0
0	311
0	6
0	4
0	77
0	88
0	32
1	311
0	244
0	0
0	17
0	0
0	7
0	0
0	0
3	1
0	0
0	381
0	6
0	1
0	0
11	288
0	3
1	321
210	19
0	0
1	671
0	0
0	3762
1	859
0	0
0	51
0	0
0	264
1	288
4	996
1	295
0	4
1	0
0	0
0	1865
0	1
0	1
0	3
0	2441
1	0
0	0
18	202
0	1
0	1
0	0
1	1
0	48
0	0
0	0
0	1
0	80
0	0
0	0
0	2
0	17
0	5
0	0
0	0
0	0
0	0
0	522
0	126
0	0
0	510
0	7
1	27
0	69
0	58
0	1
0	165
0	0
0	285
0	0
0	2
0	15
0	7
0	66
1	8
0	0
0	1
2	5
0	0
0	0
0	287
1	79
0	47
0	706
0	35
3	104
0	0
0	30
0	19
0	5
0	4
0	1
0	0
3	64
0	0
0	0
0	19
0	393
0	0
1	433
0	4
0	146
0	15
0	43
0	1
0	663
1	0
0	2
8	426
0	0
0	29
0	5
0	538
0	236
0	2728
0	0
0	2
0	8
1	747
0	0
0	17
0	33
0	0
5	0
0	3
4	178
0	237
0	926
92	15
0	101
1	21
0	2
0	3
0	286
0	312
0	22
0	0
4	249
1	507
0	60
1	77
0	1324
0	48
0	0
0	0
0	3359
1	132
3	687
0	0
0	0
0	29
2	36
0	3
0	0
0	0
0	1
0	191
0	488
0	0
0	0
0	39
0	0
0	0
1	7
0	26
0	0
0	580
0	0
0	0
0	2
17	443
1	50
0	212
0	6
0	12
0	0
0	0
0	0
0	1
0	40
4	5
0	8
0	0
0	5
0	0
0	0
1	448
0	0
0	36
1	27
0	0
0	3
0	16
17	205
0	213
0	3
0	7
0	0
0	50
1	152
0	1
0	773
1	1976
0	1
0	99
0	0
0	0
0	0
0	0
1	16
0	0
0	95
2	30
0	93
0	20
11	194
3	3
0	0
0	0
1	565
0	13
0	0
0	2631
0	0
0	3
0	0
0	0
0	0
18	494
0	0
0	23
0	0
0	0
0	8
0	300
0	97
0	0
0	928
0	32
0	24
0	0
0	0
0	245
0	336
4	8
0	0
0	16
0	9
0	5
0	0
0	0
0	21
0	526
0	0
0	20
0	10
0	0
0	556
0	310
1	0
0	17
0	286
0	0
0	0
0	116
0	12
0	0
0	12
0	0
0	0
0	1035
0	0
0	80
0	34
4	840
0	30
0	23
13	120
0	437
0	443
0	0
0	0
0	605
0	0
1	349
0	25
0	798
0	0
0	0
0	910
0	0
0	86
0	0
0	255
0	0
0	42
0	250
1	67
0	704
0	1
0	59
0	75
0	14
6	8
0	1469
0	58
0	0
0	365
0	5
0	389
2	1878
0	3
0	0
0	2
1	114
0	2
6	551
0	6672
2	59
0	337
1	281
0	250
0	10
0	85
0	0
0	0
2	90
0	0
0	0
0	20
0	1
0	5
0	0
0	3328
0	0
0	894
1	337
0	164
0	364
0	0
0	535
0	0
0	31
0	0
0	7
0	0
0	271
0	10468
0	3
3	981
0	71
0	904
0	167
0	5
0	0
0	0
1	900
0	0
0	1072
0	421
0	317
0	754
0	77
0	228
0	2
0	553
0	40
0	11
0	0
1	499
0	10
0	1326
0	10
0	0
0	590
0	499
0	0
4	249
0	407
0	23
0	719
0	176
2	31
0	0
0	0
0	0
1	2
0	0
0	0
1	56
0	0
0	8
0	0
0	33
0	0
0	411
1	1176
0	248
0	22
0	0
0	0
2	0
0	5
0	974
0	0
1	4617
2	66
0	14
0	0
0	7
0	0
0	42
3	20
0	0
0	0
24	94
0	0
2	994
1	2536
0	2
0	68
0	302
0	1582
1	31
0	1
0	0
0	5
13	12
0	306
1	0
0	134
0	2
1	1
1	2013
0	0
0	0
0	30
0	0
0	7
0	3
0	911
1	1095
0	1
0	75
0	24
0	155
21	613
196	5725
0	0
0	134
0	28
2	29
0	24
0	190
0	113
0	54
0	25
0	0
0	523
0	5
0	175
0	1155
0	3
0	126
2	2
0	6
0	2
0	153
0	12
0	0
1	188
0	1
0	1
0	0
0	80
0	126
0	1
2	356
0	0
0	39
0	138
0	0
0	115
0	434
0	11
0	0
0	9
1	14
0	0
0	7
0	61
19	0
0	0
0	0
0	5
0	108
0	1
0	1
0	0
0	0
0	448
1	0
1	2921
0	6
0	182
0	167
0	1
0	0
0	15576
0	3
0	141
1	0
0	1666
0	502
0	83
0	0
0	0
0	0
1	133
0	131
0	235
0	0
0	0
0	396
2	5
0	11
0	2
4	270
0	166
0	1357
0	20
1	201
0	0
0	543
0	4
0	0
0	94
0	0
1	57
0	58
0	344
1	295
0	0
0	152
0	13
0	3
0	0
0	0
1	83
0	132
0	0
0	0
0	329
0	42
0	0
0	0
0	0
0	80
0	34
0	117
0	88
0	108
0	190
0	1136
0	689
0	0
0	0
0	1
0	705
0	0
0	0
0	0
0	0
0	386
0	0
0	0
0	21
0	96
0	3
1	2
0	185
0	3456
0	1
0	14
8	498
0	2
0	23
0	15
0	1
0	181
1	0
0	63
0	0
0	0
0	0
0	53
0	5
0	0
0	0
0	0
0	0
0	9
0	17
0	1
0	0
0	0
0	32
0	141
0	0
0	1
0	305
2	66
0	0
0	1
0	16
0	24
0	13
0	708
0	0
0	6
1	41
0	24
0	0
0	8
0	86
0	2
0	562
0	0
0	821
2	52
0	0
1448	2559
0	0
0	0
0	1496
0	13
47	18
0	2
0	688
0	1
0	15
0	0
0	2
0	0
0	431
0	170
0	21
0	0
0	47
0	318
12	1552
0	331
0	0
0	14
0	0
0	20
0	11
0	72
0	6
0	0
0	0
0	61
7	8
0	4
0	0
0	0
0	0
0	74
0	0
0	121
10	187
0	61
0	0
0	0
0	172
0	16
0	97
0	959
0	0
0	4180
0	39
0	0
0	0
0	0
0	284
0	156
0	0
0	1
0	0
0	0
0	0
0	0
0	156
0	12
2	1362
0	0
0	0
0	2
0	28
0	0
0	1
0	49
4	9
0	1
0	43
0	0
0	0
0	15
3	62
0	186
0	55
0	0
0	99
0	24
0	253
1	25
0	0
0	41
0	0
0	843
0	478
0	0
0	7
0	17
0	0
0	0
0	3
0	821
0	62
1	0
0	0
0	29
0	20
0	0
0	749
0	3
0	0
0	156
0	19
0	0
0	39
0	2
0	53
0	1
0	2
0	0
1	259
0	90
0	434
0	0
0	0
0	1
0	28
0	0
0	3
0	1
1	725
1	5
0	8
0	46
0	0
0	12
1	0
0	13
0	827
0	2
0	0
0	0
0	102
0	467
0	1644
0	0
2	130
0	143
0	6
0	0
0	1334
4	158
0	293
0	371
0	5
0	205
0	411
0	625
0	0
0	29
0	157
0	0
0	4
0	2128
1	2084
1	30
0	0
8	624
0	186
0	0
0	11
1	117
0	19
0	0
5	19
0	60
0	6
0	0
0	277
0	1505
0	15
0	104
0	15
0	0
0	0
0	0
0	208
87	2090
0	31
0	0
0	0
0	152
0	94
0	6
3	127
12	2326
0	1
2	60
1	2
23	283
0	0
0	1
13	78
0	57
2	0
0	0
0	2
0	0
0	6
0	63
0	577
0	60
0	899
14	14
0	0
0	0
0	258
0	0
0	216
0	28
6	111
0	43
0	187
0	0
0	783
0	1
1	3409
1	215
0	15
0	1
0	503
1	11
2	8
0	491
0	1228
0	2
0	4
0	382
0	0
0	25
0	1
0	18
0	78
0	0
0	1
0	0
1	164
0	0
0	7
0	0
0	0
0	34
0	0
1	302
0	91
0	64
0	45
0	0
0	2
0	0
0	24
0	18
0	127
0	93
0	393
1	1
1	9
0	0
0	7
0	2540
0	762
0	47
0	11
0	3
0	0
0	5
0	4
0	0
6	344
0	1
5	38
0	40
0	0
0	0
0	15
0	0
0	50
0	0
0	0
0	0
0	22
0	0
0	289
0	22
0	0
1	640
0	0
0	81
0	32
0	0
0	1
1	748
0	37
0	0
0	82
0	0
0	132
0	0
6	1646
0	145
12	178
0	0
0	0
0	1
0	158
0	0
0	0
7	7
0	0
0	4
0	110
0	11
15	136
0	2
0	0
0	0
1	0
0	606
0	27
0	48
0	0
0	1
12	109
0	2
0	0
0	11
0	0
0	19
1	22
0	76
0	17
0	0
0	20
0	5923
0	1
0	0
0	5
0	0
0	131
0	1350
0	0
0	89
0	794
2	1550
0	11
0	124
0	5
0	20
0	925
1	93
0	0
1	1
0	20
0	2
0	2
0	0
0	0
0	0
0	947
0	13
0	0
1	1
5	44
1	564
0	26
0	24
0	0
0	0
0	4
3	163
0	0
0	4
0	62
0	305
0	510
0	0
1	0
0	12
2	129
0	389
0	242
0	0
0	24
1	24
0	0
0	0
0	214
0	0
0	0
0	446
0	0
7	53
0	57
4	122
0	701
0	0
0	122
0	6
0	9
0	17
0	0
0	33
1	144
0	147
76	0
0	202
0	0
0	114
0	4
0	51
0	264
0	122
0	0
0	0
0	0
0	5
0	130
0	109
0	745
16	178
0	0
0	11
0	0
0	43
0	40
0	0
0	5
0	196
0	0
0	8
0	75
0	352
0	389
2	952
0	1
4	484
0	22
3	275
0	155
0	104
0	0
1	245
82	395
0	4
0	0
0	155
0	0
2	424
0	0
0	0
12	123
9	373
0	34
0	0
0	14
0	8
0	0
0	0
0	0
0	24
0	340
0	8
0	0
0	0
0	18
11	1
0	0
32	0
0	40
0	24
0	294
0	9
0	0
0	1014
0	93
0	1
204	589
0	195
0	2
0	510
0	212
0	2
0	169
0	0
0	12
0	1
0	24
0	0
0	5
0	1
160	2
0	13
0	520
0	0
2	414
0	0
0	14
1	632
0	0
0	1
0	0
0	0
0	0
1	68
4	50
0	0
0	1
0	0
0	444
0	65
0	24
0	35
0	0
0	68
20	359
1	28
0	31
0	9
0	0
0	6
0	0
0	1359
0	0
0	93
0	0
0	1439
0	625
2	37
0	77
0	5
0	16
0	0
0	0
0	2
0	0
0	98
0	3
6	186
0	0
1	75
0	0
0	8
0	50
0	0
0	0
0	2239
0	0
0	315
0	0
1	9
0	50
1	50
0	163
12	0
0	209
0	0
1	156
0	11
0	1037
0	0
0	0
0	0
0	177
0	0
0	0
0	3
0	77
0	1395
0	0
0	0
0	726
0	0
0	228
0	492
0	7
0	0
2	0
0	33
0	113
0	98
0	11
0	59
0	14
0	87
3	257
0	0
0	175
0	67
0	0
0	1831
1	0
0	152
0	0
0	0
0	4
0	10
0	3
0	0
0	12
0	0
0	23
0	1
0	0
0	0
0	0
0	0
0	37
0	0
0	37
0	6
0	283
0	0
0	0
0	174
0	744
4	8388
0	0
0	1
0	0
0	0
0	22
0	0
0	0
0	59
0	4
0	0
1	24
0	0
0	1
0	0
0	0
0	0
0	0
0	443
0	0
0	0
0	0
0	310
0	13
0	4
5	2
0	0
0	50
0	25
0	0
0	292
0	1
3	399
0	1
0	39
0	88
0	0
0	144
0	0
1	351
0	0
0	219
2	419
3	950
0	48
0	0
0	167
0	315
0	0
0	0
0	3
1	761
0	0
0	0
0	21
0	24
0	21
0	32
0	213
0	0
0	607
0	1
0	0
0	38
0	58
0	0
0	2
0	7
0	0
0	2
0	1011
0	0
9	83
0	0
0	0
0	35
0	455
0	0
0	240
0	524
0	0
0	6
0	155
0	56
0	135
0	118
0	0
0	0
0	15
0	0
2	0
0	2345
0	2
0	161
0	0
0	1
0	29
0	300
12	320
0	0
0	4
0	123
5	16
1	6
0	0
3	6
0	0
0	429
0	0
1	123
0	96
0	2
0	0
0	0
0	0
0	67
0	573
0	0
0	377
0	0
0	0
1	2
0	158
0	91
0	0
0	0
0	8
0	2
0	4
0	2
0	5
0	0
0	889
0	0
18	987
0	494
0	69
4	404
0	12
0	107
0	0
0	0
0	0
0	18
0	0
0	15
3	720
0	0
0	73
0	145
0	0
0	3
0	2
0	0
0	0
0	0
0	48
8	316
5	82
0	0
0	2
0	0
0	0
0	0
0	0
0	0
0	0
0	44
66	0
0	70
0	1
0	2
0	12
1	18
0	0
0	0
0	431
0	0
0	46
0	0
7	35
1	619
0	1
0	0
0	0
0	0
0	2
0	0
0	18
0	748
0	227
1	61
0	22
0	144
0	21
0	0
0	27
0	181
0	72
0	0
0	21
0	0
0	0
0	38
0	0
0	0
0	130
0	0
0	1
0	21
0	0
0	1637
0	23
2	21
0	0
2	15
0	0
0	128
0	12
0	7
3	61
1	4320
0	201
0	0
0	15
0	0
0	0
0	17
0	0
0	0
0	0
0	0
0	1069
0	0
3	496
0	0
0	0
13	1209
0	112
0	0
0	0
0	602
0	0
0	145
0	0
0	0
0	46
0	0
0	322
0	35
0	0
0	1155
0	23
0	300
0	46
0	0
0	235
0	39
0	62
0	16
0	1
2	39
0	25
33	14
10	3864
1	826
0	42
0	0
1	152
0	0
0	13
0	20
0	0
2	12101
0	9
0	10
0	84
0	1
0	0
0	410
0	0
0	102
8	13
2	69
0	128
2	57
1	91
0	0
0	0
0	715
0	0
0	0
0	1
0	25
0	306
0	0
7	5
4	214
2	289
0	31
3	0
0	0
0	474
0	0
0	0
10	288
0	1
0	0
0	521
2	0
0	94
0	141
0	37
0	5
0	293
0	0
2	31
0	0
0	1
0	0
0	1
32	264
0	1
0	0
0	481
0	431
0	0
1	132
0	0
7	2164
0	0
0	1
0	20
0	0
126	66
0	42
0	14
0	18
0	180
0	0
0	9
0	0
0	193
0	7
0	0
6	102
0	2
0	8
40	1
0	42
0	0
0	247
0	207
0	3024
0	532
0	4
0	243
0	72
0	0
0	0
0	289
0	0
0	43
0	3
0	0
0	0
0	0
10	604
0	705
0	0
0	1818
0	0
0	130
0	3
0	0
0	28
0	0
0	15
0	7
0	0
0	0
0	0
0	0
0	43
0	188
0	2
0	123
0	898
0	102
0	98
0	10
0	87
0	444
0	603
0	0
0	0
1	217
0	0
0	0
0	231
0	14
0	19
0	0
0	3
0	0
0	95
0	0
0	0
0	208
0	9
0	157
44	716
0	75
0	37
0	9
0	0
1	0
0	38
0	3
13	2
0	34
0	13
0	0
0	0
0	300
24	243
0	80
9	1497
94	18
0	31
0	1658
0	24
0	1351
0	0
0	0
0	0
0	58
0	15
0	56
0	293
1	5
0	0
0	0
0	350
0	0
2	0
0	0
0	69
1	47
0	0
0	0
0	0
1	718
1	9166
0	0
24	245
0	0
0	0
0	0
0	0
2	70
0	56
0	19
0	0
0	91
0	87
0	0
0	10
1	844
0	4
0	0
0	4
0	0
0	0
0	343
1	19
2	954
0	849
0	17
0	12
0	266
0	22
0	73
0	539
0	0
0	626
1	3
5	38
0	12
0	0
0	0
0	0
1	6
0	0
0	4
0	9
0	0
0	0
1	0
0	3
0	33
0	158
0	0
0	6
0	61
0	0
0	0
0	276
0	7
0	2100
1	39
0	11
1	445
3	8
0	0
0	104
1	41
0	325
0	21
0	75
0	106
0	0
0	13
0	10
0	85
0	698
0	140
1	258
0	2
0	26
0	0
0	0
0	0
0	37
1	510
0	3
2	666
0	0
0	291
0	19
3	188
0	0
0	1
0	6
0	457
4	0
0	2072
0	12
0	0
0	0
0	1
0	205
2	329
0	154
0	72
0	29
0	13
0	0
1	71
0	340
0	0
0	16
0	10
0	9
0	111
0	0
5	319
0	1129
0	0
0	6
0	0
0	0
0	0
0	0
0	49
0	0
0	0
0	0
1	10
2	185
0	0
0	1
0	214
0	0
0	46
0	317
0	3
0	1
2	54088
0	9
0	285
0	24
0	1
2	0
0	10
0	109
0	1
0	45
0	81
0	0
0	93
4	10
0	0
0	16
0	129
0	50
0	5
0	0
0	0
0	27
0	40
0	0
0	423
0	1294
0	0
0	0
0	77
0	0
0	49
0	2
0	0
0	65
0	0
0	0
3	0
6	1253
0	309
0	0
0	3
0	0
0	46
0	16
0	651
6	1
1	114
0	242
0	452
0	21
0	9
0	0
1	910
0	0
0	0
0	371
0	31
0	0
0	10
0	8
0	0
0	65
0	196
0	0
0	3
0	0
0	0
0	0
0	120
0	448
0	646
0	0
0	556
1	1
0	0
0	0
1	25
0	0
0	0
0	2
0	0
0	177
1	59
1	42
0	1
11	1156
2	37
0	0
0	330
0	36
0	1
0	485
1	206
0	103
0	12
0	0
0	11
0	45
0	0
0	0
0	188
0	54
0	455
0	5
0	29
0	87
0	1
0	0
0	0
0	347
0	4
0	2
0	0
0	1151
0	0
3	117
1	987
0	0
0	0
0	0
0	0
0	250
0	2569
0	177
0	97
0	18
0	288
1	0
0	0
0	0
0	0
1	1120
0	5
0	180
0	9
1	47
0	456
0	5
0	12
0	76
0	157
0	35
0	1
1	95
0	3
0	1203
0	1
0	0
0	942
1	269
0	140
0	164
0	0
0	1
0	0
0	994
0	146
1	0
0	311
235	42
0	58
0	27
0	0
0	252
0	660
10	2599
0	10
0	751
1	86
12	11
0	51
0	587
0	164
0	0
0	0
0	0
0	235
0	4
0	1
3	241
0	0
289	1
0	0
7	1521
3	27
0	177
1	66
0	0
0	182
0	266
0	701
0	195
0	1
0	872
0	32
0	858
0	0
0	152
0	4
0	0
21	3088
0	77
0	4
0	11
0	0
67	188
0	65
0	51
0	80
0	0
0	62
0	1
0	1140
0	7
0	0
0	0
0	0
0	0
0	1
2	43
0	1083
0	40
0	0
1	0
0	17
0	0
0	0
6	563
0	0
0	16
3	24
0	119
0	1
0	0
0	0
0	114
0	307
0	0
0	0
0	187
0	3
9	5
0	0
0	109
0	0
0	0
0	242
1	99
0	2117
0	11
0	187
0	0
0	68
0	166
0	35
0	1068
0	643
0	0
0	87
0	0
0	103
0	48
0	3
0	411
0	75
0	0
0	22
0	0
0	23
0	398
0	34
0	0
0	1
0	23
0	1
0	37
0	0
0	0
0	0
0	0
0	10
4	262
0	1
0	0
0	0
0	0
0	712
0	84
0	2
1	221
0	229
0	7
0	222
0	28
0	166
0	46
0	0
0	0
0	247
0	1360
0	0
10	4
0	412
0	210
0	0
1	42
0	0
0	0
0	138
0	229
0	0
0	0
0	2
0	24
0	598
0	0
0	0
0	274
0	79
0	0
0	5
3	15
0	8274
0	136
0	0
0	562
1	27
0	0
0	0
1	84
0	3
0	85
0	999
0	33
0	51
0	9
0	3
0	35
0	10
0	144
0	18
0	60
0	0
0	20
0	3
0	0
0	0
0	0
0	82
0	261
0	9
0	23
0	0
0	1
0	13
1	557
5	660
0	0
0	76
1	12
0	0
7	283
0	0
0	0
4	659
0	1
0	7
0	0
0	0
0	64
0	0
0	411
0	0
4	324
0	11
0	0
0	0
0	268
0	0
0	25
1	24
2	14
0	0
0	22
0	31
0	0
0	93
0	4
0	17
0	137
17	117
0	639
0	438
0	0
0	77
0	319
0	0
0	584
0	203
9	428
0	456
0	0
0	0
0	546
0	0
5	131
0	0
0	21
0	184
4	817
0	16
1	5657
0	0
0	45
0	218
0	0
0	1
0	179
0	0
0	4
0	5937
0	0
1	33
0	0
0	42
0	1194
0	0
3	154
0	209
0	7
0	8
0	0
0	1580
0	89
0	41
0	3
0	0
3	11
0	257
0	0
0	277
0	0
2	6
4	455
24	384
0	7
0	3005
17	11
7	2257
0	0
0	0
0	0
0	0
0	5
0	345
0	301
0	74
3	126
0	4
0	0
0	1
0	6104
0	15
0	0
0	201
0	5
0	18
0	193
0	0
2	205
0	0
0	0
19	35
1	3024
2	0
0	1029
0	336
0	217
0	0
0	186
0	1
0	480
0	1778
0	137
0	0
0	0
0	0
0	23
1	23
0	0
0	32
0	0
0	0
0	7
0	0
0	2
0	386
0	155
0	190
0	27
0	6
0	17
0	337
0	7
0	0
0	1
4	13
1	42
0	0
0	508
0	0
0	0
1	40
0	228
0	36
0	0
0	1802
3	1
0	0
10	21
0	3530
0	0
0	0
1	584
0	0
0	33
0	0
0	0
10	0
0	1
3	82
0	0
0	0
0	2
0	21
0	317
0	639
0	0
0	35
0	0
0	0
0	0
0	664
1	515
0	925
0	0
0	0
0	0
0	221
0	1
0	325
0	0
0	0
1	194
6	3
63	100
0	282
0	0
0	619
0	0
0	137
0	26
0	179
0	73
5	0
0	0
0	237
0	11
0	0
0	0
0	0
0	0
0	34
0	0
1	462
0	2
0	108
0	13
0	0
0	653
0	13
0	2
0	12
0	0
0	0
0	8
0	0
0	0
4	22
0	35
0	29
5	115
1	24
0	889
1	142
0	0
5	1
0	0
0	0
1	273
0	0
0	7
0	0
0	1
0	6
0	56
0	0
0	23
0	150
0	15
0	0
0	1
0	26
0	0
0	1
4	767
2	2240
0	0
0	867
0	7
0	215
0	0
0	3
0	0
0	29
0	0
0	153
0	0
0	17
0	0
0	0
0	20
0	113
0	0
1	417
0	7
15	0
1	0
0	0
0	0
0	4155
0	39
0	920
0	0
0	132
0	11
0	151
0	9
0	0
0	60
0	84
0	63
3	211
0	268
0	10
0	762
1	2983
2	380
1	64
1	471
0	18
5	9
0	1
0	0
0	575
0	108
0	0
0	1867
0	22
0	28
0	0
0	40
0	43
2	73
0	0
2	47
0	0
7	0
2	71
0	46
0	6
0	8212
0	0
0	13
0	231
0	0
0	2
1	144
24	231
0	0
0	0
0	41
0	0
16	14
0	0
0	0
0	317
0	0
0	899
0	4881
0	23
0	69
0	24
0	0
0	111
0	1027
0	280
0	583
1	196
50	184
4	94
0	0
0	257
0	1
0	30
0	1
0	718
0	0
1	278
0	527
7	168
3	0
2	1
0	6
0	0
0	32
0	0
1	42
0	0
1	26
0	0
0	0
0	6
5	39
0	52
0	1
0	27
0	2
0	230
0	127
0	0
2	163
0	15
2	364
0	177
0	6
3	70
0	1878
0	0
0	492
1	4054
0	51
0	7
0	0
1	50
0	60
14	297
0	0
1	25
0	5
0	48
0	12
0	39
0	83
0	941
0	0
2	3
0	11
0	0
0	204
0	0
0	0
1	0
2	1285
0	0
21	462
0	0
0	0
0	295
0	0
0	443
0	49
0	0
0	171
0	68
4	212
0	205
0	0
0	249
0	39
0	3
0	209
0	716
0	0
2	2040
0	0
0	713
0	0
0	0
0	20
0	0
0	2
0	0
0	342
0	346
0	2
2	387
0	78
11	54
0	66
1	76
0	0
2	0
0	2
0	0
0	0
0	85
0	9
0	0
0	0
0	0
1	818
0	0
0	11
0	41
0	629
0	15
0	106
0	206
0	0
0	131
0	0
0	154
0	0
0	7
0	0
0	0
0	144
0	360
0	4
0	0
0	4
0	0
0	4
0	0
0	0
0	24
0	25
1	51
0	45
0	0
0	0
0	2196
0	0
0	13
0	662
1	95
0	27
0	0
0	1137
0	36
1	440
1	7
0	197
0	0
9	554
0	381
0	0
0	77
0	4
0	11
0	293
15	0
0	0
0	910
0	49
0	219
0	17
0	0
215	1
0	2143
0	91
0	0
7	528
0	0
0	2
0	32
0	4376
0	0
0	227
0	1
0	79
0	4290
0	0
1	4460
0	0
1	655
0	0
0	0
0	0
4	1
0	464
0	0
9	182
0	0
0	0
0	272
0	0
0	8
1	439
1	515
0	0
0	66
0	4
0	0
0	0
0	2
0	573
0	36
0	282
0	0
0	1110
0	6
0	0
0	15
0	0
2	24
0	8
0	106
0	1159
0	715
0	0
0	0
0	102
1	32
0	0
0	0
0	344
5	473
0	430
0	0
0	62
0	0
2	56
0	19
0	888
0	30
0	0
1	1
0	0
0	0
0	4
0	0
0	0
1	10
0	0
1	5
1	37
5	15
0	171
0	4
0	72
0	2
0	6
0	0
0	0
4	7
0	0
0	0
0	11
0	1333
1	79
0	0
0	47
0	3
17	663
0	0
0	32
0	983
0	263
6	868
0	0
0	11
0	45
0	0
0	0
0	2
0	0
0	239
0	26
0	1477
0	16
0	0
0	9
0	10
0	3
0	0
22	73
0	10
0	20
0	0
0	239
0	94
0	10
0	0
0	151
0	8052
0	19
0	9
0	0
0	0
0	98
0	0
0	0
1	549
0	365
0	0
0	0
0	139
0	10
0	0
3	663
0	8
0	0
0	0
0	529
0	1
2	130
0	7
2	186
0	3
0	0
0	126
3	160
2	164
4	42
0	1
6	62
8	430
4	1
0	309
0	31
0	3968
4	1727
0	0
0	56
0	0
0	294
3	90
0	0
0	13
0	42
0	0
0	113
0	796
4	127
0	4
0	242
0	0
0	525
0	166
0	0
1	37
1	123
2	42
1	630
3	86
1	106
0	0
0	0
0	453
0	249
0	0
0	0
0	18
0	2
0	0
0	224
0	0
0	0
0	0
0	56
0	0
0	9
0	0
1	29
0	217
0	169
0	283
0	1
0	0
0	7
0	0
1	34
0	586
0	628
0	20
0	1
0	0
0	7
0	0
0	1
0	0
14	515
0	113
1	302
0	13
0	0
0	170
0	232
0	114
1	6
0	257
0	241
9	7
0	0
0	103
0	0
0	0
0	1451
0	0
0	65
0	581
0	82
0	88
0	0
0	155
0	0
0	125
0	159
2	12
0	2
0	0
0	0
2	14
0	10
0	0
0	246
0	190
0	0
0	4
0	246
0	0
0	56
0	1
0	0
0	0
0	0
2	362
0	545
0	0
0	9
0	0
0	33
0	0
0	0
0	1199
0	245
0	0
0	181
0	1
5	113
0	0
1	135
0	0
0	630
0	0
0	0
0	72
0	0
0	757
0	0
0	3063
2	0
0	1
0	140
0	166
0	0
0	439
0	44
0	45
0	0
0	86
0	0
0	15
0	5
0	0
0	316
0	300
0	210
0	1
0	39
0	1
0	1
0	36
0	0
0	70
0	0
10	393
0	20
0	112
0	27
0	7
0	137
0	390
0	264
0	458
0	298
0	1
0	14
0	6
0	0
0	59
0	0
0	4
0	0
0	0
0	46
0	1
4	37707
9	208
0	25
0	0
0	362
0	0
0	670
0	77
0	28
0	246
0	0
0	16
0	60
0	19
0	0
0	17
1	238
0	559
0	0
0	6
0	1
0	0
0	148
0	39
0	0
0	0
0	3
0	0
0	0
14	288
1	219
0	8
0	336
0	127
2	207
0	169
0	0
0	506
0	2542
0	96
0	0
0	4
0	0
4	234
0	270
0	26
0	14
0	0
45	1624
0	57
0	0
0	0
0	0
0	354
0	11
0	117
0	1425
0	2
46	1206
0	172
0	2
0	0
0	130
0	0
1	356
0	15
0	4288
0	134
0	0
0	0
0	16
0	0
0	0
0	0
1	759
0	0
0	0
0	283
0	112
0	11
0	47
0	0
0	39
0	0
0	0
2	15
0	45
0	0
0	195
1	1
0	13
1	382
0	0
0	105
0	59
0	1
0	9
0	8
0	443
0	1324
0	0
0	206
0	28
0	951
0	133
0	652
0	0
0	0
0	7
0	0
0	7
0	0
0	56
0	0
0	0
0	0
0	0
0	0
0	966
0	0
0	7
0	0
1	91
2	6
4	5
4	8
0	39
0	1
0	0
0	0
2	0
0	0
0	0
0	131
0	1244
0	98
4	1
0	77
0	0
0	36
0	111
2	214
0	0
0	101
0	26
0	266
0	1017
0	0
0	385
0	3636
0	0
0	1
2	27
0	56
0	24
0	41
0	99
0	0
0	0
0	0
0	6
0	0
0	4
0	0
0	112
0	15
0	0
0	0
0	21
0	0
0	109
0	0
0	43
2	4
2	0
0	0
1	17
1	5
0	19
0	6
0	0
0	28
0	486
0	0
0	4
0	551
8	1943
0	65
0	48
1	176
0	31
0	15
12	58
0	0
0	0
26	237
0	0
0	1
0	30
0	0
0	14
0	0
0	0
0	318
0	513
1	0
0	0
0	0
0	1
0	0
0	241
0	0
0	2
0	1
2	555
0	1
0	0
0	33
0	106
0	0
0	7
0	0
0	85
0	135
0	6
0	0
0	2
0	25
0	0
0	0
0	2
0	13
0	0
0	0
0	0
0	217
0	0
0	176
1	2015
0	0
0	129
0	10
0	385
0	0
0	63
0	1150
4	1810
0	838
0	20
0	250
0	1
0	0
1	1
0	52
0	12
23	0
0	373
0	452
0	3
0	0
9	439
0	2
0	0
0	3015
0	17
0	1
0	54
0	25
0	119
0	1
0	0
0	0
0	390
0	18
0	0
0	0
0	151
0	64
0	2
0	0
0	1371
14	4438
2	1109
0	2
3	0
0	801
0	158
0	189
0	2594
0	1
0	162
0	1245
0	14
0	0
0	22
0	0
0	114
0	3
0	0
3	153
0	55
0	11
0	0
0	6
1	1
0	10
0	135
0	1
0	49
0	262
0	0
0	85
0	0
0	6
0	65
0	1
0	18
0	0
0	21
0	0
1	2
0	29
0	6
0	0
0	10
0	14
0	31474
0	223
0	0
0	1
0	27
0	0
0	1
0	1
2	155
0	20
0	44
0	3
0	1530
0	83
0	10
0	0
0	0
0	0
0	1
0	282
3	23888
0	0
0	0
0	16
0	245
0	0
0	202
0	0
0	308
3	110
1	58
0	2
0	132
0	4
0	35
0	0
0	19
33	2
0	8
0	26
0	61
1	225
1	0
0	2
0	49
0	20
1	399
0	0
0	0
0	92
0	0
0	657
0	0
0	0
1	85
0	10
0	8
0	0
0	513
0	130
3	489
1	127
0	0
0	88
0	22
0	269
0	0
0	0
3	18
0	18
0	0
0	0
0	405
0	0
0	0
0	144
0	0
1	187
7	2
0	0
0	0
3	5
0	99
0	0
3	643
0	368
0	1
0	106
6	384
3	1549
0	0
0	0
0	378
0	142
0	0
0	22
0	208
0	42
0	0
0	0
0	0
0	275
0	265
0	1
0	7
0	5
0	6
0	0
0	279
0	783
0	0
0	1
0	3
0	7
0	486
0	0
0	0
5	95
0	295
0	86
0	6
0	0
0	3
0	0
0	0
0	34
0	409
0	20
1	3
0	0
0	0
0	0
1	3393
0	16
0	3736
0	5
2	0
0	25
0	3
0	60
0	4514
0	0
0	36
0	0
0	30
0	0
0	0
0	0
0	1
0	0
0	90
0	82
0	0
0	16
0	4
0	3
0	0
2	1159
0	3
0	0
0	52
0	0
0	0
25	3
0	0
5	0
0	0
0	1
7	124
15	6
0	8
0	0
0	92
0	7
0	1
8	23
0	58
1	172
6	9
0	0
0	71
0	1
2	391
0	94
0	282
0	0
0	6
0	9
0	0
1	2342
1	13
0	0
0	327
0	12
0	9
0	0
0	35
0	2
0	68
0	0
2	3211
0	0
6	3649
130	54
0	343
0	43
0	0
0	162
0	0
0	1
0	161
0	0
0	29
0	0
0	0
0	6
0	0
0	0
0	3
0	0
0	3
0	0
0	0
0	22
0	72
0	6
0	174
0	0
0	0
0	210
1	34
6	69
1	466
1	1
0	3
0	0
0	1
0	74
0	0
0	0
0	9
0	0
3	24559
0	0
0	0
0	0
0	1
0	0
0	0
0	0
0	55
0	0
0	0
0	0
0	44
0	949
0	0
0	0
3	324
0	95
0	32
0	283
0	0
0	0
0	703
0	55
0	3
0	0
68	14
0	56
0	243
0	7
0	109
0	0
0	0
0	192
0	2373
0	0
0	0
0	3
0	77
0	0
1	0
0	0
0	187
0	309
1	4
0	0
0	0
3	9
0	0
0	0
0	19
0	411
0	90
0	0
0	6
0	5
0	15
0	0
0	0
0	0
0	520
0	167
0	0
1	0
0	14
5	1
0	0
0	150
0	36
0	0
6	1516
0	0
0	102
0	2
0	0
0	257
0	25
0	0
0	18
0	28
0	709
0	33
0	0
0	947
0	0
0	84
0	5
1	166
7	427
0	0
0	0
1	536
0	0
0	1
0	0
0	0
2	1753
252	70
0	0
0	6
0	45
0	1223
0	93
0	426
0	0
0	34
0	0
0	0
0	0
0	422
0	50
0	0
1	535
0	0
0	0
0	0
6	152
0	349
0	0
0	161
0	196
0	0
1	29
0	16
0	7
0	0
0	399
0	4
0	2
0	0
0	0
0	494
0	3
0	3503
0	40
0	80
0	270
0	3
0	1
0	0
0	1
0	4
0	346
0	0
0	3
0	0
0	0
0	5
0	268
0	0
0	0
0	0
0	47
0	971
0	24
0	0
0	26
5	23
0	17
0	4
0	35
0	0
0	11
0	15
8	7
0	0
0	9
0	6
0	2
0	156
0	0
2	54
0	0
6	27
4	1346
0	0
0	19
1	26
0	0
0	288
0	0
0	0
0	0
0	383
0	77
0	1
0	3
0	1
3	113
0	0
0	0
0	0
0	3
0	306
0	0
0	0
0	0
0	0
0	10
0	94
0	1177
0	0
0	0
4	24
59	1884
4	268
0	38
0	8
0	0
0	0
0	1
0	0
0	1
2	106
0	1
0	73
0	0
0	10
0	89
0	26
0	281
0	12
0	524
0	0
0	123
0	0
0	0
0	0
0	0
0	0
0	2
0	36
1	46
0	0
0	0
0	38
0	0
0	0
0	41
0	0
0	0
0	261
5	25
0	0
0	0
0	61
0	14
1	3
0	558
14	1130
0	0
0	269
0	872
0	10421
0	0
0	0
10	960
0	2
0	52
0	4
0	3
5	71
0	24
0	0
0	5
0	0
31	8
0	0
0	0
0	0
0	437
0	0
0	11
0	197
0	6
0	79
0	39
0	6
0	0
1	320
0	5
0	141
0	0
1	35
0	0
0	0
1	141
0	3
0	8
0	120
0	0
0	53
0	60
0	1
3	1950
0	0
0	0
0	7
0	29
0	0
0	0
0	51
0	1
0	1
0	0
0	5
0	2742
0	3161
0	416
0	1
0	0
0	2
0	0
0	0
0	207
0	0
0	0
0	133
0	1
14	14
1	443
0	0
0	1
0	0
0	206
0	2976
0	316
0	0
0	0
0	10
0	39
0	0
0	0
0	67
0	0
0	0
0	0
0	0
0	0
0	132
0	26
0	5
0	40
1	137
0	19
0	367
0	0
0	1789
0	3
0	13
5	302
0	0
0	70
5	0
0	25
0	292
6	5
0	0
0	0
0	0
0	0
0	0
0	1791
0	66
0	0
2	0
0	0
0	62
0	0
0	0
0	4
0	32
0	0
0	0
0	0
0	992
0	16
0	0
0	0
0	0
0	0
0	0
18	1241
0	42
2	157
0	0
0	0
0	6
0	126
34	409
0	521
0	0
0	110
0	0
0	2
0	30
3	2314
0	75
0	287
6	1
0	5614
0	2
1	8949
1	100
0	0
351	1
0	487
0	145
0	1
0	2
0	0
12	0
0	1
0	0
0	693
1	7
0	3
0	13
0	1209
0	112
0	0
0	0
2	3
0	79
0	365
0	0
0	0
2	0
0	0
0	1
0	0
0	0
4	2454
0	135
0	0
0	0
0	95
0	94
0	164
0	242
0	63
2	234
0	4
0	215
0	393
0	26
1	0
0	1223
0	567
0	0
0	4
0	0
0	1
0	16
0	0
1	28
31	80
0	25
1	6
0	72
0	0
0	170
0	155
0	76
0	0
0	6
0	0
1	1742
0	31
0	118
0	203
0	0
1	0
0	0
0	50
0	1868
0	0
0	9
0	216
0	738
0	0
0	0
0	0
0	0
0	158
0	0
1	207
0	0
1	0
0	0
0	0
0	2
0	319
0	1376
0	0
0	11
1	0
0	239
0	0
0	15
0	71
0	0
0	5
1	20
0	304
0	1
0	12
2	144
0	67
1	0
0	1541
0	717
0	2
0	80
0	2
0	1
0	1
0	0
0	1
0	0
0	4
0	305
0	288
0	201
0	15
0	9
0	11
0	77
0	17
0	0
0	0
0	0
0	331
0	0
0	0
1	289
0	553
0	35
0	0
0	0
2	376
0	3
0	8
13	66
0	498
0	2
0	1
0	10
0	82
0	0
0	112
0	14
0	0
0	3
0	424
0	2
0	1
0	0
0	1
0	0
0	163
0	43
0	0
19	20
0	7
0	5
0	0
0	0
8	1629
0	0
1	7
0	0
0	0
0	209
0	3
1	555
0	218
0	1
0	0
1	24
0	51
3	177
2	221
0	7
0	0
0	102
8	134
0	0
3	570
0	0
0	1511
0	0
0	1257
0	19
0	2
0	2
0	1
0	0
0	10
0	0
0	0
4	370
0	52
0	1
0	0
0	14
0	55
0	3693
0	134
0	0
2	0
0	0
0	0
0	31
0	0
0	15
0	55
0	183
0	0
0	1
0	55
0	0
0	10
0	3
0	220
0	0
1	1
0	2
0	0
0	0
0	17
0	82
0	146
0	0
0	0
4	4
0	0
0	333
1	125
1	0
0	31
0	27
0	0
0	0
0	19
2	785
0	1
0	2
0	414
0	5
3	460
0	4
0	0
0	0
0	0
0	3
0	0
0	0
0	0
0	0
0	0
0	20
0	0
0	630
0	512
0	0
0	43
0	0
0	2
0	0
2	236
1	26
0	1
0	22
83	74
0	0
0	19
0	0
0	0
0	8964
1	616
1	251
0	243
0	0
0	0
0	108
0	3
0	0
0	0
0	25
0	6
1	354
0	0
0	1
0	2
3	151
0	0
0	0
0	1
0	0
0	27
7	191
0	2
2	0
0	0
0	209
0	363
0	153
2	46
0	207
0	0
2	14
0	0
0	2
0	280
0	14
0	72
0	77
0	692
0	0
0	3
3	286
0	173
1	80
0	25
1	9
1	18
0	436
1	394
0	0
0	0
0	0
0	2
112	59
0	0
0	63
0	9
0	10
0	4235
0	622
0	10
0	1698
0	15
0	1
0	0
0	22
0	0
3	167
0	387
0	142
0	6
2	1
0	13
0	0
0	0
0	0
0	157
0	0
0	8
0	1
0	1093
1	1
0	523
0	0
0	0
1	27
0	773
0	0
0	9
0	58
0	4
0	0
0	0
0	0
3	1840
0	0
0	5
0	114
0	53
0	1
0	0
0	0
0	0
0	0
0	0
47	0
0	93
0	0
0	0
0	5
0	1
0	730
0	0
3	97
0	0
4	20
0	0
0	0
0	39
0	266
0	12
0	2
1	144
0	0
0	149
0	0
0	55
0	0
0	0
0	354
0	0
1	35
0	55
0	0
0	1491
0	16
0	12
0	5
14	209
0	413
0	590
0	0
0	0
0	0
0	3
0	0
0	0
0	21
0	0
0	46
2	736
0	1
3	51
0	2
0	0
0	0
0	0
0	0
0	45
0	5
0	0
464	414
0	1
0	23
0	1
0	3
0	2
0	0
0	0
0	22195
0	0
0	0
0	0
0	1
0	1
0	0
0	406
24	327
0	58
0	22
0	0
0	752
0	3
0	0
0	0
0	8
0	397
0	252
0	376
0	0
0	40
0	0
0	4104
1	90
0	0
0	448
2	9
0	0
0	0
0	44
0	16
0	2
0	0
0	21
0	70
0	0
0	0
185	1
0	79
0	3
0	0
0	565
0	7
0	195
0	10
0	0
0	68
0	8
0	0
0	6
0	27
0	0
0	8
0	0
0	26
0	6
0	2
0	45
0	451
0	11
0	0
0	0
0	56
0	118
0	0
0	23
0	0
0	22
0	89
0	900
0	101
1	102
0	28
0	0
0	4
3	429
0	3
0	24
1	20
0	0
0	0
0	51
0	107
0	13
0	2
1	1
0	69
0	257
0	4
0	209
0	0
0	55
0	0
0	0
0	23
0	0
0	0
5	506
0	0
0	0
0	0
0	9
0	0
0	671
0	52
0	1
0	70
0	182
4	595
0	0
0	0
0	41
29	888
0	0
0	0
1	7
0	2
0	0
0	95
0	26
0	200
0	511
0	0
0	0
0	521
0	0
0	131
0	3365
0	125
0	0
0	0
0	0
0	424
0	0
0	0
0	0
89	14562
0	5
0	0
0	0
1	1077
0	0
0	139
1	121
0	0
1	0
0	9
0	0
9	11
0	0
0	9
0	1
0	0
0	30
0	0
0	1799
0	140
0	0
1	31
0	24789
0	0
2	1853
0	1
0	135
0	1
0	0
0	0
0	92
0	5
0	10
0	2
0	0
0	100
0	551
1	0
0	0
0	0
0	258
0	0
0	0
0	0
0	0
0	80
0	52
0	0
0	57
0	0
2	32
0	1
0	657
0	1
0	30
0	251
0	105
0	111
4	20
1	41
0	27
0	1798
0	84
1	130
0	102
0	6
0	5
0	0
0	0
0	0
0	48
0	200
42	1709
0	521
0	7
0	0
0	22
1	1
0	0
0	5
0	2
2	96
0	236
0	16
0	0
0	0
0	0
0	0
0	58
0	2
0	0
0	5
0	0
0	1259
0	0
2	78
0	4
0	1
0	0
0	0
0	8
0	19
0	4
0	0
0	48
23	445
1	1
0	0
0	3
0	0
0	214
0	9
1	7
0	0
0	9
0	23
470	6653
0	0
0	11
0	15
0	0
0	327
0	35
0	14
0	0
0	0
25	2292
0	0
1	179
1	207
0	3
0	5
2	0
0	13
0	211
0	549
0	365
21	136
0	4
0	0
0	31
1	24
0	0
0	105
0	1
0	79
0	9
0	0
0	0
0	0
0	2
0	96
0	5
0	0
0	45
0	17
0	0
0	2
0	83
0	316
0	5
0	0
0	0
0	0
0	0
0	0
0	9
0	535
0	0
0	78
0	35
0	133
0	0
0	341
0	281
0	0
0	402
0	46
0	0
0	23
0	703
0	0
6	148
0	0
0	0
0	0
0	89
0	1
2	1
0	0
1	0
1	1
0	0
0	0
0	39
0	0
0	22
0	0
2	393
2	2017
0	0
0	0
0	12
0	1
0	0
0	2
7	238
0	0
0	0
0	94
0	3
0	393
0	90
1	142
0	12
0	12
0	3
0	4
0	271
0	0
0	0
0	230
0	3
1	238
0	0
0	355
0	0
0	12
0	0
0	4
0	0
0	19
0	0
0	0
0	0
0	0
0	0
0	3
1	5
0	0
0	0
0	20
0	16
0	131
2	17
0	2
2	66
0	7
0	87
0	591
0	44
0	13
0	41
0	0
0	0
0	70
0	0
0	0
0	2
0	22
0	0
0	371
0	86
0	267
0	371
0	0
13	0
0	16
0	0
0	0
0	0
0	7
0	13
0	792
0	0
0	182
0	90
0	198
0	329
0	57
0	0
0	68
1	684
0	0
0	0
0	9
1	297
0	41
0	6
189	12679
0	0
0	4
3	6082
0	0
0	0
1	218
0	57
0	229
0	127
0	108
0	190
0	0
0	1
0	451
0	0
1	248
0	0
0	1810
0	3
0	7
0	1676
0	0
0	28
0	7341
1	178
0	706
0	0
0	0
0	0
0	371
0	266
0	280
2	3
0	0
0	1
0	1
0	0
1	0
4	75
0	22
0	1701
0	2
0	0
0	3
0	28
0	0
0	0
0	0
0	3
0	13
0	44
0	731
0	42
0	9
0	68
0	4
0	1
0	4
0	118
0	0
1	23
0	26
0	0
0	67
0	3
0	54
0	23
0	79
0	78
0	0
0	1374
0	149
0	0
0	0
0	1
0	0
0	1
0	0
0	5
0	0
0	237
0	775
0	0
1	439
0	0
0	0
1	50
0	93
0	40
0	605
0	0
0	49
0	2787
0	0
0	0
0	0
0	6
0	151
0	0
2	795
0	0
0	39
0	329
0	28
4	33
0	0
0	16
2	282
0	1
7	230
0	22
0	0
0	0
0	51
0	13
0	14
4	3
1	0
6	51
0	0
0	30
0	72
0	21
0	0
0	14
0	0
3	776
0	3
0	1325
0	3
4	310
0	10
0	0
0	0
0	0
0	0
1	152
0	3094
1	106
2	3
0	0
0	471
0	0
0	2
0	0
0	0
0	55
17	3463
0	32
0	0
0	0
1	24
0	279
0	3246
0	0
1	0
0	339
0	0
0	649
0	0
0	314
0	436
0	0
1	0
0	1
1	10
0	44
0	0
9	113
1	815
0	0
0	3
0	41
0	27
0	0
0	0
3	792
0	0
0	20
0	274
0	2
0	19
0	100
0	0
0	0
0	134
0	0
0	20
0	5
0	0
4	3718
0	0
0	0
0	58
1	22
0	0
0	217
0	0
1	176
0	0
0	0
0	127
0	0
1	5
1	248
0	26
0	0
0	0
0	14
0	2
0	142
0	18
0	2
0	651
0	1667
0	3626
0	15
0	19
0	0
0	642
0	5
0	104
0	0
0	82
0	0
0	509
0	53
0	4173
0	0
0	0
0	0
0	30
0	0
0	5
0	36
182	261
0	0
0	23
0	13
2	19
0	3
0	5
0	0
0	30
0	2
0	0
1	166
0	4
0	30
12	76
0	42
0	0
0	0
0	1
0	0
0	244
0	3710
0	0
0	31
0	477
176	7524
0	4
0	0
0	260
0	12
0	1032
0	0
0	261
0	10
4	2
0	5
0	0
0	34
0	42
0	5
0	1190
0	112
0	11
0	0
0	38
0	2
0	0
0	0
0	14
0	0
0	1
0	468
0	8
1	905
0	103
0	0
0	0
4	283
0	0
0	12493
0	3669
0	218
0	0
0	56
0	0
0	3
1	1
0	164
0	8
0	6413
0	0
0	336
0	133
0	118
0	0
0	0
0	0
0	4
0	0
0	42
0	0
0	6
0	0
0	0
0	0
0	281
2	7
0	239
0	81
0	256
0	0
0	0
0	4
0	6
0	0
1	48
0	5
0	0
0	0
0	0
2	3
0	4
0	26
0	5
0	0
0	0
0	8
0	291
0	13
0	0
1	71
0	6
0	10
0	3
0	2
0	3
0	7
0	113
0	0
0	0
0	0
0	22
0	0
0	0
0	0
0	0
0	10
0	5
0	3
0	58
0	75
0	0
0	36
0	0
0	32
0	0
0	5
0	0
0	189
0	63
0	0
0	7232
0	336
0	0
10	10
0	125
11	8865
0	847
0	0
0	435
17	1864
6	80
0	0
0	0
0	0
0	0
0	0
0	1
0	8
0	75
0	220
0	103
0	1
0	167
0	24
0	1
2	11
0	0
0	0
0	44
0	0
0	0
0	0
0	26
0	167
0	497
0	0
0	0
0	0
0	0
0	1465
0	0
0	2
0	0
0	230
0	17
0	0
0	243
0	387
0	0
0	0
0	0
0	61
0	0
0	0
0	203
0	1
0	33
0	0
0	4
0	2
0	39
22017	4436
2	0
0	0
0	0
0	0
2	801
0	0
0	6
0	37
1	193
0	9
0	0
0	36
0	452
0	4
2	10
0	0
0	0
0	2917
0	2
0	23
0	108
0	0
0	92
0	0
0	159
0	22
0	0
0	0
0	3439
0	330
0	0
0	1
7	3115
0	2
0	1
0	4
0	1
0	310
0	559
0	0
0	0
1	28
0	26
0	87
0	44
3	112
0	0
0	13
0	0
0	0
0	0
0	25
0	171
0	0
0	39
0	0
0	0
2	0
2	12
0	19
0	0
0	45
0	1
0	85
0	0
0	449
0	0
0	0
1	1207
0	5
0	619
0	56
0	3626
23	0
0	146
0	0
1	33
0	11
0	0
0	1
0	45
3	12
0	102
0	0
0	4
0	152
0	1
0	7
0	9
0	0
0	0
0	0
0	0
0	0
4	5
0	0
1	1
4	946
0	4
0	0
0	0
0	15
0	0
0	0
5	0
0	196
0	30
0	0
0	0
0	4
0	0
0	2150
0	8
0	0
0	0
4	28
0	3
20	71
0	767
0	191
0	80
0	0
0	0
0	3
0	0
0	0
4	446
0	7
0	14
0	257
0	8
1	226
0	3693
0	0
0	1
0	3
2	180
1	46
1	0
0	78
0	780
0	135
0	66
0	0
0	311
0	97
0	422
0	2
0	0
0	0
0	0
1	2147
0	0
0	1
0	0
0	0
0	0
0	0
0	20
0	180
0	646
0	6
0	2166
0	0
0	17
0	0
6	6
0	0
0	18
6	23
0	0
1	819
0	0
1	245
0	398
0	0
0	10
0	0
0	0
0	0
0	11
0	28
0	0
0	1936
0	0
0	0
0	430
0	52
0	90
1	408
2	484
0	0
5	6
0	12
0	0
0	134
0	0
0	2
0	42
0	3
0	12
0	0
21	979
0	1
0	844
0	49
3	47
0	3
0	1
0	78
0	0
0	4152
0	506
0	0
0	252
1	11
0	0
0	13
1	25
1	16
0	0
0	4
3	8
0	0
0	0
0	127
0	54
0	260
0	67
0	92
1	18
0	0
0	0
0	39
0	0
0	0
2	0
0	274
0	0
0	0
1	16
0	0
3	514
0	365
0	22
0	0
0	0
0	537
0	124
0	8
0	0
0	6
0	56
0	5
0	1
0	15
0	0
2	5
0	0
1	1272
0	5
0	210
0	0
0	68
1	48
0	0
0	0
0	0
0	0
0	50
0	136
0	1
0	0
0	122
0	0
0	124
6	53
0	0
0	0
0	0
0	34
0	1094
2	502
0	463
0	0
0	0
0	0
6	14
0	158
0	91
0	0
0	301
0	33
0	0
0	0
0	0
0	16
0	209
0	0
0	0
0	6
0	0
0	0
0	0
1	0
0	0
4	66
0	27
0	0
0	65
0	85
0	23
0	272
0	0
3	526
2	15
0	0
0	195
0	2
0	7
0	131
0	787
0	0
0	5
0	6
2	192
2	35
6	6
0	1
2	337
0	9
4	282
0	202
0	31
1	874
0	63
5	203
0	1
0	0
0	5
0	50
0	0
0	0
0	3
0	4
0	635
0	422
0	4
0	14
4	1
0	54
0	189
0	43
0	0
2	2
0	922
0	160
0	901
0	29
0	3
0	15
0	28
0	82
0	0
0	10
0	0
0	0
0	14
1	121
0	680
1	63
0	114
0	21
0	0
0	35
0	51
0	0
0	2
0	0
0	109
0	0
1	2
0	9
0	0
0	0
0	0
0	0
0	0
0	970
0	55
0	39
2	2
0	50
0	0
0	786
0	0
3	129
0	78
0	0
0	0
0	8
0	75
0	0
0	0
0	130
0	0
0	12
0	269
0	1155
0	3
0	0
0	0
0	2
86	409
0	178
0	47
0	1
0	55
0	268
0	2
0	211
3	547
0	0
1	58
2	33
0	0
0	78
0	1208
2	16
0	0
0	5
2	75
1	28
6	359
4	5
0	4
6	15
0	479
3	0
0	0
5	4
635	898
0	1138
0	616
0	10
0	0
0	147
0	230
0	0
0	2
0	1
0	215
0	0
51	192
2	31
0	82
5	78
0	6
0	0
0	24
0	1763
0	3042
0	44
0	0
0	0
0	0
0	0
3	8
0	153
0	0
1	16626
0	68
0	403
0	6
0	5
11	159
0	365
0	0
0	0
0	310
0	1198
0	48
0	0
0	0
1	0
2	21
0	51
0	0
0	306
0	4
0	431
0	0
0	72
0	7
0	0
3	4
0	0
0	20
0	18
0	0
5	169
0	12
0	15
0	0
0	0
0	356
0	0
0	0
0	211
0	365
0	0
1	34
0	2
2	584
0	0
0	0
0	14
0	0
0	0
0	0
0	0
0	24
0	0
0	0
0	67
0	2065
0	0
1	13
3	75
0	148
0	256
0	79
3	123
0	0
0	3
0	76
0	1
0	0
0	24
0	21
4	107
1	60
0	1
0	0
0	0
0	2742
1	7
0	7
0	39
0	74
0	0
0	140
0	43
0	1
1	47
0	111
0	0
0	0
0	0
0	0
0	0
0	0
0	158
4	0
0	0
0	2
0	1767
4	33
0	168
0	1
0	0
0	497
0	45
0	53
1	285
0	23
0	10
0	0
0	0
0	17
0	0
0	0
0	4
0	84
0	0
0	142
0	39
0	709
0	25
3	205
2	28
0	0
0	89
2	824
0	56
0	50
0	0
0	0
1	119
0	30
1	803
0	246
0	7
2	13
0	0
0	12
0	285
0	96
0	9
0	203
3	1
0	1
0	218
0	0
0	0
0	370
0	0
0	10
1	83
0	14
0	1
0	2676
0	57
0	26
0	14
0	134
0	603
1	193
0	20
0	49
13	1
0	230
0	0
0	1
0	127
0	197
14	556
0	0
0	61
2	68
0	0
2	122
5	148
0	303
0	1099
0	717
0	0
0	3103
0	29
0	39
0	27
0	1
0	11
1	6
0	0
5	239
0	0
0	92
0	158
1	232
0	9
0	85
0	0
0	0
0	0
0	41
0	0
0	0
0	0
0	0
0	0
0	0
1	7
0	0
0	1
0	0
2	272
0	125
0	11
0	0
0	0
0	550
0	236
0	0
0	0
0	0
0	8824
0	0
0	35
0	0
0	0
0	1
0	0
0	31
0	34
0	0
0	9
0	3
0	8
0	434
1	18
0	0
0	3
0	3
0	0
0	16
2	1
0	181
0	0
0	1
0	3791
0	0
0	35
0	7
0	0
0	13
0	0
0	0
0	12
0	45
0	0
0	37
2	5292
0	252
0	0
0	0
0	0
0	26
0	58
3	359
0	20947
0	33
0	112
0	0
0	0
0	502
0	0
0	0
0	0
0	353
0	82
0	201
0	3
0	12
0	36
0	0
0	4
0	1
1	5
0	31
0	531
0	0
0	34
0	0
0	154
0	0
0	0
1	0
0	0
1	128
1	0
0	4
0	0
0	1323
0	391
0	0
0	0
0	39956
1	188
0	0
0	0
0	138
0	87
0	15
0	11
0	0
0	0
21	470
0	5
0	264
0	251
0	0
0	1677
0	0
0	64
0	7
0	481
0	0
0	0
0	0
0	0
0	0
0	2
0	0
0	38
0	4
0	291
0	3
0	0
0	35
0	0
0	0
0	397
0	15
0	6
0	55
0	0
0	496
0	0
0	34
1	43
0	2
4	261
0	0
0	0
1	3603
1	0
0	0
0	6
0	2
0	496
0	0
0	61
0	0
2	54
0	125
0	31
0	4
0	8
0	69
2	274
0	0
20	250
0	4
0	0
0	4
0	0
0	718
0	76
0	395
0	0
0	0
0	0
0	11
0	33
0	6
0	59
0	0
0	71
0	0
0	111
0	25
1	438
0	0
0	668
0	0
0	0
0	0
12	0
0	4
0	177
1	58
0	42
0	366
0	0
0	56
2	61
11	0
0	0
0	0
3	228
0	201
0	0
0	21
0	94
0	231
0	157
0	37
0	39
0	3
0	0
0	7
1	115
0	0
0	0
0	0
0	16
0	0
0	18
0	5
0	0
0	6
1	414
0	53
1	1465
0	7
0	0
1	6
0	0
0	0
0	47
2	176
0	0
0	0
0	73
1	52
0	7
0	0
0	1
1	11
0	0
2	0
0	803
0	14
0	156
0	277
0	0
0	2014
0	90
1	71
0	3
0	2
0	55
0	54
0	0
0	1
0	0
0	11
0	0
2	327
0	0
0	192
2	151
0	309
3	965
0	0
0	62
0	30
0	0
0	92
0	19
0	0
4	809
0	9
1	0
0	1
0	6
0	0
0	231
0	1
0	0
0	0
0	33
0	87
0	0
0	91
0	0
0	53
0	0
0	0
0	0
0	0
0	14
1	3
0	33
0	12
0	0
0	35
0	1
0	0
0	192
0	75
0	7563
0	853
0	0
1	7
4	184
0	42
0	8
0	17
0	9
0	0
0	1
0	0
0	0
0	743
0	0
0	35
0	188
0	0
0	0
0	0
0	0
0	1
0	0
0	124
0	0
0	0
0	297
0	0
0	144
0	229
0	1
0	0
1	243
7	21
0	285
0	0
0	1
0	123
0	97
0	0
0	1348
1	4
3	73
0	11
0	23
0	0
21	75
0	17
0	0
4	104
0	18
0	0
0	3
0	0
0	7
0	0
1	0
2	1447
0	0
0	1
0	23
0	0
0	0
0	33
0	148
0	0
1	27
0	277
0	0
1	60
0	4
0	0
0	0
0	0
1	8
0	1
0	0
0	0
0	39
0	40
1	47
0	14
214	114
0	0
0	3044
0	134
0	0
0	20
20	260
0	19
0	0
1	301
0	179
1	33
7	522
0	0
1	34
0	3
0	35
0	248
0	75
0	0
0	98
0	0
1	0
0	5
0	7
0	0
0	0
0	2
0	0
2	197
51	0
0	18
0	0
0	2668
0	7
0	0
0	0
0	3
0	168
0	0
0	0
1	7
0	8
0	0
0	0
0	4
0	0
0	0
0	11
0	4
0	179
0	0
0	0
0	1
0	0
0	4
0	0
0	0
0	30
0	0
0	0
0	0
0	2252
1	12
0	114
0	0
0	8
0	47
0	0
0	0
0	7
0	498
0	0
0	0
0	93
0	0
0	0
0	270
0	0
0	0
0	0
0	2
0	6
0	3
0	0
0	234
0	3266
1	163
0	267
0	29
0	148
0	385
0	245
0	0
0	1
1	39
0	49
0	0
0	32
0	65
0	176
0	38
0	0
2	1
0	0
12	23
0	0
0	0
0	2193
0	0
0	11
0	0
7	0
0	6
0	1
0	332
0	2
0	0
0	4
0	0
0	0
0	129
0	3424
0	0
0	1831
12	192
3	2
0	184
0	5
0	0
0	0
0	433
10	1
0	22
4	358
0	0
5	7
0	0
0	0
0	0
0	2
2	870
4	6809
0	0
0	397
0	95
0	0
0	30
0	0
0	10
0	0
4	433
0	0
0	32
0	188
0	11
0	184
0	57
1	0
1	1
0	4
0	20
0	59
0	1
0	32
0	0
0	4866
0	5
0	0
31	7965
0	124
0	26
0	49
0	4
0	107
0	0
0	131
0	14
0	0
0	0
5	41
1	2
0	9
0	1709
0	0
0	262
0	0
0	205
0	0
0	0
0	362
0	0
2	202
0	37
0	5
0	127
0	10
0	100
0	14
0	143
0	133
0	334
1	115
0	0
0	532
0	6
1	517
0	5
0	0
0	54
0	42
0	155
0	28
0	64
0	0
0	0
0	3674
0	86
0	274
1	148
0	4009
0	0
0	0
4	1163
0	14
0	0
0	0
0	1746
0	0
0	316
0	214
0	0
0	76
0	48
0	0
0	835
0	0
0	12
0	0
0	96
6	1483
0	5
0	38
1	2271
1	32
0	291
0	10
1	251
0	0
0	1
0	0
0	707
0	0
0	206
0	1
0	396
40	73
0	16
2	21
0	0
0	11
0	16
0	269
0	0
0	27
0	0
0	31
0	17
5	36
0	1
0	2
0	0
0	546
0	0
1	0
0	51
15	2
0	79
0	0
0	3
0	0
0	72
0	0
2	25
0	314
2	7360
0	87
0	0
0	0
0	0
0	0
0	134
0	0
0	4
0	0
0	1404
0	12
1	1
0	0
0	39
0	0
0	0
0	0
0	0
63	98
8	698
0	12
1	8
0	0
0	6
0	28
0	0
0	39
0	7
0	493
0	0
0	178
0	1
0	45
0	39
0	3
0	3
0	86
0	0
0	0
1	12
0	4
0	0
0	4
2	61
1	0
0	0
0	180
0	0
0	51
0	9
0	66
0	294
0	4
0	0
1	5
0	0
2	358
0	1
0	0
0	642
0	57
0	16
0	0
0	0
0	44
0	0
0	12
0	0
0	268
0	25
0	0
0	0
63	266
0	164
1	43
5	27
0	0
0	10
1	1
0	0
0	94
0	247
0	2764
0	0
0	0
0	444
0	0
0	344
0	153
0	63
0	29
5	28
0	0
0	0
0	0
0	218
0	0
44	675
0	0
0	0
0	30
0	0
0	57
0	0
0	16
0	0
0	0
0	0
0	292
0	2
0	45
2	0
0	1
1	29
0	212
0	3
0	10
0	2330
0	3
0	28
2	11
0	54390
0	4
0	7
0	135
0	11143
0	0
0	794
0	0
0	15
0	5
0	855
0	334
0	0
0	0
4	106
0	3
0	0
0	18
0	709
0	15
35	186
0	1
0	332
0	7
0	55
0	3
0	400
0	192
0	0
0	5
0	0
1	263
1	641
4	498
0	0
0	32
0	22
0	0
0	279
0	36
0	73
2	73
0	0
1	49
0	85
0	0
0	1
0	0
0	70
0	2
0	122
1	254
0	501
0	1288
0	132
0	38
2	199
0	0
0	0
0	85
3	3055
0	1
0	69
0	0
0	12
0	13
3	13
0	3
0	0
0	303
0	65
6	50
0	0
0	0
0	17
0	0
0	0
0	24
0	255
0	879
0	13
0	3
0	3
5	1334
1	78
0	0
0	697
0	0
0	11
0	59
29	23
0	78
0	3821
0	75
0	0
0	0
0	0
0	1
2	20
0	0
0	0
0	1
0	0
0	0
5	0
0	0
0	132
0	0
0	0
0	5
1	6
0	23
0	74
0	193
0	0
0	1429
0	0
0	0
0	3
0	314
0	0
0	0
0	1
0	3
0	0
0	0
0	2
0	91
1	176
0	0
0	0
0	152
0	0
0	155
0	0
0	262
0	0
1	5362
0	1
0	0
0	2
15	2
0	0
0	17
0	13
0	0
1	27
0	0
0	1
0	21
0	2
0	16
0	0
0	0
0	840
0	242
0	0
0	0
0	0
2	4
0	0
0	10
3	5587
0	35
0	29
0	0
0	0
0	993
0	26
1	332
0	118
0	4
3	351
1	260
0	0
0	12
0	0
0	0
1	228
6	1
6	8467
0	7
0	2122
0	3
0	145
0	0
0	122
0	300
0	0
0	32
0	7
0	2172
0	82
0	0
0	398
0	0
5	1
0	25
0	0
0	0
0	99
0	18
0	22
0	5
2	48
0	3821
0	3
0	129
3	3
1	6334
0	105
0	0
0	0
3	40
0	7
0	278
0	53
0	0
0	249
0	0
0	20
0	1
0	625
0	432
1	214
537	8
0	0
0	204
0	9
0	3
0	0
1	9
2	0
5	170
0	265
0	65
0	0
0	0
0	48
0	13
2	2674
1	163
0	0
0	2845
0	8
8	108
0	0
0	4
0	0
0	0
0	0
7	2941
0	10
0	49
0	2
0	0
0	75
58	698
0	0
5	698
0	0
0	310
0	273
0	7
0	809
0	4
0	46
0	0
0	3
0	444
1	25
1	199
0	14
0	0
0	87
0	1
1	359
0	0
0	0
0	401
0	188
0	97
2	24
0	0
0	136
0	0
0	0
0	202
0	0
2	132
0	372
0	0
0	0
1	1364
0	1
0	17
0	31
1	156
0	1
9	150
0	0
0	45
2	9
0	0
0	0
2	29
0	13
0	0
0	0
0	321
0	69
0	22
0	0
0	467
0	55
0	197
0	10
0	138
0	5
0	0
0	0
0	0
0	2
0	0
0	7200
0	155
0	1
0	0
0	0
2	1961
1	301
0	0
0	8
0	9
0	0
0	3
0	155
0	0
0	21
0	0
0	0
0	199
0	207
0	0
0	0
0	0
0	417
0	0
0	3
0	0
0	0
0	5
0	101
0	7
0	25
0	1
0	0
0	0
0	53
0	0
0	0
0	337
0	176
0	0
0	36
0	0
0	68
0	0
0	387
0	0
8	3373
0	50
0	226
0	211
0	41
2	21
0	0
0	0
0	1
0	4
0	1229
0	1
0	0
2	175
1	123
0	0
0	0
0	1
1	52
0	717
0	0
0	26
0	0
0	177
3	3
0	0
0	521
0	30
0	0
1	6
0	0
0	0
0	0
0	0
0	0
0	0
0	0
0	0
0	155
0	111
0	0
0	0
0	0
1	21
0	38
2	1026
2	2
0	20
0	52
0	1
0	5
1	4
4	11
0	0
5	529
0	5
3	0
0	34
0	12
0	29
0	0
0	0
0	41
0	1
0	0
0	175
0	0
1	271
0	2
0	28
0	9
0	1684
0	0
3	65
0	112
0	0
0	8
0	0
0	0
0	40
165	0
0	3
1	15435
0	3
0	1
0	0
0	52
2	58
3	634
0	4036
0	0
0	5
0	2
0	0
8	34
0	1
0	17
15	82
0	0
0	0
0	1
0	0
18	218
1	305
0	1
0	201
1	4
0	87
0	0
0	1
0	14
0	0
0	598
0	37
0	0
0	0
0	0
0	139
0	0
0	137
0	57
0	0
3	2
0	6
0	4
0	0
0	1
0	0
0	43
0	0
0	3
0	356
0	0
2	114
0	2
0	0
0	126
0	643
0	0
0	190
0	22
0	126
1	34
10	411
0	3515
0	1085
0	3
0	46
0	0
0	0
0	7
0	7
0	0
0	0
0	0
0	3
0	5
0	223
0	138
0	16
0	228
0	0
0	1
0	36
0	0
0	3
3	51
0	10
0	0
0	15
4	272
0	5
0	111
3	66
0	3
0	188
0	0
4	274
0	0
21	13
0	0
0	11
0	0
0	28
0	55
0	426
0	0
0	15
0	27
0	0
0	0
10	0
0	3
0	0
0	0
0	0
4	15
0	84
0	0
0	1
0	0
0	3
0	236
0	0
0	0
0	1
0	0
0	0
0	0
0	31
0	0
3	2971
0	0
0	336
0	104
0	47
0	33
0	51
18	413
0	2238
0	128
0	42
0	14
0	0
0	0
0	43
0	0
0	105
0	0
0	167
0	11
0	0
0	0
0	0
0	3
23	76
1	709
0	13
0	0
0	0
0	0
0	0
0	4
0	0
0	483
0	0
0	0
0	9
0	45
0	17
0	4
0	64
0	2
2	2
0	699
1	22
0	22
192	180
0	6
0	0
0	0
0	53
0	0
0	1
1	10
0	131
0	30
0	0
0	2
0	0
0	41
0	72
0	0
2	153
0	30
0	5
0	1
0	0
0	55
0	6
0	287
0	0
0	0
0	96
0	3
0	392
7	2
0	0
0	0
0	1635
0	0
0	239
0	518
0	0
0	0
0	38
0	4
5	615
0	359
0	228
0	124
0	773
0	0
0	75
0	5
3	15
0	3974
2	157
0	0
2	1007
0	1046
0	1679
0	214
0	5
0	223
0	6
1	1891
0	0
0	29
0	174
0	426
0	25
0	2
0	204
0	15
0	12
0	0
4	17
0	90
0	2
0	13
0	50
0	82
0	0
0	0
0	99
0	6
0	24976
0	12
3	78
1	184
0	0
0	130
0	0
0	10
1	1
1	290
0	0
0	0
0	38
0	358
0	19
0	0
0	0
0	2
0	0
0	0
0	0
0	0
0	0
0	0
3	2696
0	2
0	0
0	0
0	0
0	5
0	179
0	59
0	0
0	11
0	1
0	853
0	1
3	207
1	204
0	230
0	0
4	446
0	558
0	693
0	0
0	17
0	1
0	0
0	0
0	100
0	80
0	0
0	0
0	134
0	10
0	221
2	216
0	129
0	0
0	0
0	0
1	111
0	67
0	0
0	54
0	0
0	0
0	8
0	3
0	110
0	396
1	108
3	830
0	2
3	3255
0	8
0	0
0	0
1	4
0	0
0	5
0	0
0	41
0	65
0	0
0	0
0	51
13	84
0	37
0	51
34	889
119	393
0	237
1	5
0	2014
0	0
4	5
0	7
0	74
0	17
0	36
0	0
0	150
1	103
0	127
0	5
0	2
0	63
0	9
0	157
0	0
0	0
0	0
0	30
0	22
0	127
3	685
0	0
0	0
0	0
0	3
0	199
0	0
0	0
0	280
1	10
0	7
0	16
0	0
3	2
0	16
0	229
0	0
0	77
0	379
0	1
0	96
1	184
0	3
0	0
0	8
0	0
0	77
0	1
1	111
0	3
2	166
0	0
0	68
0	0
0	0
0	0
0	0
0	0
0	14
0	35
0	4
0	1
0	216
0	0
0	5
12	21
0	0
0	0
0	5
0	7
0	0
0	1177
3	0
0	344
0	0
0	4
0	2
0	266
0	189
0	0
0	0
0	79
0	0
0	0
1	12
0	6
1	2479
0	0
0	0
0	12
0	35
0	9
0	1287
0	0
0	0
0	356
1	0
0	0
0	0
0	0
0	1435
0	0
0	10
0	97
4504	88
0	0
0	0
0	0
0	4
0	6
0	0
0	108
0	0
0	57
0	52
0	67
0	1636
0	7
0	0
0	0
0	710
2	0
40	879
0	0
0	28
0	0
0	1272
45	733
0	1217
0	0
0	7
0	1395
2	351
0	5
0	4
0	27
0	31
0	126
0	0
0	0
0	0
1	22
16	147
0	491
0	0
3	1299
0	59
0	0
0	1
0	238
0	147
0	2
0	0
0	279
0	337
1	189
1	216
0	44
0	440
0	179
0	0
2	3400
0	31
0	0
0	0
0	44
0	22
0	2049
0	0
1	0
1	304
0	16
0	0
0	17
0	0
0	0
0	0
31	0
0	28
1	137
1	5
0	21
0	4
0	171
0	0
0	0
0	2276
0	24
0	452
0	4
7	290
0	0
0	178
0	0
0	0
0	8
1	435
0	3
0	172
0	757
2	297
1	179
0	1
0	17
59	1589
0	0
0	0
1	193
0	0
0	0
0	0
0	21
0	3
0	0
0	0
0	0
38	6071
0	0
2	18
0	0
0	0
0	0
0	0
9	0
0	0
0	7
2	7
0	5
0	16
0	0
0	310
0	48
0	0
0	7
0	499
0	0
0	1
0	34
0	20
2	6
1	0
0	3
0	142
0	47
0	869
0	1
0	0
0	1
0	0
0	0
1	44
0	0
0	72
1	32
0	1538
0	71
0	652
4	2
0	12
0	172
0	200
0	78
0	10
0	33
0	0
2	175
0	0
2	347
3	164
2	23
6	955
0	5
0	37
0	426
2	276
0	0
0	1
0	0
0	19
0	33
11	724
0	0
0	0
0	13
0	48
0	14
0	1
0	2
6	278
0	20
2	33
0	0
0	0
0	0
0	0
1	93
0	19
0	215
0	213
1	168
0	1409
0	1
0	0
0	0
0	5
0	88
0	0
0	1404
0	20
0	1
1	133
0	414
0	3
0	3
1	9
0	0
1	0
0	0
0	76
0	4
1	123
0	13
0	44
0	409
0	0
0	0
0	467
0	4564
0	0
0	1
0	0
0	121
0	1
0	104
1	0
0	0
0	0
0	4
0	0
0	0
0	0
0	16
0	13
0	9
0	160
4	372
0	187
0	0
0	6
0	1
0	52
0	73
0	326
0	3
0	137
1	2
0	20
2	4693
0	25
0	8
7	5
0	0
0	5981
0	0
5	25
1	491
0	0
1	44
0	0
0	3
0	14
2	414
0	0
0	15
0	2
0	0
0	0
0	0
0	9
0	0
0	5
0	132
0	2
0	0
0	18340
0	88
0	5
0	0
0	0
0	4
0	58
0	1
0	58
0	207
0	1
0	0
0	0
0	23
0	155
0	12
0	954
0	11
0	0
0	2
2	208
0	0
0	0
0	23
0	31
0	0
0	0
0	1
14	66
0	811
0	52
0	83
0	421
0	13
0	54
0	350
0	3
1	48
0	61
0	191
0	297
5	0
0	0
0	0
0	176
0	61
0	0
0	0
0	277
0	138
0	0
0	1
0	0
0	1
0	0
1	8
0	0
0	173
0	119
33	3176
0	0
1	0
1	210
0	132
0	0
0	29
0	0
0	3
0	50
0	24
0	0
1	0
0	1335
0	0
0	1
0	55
0	101
0	0
0	1
0	0
0	29
0	0
0	0
0	0
0	243
0	0
0	45
0	22
0	0
0	69
0	0
8	12
0	0
0	0
1	8
0	13
0	45
3	1454
0	0
0	0
0	0
0	1
0	0
0	0
0	1
0	12
0	0
0	104
0	18
0	33
0	0
0	81
0	298
0	1
0	0
0	10
0	18
0	0
0	64
0	0
0	209
0	0
0	8
2	128
0	0
0	0
0	0
1	92
0	0
0	4
0	0
0	101
0	0
3	31
0	49
0	0
0	12
0	0
0	1090
0	6
0	1595
1	60
0	1
0	0
0	6
1	1245
0	1
3	1123
0	45
0	0
0	11
0	2686
0	0
0	22
0	4
0	852
0	66
0	102
3	751
1	233
0	1024
0	0
25	276
0	0
0	1
0	28
0	0
0	274
0	77
0	280
0	7890
0	36
0	13
0	0
0	51
0	351
0	4
0	184
0	1451
0	0
0	1
5	59
0	0
0	41
0	0
0	94
3	29
1	2
0	0
0	6
0	0
0	0
0	9
0	3062
0	91
0	3
0	471
0	0
0	139
1	130
0	36
0	0
0	0
0	0
5	113
0	242
0	0
0	1229
0	1682
0	33
0	3
0	86
0	35
0	102
0	0
0	1312
0	0
0	952
0	0
0	1
0	129
0	0
0	0
0	0
0	0
0	3
0	2
0	0
25	8467
0	84
0	24
0	5
0	8
0	0
0	1
0	4
0	5
9	9429
11	134
0	63
0	29
0	54
0	48
0	1
0	0
0	0
0	0
0	0
3	7
0	529
0	5
0	0
0	0
0	0
0	0
0	382
0	627
0	27
1	1
0	1
0	182
0	20
0	160
0	1
0	471
0	0
0	0
0	46
0	0
1	3740
0	0
0	13
0	44
0	258
0	0
0	3741
0	479
0	53
23	4638
0	7
0	1067
0	0
0	0
8	55
0	8
0	0
0	735
0	1
0	0
0	386
0	167
0	0
0	486
0	14
0	0
0	8
0	0
0	0
1	22
0	57
0	205
1	108
1	180
0	169
0	263
0	4
0	6
0	175
0	9
0	3
0	1
0	0
0	955
0	4
0	4
0	112
0	0
14	3
0	22
0	0
0	3
0	81
0	0
0	0
0	20
0	39
0	5
0	0
2	174
1	22
0	0
0	0
0	0
0	0
0	86
19	143
0	355
0	229
0	202
0	1
0	0
0	0
0	12
0	0
0	0
3	268
0	0
0	684
0	12
0	0
0	0
0	4
0	0
0	0
0	2
0	0
0	1053
0	0
0	0
0	1
39	936
0	10
0	0
0	0
0	12
0	17
0	6
0	19
0	470
1	10
0	3
0	250
0	282
0	0
0	0
0	188
1	4312
0	549
0	0
1	5836
0	97
0	0
0	0
0	18
0	23
0	2
0	0
0	1
0	95
0	0
0	1792
0	2
0	400
1	15
0	784
0	0
242	11
0	151
0	0
0	0
1	484
1	749
0	0
0	56
0	0
0	8
0	204
0	2713
1	1946
0	0
0	1
0	537
0	0
0	233
0	208
0	44
0	0
0	8
1	40
0	1
0	24
0	7
1	36
8	82
0	604
2	49
0	360
11	294
0	0
5	98
0	68
2	8
0	1
0	11
0	1
1	115
0	117
0	0
0	0
1	44
0	0
0	0
0	0
0	0
0	2228
0	11
1	0
0	0
0	0
0	0
0	5
0	0
0	0
2	26
0	5
1	3411
0	167
0	184
0	4
3	0
0	8
0	54
0	0
1	93
0	0
0	0
0	1066
1	5
348	8014
0	3
2	114
0	0
0	0
0	56
0	3
2	116
0	58
0	74
0	0
0	0
0	1
0	660
0	79
1	1
0	0
0	0
0	0
0	7548
0	193
0	0
0	5
0	257
0	263
0	3520
5	61
0	4
1	0
0	31
0	16
0	324
0	1
0	0
0	5
0	0
0	81
1	744
0	0
0	102
6	37
0	310
6	4
0	0
0	0
0	908
0	0
0	223
0	0
0	30
0	2
0	64
0	0
0	0
1	88
0	10
0	5
4	508
0	4518
0	0
0	526
0	0
0	0
0	1525
0	91
0	48
0	5
0	228
0	101
0	0
0	28
1	560
0	417
0	324
0	182
0	0
27	216
0	17
0	8
0	5
1	73
0	0
1	1
0	8
0	25
0	158
0	0
0	0
0	0
3	39
0	0
0	124
0	4
0	0
7	208
0	417
0	312
0	0
0	0
0	0
0	0
0	1209
0	305
0	29
3	209
3	118
0	8
0	0
1	10
0	47
0	20
0	4
0	25
0	0
0	0
0	0
0	20
0	26
0	76
1	8
0	94
0	0
1	13
0	1
0	3643
0	0
0	1
0	24
0	0
0	51
0	11
0	2687
0	0
0	193
0	6
0	29
0	390
0	0
2	0
2	257
0	0
0	73
0	0
0	0
0	0
0	2
0	0
0	238
0	7
0	0
0	85
252	16
0	31
30	0
0	23
0	1
10	1071
14	1082
0	0
0	0
0	504
0	64
0	0
0	376
0	66
1	0
3	2254
0	0
0	0
0	12
0	179
0	85
0	6
3	1145
0	244
3	114
0	0
0	0
0	112
0	0
0	280
0	31
0	0
0	6
0	870
0	2695
0	0
3	212
0	8
0	1097
0	0
1	4036
0	0
0	1
0	7
0	0
0	6
0	44
0	0
0	63
0	0
0	0
2	60
0	0
0	23
0	1
0	0
1	2352
0	3
0	0
0	0
0	2
0	0
0	28
0	512
0	3
1	180
0	0
0	161
0	0
4	2459
0	47
0	0
1	71
1	111
0	153
0	0
0	0
0	201
1	7
5	67
0	1027
0	0
0	73
0	221
0	0
0	0
184	1288
0	67
0	673
0	0
0	60
0	0
0	8
2	52
3	1108
0	0
0	0
0	2
0	117
0	0
0	19
0	55
0	192
0	533
0	10
0	0
0	0
0	3
0	0
0	0
0	0
0	0
0	95
14	67
3	3
0	0
0	0
0	1
0	80
0	0
0	0
1	2
0	0
0	245
2	0
0	0
0	0
0	0
0	363
0	0
1	119
0	0
0	0
4	45
0	5
0	0
0	34
0	0
0	193
0	1774
0	202
0	0
0	0
0	0
0	0
0	0
0	0
0	1116
1	928
0	193
0	1379
0	0
0	325
0	43
3	104
0	0
5	1492
0	12
0	53
0	0
0	0
0	729
0	0
0	0
0	0
0	656
0	4
0	0
0	0
0	239
3	1
0	2
0	1
0	2855
0	285
9	8
0	0
0	12
0	1
1	50
0	4
0	5
1	0
0	6
3	31
0	65
5	1423
16	2
0	4
0	185
0	0
0	745
0	18
0	272
0	57
1	94
0	0
0	0
0	0
0	0
0	15
0	0
0	342
0	240
0	0
0	240
0	126
4	0
1	422
0	5
0	4
0	0
0	18
0	142
0	0
0	0
0	1726
2	32
0	0
0	2
0	231
0	0
0	147
19	5102
0	0
0	4
0	2
0	0
0	1853
0	0
0	102
0	47
1	238
0	559
0	101
0	91
0	3
1	1
0	0
0	16
0	530
0	51
0	94
0	0
0	0
0	1
0	3
0	0
0	33
0	4
0	278
2	189
0	1
0	4
0	2
3	1618
0	1
0	229
0	0
0	0
0	0
1	2
1	45
0	111
0	171
0	0
16	2163
0	3
1	11
0	49
0	1
0	39
0	1
0	455
0	0
0	561
1	9
0	0
0	0
0	4
0	29
0	0
0	0
0	6
0	260
2	0
4	25
0	107
1	16
0	0
0	0
0	0
0	1
0	0
0	1
0	11
0	0
68	83
1	2680
0	0
0	1
0	0
0	2141
0	20
1	12
0	1
0	46
0	9
0	388
0	11
2	7
0	0
0	13
0	0
0	1
0	1775
0	0
0	20
0	0
0	1
0	0
5	3418
0	0
0	4
0	0
0	2
0	0
0	0
0	1703
0	95
0	322
0	23
0	6
0	0
0	31
0	0
0	0
1	1
0	297
30	7553
0	1
0	37
0	0
2	1060
0	157
0	1513
25	0
0	46
0	43
0	0
2	139
1	289
0	22
0	44
0	1
0	10
0	3
0	15
0	0
1	44
0	0
0	0
0	141
2	14
0	55
0	996
0	10
0	1
0	29
0	0
68	56
0	97
0	0
0	174
1	623
0	12
3	900
0	2
0	152
3	219
0	5
86	740
0	110
21	1495
0	124
1	35
0	187
0	1
0	22
0	0
0	51
0	162
0	0
0	195
0	174
0	13
0	0
0	0
0	0
1	0
0	0
0	0
0	7
0	468
0	697
0	225
0	15
0	76
7	681
0	2680
0	0
0	0
0	0
0	130
1	0
0	0
0	1122
0	25
0	0
0	0
0	0
0	16
0	0
0	1
0	0
0	469
0	36
0	181
0	41
0	8
0	160
0	0
1	2
0	56
0	0
0	0
0	0
0	23
0	0
0	0
0	0
0	81
0	17
0	0
0	7
0	3
0	885
2	197
1	16
0	0
0	1
0	0
0	3
0	0
0	0
0	64
0	0
2	41
0	238
0	0
0	0
1	120
0	17
0	0
0	4
0	0
0	2064
0	6
0	0
4	79
2	23
0	0
0	0
0	53
0	3143
2	21975
0	1
3	864
0	86
0	27
37	165
0	0
0	0
0	14
0	92
0	0
1	49
0	0
9	468
0	79
0	25
0	0
0	1
1	3
0	1319
0	0
0	10
0	13
2	17
0	1
0	171
0	49
0	9
4	398
0	0
1	0
0	0
0	0
0	0
0	8
0	0
0	0
0	15
0	0
0	11
0	645
1	0
0	0
0	0
0	43
0	235
0	53
0	0
0	84
0	324
0	135
0	216
0	1
0	178
0	26
0	0
0	26
11	0
0	0
0	8
0	0
0	152
0	13
0	20
0	1
12	1044
0	0
0	7
0	0
0	2802
0	0
0	107
1	224
0	7
0	2
0	31
0	135
0	17
0	42
0	0
12	528
0	0
1	258
0	309
0	26
0	55
0	46
0	0
0	0
1	1
1	3
0	7
0	206
0	342
1	1833
0	0
0	0
0	0
0	0
0	0
0	0
0	1
4	0
0	0
0	35
0	0
0	13
0	62
0	34
0	22
8	169
0	0
0	0
0	0
0	0
0	0
0	419
0	1
0	2
0	512
0	235
1	304
0	0
0	0
0	7
0	0
0	5
0	0
0	3
1	198
0	79
0	6
1	43
0	0
0	0
0	32
0	38
0	109
0	0
0	4
0	4
0	0
0	28
0	0
0	0
1	0
0	1
0	424
0	740
0	0
0	2
0	914
0	0
0	115
0	0
0	0
0	0
0	10
0	0
0	28
0	0
6	131
0	28826
0	0
1	0
1	0
0	19
0	0
0	0
0	0
5	61
0	6
0	0
0	181
0	67
0	0
0	0
0	6
0	245
0	0
0	0
0	0
0	0
0	0
0	9
0	0
0	23
0	1
0	0
0	863
15	1601
0	0
0	1
0	0
0	0
0	332
0	242
0	0
0	74
1	0
0	73
0	3132
0	4
0	22
0	40
0	96
0	0
0	0
0	287
0	0
6	106
0	2
5	1012
0	346
0	850
0	23
0	42
0	0
0	51
0	3
20	277
0	2
0	0
0	22
0	176
0	0
0	0
0	0
0	30
0	390
0	390
0	1
0	39
0	41
0	560
0	4
0	47
0	0
0	25
0	0
0	98
1	0
2	274
0	0
0	64
1	316
0	0
0	80
0	623
0	18
0	0
0	0
0	194
0	0
0	68
3	2894
0	85
0	713
0	0
0	14
0	0
0	0
1	2
1	38
0	5
0	0
0	11
0	0
0	0
0	305
0	2
0	0
0	1664
0	1428
0	0
0	50
0	0
0	97
0	37
0	55
0	0
0	0
0	1
0	0
0	0
0	0
0	292
0	137
0	395
0	102
0	0
0	306
0	0
0	53
0	1
0	17
0	30
0	0
0	0
0	1
0	0
0	38
0	0
0	5333
0	0
0	347
0	21
2	57
0	33
0	36
0	0
7	0
0	0
0	0
0	0
0	19
0	53
0	0
0	0
1	43
0	11
0	7
0	86
0	33
0	0
0	0
0	0
0	0
0	130
37	401
1	636
3	13
0	51
0	0
0	0
0	0
2	113
0	0
0	179
0	0
0	0
0	32
0	0
6	641
0	0
0	285
0	121
0	33
0	0
0	0
0	6
0	6
0	175
0	59
5	0
0	0
0	430
0	44
0	16
0	1007
0	0
0	10298
0	15
0	27
0	168
0	0
0	52
0	38
0	26
0	0
0	0
0	3
1	43
0	0
1	129
0	76
0	13
0	288
0	0
0	0
0	0
0	17
0	75
0	0
0	0
0	0
0	49
0	0
0	341
0	22
1	58
0	0
0	0
0	2203
0	0
0	6
0	75
0	7
0	0
0	523
1	692
0	240
0	0
0	3
0	29
0	53
0	3
0	230
0	0
1	16630
0	668
7	23
1	18
0	0
0	0
0	189
0	0
0	0
0	24881
0	922
0	0
0	1
0	16965
0	1490
0	5
0	0
0	0
0	88
0	420
0	4
0	236
0	3
0	0
0	19
0	0
0	23
0	0
5	0
0	0
0	87
0	31
0	0
0	0
258	297
0	0
0	4
1	196
2	251
0	317
0	0
0	0
0	0
0	191
0	3240
0	7
0	16
0	1
0	52
0	1
0	2
0	5
1	310
0	0
0	5
2	435
0	6
0	0
1	5
0	0
0	0
1	2
0	92
1	1
0	0
0	0
0	0
0	0
0	11
0	826
0	0
0	0
0	0
0	1081
0	136
0	247
0	941
0	0
0	11
11	1880
0	0
0	0
0	234
0	96
0	33
0	1548
0	70
0	0
0	0
0	201
0	0
0	1
0	8
0	0
0	18
0	801
0	172
0	0
1	107
0	3
0	0
0	2
0	10
0	0
0	61
0	33
0	54
0	58
0	0
0	0
0	0
0	145
0	8
0	2
0	0
0	0
0	482
11	133
0	54
0	15
0	0
0	0
0	255
0	234
0	7
0	0
0	35
0	0
0	0
0	34
0	0
0	174
0	0
0	0
1	0
0	0
0	151
0	140
0	0
0	72
0	0
0	0
1	6
0	1418
0	0
0	784
0	0
0	759
0	0
0	0
0	7534
0	0
0	440
0	29
0	0
0	208
0	0
0	5
0	0
0	0
0	59
0	11
0	43
0	8
0	89
0	0
0	0
0	155
0	271
0	112
0	35
0	0
0	240
0	4
0	0
0	0
7	97
93	0
0	48
0	0
0	13
0	0
0	0
0	0
1	139
0	0
0	157
0	0
0	143
0	0
0	0
0	37
0	0
3	0
1	45
0	0
0	104
0	0
0	87
0	13
0	110
1	18586
0	0
1	176
0	0
0	8
0	6
0	38
1	29
0	0
0	0
1	45
0	0
0	20
0	0
0	132
0	0
0	99
0	0
2	0
0	5
0	97
0	2
0	42
16	995
0	0
4	832
0	0
0	0
0	11
3	445
0	36
0	0
0	11
0	698
0	0
0	0
0	580
0	988
0	0
0	118
0	0
0	96
3	87
0	1
0	32
0	0
0	429
0	86
0	0
0	0
0	7
0	95
0	251
0	276
0	119
0	35
0	0
0	0
2	14
0	0
0	0
7	14945
0	54
0	48
0	43
0	0
0	98
0	64
0	0
0	0
1	162
0	85
0	89
0	102
0	3
0	0
0	50
0	0
0	0
0	13
0	1
0	82
0	0
0	0
0	0
0	0
0	741
0	2
0	0
0	0
1	5
0	67
6	18
0	0
0	0
0	29
0	0
0	425
0	6
0	152
0	0
0	103
0	0
0	0
0	0
0	90
0	72
0	0
0	63
2	97
1	430
43	5
0	0
0	0
0	0
0	268
0	0
0	0
0	14
0	21
0	1918
0	0
0	451
0	260
1	0
0	0
0	0
0	502
0	6
1	52
0	0
0	0
0	0
0	4
0	13
0	47
1	18
0	0
0	0
1	14
0	2
0	17
0	62
0	8
0	1256
2	31
0	48
0	163
0	86
0	3
0	16
0	876
0	0
0	205
0	499
0	0
0	0
0	44
0	0
0	72
0	0
0	2
0	0
0	0
0	0
0	233
0	0
0	543
1	11487
0	34
19	26988
0	0
0	0
0	0
0	0
0	0
0	0
0	0
0	0
0	11
0	0
0	36
0	345
0	0
0	169
0	777
1	5
0	0
3	1133
0	0
0	102
0	4
20	977
0	1
0	0
0	2
0	0
0	1
0	1
0	1
0	14
8	5
0	141
0	0
0	756
0	16
0	0
0	0
0	290
0	0
1	49
0	825
0	0
0	0
1	45
0	73
0	28
0	0
1	101
2	3
0	0
0	0
0	610
0	19
0	0
0	0
0	229
0	4
0	10
0	67
0	1
0	7
0	0
0	0
0	5
1	1
0	7
0	0
0	131
0	30
0	0
41	1015
0	37
0	0
0	288
0	0
0	0
0	1
0	0
0	0
0	0
0	126
0	0
0	0
0	627
0	2
0	314
0	0
0	0
0	50
0	0
0	11
0	13
0	1842
0	0
1	0
1	2
0	1
0	0
0	3
0	424
0	0
0	1
0	13
0	277
0	4
0	0
1	66
0	13
0	62
0	4
0	2
0	0
0	215
0	0
0	1
2	16
0	1
0	0
0	14
0	22
1	76
0	66
0	0
0	0
1	6
0	15
0	75
0	474
1	432
0	0
0	0
0	59
0	0
0	16
2	39
0	425
0	85
0	5
0	112
0	165
0	0
2	411
0	28
0	13
0	0
0	26
1	71
0	2
0	38
0	89
0	158
0	0
0	4
0	0
10	86
0	19
0	0
0	19
0	0
0	0
2	31
0	25
0	0
0	0
0	0
0	0
0	130
0	0
0	0
0	2
0	80
0	0
0	5
0	25
1	37
0	64
0	0
0	12
0	0
0	0
0	421
0	0
0	230
0	37
0	89
0	20
0	0
0	0
0	0
0	14
3	5444
1	18
0	0
10	20506
0	0
0	0
0	2
3	0
0	151
0	0
0	84
0	5
0	0
0	19
0	229
0	28
0	0
0	2
0	5
2	2
0	4
0	0
14	0
0	85
0	0
0	100
0	0
0	7
0	81
0	3
7	3229
0	0
0	0
0	0
0	0
0	0
0	12
0	176
0	0
1	0
0	0
0	0
3	313
0	787
0	29
0	65
0	0
1	83
0	0
0	0
0	2
1	24
0	10
0	38
0	92
0	140
0	0
0	31
10	12
0	5
0	8
0	203
2	122
0	8
0	91
5	184
0	0
4	133
0	55
2	4194
0	2
0	16
1	8
0	0
2	3
0	25
0	178
0	8
1	72
0	3
0	0
0	0
1	2
0	0
0	0
0	247
0	25
0	0
0	0
0	3
0	2
0	44
0	337
0	0
0	81
0	91
0	0
2	176
0	273
0	801
0	0
0	0
0	0
0	40
0	475
0	180
2	531
0	0
0	43
0	32
1	0
0	1
0	0
0	0
2	286
0	2
0	37
0	2
0	0
133	366
0	0
0	0
0	0
0	0
0	195
0	0
0	0
2	43
0	0
0	0
0	572
0	1078
0	1
0	27
0	0
0	0
0	0
0	70
0	26
0	0
2	180
0	1
0	2
0	105
0	387
0	0
0	63
0	0
93	121
6	75
0	2
0	6
0	0
0	0
0	410
0	49
0	0
0	21
0	0
0	273
0	0
0	0
0	75
2	6
0	74
1	263
3	24
1	1
0	0
0	111
0	65
0	103
0	209
0	0
0	15
0	27
0	3
0	0
0	0
0	427
0	0
0	973
0	13
0	0
0	174
0	2
0	77
0	667
0	0
0	260
0	0
2	26
0	0
2	203
0	0
12	2
0	0
1	0
0	0
0	14
0	0
0	352
0	213
0	19
1	5
0	727
0	0
0	1
0	95
0	0
0	5
0	11
0	0
0	0
0	5819
0	0
0	5
0	0
0	0
0	3
0	0
0	25
0	34
0	115
0	0
0	0
0	0
0	97
0	321
0	5
0	175
0	0
0	3730
0	11
0	0
0	1335
0	57
8	198
0	0
0	155
0	3
0	8
0	0
0	60
0	30
3	5
0	514
0	7
6	12
0	0
0	0
0	0
0	11
0	15
0	52
0	51
0	0
0	143
0	0
0	0
0	25
0	0
0	45
2	176
2	2541
0	548
0	99
0	185
0	141
4	182
0	180
5	12
0	11
3	111
0	121
0	0
0	0
0	135
0	0
0	0
0	3
0	1
0	8
0	48
0	2
0	0
0	0
0	81
0	0
0	0
0	0
0	5
0	30
0	0
1	10
0	1
0	9
0	0
0	380
0	0
1	50
1	673
0	0
0	10
0	0
0	290
0	557
0	0
0	146
0	40
0	23
0	423
0	0
1	1416
0	591
6	0
1	696
0	0
0	13
0	185
0	0
0	5
0	0
0	0
0	26
0	0
0	0
1	919
0	309
0	7
0	1
0	5
0	0
0	22
0	4218
0	39
0	148
0	0
0	7205
0	0
0	20
0	6
1	2
0	0
0	119
0	0
0	11
0	0
0	53
0	451
0	216
0	46
0	139
0	6
50	0
0	75
0	0
0	34
0	0
0	30
0	15
0	15
3	589
0	0
75	62
2	0
0	0
1	475
0	0
0	43
0	0
0	1987
0	0
0	76
2	3
0	0
0	0
1	195
0	23
0	68
0	57
0	0
0	0
0	0
0	3
0	0
3	158
1	86
0	129
0	0
0	419
0	135
0	2
1	31
0	9
0	1638
0	0
0	74
0	52
0	737
0	0
0	0
0	16
1	1481
0	0
0	0
0	24
0	207
0	0
0	0
2	1
0	0
0	4
1	2124
0	0
1	102
3	12
0	0
0	2
0	2
0	52
0	1
0	1463
2	0
0	18
0	0
0	0
0	3
0	15
0	220
0	80
0	0
0	9
0	0
3	0
0	40
0	0
0	39
0	0
0	0
0	3
0	11
0	125
0	2
3	6161
0	669
0	109
0	44
0	186
0	32
0	19
0	39
1	0
0	1958
0	13
0	0
0	0
0	5
0	0
0	0
0	0
0	23
0	0
1	11
0	0
0	49
0	0
0	3092
2	7
0	28
0	147
0	44
0	0
0	0
0	0
1	27
0	0
0	0
1	0
0	261
0	67
0	0
6	9
0	0
0	0
0	0
0	1
0	7
0	0
0	0
0	0
0	1
0	0
0	238
0	2227
0	0
0	3
0	14
0	67
0	0
0	1
0	0
0	496
2	78
1	84
0	24
0	43
0	0
0	0
0	22
0	0
0	0
0	0
0	15
0	0
3	1090
0	0
0	0
0	1
0	1
0	0
0	0
0	1
0	166
0	0
0	229
0	18
0	0
0	33
0	24
0	0
0	136
0	2
1	0
2	1029
3	1
0	0
0	0
0	18
0	3
0	10
0	0
0	21
0	327
0	2
0	35
0	80
0	0
0	0
0	0
0	0
0	3
0	1
0	16
0	0
0	0
0	0
0	0
10	119
288	1
0	0
0	0
1	76
0	1
1	393
0	0
0	684
0	4
0	751
0	279
0	0
0	0
0	0
0	10
0	0
0	2
0	270
0	430
0	19
0	0
0	16
0	5088
0	337
1	0
0	0
0	632
3	45
0	53
0	0
0	2022
0	0
0	784
0	0
0	1
0	6
0	0
0	0
0	492
0	0
2	173
0	0
0	0
0	6
0	5394
24	0
0	14
0	0
0	0
0	2
0	3
3	6
48	1759
0	0
0	0
0	8
0	1
0	102
0	0
0	30
1	14
7	1442
0	0
0	961
0	18
0	0
0	0
0	1
5	401
0	2
0	0
1	42
0	2
0	4
0	0
0	0
4	1315
0	0
0	0
0	36
0	0
0	0
0	0
0	5
0	0
0	0
0	0
0	995
0	7
0	0
0	4
0	36
0	0
2	2975
0	0
0	24
1	48
0	0
0	1026
26	0
96	44
0	127
0	1191
1	26
0	0
0	3
2	25
0	0
0	1
0	0
0	0
10	10410
0	0
0	47
0	68
0	0
32	7
0	2
0	0
0	27
0	0
6	20
0	0
0	0
0	0
0	2
0	10
0	0
0	69
0	1179
0	111
1	750
0	20
0	0
0	3
0	0
1	0
0	33
0	220
0	0
0	339
0	0
0	135
2	7
0	6
1	47
0	100
0	0
0	0
0	2
0	0
0	0
0	47
0	4
0	266
0	22
1	68
0	3
0	241
0	24
0	0
0	14
0	0
0	14
3	95
0	0
0	1231
0	5
0	1
1	9
0	0
0	0
0	94
18	286
0	0
1	5
3	470
2	277
0	0
3	63
0	173
0	8
1	14
0	4
0	0
0	0
0	853
0	9119
0	0
0	1
0	0
0	94
0	0
0	27
0	0
0	0
0	0
0	0
0	17
0	3
0	6
5	415
0	0
0	0
0	107
0	0
0	4
0	0
0	0
0	53
0	4
0	0
0	59
0	0
1	10
0	29
0	0
0	226
0	23
0	11
0	1278
4	143
0	5
6	6
0	33
0	670
2	48
0	0
0	70
28	679
1	78
0	54
2	232
27	1526
0	196
0	5
0	1
0	196
0	0
0	0
0	0
0	1
0	0
0	6
0	0
0	239
0	0
0	0
2	211
0	63
0	5216
0	0
10	11
0	0
0	33
37	17
0	15
1	130
1	31
0	0
0	8
0	0
1	0
0	42
2	0
0	2
0	0
0	1
0	153
0	1
0	0
0	3
0	7
1	8
0	11
1	189
0	2
1	4
4	18
0	0
4	641
0	106
0	13
0	1
0	36
1	656
0	13
0	15
1	109
0	0
0	10
0	7
0	4
0	27
0	3
0	258
0	0
0	0
0	0
0	0
2	39
0	29
0	7
0	0
1	758
0	0
0	0
18	78
0	35
0	458
0	10
0	2501
0	0
0	58
0	0
29	37
0	210
0	0
0	40
0	116
0	1
0	77
0	14
9	2
0	0
0	176
0	0
0	0
0	0
0	263
0	0
0	0
0	0
1	32
0	2265
2	26
0	0
0	0
0	25
0	38
0	0
0	1
0	7
0	0
1	1185
0	0
0	0
0	0
0	0
0	0
0	0
2	52
0	0
0	981
0	43
0	0
0	4
0	20
0	0
0	3
0	0
0	0
0	211
0	30
0	0
0	0
0	19
0	0
0	0
0	1
9	0
0	0
0	29
0	0
0	0
0	12
0	0
0	4
0	4
0	0
0	4
0	243
0	60
0	0
0	0
0	0
0	2
1	8
0	0
0	59
0	0
0	0
2	3
0	0
0	5
0	4
0	138
5	3
0	182
0	4
10	1
0	0
14	0
0	5
0	0
3	14
0	692
0	50
0	6
0	427
0	4
0	0
0	0
0	4
0	120
0	0
0	0
1	8
0	77
0	10
0	0
0	70
0	0
0	13
0	979
0	0
1	436
0	0
19	551
0	0
1	627
0	0
0	48
0	78
0	13
0	41
0	0
0	9
0	1
0	2764
0	1
0	0
0	0
0	0
0	0
0	0
1	0
0	7
0	0
2	19
0	223
0	0
0	0
0	32
0	8
0	0
0	0
3	127
0	0
0	0
2	35
0	153
0	0
0	0
0	10
3	2
12	0
7	61
0	0
0	2
0	13
0	145
0	188
0	0
0	138
0	32
0	0
0	11
0	0
3	176
0	1
0	0
0	0
0	0
0	0
0	0
0	5
0	0
0	5
0	1
0	0
0	0
0	200
0	0
0	0
0	0
0	0
0	149
0	1
12	6
0	0
0	0
13	3
0	392
0	11
0	83
0	116
31	14
0	0
0	0
0	69
0	3
0	0
0	85
5	2516
3	107
1	35
0	15
0	0
0	0
1	188
0	0
0	0
0	0
0	32
0	0
0	2
8	50
0	0
0	0
3	60
0	0
0	839
0	1
2	466
0	359
0	25
0	0
5	603
0	2
0	3
0	0
0	40
0	803
0	0
4	23
0	23
0	5
1	9
0	15
0	0
0	0
0	0
0	0
0	759
0	0
0	23
0	19
0	0
0	117
0	122
0	43
0	0
0	0
0	0
0	81
0	4
0	4
2	22
0	0
0	0
3	0
0	17
0	206
0	1
0	39
0	0
0	11
0	0
1	123
0	1
0	21
0	12
0	2
0	9
1	724
497	1
0	0
0	0
10	13
0	0
0	126
0	3
0	111
0	4
0	1
0	0
0	154
0	0
2	0
0	47
0	0
0	543
0	100
0	137
0	4
0	0
0	0
1	76
0	0
2	0
0	0
0	0
0	0
0	0
0	11
0	0
0	17
0	54
0	0
1	464
0	0
667	0
0	8
1	0
0	20
0	0
0	90
0	6
1	173
0	15
0	452
0	72
0	41
0	87
0	1833
0	5
0	0
0	95
0	0
13	1629
1	2243
1	711
0	0
0	0
0	0
0	51
0	34
0	30
0	0
0	29
0	8
0	3
0	10
0	0
0	350
0	42
0	22
0	0
0	37
0	11
0	3
0	11
1	5
0	0
0	0
0	2
0	0
1	37
0	0
2	1
0	23
0	0
0	0
0	38
22	1115
0	73
0	0
0	33
3	39
0	1
0	0
0	46
0	26
0	0
0	0
0	0
0	0
0	685
0	0
0	2
0	0
0	82
18	51
0	204
0	342
0	130
0	0
0	15
0	2
0	0
0	3
12	347
1	4
0	0
0	35
0	273
0	1
0	285
0	21
0	49
1	163
0	23
0	0
0	13
0	0
0	0
0	60
0	238
0	11
1	14
0	42
0	0
1	260
0	0
0	0
0	36
0	0
0	90
2	969
0	192
2	136
0	0
3	637
0	0
0	0
0	294
0	0
0	0
0	18
0	254
0	36
0	0
0	1072
0	0
0	6
3	1002
0	0
0	63
3	42
0	8
8	123
0	119
0	3
2	54
0	287
0	0
0	0
1	0
0	1
0	0
0	413
28	20
0	0
0	0
0	103
0	40
1	2299
0	0
0	4
0	0
0	0
6	9
0	8
0	65
0	0
0	37
0	0
2	51
0	52
0	0
0	0
0	2
0	38
0	0
0	2
0	0
0	26
0	0
0	345
0	32
0	0
1	79
1	8
0	0
2	633
0	24
0	0
0	0
0	3
0	38
0	20
0	4
0	92
0	12
0	50
0	0
0	306
0	173
0	8
0	0
12	669
0	67
0	0
0	10
0	4
1	0
0	792
0	39
0	0
1	150
0	0
0	0
0	548
1	0
1	5
0	0
0	248
0	6
2	0
0	126
0	114
0	5
0	1561
1	68
0	3
0	177
0	67
0	0
0	39
0	251
0	0
0	40
0	275
0	112
7	311
0	0
0	128
0	0
0	226
0	0
0	1
0	4
0	1
0	13
0	69
0	0
0	0
0	0
0	515
0	0
0	48
0	57
0	40
0	19
0	52
0	0
0	134
0	0
0	0
3	505
0	81
0	0
0	0
0	0
0	50
141	0
32	91
1	58
0	6
0	0
0	3
0	3
0	6
0	141
0	0
0	485
2	0
0	12
0	0
0	0
8	2116
0	0
0	0
0	6
0	0
0	0
0	0
0	3
0	1
8	1062
0	0
0	2
0	60
4	0
0	38
0	9
0	0
2	1
0	0
0	67
0	9
0	0
0	0
0	0
0	35
0	3
0	10
0	5700
12	68
0	0
0	371
0	25
0	69
14	168
0	0
0	31
0	0
0	51
0	0
0	0
0	25
0	0
0	6
0	8
0	7
1	0
0	6
0	0
0	14
0	39
0	678
0	0
0	5
0	45
0	0
2	3
0	0
10	648
0	524
0	31
0	23
1	87
0	54
1	1
3	18
0	0
0	0
0	6
0	0
3	5
0	0
0	0
0	0
0	0
0	0
0	0
0	239
1	0
0	130
0	0
0	446
0	0
0	0
0	3
0	90
0	5
0	0
0	225
1	3
0	442
0	12
1	2
0	15
0	0
0	51
0	33
0	0
0	5
0	1519
0	0
0	888
0	314
1	219
0	42
0	0
0	6
0	0
0	17
0	53
0	1
0	151
0	0
1	439
0	56
0	0
0	352
0	0
0	132
0	9
0	0
1	0
0	0
0	0
0	925
0	0
0	12
0	1044
7	5
0	13
0	0
0	0
0	117
0	2
0	0
0	0
0	3
0	14
0	55
6	87
0	16
0	39
0	1245
2	275
0	0
0	9
0	0
0	0
0	2
0	210
0	0
0	175
1	1960
0	137
1	3
0	0
0	4
2	0
0	0
0	0
0	326
0	0
0	0
0	0
0	3
1	22
1	0
0	4
0	0
0	0
0	0
0	18
0	0
0	3
0	38
0	65
0	0
0	286
0	66
0	0
6	6
5	238
0	368
0	4
0	0
2	3799
0	46
0	131
0	0
0	223
0	170
0	2629
0	2077
0	23
0	14
3	64
1	38
1	38
0	70
0	9
0	0
0	24
7	0
1	0
0	1
0	2
0	379
0	204
0	0
0	0
0	63
0	0
0	0
0	2
1	85
0	7
0	19
0	2
0	0
0	0
0	84
0	32
0	0
0	0
0	0
0	1
0	0
0	1
0	181
0	0
0	0
0	0
9	162
0	0
0	0
0	2
0	0
1	7
0	14
1	0
3	13
0	0
0	0
1	0
0	31
0	260
0	20
0	0
1	83
0	0
0	199
0	1322
0	7
0	37
0	0
0	0
0	0
0	7
0	9
0	0
0	0
1	329
0	13
11	2186
0	0
0	7873
0	137
0	2
0	10
0	0
0	1
0	13
0	0
0	0
0	24
0	0
0	0
0	0
0	242
0	0
0	561
0	0
0	0
0	243
0	1
0	0
0	15
0	1
4	288
1	6
0	1
0	72
0	563
0	0
0	0
0	0
0	0
0	21
1	277
0	0
0	0
0	3
0	0
0	118
0	1
0	4
0	170
0	120
0	14
0	0
0	82
0	0
2	8776
1	2
0	1
19	0
0	0
0	0
0	0
0	0
0	959
0	0
0	0
0	0
0	3392
0	0
0	456
0	4
0	95
0	0
2	4374
26	96
0	0
0	0
0	0
0	0
3	3219
0	0
12	930
0	897
0	0
0	4
0	0
0	297
0	0
0	0
0	283
1	14
45	7
0	0
0	421
0	12
0	662
0	19
0	2
0	0
0	0
1	24
0	61
0	8
0	0
0	100
0	0
0	0
0	0
0	0
0	47
0	1
0	0
0	0
0	1
50	0
0	11
0	2061
0	160
1	3032
0	41
0	0
0	0
0	86
0	0
0	0
0	20
0	57
0	70
0	28
0	255
0	4
0	19
0	24
0	49
0	0
0	151
0	0
0	46
2	1910
1	59
0	0
0	138
1	21
0	0
0	26
0	1001
29	173
0	223
0	0
0	1
0	22
0	0
4	342
0	11
0	0
0	37
1	514
0	325
0	866
0	275
0	32
0	1612
0	3
0	3
0	2
0	0
0	634
0	463
83	73
1	13
2	2
5	34
0	0
0	0
0	4
0	3
0	19
0	0
0	4
0	1
0	1
0	0
0	1100
0	0
0	23
0	22
1	0
0	128
0	13
1	7
0	0
0	147
0	107
0	237
0	2
17	387
0	0
0	0
0	277
0	55
0	65
0	792
0	0
0	0
0	0
0	879
0	0
0	7
0	45
5	203
0	350
0	0
0	8962
0	0
0	540
0	118
0	128
0	1
0	64
0	39
0	27
0	4746
0	0
1	170
26	0
0	0
0	0
0	70
0	2
2	36
0	0
0	1
1	0
1	117
0	19
0	0
2	0
1	0
0	0
0	5
0	180
0	0
0	21
0	2
0	0
0	57
0	19
0	123
0	0
0	69
0	37
0	0
1	671
0	0
0	0
0	115
0	24
0	19
0	169
0	17
0	755
0	0
3	8042
0	0
0	6
0	158
0	0
0	144
0	19
0	0
0	0
0	0
0	13
0	1302
0	0
0	0
0	0
0	0
1	33
5	2377
0	0
0	276
0	0
0	152
0	0
0	50
0	0
0	25
0	11
0	6
0	51
0	16
0	332
1	2593
0	0
1	89
0	0
1	80
0	0
0	14
0	8
1	376
0	0
0	1
0	184
0	0
0	16
0	0
1	70
1	1701
1	0
0	459
0	3
0	253
0	0
0	25
0	1677
0	6
0	0
0	110
4	40
0	0
0	436
0	5
0	0
8	9
0	61
0	0
0	0
0	1168
0	45
0	0
0	15
2	11
0	0
0	164
1	94
0	0
0	0
0	69
1	571
0	0
0	50
1	99
1	671
0	0
0	388
0	0
0	0
0	21
0	17
1	4
0	1391
0	407
0	33
0	0
0	0
0	7506
0	23
4	48
0	18
0	0
0	63
0	0
0	0
0	2
0	1
0	85
0	0
0	0
0	0
0	9154
1	6
0	0
0	0
6	91
2	49
1	24
0	0
0	17
0	0
0	1033
0	63
1	36
0	27
0	43
2	14
0	0
65	18
155	113
8	0
0	0
0	0
0	10
0	6
0	17
0	51
0	27
0	48
0	0
0	4
0	105
2	15
0	0
0	0
0	0
0	191
2	206
0	0
1	304
0	281
0	18
0	625
0	0
0	0
2	47
0	1
0	37
0	174
0	23
0	22
0	1
0	0
0	0
0	0
0	2
0	24
0	457
0	304
0	0
0	199
0	0
0	38
0	8521
2	552
0	107
0	69
0	0
0	0
0	492
0	0
0	0
0	44
0	94
0	34
0	0
0	21
0	142
0	0
1	565
0	0
0	6
1	0
0	0
0	6
0	224
0	0
1	0
0	0
0	3
0	8
0	0
0	0
0	4
2	13
0	18
0	0
2	816
0	0
0	0
0	24
0	12
0	8
0	171
0	19
0	0
0	192
0	0
0	179
13	3
0	150
0	0
0	38
0	1
0	5
0	1247
0	0
0	16
1	490
0	2256
0	0
0	0
0	0
0	112
3	659
0	0
0	179
0	41
0	12
0	29
1	235
0	141
0	5
0	0
0	870
0	85
0	134
0	1
0	85
0	0
0	0
0	827
1	31
0	274
0	73
0	200
0	0
0	0
4	0
0	360
0	0
29	27
0	0
0	1
0	1
2	243
0	0
0	0
0	4
0	0
0	0
0	19
0	164
0	0
20	476
0	0
0	0
0	28
2	11
0	1
0	15
0	49
0	0
0	811
0	2
0	0
0	109
0	0
0	0
0	57
0	33
3	47
0	4
0	40
0	5
0	25
0	328
0	0
0	0
0	16
0	15
0	393
0	62
0	52
0	0
3	0
0	0
0	468
2	126
0	63
3	0
0	524
0	0
0	4
0	2
1	4
0	225
0	193
0	153
8	79
0	0
0	13
1	49
0	1103
0	0
0	0
0	1
0	1
0	279
0	0
0	33
0	0
0	19
0	10
0	12
1	1034
0	77
0	0
0	247
0	332
0	225
0	0
0	0
1	1
0	0
0	0
0	2
0	73
8	123
1	72
0	2
0	359
0	1
1	612
0	7
0	221
0	0
0	39
0	0
0	939
0	0
0	47
0	10
0	54
0	0
0	0
0	779
5	82
1	0
0	988
2	21
0	0
0	702
0	111
3	10
0	30
0	0
0	23
0	10
0	0
0	57
0	1
0	0
0	21
0	0
0	47
0	0
0	44
0	21
0	13
0	39
0	16
0	0
0	0
1	5
0	0
68	0
0	3
0	5
0	165
0	4
0	0
0	94
0	0
1	27
0	4
0	11
0	0
38	375
1	0
4	110
1	2
0	219
0	0
0	99
0	0
0	82
7	3
0	39
0	0
0	46
0	0
192	12
0	1
0	17
0	0
0	0
0	0
0	334
0	54
2	5
0	0
4	5648
0	1709
0	4
0	1146
0	0
0	0
1	2402
0	0
0	14
0	380
0	0
0	115
0	155
0	0
0	370
0	0
0	0
0	320
0	72
0	0
3	9
0	0
0	29242
0	0
0	1353
0	0
5	68
0	0
0	0
0	2
0	1165
0	85
0	89
1	353
1	0
0	220
0	22283
0	0
1	44
0	1
7	2352
8	1533
0	0
0	71
0	0
0	8
0	17
0	310
0	1
0	0
0	0
0	0
0	2
0	6764
0	40
2	49
0	67
7	361
0	6
0	9
0	3
0	2
0	0
0	0
0	0
0	7
0	5
0	4
0	0
0	0
0	0
0	0
0	0
0	0
0	34
0	0
0	0
0	0
11	26641
0	64
0	190
0	3
0	0
1	1
0	22
0	0
0	0
0	0
2	19
0	255
0	36
56	472
0	0
0	7
2	6
0	0
0	0
0	5
0	1
0	0
0	0
0	187
0	2
0	0
0	173
0	0
0	11
0	1825
0	7
0	140
0	53
1	120
0	0
0	141
0	0
0	10
0	0
0	0
1	22
0	98
0	0
0	17
0	3
0	1
0	0
0	0
0	0
0	54
0	266
0	270
0	290
0	23
6	7
0	16
0	223
0	0
4	15
0	0
0	0
0	4
0	41
0	58
0	0
1	3
2	0
0	53
0	0
0	1
0	0
0	1
177	0
0	0
0	0
0	0
0	0
0	0
0	0
0	0
0	0
0	46
0	0
2	28
0	0
0	100
0	19
0	0
0	0
0	0
0	36
0	0
0	826
0	2
3	119
0	39
0	0
0	0
2	1008
0	0
0	1
0	0
0	0
0	597
0	208
0	0
0	26
0	0
0	53
0	5
0	399
0	0
1	430
0	4
2	222
0	0
1	0
0	0
0	3
0	0
0	0
1	1092
0	0
2	40
0	23
0	0
0	9
0	1
0	111
0	1
0	0
1	62
0	23
0	0
0	46
0	0
2	18
0	0
0	0
0	0
0	0
1	120
0	5
0	575
0	28
0	9
0	24
0	3505
0	0
0	173
0	36
0	0
0	6
1	3840
0	0
0	16
0	60
0	90
0	0
30	0
0	0
0	14
1	13
0	0
4	2
0	0
0	6
0	0
0	0
0	1
0	317
0	0
0	185
73	0
0	0
0	67
0	0
0	0
0	1
0	6605
0	0
0	0
3	0
0	1
0	18
0	0
0	2
0	256
2	93
0	614
0	12
1	0
0	55
0	345
0	0
0	0
0	0
0	6
0	1
0	1
0	115
0	4
0	0
2	116
0	0
0	0
0	37
0	433
0	0
0	1
0	0
1	6
0	23
0	508
0	0
0	67
0	535
1	6
0	18
7	0
0	0
2	745
0	121
0	0
0	0
0	2
0	211
23	0
0	0
0	12
0	85
0	567
19	0
0	53
1	222
0	0
0	0
0	2
0	0
0	0
2	2
0	72
4	216
2	1
0	1
0	25
0	290
0	0
0	0
0	2
0	0
0	45
0	0
0	40
0	183
0	275
0	73
1	154
0	0
0	1
0	0
0	0
67	863
0	0
0	1929
0	674
0	4
0	2
0	0
0	10
0	1507
0	0
0	1619
0	0
0	3
0	0
0	0
0	4
0	5
0	0
0	0
0	0
0	98
0	0
0	18
2	27
0	1
0	0
0	0
0	59
0	0
0	2
3	0
0	0
0	539
0	4
0	138
0	0
0	0
0	143
0	0
0	0
0	0
0	0
0	289
0	0
0	307
0	24
0	15
7	6
0	517
6	70
0	35
0	4313
0	0
0	0
0	0
0	0
0	0
0	1
0	1
0	137
0	77
0	3
6	8
1	0
0	436
0	0
0	20
0	33
1	155
0	0
1	12
0	41
1	9
0	0
0	0
0	0
0	4
0	0
0	8
0	0
0	0
0	28
0	0
0	0
0	14
0	5
0	0
3	21
0	1235
0	0
0	100
0	363
0	37
0	494
0	0
0	0
1	0
0	0
0	232
0	85
0	10
0	0
0	0
0	0
0	2
0	0
0	0
0	0
1	0
0	36
11	360
0	0
0	0
0	463
0	1059
1	78
0	13
0	172
0	0
1	638
0	15
0	76
0	1
0	0
0	36
0	21
0	0
0	0
0	0
0	0
0	23
1	96
0	0
1	2
0	0
0	22
0	201
0	0
0	9
0	39
0	0
0	11
0	258
0	0
1	16
25	46
0	0
0	265
0	3
0	0
0	8
0	0
0	0
0	1
0	50
0	3
0	6
0	0
0	0
0	76
0	16
0	20
0	0
0	0
0	21
0	1469
0	9
0	12
0	0
0	0
0	14
1	1189
0	59
0	0
0	0
2	54
0	6
0	0
0	0
0	0
0	61
0	255
1	19
0	12
0	27
4	7
0	0
0	0
0	0
0	0
2	0
0	685
0	2989
0	36
1	92
0	13
0	0
3	16
0	2
0	0
2	330
0	0
0	0
0	0
0	3
0	1
0	0
2	66
0	101
0	128
9	1117
1	0
1	0
0	15
3	99
0	294
1	45
0	90
0	377
0	0
0	0
0	0
0	218
0	0
0	1
0	0
0	124
0	103
0	1
0	97
0	0
0	0
0	23
0	21
0	0
10	27
0	366
0	41
2	68
1	20
0	1007
0	14
0	0
0	3
144	2
0	0
0	254
1	10
1	142
0	15
0	0
0	0
2	11229
0	0
0	0
0	0
0	13
0	4
0	0
0	0
1	10
0	112
0	10
0	0
0	297
0	96
0	0
0	0
1	0
0	0
0	91
1	78
0	66
0	357
24	235
0	4
0	153
0	19
6	102
0	3
0	0
0	0
0	2
0	1014
0	0
0	1
3	5
0	0
0	19
0	1
0	0
0	0
0	3
0	0
0	43
0	129
0	0
0	209
0	10
0	0
1	0
0	41
0	315
0	0
0	0
2	0
0	0
0	2
0	0
0	154
0	70
0	129
64	62
0	0
0	5539
0	0
0	0
1	56
0	12
0	13
1	1091
3	0
1	931
0	0
0	0
0	1764
0	94
0	38
0	184
0	3
0	0
0	8
0	0
0	2
0	0
5	1
0	0
0	0
0	82
0	276
0	1
0	83
0	1
0	0
0	0
0	29
0	0
0	0
0	1019
0	101
0	73
0	28
0	15
0	20
0	47
5	820
9	281
0	7134
0	0
0	0
0	1
0	367
13	5
0	8
0	0
0	0
0	26
0	2
0	0
0	53
0	2
0	1
0	0
0	352
0	41
0	371
0	0
0	0
0	12
0	25
0	64
0	1
0	5
1	0
0	63
0	7
0	0
0	351
0	0
0	0
0	2
0	1
3	7
0	0
0	35
3	94
0	288
1	289
0	0
7	680
0	72
0	1860
0	13
0	0
3	1
0	0
0	0
2	125
0	0
0	291
0	62
0	0
0	13
0	2
0	0
0	286
0	8
0	365
0	0
0	0
2	0
0	0
1	23
0	1776
0	205
1	906
0	0
0	0
0	580
0	0
0	94
0	0
0	174
0	894
0	0
0	0
0	976
0	0
0	3
0	3
0	1220
0	0
0	0
0	617
0	11
0	0
0	1
0	1
0	42
9	0
0	9
0	0
0	0
0	11
0	0
0	1
0	0
0	34
0	0
0	201
14	59
59	0
0	2
0	0
0	2740
0	35
0	1
0	0
0	3
0	0
0	7
0	345
0	23
0	0
0	3
0	801
0	0
0	0
0	0
0	39
0	373
0	0
0	0
0	160
0	0
0	21
0	0
0	22
0	4
0	365
0	0
0	942
0	1
0	2
0	2072
1	74
0	2
0	67
22	9
0	0
8	125
0	69
0	1
0	20
0	8
0	26
1	2
0	0
0	1
0	0
0	47
0	0
3	241
0	0
1	154
0	14
0	0
0	0
0	0
0	0
0	8
0	33
0	0
0	7
0	0
2	1112
0	50
0	24
0	0
1	50
0	0
0	151
1	455
0	17
9	4
0	1
0	0
0	0
0	0
0	8
1	3
0	2
0	15
0	0
0	0
0	0
0	171
0	87
0	1
0	0
0	126
0	38
0	67
0	718
0	0
0	0
0	3
0	6
0	2
0	108
3	2606
0	3
0	50
3	1
0	4
0	1
0	48
0	0
0	0
0	21
0	0
0	0
0	0
0	11
0	0
0	71
0	0
0	110
1	0
0	1
0	67
0	3
0	17
0	0
0	0
0	0
1	24
0	3
0	0
0	0
0	25
0	0
0	0
0	85
0	0
0	0
0	0
0	10
0	3
0	0
0	0
0	0
4	0
0	20
1	127
0	25
0	0
0	3
0	73
0	15
0	16
0	1
0	19
0	4
1	152
1	125
0	26
0	344
0	0
0	26
0	0
0	1693
0	1
0	0
0	71
0	0
3	32
0	31
0	18
0	0
2	0
0	60
0	6
9	1905
0	0
0	0
0	5
0	0
0	6
1	0
1	0
0	0
2	3
3	243
0	0
0	13
0	38
0	0
0	383
2	7
0	54
0	0
0	0
0	0
0	0
0	0
0	212
0	0
0	1
0	0
4	1048
0	4
0	28
0	0
0	0
0	0
0	330
0	0
0	190
0	1
0	151
4	159
0	0
14	1181
0	0
0	225
0	0
0	0
0	0
0	0
0	0
0	0
0	7
0	0
0	0
0	51
0	166
0	3
0	17
0	179
0	81
0	0
4	62
0	0
0	0
0	0
0	266
0	0
0	4
0	3
0	244
0	0
0	5
0	0
0	0
3	157
0	0
0	291
0	91
118	157
0	0
0	1
7	62
0	736
0	237
2	1815
0	0
0	1
0	0
0	0
2	34
0	0
0	1
0	129
0	4
0	0
0	0
0	60
0	0
0	0
1	9
0	387
0	0
0	3112
0	88
0	0
0	245
8	64
1	110
0	75
0	0
0	0
0	0
0	0
1	99
0	61
0	0
0	66
0	1000
1	8
0	0
1	21
3	0
0	51
0	36
1	5
0	0
0	0
0	6
1	839
0	0
0	0
0	9
0	39
0	0
2	38
0	0
0	108
0	97
0	0
1	0
2	780
0	531
0	0
0	28
0	10
1	160
0	0
0	2674
1	0
0	81
0	122
0	0
0	85
0	66
0	1
0	23
0	14
0	73
0	0
0	17
0	267
0	123
0	97
0	0
0	418
0	206
0	0
0	0
0	1
0	101
0	0
0	0
0	3
0	61
0	0
0	12
0	1147
3	0
0	25
5	432
0	0
0	0
0	0
0	77
6	3
0	0
0	0
0	0
0	1
4	4
0	15
0	41
1	177
0	8
0	38
0	0
0	102
0	4
0	973
0	16
0	34
0	3
0	0
0	26
0	0
0	45
1	1195
0	0
0	7
0	8
0	291
1	551
0	1
0	0
0	0
0	4
0	3
0	346
0	0
1	102
0	45
0	63
0	0
0	58
0	54
0	11
0	259
0	0
1	13
23	8259
0	3
0	36
0	0
0	0
0	6
1	303
0	1703
8	4
0	0
0	0
0	3958
0	39
0	0
0	1
0	0
0	22
1	0
0	1
0	47
0	95
0	0
0	67
0	46
0	0
0	604
0	73
0	0
0	51
0	0
0	38
0	0
0	171
0	0
0	99
0	0
0	0
0	1
0	0
0	0
0	0
0	291
0	145
1	909
0	0
0	6
0	0
0	0
0	0
0	6
0	46
0	0
0	1
0	48
0	93
0	0
1	2
0	60
0	33
1	97
0	17
0	0
0	0
1	51
0	46
0	0
0	58
0	15
0	0
0	0
0	660
13	249
0	7
0	166
2	219
0	145
0	145
0	363
0	0
0	0
0	0
0	17
0	27
0	0
0	477
0	227
1	89
2	8
0	0
0	0
0	0
0	7
0	0
0	0
0	42
0	0
0	0
0	170
0	72
0	0
0	0
0	8
0	502
0	80
0	934
0	0
0	0
0	7
0	0
0	27
0	14
0	4496
0	0
0	144
0	0
0	1499
0	475
0	16
0	18
7	274
0	171
2	136
0	0
0	1
0	103
0	394
0	18
0	3
2	17
0	1
42	20
0	88
0	20
0	39
0	0
0	339
0	209
0	39
0	0
0	153
0	28
0	2
0	488
0	1
0	9663
0	0
0	267
0	116
0	165
0	0
24	2
0	619
1	86
0	170
0	17
1	0
0	9
1	1
0	0
3	705
0	0
0	121
1	161
1	202
0	1
0	0
0	51
9	81
0	0
0	11
0	0
0	0
0	0
1406	2
0	0
0	6
0	47
0	4
0	0
0	0
0	0
0	9
0	2
0	0
0	89
0	0
0	3
0	0
0	222
0	100
0	0
1	29
0	2
1	5818
0	1
0	0
1	31
0	107
0	0
0	0
0	7
0	58
0	0
0	0
0	0
0	0
0	289
0	4
0	41
0	911
0	0
0	37
0	0
0	0
0	111
0	0
0	40
0	0
0	0
0	0
0	0
0	0
0	0
0	304
0	220
0	13
6	238
0	0
0	0
0	167
18	11
0	19
1	2
0	0
11	52
0	0
0	343
0	42
0	166
0	0
0	1
2	50
0	58
0	4
0	190
0	25
0	0
0	0
0	0
2	732
0	1
1	43
0	2217
0	0
0	0
0	0
0	0
12	0
0	138
2	3688
0	0
0	0
0	46
0	166
4	2
0	0
0	0
0	0
0	0
0	77
0	0
0	35
0	0
0	0
0	46
0	0
0	0
4	0
0	0
0	44
0	114
0	6
0	0
0	3
0	1
0	0
0	0
0	71
0	203
0	0
0	5
0	29
0	0
1	38
0	1
1	443
0	8727
0	0
0	0
0	0
0	4
0	0
0	0
68	47
0	0
0	38
0	7
0	0
0	0
2	75
0	0
0	1397
0	0
0	0
0	4
0	0
0	1
0	0
0	205
0	0
0	0
0	27
0	219
0	158
0	9
2	20
0	4
0	0
0	42
0	241
0	0
1	22
0	0
0	3
0	4
42	10
0	215
3	0
0	659
0	0
0	50
0	2
0	0
0	0
0	73
0	0
0	39
0	0
0	1044
0	0
0	1967
1	319
1	99
0	0
0	0
0	2562
0	38
0	0
0	2
0	0
0	0
0	894
0	28
0	0
0	0
0	13
0	0
0	25
0	0
0	0
0	0
0	23
0	31
0	0
0	0
0	142
0	0
0	0
0	0
0	2
0	0
0	0
0	1
1	259
0	8
0	23
0	54
0	0
1	63
1	0
0	4
0	37
0	4
0	0
0	0
0	0
0	10
1	605
1	256
0	10
1	0
1	129
0	5
0	0
0	0
0	6
0	23
0	528
1	16
0	9
2	74
0	1
0	11
1	67
0	3
0	0
0	0
0	38
3	0
0	0
0	1
0	0
5	3
0	13
0	19
0	0
0	0
0	77
0	0
0	8
3	844
0	0
4	71
0	2320
0	0
0	3
0	0
0	426
0	0
0	0
0	25
0	1
0	0
0	0
0	0
0	4
0	0
0	4
0	0
0	4
6	0
0	1
0	4
1	24
0	4
0	212
0	929
0	0
0	59
0	0
0	45
0	0
0	73
0	0
0	0
1	158
0	0
0	13
4	33
0	1
0	24
4	15
0	0
2	40
0	153
0	0
0	22
0	2
6	9
0	0
0	0
0	0
0	0
0	21
0	64
0	410
1	11
0	10693
0	27
0	125
0	0
0	0
0	15
0	0
0	157
0	156
0	2
0	3
0	7
0	2
0	0
0	0
5	37
0	70
1	277
0	11
0	0
0	2
0	4
0	22
0	11
0	4
0	1314
0	0
0	38
0	0
0	0
0	0
0	0
0	0
1	0
0	0
0	9
7	143
0	162
0	10
0	0
0	72
0	0
0	0
0	8
0	0
0	9
0	0
0	26
0	31
0	7
2	1414
0	2
0	278
0	0
0	12
0	0
1	496
0	0
0	134
0	52
0	1
0	75
0	0
0	126
1	1463
0	10
0	191
0	9
0	2
0	0
0	94
0	0
0	2
0	4
0	0
0	0
0	0
0	48
0	0
0	778
0	512
2	87
0	1722
0	1
0	133
0	50
0	229
0	5
0	4
0	193
1	44
0	0
0	0
0	0
27	215
0	5
2	35
0	175
0	1
0	42
0	0
0	1
0	0
0	12
0	445
0	0
0	2
5	0
0	0
0	19
0	0
0	10
1	1842
0	11
0	0
0	289
0	3
26	28
12	4
0	112
4	184
0	63
1	37
0	0
1	23
0	62
0	48
0	0
0	0
1	3
0	10516
0	0
3	6
1	36
1	62
0	3
0	0
0	0
6	99
0	8
0	0
0	30
0	9
0	0
0	61
0	1
0	0
0	219
0	0
0	31
0	1
17	76
1	87
3	39
0	0
0	0
0	0
0	0
0	2
0	0
0	21
0	0
0	626
1	20
0	285
0	0
0	7
0	4
0	248
0	36
0	1
0	1
0	46
0	0
0	0
6	7
0	107
0	0
0	0
0	2
8	0
0	0
0	0
0	5
0	0
0	3
0	254
0	0
0	306
0	1
0	0
0	0
0	0
0	0
0	0
0	129
0	6
0	0
0	0
0	8
6	0
0	0
0	327
0	0
0	1
1	0
4	3
0	0
0	108
0	504
3	56
0	0
0	0
6	0
0	24
0	49
0	0
0	0
0	3
0	0
3	0
0	1
0	2
0	0
0	0
0	221
0	0
0	41
0	8
0	120
0	0
0	2
0	80
0	0
0	65
0	36
0	105
0	257
0	16
0	41
0	0
0	184
0	0
5	0
0	0
0	0
0	0
0	0
1	0
0	54
1	18
0	31
0	13
0	613
0	0
0	0
0	1
0	62
0	2
0	3
0	0
0	0
0	0
0	0
0	1
0	240
0	0
0	0
0	5
0	29
0	0
0	0
0	12
5	56
1	6
14	0
0	0
0	28
0	0
0	1
0	78
0	0
0	31
0	0
0	2
0	59
0	0
0	0
0	0
0	144
0	16
0	0
1	434
0	4
0	60
0	0
0	0
0	0
0	0
0	1
0	1
0	0
0	65
0	25
0	0
0	11
0	0
3	1
0	0
0	4
0	0
0	1
0	79
0	26
0	2
0	124
0	65
1	0
0	0
1	0
0	0
0	119
0	0
0	0
0	1
0	1
1	296
0	12
0	115
0	0
0	0
1	0
2	5
0	0
0	39
0	0
0	0
0	0
0	1
0	0
0	44
0	0
0	2
0	0
0	0
0	160
1	2
2	1
0	161
0	2
0	51
0	37
18	365
0	109
20	1
0	0
0	48
0	7
2	8
1	0
0	0
0	0
0	0
0	196
0	0
0	0
77	10073
0	1
1	0
0	90
0	2
0	6
0	12
0	0
0	2
0	0
19	3584
8	30
1	407
1	64
1	61
0	260
0	2
0	0
0	0
1	0
0	45
0	0
1	10
0	5
7	231
0	411
0	0
0	5
0	0
0	1
0	0
0	608
0	2
0	2
0	37
0	13
0	0
1	23
0	0
1	5
1	5
0	0
0	690
0	199
0	1
0	18
0	170
0	22
0	226
2	62
0	100
0	15
5	574
0	0
0	2
0	120
0	269
1	0
0	54
0	0
4	200
0	0
0	50
0	0
0	0
0	21
0	0
0	0
4	21
0	211
0	233
0	53
0	68
0	62
0	0
0	0
0	123
6	1
0	68
14	9
0	33
0	400
0	0
0	166
0	15
0	647
0	168
1	25
0	23
0	67
0	32
0	0
0	0
0	0
0	75
1	223
0	0
0	0
1	13
0	0
0	77
0	0
570	2139
1	11
1	86
0	12
0	46
0	3
0	18
6	0
0	12
0	25
0	0
0	0
0	4
0	49
7	439
2	1511
0	33
0	0
0	0
0	0
0	100
3	237
10	1
0	21
3	97
0	143
0	699
0	4
0	47
6	82
0	0
0	118
0	2
56	953
0	29
0	0
0	333
1	0
0	2
0	1
0	57
0	38
0	4
0	0
0	0
0	4
0	0
0	0
0	2
8	186
0	2783
0	0
0	2
0	4
0	2
0	0
0	0
0	0
0	82
0	1
0	32
0	0
0	41
0	112
0	77
0	0
0	0
0	8
0	23
0	45
0	0
0	895
0	33
0	27
3	3468
0	203
0	1
0	75
0	0
0	12
0	0
0	1
0	0
0	13
0	0
0	97
2	252
0	3
0	0
82	948
0	0
0	9
2	1047
0	0
4	9
0	863
1	4
0	0
0	0
3	612
0	128
0	0
0	0
0	0
1	33
0	1
1	112
0	22
0	35
0	0
0	637
0	77
0	0
0	0
0	0
22	0
6	0
0	1185
0	85
0	0
0	0
2	521
0	0
0	0
0	43
0	728
0	1
0	2
0	0
0	0
0	1
0	0
0	3953
1	18
0	0
1	9
1	3
0	150
0	0
0	2
0	2
1	0
0	1135
0	1032
0	0
0	0
0	0
0	389
0	0
0	14
0	0
0	0
0	9
1	11
0	0
0	49
0	1
0	0
0	0
0	0
0	11
8	0
0	30
0	0
0	0
3	152
0	114
0	0
0	0
0	286
0	0
0	0
0	157
0	1
0	0
0	0
184	0
0	0
0	0
0	0
0	6
0	25
0	144
0	20
0	1
0	14
0	7
0	0
0	0
0	86
0	9
0	0
0	0
0	19
22	1230
0	163
2	3269
0	58
0	314
0	0
0	20
0	85
0	2
34	198
2	9
0	0
5	0
0	76
0	0
0	454
0	38
0	0
0	4
0	136
0	16
0	6
1	49
2	60
0	15
0	1
0	706
0	0
0	0
1	632
0	0
0	0
0	0
2	1561
0	28
0	48
0	0
0	3
0	224
0	6
0	0
0	0
0	89
0	11
0	1
0	215
0	0
0	0
1	1
0	189
0	345
756	856
0	4
0	514
0	0
47	106
0	154
0	0
0	2
0	13
0	1
0	0
0	2787
0	719
0	0
0	4
3	720
0	0
0	6
0	0
0	0
1	3
0	9
0	0
5	46
0	137
1	82
0	17
1	120
0	29
0	668
0	0
0	158
0	8
18	0
0	0
0	15
0	1
0	541
0	21
1	3482
0	28
0	0
0	235
0	0
0	0
0	1
0	24
0	2
0	15
0	0
0	6
0	4
0	181
0	0
2	0
0	0
0	8
0	0
0	0
2	35
1	18
0	18
0	0
0	41
0	0
0	0
0	88
0	0
0	389
0	2
0	28
0	30
0	0
0	42
0	0
0	24
0	0
0	629
0	0
0	0
0	0
0	0
0	21
0	110
15	127
0	20
0	0
5	121
0	8
0	26
3	21
0	0
0	7
0	0
0	1
0	12
0	170
0	0
0	24
0	32
0	0
0	38
0	45
0	1
0	0
0	0
0	1
0	3329
0	1
0	0
0	0
0	0
0	0
0	21
0	0
0	283
0	235
4	6
0	341
0	6
0	0
0	910
1	0
0	626
0	41
1	74
1	111
0	426
0	0
0	209
0	0
0	7
0	0
0	2
0	0
0	60
0	1
6	283
0	0
0	0
0	30
0	0
0	21
1	0
0	21
0	60
8	203
0	0
0	0
10	1
0	5
0	174
0	1891
1	239
0	0
0	187
0	0
1	9
0	0
1	15
30	2626
0	5
0	7
0	44
0	130
0	10
0	609
0	5
443	61
0	51
3	9
0	31
0	0
0	0
0	0
0	1
0	51
0	63
0	29
120	54
0	23
0	0
1	27
0	588
0	47
0	13
0	0
0	2
0	0
0	0
0	0
0	0
0	0
0	30
0	1
0	247
0	84
0	3
0	10
16	304
0	281
0	2
0	0
0	0
0	14
0	1
0	20
2	540
0	0
0	0
1	40
0	0
0	0
0	482
0	2
0	113
0	0
0	3
0	0
2	0
0	0
0	117
0	75
0	1
0	261
0	2
0	70
0	2
0	17
0	2
0	0
0	2
0	114
0	7
0	0
0	2
0	0
2	314
0	0
2	148
0	0
0	21
0	0
0	1
0	178
0	0
0	140
0	0
0	4
0	26
1	94
0	0
0	13
0	49
0	37
0	0
0	4
3	151
0	51
0	0
0	70
0	0
0	28
1	23
0	11
0	12
0	6
0	0
0	1
0	0
0	31
0	0
1	6
0	366
0	0
0	0
1	91
0	27
3	10
0	0
0	52
0	0
0	0
0	103
0	1
2	11
0	0
0	1
0	3
8	480
0	0
0	0
0	5
1	713
0	10
0	4
0	0
0	9
0	34
0	0
0	0
0	0
2	0
3	69
0	963
0	0
0	0
0	0
0	0
0	4
0	27
0	1013
0	50
0	37
0	3
0	0
0	3
3	124
0	26
1	55
1	0
0	65
0	54
0	0
0	0
1	607
1	258
0	174
0	55
0	13
0	1
0	2
0	0
0	0
4	2
0	36
0	120
0	11
0	93
0	0
1	129
0	15
0	28
0	16
0	7
2	29
0	0
3	4
0	0
0	0
0	39
2	856
0	2
0	186
0	128
0	0
0	77
0	2
0	0
2	1
0	0
0	2
0	1180
0	0
0	0
0	786
0	65
0	0
1	14
0	1
0	610
0	10
0	0
0	1299
0	1
0	0
0	0
0	3828
0	0
0	54
0	1122
0	9
0	31
0	366
0	76
0	0
0	0
0	0
0	4
0	0
0	0
0	0
0	7
0	74
0	84
3	9
0	0
0	0
0	72
0	2
0	23
7	47
0	95
0	62
0	54
197	49
0	0
0	121
0	3
0	40
1	9
0	0
2	379
0	0
0	488
0	64
0	40
0	500
0	215
0	0
0	40
0	0
0	0
12	636
0	0
0	49
0	0
0	0
0	0
0	11
3	303
0	210
0	0
0	10361
0	52
78	113
0	5
0	0
1	83
0	0
0	101
0	0
0	52
0	544
0	0
0	0
0	5
0	80
0	17
0	30
0	0
0	2
0	0
0	0
0	209
0	0
0	0
0	1
0	1
0	5
0	0
0	214
0	25
0	0
0	0
0	77
0	0
0	9
0	495
0	9
47	678
0	10
0	0
0	181
0	25
0	44
0	4
2	299
0	0
15	192
5	3
0	0
1	34
0	0
0	40
11	393
1	90
1	0
0	0
0	0
0	0
0	141
0	0
0	0
0	0
0	40
0	7
0	4
0	0
0	0
0	0
0	0
0	2604
1	1865
0	260
0	10
0	0
0	16
0	20
1	15
0	0
0	164
0	0
0	169
0	0
0	0
0	413
0	1
4	0
0	0
0	2238
2	9
0	0
0	7
0	0
1	278
0	109
0	249
0	0
0	0
0	0
0	11
0	84
0	0
0	0
0	0
0	33
0	22
0	0
0	46
0	0
0	110
0	541
6	170
1	298
5	4
0	0
1	0
0	0
0	0
0	2
0	773
0	2
0	0
0	0
0	16
0	0
0	313
0	99
0	29
0	95
0	0
0	0
0	0
0	0
0	4
0	0
4	1
0	0
0	243
1	17
0	7773
0	500
0	36
0	0
0	49
1	163
0	0
0	0
0	0
0	0
3	457
23	3
0	28
0	0
0	83
0	0
1	1154
0	210
0	124
0	358
0	8
0	20
2	12
0	297
1	0
0	25
4	19
2	17
0	0
0	0
0	326
2	0
0	0
0	0
0	33
0	40
0	53
0	85
0	0
0	173
0	0
0	6
0	73
0	110
0	1
0	36
0	0
0	10
0	6
0	0
0	67
0	0
0	0
0	78
0	19
0	0
0	93
0	0
0	2
0	1
0	3
0	125
0	1
6	130
0	7
0	10
0	8
1	192
0	0
0	0
0	880
0	0
1	277
0	3
0	0
0	21
0	0
0	6
0	0
0	330
0	423
0	0
0	16
0	12
2	939
0	885
0	117
0	0
0	12
0	0
0	19
0	0
0	216
0	0
0	0
0	5
0	583
0	10
0	0
0	305
0	246
0	0
13	338
0	0
0	0
0	0
0	66
0	811
0	0
0	0
0	27
0	0
0	3
0	69
2	28
0	22
1	159
0	0
1	73
0	0
3	57
0	0
0	8
0	35
0	0
0	1355
0	25
0	0
0	90
0	0
0	233
0	0
1	82
1	664
0	0
0	0
0	0
0	100
0	13
0	10
0	35
0	0
0	676
0	0
0	5
1	3299
1	1
1	268
0	7
0	11
0	2
0	26
0	0
0	0
0	0
0	1
0	0
0	0
0	100
0	0
0	0
0	56
2	0
0	0
0	0
0	0
0	0
0	7
0	0
0	1569
0	17
0	5
0	347
0	0
1	638
4	242
0	0
0	0
0	14
11	343
0	67
0	2282
0	0
0	2537
0	0
0	10
1	6
0	44
5	34
0	0
0	367
0	0
2	347
0	0
0	0
0	9
19	378
0	0
0	18
0	23
0	0
0	41
0	1
0	3
0	2
1	427
0	3
0	23
0	0
0	0
0	51
0	0
0	0
0	10
0	22
0	77
0	246
0	0
0	49
0	0
1	64
0	0
35	542
0	4747
1	2
0	243
2	1762
0	0
0	0
0	9
0	1
0	8
1	12
0	0
0	0
0	0
0	0
0	228
0	65
0	0
0	0
0	2
0	218
0	651
0	10
0	44
0	0
0	0
0	0
0	0
0	164
0	0
1	6
1	14
0	490
1	158
0	3
0	110
9	645
0	0
0	78
0	173
0	79
0	4777
0	70
0	0
27	615
0	0
0	300
0	3
27	82
0	0
0	0
0	0
0	0
0	7
2	0
0	0
0	0
0	0
0	148
0	0
0	132
0	0
0	104
0	223
27	50
0	10
0	0
0	0
0	26
1	113
5	15
0	1
0	211
0	815
2	8
0	0
0	3
0	5
1	0
12	149
0	0
1	2
3	200
0	6
2	25
84	1
1	5
0	168
0	0
0	0
0	0
0	0
0	0
22	12
0	0
0	0
0	0
0	0
0	145
6	1373
0	0
2	801
0	65
0	0
0	868
2	319
3	2
1	231
13	207
0	0
0	5
0	0
8	8
0	90
0	0
0	35
0	2
15	0
0	0
0	0
0	0
14	9
0	0
0	159
4	27
0	1
0	48
0	135
0	0
0	9
2	0
0	0
0	129
0	88
0	1
0	0
0	0
0	100
0	237
0	0
0	0
0	2
0	38
0	0
0	0
0	0
0	9
0	1
0	4
0	100
0	0
0	0
0	4
0	11
0	32
0	4
0	1
2	623
0	17
0	0
0	0
0	0
0	0
0	415
0	0
0	7
0	41
0	777
0	0
0	0
0	0
0	17
0	0
0	0
0	266
0	22
0	5
0	0
0	195
0	4
0	0
0	574
0	0
0	16
0	0
0	0
0	7
0	74
0	0
0	70
0	53
0	0
0	433
2	137
0	73
0	0
0	0
0	0
0	68
0	53
0	20
0	0
0	3
0	3
14	17
0	0
0	0
0	0
0	263
0	0
12	449
0	6
0	0
3	9
0	38
0	0
0	0
3	161
0	0
0	0
0	78
0	0
0	0
0	10
0	0
0	0
1	11
0	56
0	2
0	94
0	0
0	120
0	0
4	308
0	0
0	1
0	0
0	174
0	11
0	167
0	58
0	0
0	39
0	22
0	4
0	0
0	0
0	0
0	352
0	0
0	13
0	0
0	0
0	284
0	0
1	217
0	0
0	24
0	0
0	0
0	0
0	0
0	25
0	0
0	1841
0	7169
5	291
0	0
0	927
0	0
0	0
0	0
0	67
0	177
0	0
0	53
0	2
3	44
0	2
0	3
0	5106
0	0
0	73
0	45
0	2
0	0
0	10
4	12
4	1169
0	390
1	54
10	9
0	44
0	8
0	141
3	0
0	22
0	1236
0	0
0	0
0	39
1	0
0	82
0	6
0	0
0	0
0	0
0	3
0	99
1	0
0	111
0	0
0	0
0	0
0	0
0	0
0	0
0	0
0	153
0	68
2	0
0	6
2	2
0	8
7	38
0	0
0	0
0	6
1	70
1	776
0	61
1	826
0	1
0	137
0	0
0	0
0	67
0	213
0	0
0	19
0	0
0	28
0	46
0	9
0	102
0	0
0	226
1	1159
0	0
0	27
0	0
27	0
0	0
0	478
0	0
0	0
0	7
0	0
0	82
0	0
0	495
0	0
0	0
0	35
1	2
1	25
0	0
0	0
1	13
0	4
0	0
0	0
0	0
0	4
0	0
5	45
0	21
0	0
0	39
0	3
0	0
0	23
0	0
0	139
0	0
0	0
1	1255
0	0
0	218
0	0
0	0
0	0
3	766
0	0
0	1932
0	0
9	148
1	13
37	0
0	16
0	3
0	123
0	0
0	6
0	4
0	808
0	8
0	152
0	3
0	258
0	48
0	281
0	0
0	332
8	148
6	3
0	0
1	1378
0	6
0	0
0	35
0	105
1	0
0	648
0	70
0	22
0	2
0	0
0	0
0	0
1	588
0	0
0	3
0	0
0	246
0	141
0	0
0	1
0	10
0	0
0	69
0	0
0	2
0	0
0	18
0	11
0	4
0	1270
0	0
0	6
0	4
0	3844
0	36
0	0
0	0
0	102
0	21
1	36
1	143
0	0
0	20
0	0
0	1140
0	0
0	28
0	0
0	0
0	370
2	0
0	0
0	4
0	21
0	6
1	0
0	0
0	0
0	0
1	21
1	13
0	0
0	127
0	117
0	78
0	0
0	88
0	0
0	2402
0	0
0	85
0	861
0	0
0	7
0	0
0	0
0	79
0	349
0	134
0	0
7	1155
0	0
0	0
0	0
3	1140
0	13
5	119
0	0
1	161
5	235
2	119
1	13944
0	3
0	3
0	58
0	0
0	1
1	0
0	55
0	0
0	0
0	106
0	0
2	2
0	0
0	0
0	0
0	1
0	32
0	1
0	0
0	0
0	2
5	97
0	1427
0	54
0	0
0	54
0	0
0	0
0	13
0	0
0	2
0	50
1	1
0	0
0	17
0	325
0	0
0	3
0	306
0	4
0	0
21	0
0	0
0	3
0	147
8	1023
0	233
0	1
0	11
0	93
0	29
0	45
0	30
0	108
0	0
0	311
0	0
0	5
1	656
0	63
0	146
0	26
0	0
0	309
0	2
3	7
15	0
0	184
0	33
0	0
0	75
0	0
0	640
0	34
1	0
0	13
0	280
0	0
0	0
3	4
0	0
0	0
0	4
2	84
0	197
0	0
0	65
0	0
0	0
0	0
0	0
0	0
0	0
1	83
1	63
0	583
4	31
10	177
0	23
1	3
0	0
0	0
0	2
1	2580
0	19
0	1
0	0
0	906
0	12
0	15
0	2
2	133
1	31
0	54
0	6
0	0
0	19
0	0
0	13
0	1
1	72
0	0
0	1
1	129
0	20
0	28
0	21
0	0
15	630
0	41
0	698
0	10
0	0
0	302
0	41
2	89
0	1597
0	17
0	0
2	1123
2	0
2	1
0	6
0	419
0	768
0	32
5	5661
0	1079
0	56
0	2
1	48
0	0
0	14
0	0
0	6
1	264
0	487
0	0
0	0
0	83
1	0
0	0
0	0
1	0
0	184
0	3
0	133
2	3
0	0
1	9
0	0
0	2
0	0
0	29
0	0
0	7
0	6
0	1
1	103
0	19
0	6
0	55
2	141
0	101
1	375
0	0
0	28
0	9
1	843
0	0
0	2
0	120
0	0
0	14
3	1
0	0
1	0
0	39
0	2
0	1
0	2
0	0
0	2247
0	0
0	36
6	16
0	315
0	4
0	0
0	211
0	1
1	939
0	450
0	6
0	250
0	352
0	44
7	19
0	17
0	1
0	0
0	0
0	0
0	0
0	7
0	0
0	10
0	1
4	24
177	2998
0	0
0	2
0	0
0	1402
0	20
0	2
0	0
0	3
1	282
10	2658
0	4
0	1
0	0
0	66
0	31
0	0
0	71
0	109
1	14
0	3
5	61
0	1
1	56
0	387
1	407
0	0
0	6
4	19
0	699
0	0
0	0
0	0
0	0
0	53
0	0
0	3
0	32
0	69
0	0
0	2
0	0
0	0
0	65
1	55
0	26
0	4
0	12
8	114
0	1
0	344
0	48
0	21
0	135
0	251
0	20
0	1
0	106
0	0
1	0
0	0
0	0
0	0
0	0
0	0
1	80
2	0
0	3
0	0
0	0
0	17
0	2
0	220
0	5
0	0
0	0
0	40
0	6
2	4
1	134
0	64
0	0
0	13
0	36
0	0
6	56
0	32
13	15
3	110
0	86
0	213
0	1997
0	5
0	166
0	2
0	0
0	119
0	74
0	0
0	359
38	192
0	3
0	35
0	0
106	1
0	0
25	518
0	11
0	20
0	75
0	317
0	10
0	0
0	331
0	56
0	495
0	81
1	10
0	540
0	4
0	0
0	1077
0	75
0	0
1	0
0	11
0	880
2	1
0	23
0	0
0	39
0	33
0	0
0	0
0	60
0	0
0	570
0	0
0	173
0	0
0	1
0	0
0	4
1	2
0	0
0	0
0	7
0	0
0	95
0	44
0	2188
0	0
3	213
0	3
0	4
0	21
0	13
0	1
0	170
0	3
0	0
0	229
0	24
0	0
0	0
0	8
0	0
0	0
0	5
2	1
0	1238
0	25
0	31
0	10
3	107
0	0
0	0
0	25
0	92
0	0
0	0
0	40
0	0
0	1
0	0
0	2
0	27
0	0
0	49
2	3
8	407
0	73
0	57
0	23
0	0
0	0
0	0
0	116
0	0
1	0
0	7
0	0
0	46
0	1
378	0
0	9
0	60
0	141
0	392
2	31
0	0
0	14
0	2
0	0
0	0
0	4
0	9
0	2
0	4
0	0
0	0
0	552
0	4
0	14
0	402
0	0
0	0
0	3
1	0
0	0
0	49
5	32
0	21
0	84
0	0
0	11
0	166
2	582
1	24
0	0
6	16
0	0
0	0
0	7
0	0
0	1
0	0
0	0
0	167
0	0
0	0
0	0
0	440
37	1
3	0
0	298
13	2
0	55
0	0
0	0
0	0
0	25
0	24
0	107
0	55
0	29
0	0
0	0
0	0
0	0
0	109
0	0
0	1
2	39
12	487
0	0
1	1464
0	0
0	94
1	70
0	5
0	0
0	320
0	0
0	38
3	90
0	1
0	46
0	0
0	6
0	0
0	0
0	0
0	79
0	0
0	0
0	14
0	5
0	0
0	0
0	0
0	2
0	0
0	97
0	0
2	3677
0	57
0	0
1	124
0	0
0	838
1	168
0	40
0	0
0	0
1	0
0	0
0	63
0	13
0	33
0	2
0	0
0	50
0	166
0	0
0	11
0	0
0	14
3	1401
0	0
0	4
1	10
0	0
0	4
0	0
0	17
0	118
0	1621
0	159
0	0
0	62
0	2240
0	0
0	45
0	3464
0	0
0	0
1	3489
7	114
0	22
0	69
1	49
1	4760
1	0
0	13
2	39
0	7
0	9
2	2
1	0
0	24
0	379
0	0
0	5
0	0
0	188
0	0
4	81
0	57
1	189
0	30
0	0
0	0
3	0
0	0
0	0
0	2
0	0
35	833
6	142
0	32
9	2061
0	0
1	69
0	0
0	7
0	0
0	0
0	0
0	3
0	1084
0	0
0	163
0	0
0	0
1	9
0	66
0	0
0	0
1	3
0	0
0	7
1	269
0	220
0	0
0	25
0	8
4	0
0	136
8	323
0	266
19	4098
0	166
0	6
0	34
0	0
0	61
0	0
0	10
0	9
0	0
0	0
0	830
2	574
0	271
0	0
0	42
0	0
0	125
0	34
1	394
0	0
141	77
0	5
0	0
0	379
0	0
0	10
0	0
41	11
15	35
0	10
0	0
1	302
0	32
0	0
0	0
1	215
0	2
0	0
0	589
0	0
0	8
0	2
0	0
0	89
0	69
6	16
0	0
0	0
44	0
38	91
0	14
0	89
0	0
0	0
0	247
0	9
0	0
0	55
2	128
0	0
0	0
0	9
1	490
0	8
0	0
0	0
0	115
0	0
0	2
0	15
0	0
0	0
0	0
0	88
0	0
0	39
0	359
0	0
0	0
0	150
0	0
22	0
0	0
0	3010
0	6
0	0
0	0
0	39
0	32
0	12
1	144
0	1
0	16
0	658
0	637
2	73
0	0
0	215
1	14
0	1
0	1
0	0
0	68
0	0
0	0
0	0
0	4
0	0
0	1
0	0
0	0
0	0
0	0
0	16
0	868
1	282
0	85
487	0
0	42
2	5
0	9
1	1059
0	0
0	0
0	0
0	0
1	14
12	29
0	117
0	0
0	53
0	12
0	160
0	352
0	0
0	0
0	2
0	0
0	1
0	0
0	1090
0	17
0	234
0	82
0	0
1	213
5	65
0	0
0	0
0	11
0	0
0	73
0	655
0	4
0	336
0	0
0	13
0	9
0	171
0	7
1	5
0	0
0	18
0	0
0	0
0	0
41	1426
0	442
0	40
1	23
0	0
0	1893
0	0
0	600
0	0
0	0
1	271
0	0
0	23
2	91
0	0
0	0
0	0
0	0
0	106
0	0
0	0
0	1
12	235
0	0
0	93
0	0
0	14
0	0
0	0
3	2
0	0
0	55
0	15
0	1
0	5
0	16
0	0
0	17
0	3
0	0
0	0
0	101
44	251
0	1
0	5
0	0
0	32
0	352
0	226
0	5
0	75
0	1691
0	0
0	1
1	0
0	0
1	33
0	0
0	3
0	9
0	8
0	147
0	0
0	17
0	0
0	0
0	7
0	0
0	32
0	680
0	217
0	0
0	62
1	1030
2	602
0	5
0	47
0	38
0	360
0	1
0	8
0	8
0	0
1	7
2	167
2	0
1	1456
1	2
0	412
0	0
0	4
1	3
0	0
0	18
6	318
16	1081
0	0
0	0
0	68
1	2
0	1
0	24
0	3
0	0
0	1
0	353
0	1471
1	32
0	7
0	0
4	0
0	25
0	176
0	0
0	0
0	269
0	1328
1	46
0	0
1	0
0	0
0	0
0	2
0	131
1	1
0	155
2	18
0	0
2	16
6	0
0	0
3	0
0	0
0	0
0	13
0	59
0	1
0	0
0	1
0	75
0	54
0	0
0	0
0	107
0	15
1	3
0	46
0	15
0	0
0	5
5	181
0	1720
0	0
0	0
0	0
0	67
1089	1285
0	0
0	110
0	0
0	1
0	161
0	4
0	57
0	0
0	0
0	0
0	175
0	1995
0	0
0	2
0	0
1	152
0	0
16	27
0	26
1	23
0	0
0	0
0	6
0	0
0	10
0	0
0	0
0	588
0	29
0	3
0	0
0	69
0	2
0	74
0	0
0	8
0	6
0	1
0	286
0	86
0	410
0	327
0	75
0	3
0	0
50	0
1	772
0	0
0	38
0	101
1	419
0	0
0	0
0	2
0	0
0	445
1	0
0	0
1	13
3	0
0	25
0	1
0	0
23	246
0	58
0	0
0	16
0	0
0	0
0	6
0	1188
0	0
0	1
3	48
0	5
0	12
0	2
2	7
0	40
0	26
0	0
0	0
0	65
0	6
0	88
0	37
0	1
0	63
0	0
0	98
0	16
0	364
0	0
0	41
0	0
0	23
0	3
0	0
0	13
0	0
0	69
2	3
0	0
0	10
0	1809
0	98
0	62
0	0
2	26
0	23
0	0
0	0
1	15
0	0
1	19
0	0
0	0
102	0
0	0
0	0
0	189
168	62
0	0
0	0
0	0
0	255
0	22
0	0
3	6
0	123
0	15
0	0
2	2
0	10
0	678
0	439
0	10
0	0
0	1
0	0
0	32
0	0
0	0
0	100
0	29
0	4
0	0
0	1
0	0
0	0
0	0
0	0
1	446
0	1
0	24
0	1
0	2
0	22
1	60
0	0
0	0
0	16
0	150
0	2
0	0
0	0
0	7
1	1
0	0
0	0
0	29
0	0
0	2
0	3
0	469
0	5
0	169
0	2
0	147
0	2
0	3119
1	60
0	57
2	31
0	0
0	0
0	0
0	0
0	124
0	7
1	2
1	1725
0	10
0	84
2	433
0	17594
0	0
0	3
0	356
0	255
0	2
0	0
0	730
8	136
1	124
0	0
3	43
0	54
0	39
0	5
0	0
0	0
0	0
0	9
2	14
0	1291
1	164
0	128
0	8
0	1
0	0
0	0
0	0
0	0
0	31
0	12
0	0
0	51
1	30
0	0
0	0
0	0
0	0
0	33
0	5
0	0
0	2
1	0
0	0
1	32
0	166
0	17
0	0
3	14
0	0
0	4
0	0
0	0
0	183
0	4
2	31
0	0
1	0
0	0
0	34
0	0
0	0
0	3
0	18
0	5
0	0
0	953
0	4
0	431
0	0
0	0
0	3
0	36
0	3352
0	460
0	0
0	11
0	0
0	0
0	0
3	0
0	2
0	0
2	907
2	261
0	270
0	194
0	1
0	0
0	0
0	83
1	5
0	0
0	235
0	796
0	2
0	26
0	11
0	41
0	3
0	651
0	0
0	0
0	66
0	0
0	0
0	86
1	1758
0	0
0	0
0	3
0	31
0	2
0	7
0	0
0	1
0	760
0	831
0	0
0	1
0	13
0	9
0	1
1	13
10	76
0	0
0	0
0	3
0	0
0	0
0	5
0	1
2	0
0	1189
0	190
0	560
0	0
0	0
0	14
1	10
0	122
36	0
0	7
3	34
0	0
0	0
0	99
24	445
4	2
1	285
0	26
0	4
0	0
1	33
0	12
0	0
0	1758
0	1
0	0
0	0
0	243
0	415
0	0
0	38
0	18
0	3
5	2
0	1
0	0
1	843
0	0
0	0
0	0
2	1
0	4
0	14
0	0
0	0
0	0
0	0
0	56
0	0
0	0
0	3
0	35
0	371
0	234
0	21
0	13
0	242
0	5
0	0
0	26
4	6
0	0
0	0
0	0
0	14
0	0
0	115
0	1
0	14
32	833
0	0
0	4
0	1
1	91
0	45
0	1
0	0
0	0
0	1
0	27
0	259
2	227
1	592
0	18
0	19
0	0
0	0
0	10
0	8
0	0
0	115
0	15
2	65
0	0
0	21
1	205
0	90
0	7
0	10
0	26
0	0
0	7
0	5
2	154
0	0
0	7
0	76
0	0
0	12
0	21
0	10
0	174
87	0
0	1643
5	0
0	137
0	0
0	0
2	0
0	1
0	101
0	12
0	1
0	2
0	8
0	0
0	0
0	14
0	0
0	0
0	228
0	38
0	6
0	21
0	3
0	0
0	0
0	20
0	2433
0	0
0	0
0	41
0	0
1	151
1	12
0	297
0	0
0	66
0	0
0	58
1	241
0	1
0	0
0	91
0	0
0	353
0	293
0	99
0	392
0	0
0	0
0	0
0	0
0	3
0	2
0	4
0	38
1	194
1	79
0	0
0	24
0	0
0	1
0	0
0	0
0	36
0	1460
0	0
5	0
0	1235
5	7
0	0
0	0
0	0
2	73
0	1915
0	1088
0	99
0	1
0	34
0	0
0	124
0	12
0	0
0	2509
0	107
0	7
0	5
11	0
6	0
0	0
0	0
0	6
0	31
1	1
0	489
24	905
0	4
0	653
2	0
0	0
0	43
0	0
0	25
6	50
0	1
0	0
0	0
0	0
0	18
0	46
0	4
0	0
0	0
0	22
0	42
0	1
0	275
0	8
20	4222
0	12
0	1582
0	0
0	41
0	66
1	0
0	98
0	0
0	11
0	8035
0	0
0	0
0	44
0	3
0	1
0	4
0	321
0	13
0	0
0	2
0	0
0	403
0	0
0	0
13	1247
0	89
0	1
0	0
0	0
0	2
0	0
0	121
0	0
0	0
0	16
0	0
0	9
0	0
0	0
0	0
0	25
0	202
0	1
0	20
0	46
0	51
0	0
0	2
0	1
2	155
0	10
0	0
0	0
0	0
0	8
0	41
0	0
0	22
0	5801
0	56
0	116
0	0
0	20
0	60
1	198
0	61
0	65
0	0
0	0
0	1
0	12
0	1
0	0
0	0
0	0
0	0
0	5
0	19
0	0
0	0
0	1
0	157
0	0
0	0
0	9
1	37
0	0
0	50
0	0
0	0
0	2
0	0
0	24
0	0
0	0
0	0
0	0
0	1
0	1
0	0
0	4
0	335
0	518
0	31
0	2426
0	26
0	69
0	1
0	15
0	12
0	14
0	0
0	1
0	263
0	0
0	11
0	0
0	0
0	0
1	3004
1	125
0	0
0	0
0	0
0	1
0	0
0	1
0	0
0	12
7	88
1	261
0	308
0	58
0	1
0	1
0	95
0	219
0	5
0	150
0	111
1	1384
0	1956
0	0
0	0
0	2
0	376
0	0
1	456
0	0
0	276
0	41
0	2
0	1
19	385
1	339
0	237
0	0
1	2
0	0
0	0
0	0
0	1
0	34
0	3
0	0
0	0
0	0
0	0
0	2
0	0
0	6
0	0
0	2
0	6
0	0
0	0
0	11
1	6
0	27
0	0
0	0
0	214
0	63
0	0
0	0
0	0
0	88
0	0
13	4
0	0
0	0
0	0
82	98
0	97
0	0
0	0
0	0
0	197
0	73
0	8
0	548
11	285
0	21
0	47
0	5
0	0
0	35
0	0
0	155
0	5
3	2272
6	11
0	90
0	69
0	0
0	131
0	0
0	0
2	4
0	1
0	0
3	65
0	0
0	0
0	104
0	0
0	0
0	28
0	43
0	0
1	0
0	319
0	0
0	11
0	0
2	56
0	2242
0	423
1	0
0	92
0	0
0	0
0	5
0	11
0	947
1	9
0	506
0	0
0	4733
0	506
0	0
0	0
0	9
0	509
1	5
4	1386
0	0
0	28
0	0
44	52
0	10
0	106
0	6
0	0
9	7
0	7
0	0
0	0
7	100
0	215
1175	292
0	0
0	0
0	0
1	809
0	0
0	0
0	169
0	689
0	0
0	1
6	0
0	203
0	0
0	2
0	38
4	56
0	0
0	2
0	836
0	247
0	0
0	0
0	0
0	174
0	18
0	0
0	3
0	324
0	1
0	413
0	0
0	0
0	0
0	0
0	154
0	179
0	40
0	8
0	168
0	0
0	0
0	2
0	31
0	19
0	100
5	4
0	0
0	3
0	39
0	9
1	893
0	0
0	0
0	70
0	267
0	5448
0	4
0	4
0	0
1	3075
0	455
0	5467
21	0
0	2
0	283
0	2
0	0
0	0
0	183
0	0
1	1057
1	29
0	16
0	199
0	0
0	0
1	195
0	0
1	0
0	0
0	2
1	0
0	12
0	0
2	122
0	1942
0	0
0	0
0	0
0	0
0	0
0	197
0	63
0	0
0	82
0	32
0	246
1	55
2	0
0	0
0	953
0	0
0	0
0	0
0	0
0	471
0	52
0	0
0	33
0	47
2	131
0	0
0	24
2	879
0	1
0	18
0	0
0	0
0	0
0	6
0	0
0	0
0	3
0	0
0	4
0	3
0	0
0	0
0	0
0	13
27	0
0	0
0	0
0	43
0	0
0	0
2	44
0	195
0	5
0	1
0	0
0	188
0	0
0	91
0	8
0	0
0	9
0	1
7	35
1	11
0	34
7	1088
0	87
0	3
0	7
0	9
0	0
0	7
0	0
0	44
1	10
0	0
0	0
1	0
0	37
0	42
12	2034
0	0
1	477
0	0
1	7
2	50
0	3
0	16
0	1
0	36
0	46
0	7514
0	9
0	0
1	1162
2	585
0	5
1	102
0	0
8	175
0	33
0	0
0	150
0	0
0	0
0	54
0	336
1	0
0	12
0	0
0	268
0	0
0	0
0	2
0	0
3	0
0	0
0	0
6	1393
0	0
0	91
0	0
7	315
0	14
7	9
1	60
0	15
0	84
0	0
0	0
1	2305
0	1
0	0
0	0
0	1
0	124
0	2
3	305
0	10
0	22
0	0
0	122
0	27
0	159
0	0
0	10
0	0
0	1
1	2
0	0
0	3
0	0
1	0
0	4368
1	695
1	1
0	0
0	0
3	126
0	623
0	3851
0	0
0	11
0	0
5	1
0	17
0	58
0	0
1	212
0	0
0	10
0	285
0	0
0	36
0	0
0	161
0	0
0	631
0	0
9	75
0	0
0	6
0	0
0	0
1	31
0	29
0	0
0	0
0	266
58	0
0	0
0	14
0	4
0	0
0	52
0	15
5	109
14	18
0	72
0	0
0	103
0	0
0	562
0	29
0	0
0	68
0	275
2	164
0	0
0	0
0	17
0	0
0	188
0	0
0	551
0	4
0	0
0	19
0	0
0	12
0	46
0	357
0	344
0	0
0	0
0	5
3	385
0	0
0	2
0	0
0	0
0	3
0	5
6	505
0	56
12	0
0	697
0	2
14	193
0	11
0	0
3	223
0	6
0	5700
1	519
5	30
0	0
1	7
0	452
0	0
0	237
0	0
0	28
7	618
0	0
0	1
0	45
0	0
0	50
0	1
0	212
0	0
0	75
0	0
0	0
0	0
0	1
0	0
0	590
0	0
6	45
0	0
0	0
0	15
0	1
0	162
0	0
1	124
0	18
0	2
0	0
0	0
2	134
0	8
0	0
0	0
0	3
0	1
0	0
0	67
0	0
0	0
2	197
0	23
0	0
0	2
0	1
0	4
0	5
0	6
1	100
0	0
126	193
0	0
0	3
0	0
0	1
0	5
0	2
0	2
1	59
0	38
0	0
0	0
1	247
0	177
0	0
0	0
0	14
0	278
0	0
0	9
0	82
0	0
0	0
0	0
0	1425
0	1
0	12
1	1
0	65
0	2
0	3
0	0
0	1
0	6
0	0
0	3
0	0
0	0
0	0
0	5
0	12
0	32
2	491
0	50
6	65
5	247
0	6
3	41
0	71
0	0
0	0
0	0
2	0
0	0
0	232
0	0
0	0
0	2
9	0
0	0
0	34
0	377
0	39
1	51
0	6
0	214
0	90
0	0
0	3
0	32
0	0
0	19
0	0
1	0
1	6
0	0
0	21
0	1
0	0
0	4
0	0
0	2
0	342
0	5
0	14
0	0
0	24
0	5
0	0
0	3
1	187
0	2
0	9
0	0
0	0
0	1
0	77
0	822
0	311
0	5064
0	0
0	40
1	0
0	225
0	1
0	0
0	0
0	51
0	15
0	109
0	10
2	3366
0	240
0	0
0	2
0	0
0	0
0	37
1	70
0	0
0	6
0	1350
0	1011
0	0
0	0
0	0
0	0
0	0
0	52
0	29
0	48
0	120
17	0
0	0
0	20
0	0
0	0
0	0
0	217
0	28
0	0
0	292
0	0
0	18
0	0
0	732
0	0
0	0
0	0
2	2063
0	50
0	0
1	997
0	0
0	25
0	0
0	2
1	433
0	1
6	25
0	53
15	58
0	0
0	6
0	4
0	110
0	1
0	4
0	61
0	0
0	2
0	0
0	0
1	1
3	34
0	14
0	0
0	11
0	60
0	0
0	43
0	0
1	25
0	131
0	0
0	7549
0	26
1	28
1	162
0	0
0	1
0	9
1	55
0	7
0	0
1	492
0	0
2	2
0	23
0	1877
0	0
0	0
0	0
0	0
0	0
0	0
0	0
0	1882
0	0
0	0
0	0
0	0
0	34
0	773
12	457
0	89
3	0
1	1997
2	569
0	0
0	0
0	0
0	19
0	0
0	0
0	82
0	0
0	641
0	52
0	0
0	4
0	6
0	11
1	126
0	0
0	32
0	1
0	3
0	0
0	25
0	33
1	0
0	0
0	0
0	1
0	66
0	0
0	5
0	0
0	63
0	12
0	22
0	0
0	241
0	284
0	0
1	5
0	0
0	2
2	117
0	13
0	0
0	1
0	0
0	11
0	0
7	8
0	2
0	0
0	0
0	87
0	0
0	0
0	79
0	0
0	7
0	34
0	0
0	1
0	50
0	211
0	3
0	238
0	0
0	0
0	13
0	16
0	0
3	3
0	0
0	115
0	0
0	0
10	8
0	3
0	63
0	4
0	0
12	0
0	0
1	13
0	3
0	0
0	44
2	1178
1	299
2	16
0	106
2	140
0	0
0	143
1	1127
0	25
0	0
0	0
0	0
0	108
0	54
0	58
0	27
2	145
0	0
0	4747
0	0
0	843
0	1324
0	0
0	0
0	1
10	7
0	0
0	0
0	39
0	0
0	2128
3	7
0	0
0	0
0	56
0	0
0	169
0	0
0	31
0	40
0	0
0	145
0	0
0	17
0	14749
0	0
0	2
0	2
0	0
0	0
0	0
0	258
2	1
0	11
0	0
1	42
0	0
0	27
0	28
0	0
0	0
0	3
6	601
0	0
0	0
0	145
0	13
0	37
0	7
0	0
1	1
0	3
0	4
0	0
1	241
0	1008
0	39
0	0
0	0
0	57
0	12
0	0
3	0
0	0
11	2
1	20
0	0
0	0
0	30
0	36
0	0
0	0
0	0
0	5
1	136
0	143
0	0
0	0
0	74
0	8
0	1
0	1
0	0
0	0
0	0
0	14
1	5
0	3
0	0
0	1369
0	0
0	0
0	25
0	7
0	10
0	0
0	0
0	0
6	891
0	9
0	22
0	32
0	0
0	67
0	0
0	83
0	0
0	0
0	0
0	199
0	0
0	0
0	84
0	86
0	39
6	59
0	0
0	4
0	1
0	0
0	161
0	471
0	35
0	6
0	15
0	126
0	40
1	416
2	5
0	204
0	67
0	0
0	0
0	4
0	785
0	25
0	23
1	20
0	14
0	0
0	88
0	0
3	12
0	0
0	123
80	48
0	0
3	350
0	2
0	891
1	0
0	362
0	0
1	351
0	150
4	0
0	0
1	346
0	0
0	0
0	2
0	0
0	117
0	150
1	113
0	4
0	0
0	0
0	64
0	0
0	0
4	1082
0	0
0	0
0	0
0	19
0	0
0	21
0	0
0	25
0	125
0	34
0	2
3	42
2	38
0	40
0	0
0	313
0	0
0	85
0	498
0	2475
1	843
0	0
5	35
0	2
0	51
0	12
0	0
0	2
0	3
0	190
1	2156
2	138
0	3
0	181
0	0
9	769
0	0
0	97
0	19
0	169
0	6
0	100
0	223
3	1
0	0
0	0
0	41
1	668
0	129
0	867
1	53
0	1
7	541
0	232
0	20
0	0
0	29
22	50
0	0
0	9
0	42
20	204
0	41
0	0
0	0
0	929
0	26
0	39
0	35
0	1
0	286
0	179
0	0
0	0
0	2251
0	0
0	0
0	176
0	117
0	0
1	67
1	0
0	0
0	69
0	176
0	0
2	0
0	0
0	1
0	38
0	68
8	276
0	0
0	128
0	0
2	136
0	24
0	387
0	228
0	0
0	6
0	79
0	8
0	0
0	0
0	0
0	96
0	0
0	307
0	18
0	506
0	0
0	0
0	134
0	0
2	254
0	0
0	28
0	6
0	0
0	11
0	0
0	848
0	2
0	139
9	268
0	0
1	1
0	70
0	0
1	183
0	767
0	3
0	0
16	7
0	424
0	0
0	659
0	0
0	82
0	0
0	0
0	0
0	2
0	0
0	0
0	0
0	116
0	98
1	0
0	0
0	14
0	312
1	611
0	0
1	20
0	15
0	76
0	3
0	26
0	0
0	0
0	0
0	26
0	0
0	0
0	4
0	0
0	3
0	23
2	753
0	185
0	3
0	0
0	2
0	5
0	1
0	427
0	90
1	137
0	0
0	134
0	0
0	0
0	0
0	0
0	0
0	38
0	0
0	6
0	0
0	0
0	0
0	1
0	102
4	12
1	0
0	23
0	25
0	0
0	1872
0	53
3	103
0	22
0	145
1	512
0	73
0	10
1	39
67	4
0	0
0	8
1	0
0	2
0	0
0	0
0	0
1	125
2	88
0	1
0	0
0	85
0	25
0	0
0	0
0	256
0	0
0	0
0	0
0	0
0	9
7	5
0	22
0	345
0	12
0	794
0	0
0	20
1	1060
0	2
0	0
3	635
0	46
1	2
0	238
0	1
2	60
0	784
0	0
1	682
3	661
0	0
0	516
0	0
0	0
0	104
0	8
0	4
0	0
3	1634
0	0
0	0
0	8
0	0
0	0
0	3116
0	84
0	0
0	0
0	6
0	5
0	0
0	5
1	75
11	472
0	44
0	0
0	0
0	8
0	0
0	0
0	0
0	0
0	103
0	56
0	0
0	0
0	0
0	79
0	26
7	1074
0	1
0	13
0	0
0	156
0	0
0	2
2	177
0	32
0	0
0	242
1	1
0	0
0	74
0	0
0	3
0	318
0	91
0	0
0	0
0	189
0	0
0	2
3	8
2	735
0	2
0	4
0	5
0	0
1	0
0	0
0	0
0	0
0	0
9	1444
0	86
0	0
0	0
0	0
0	28
0	0
0	0
0	17
0	48
0	54
0	38
0	0
0	0
0	323
0	19
0	13
1	32
0	0
0	146
2	19
7	565
157	273
0	0
4	75
0	14
0	13
0	4
1	18
0	25
0	48
0	0
0	0
2	0
0	297
0	34
1	92
0	17
0	0
7	598
0	2
0	0
0	8
0	0
0	0
0	0
0	0
0	39
0	5
0	561
0	0
0	185
0	0
0	0
0	0
0	0
0	0
0	0
0	1
0	0
0	80
3	36
0	30
0	52
0	2
0	10
2	23
0	0
0	0
0	0
0	58
1	48
0	0
0	0
0	0
0	2
0	0
0	20
4	268
0	4
0	149
0	1
1	343
0	114
0	68
0	30
0	2
0	39
0	0
0	0
0	5
0	36
0	39
0	0
0	0
0	2
2	11
0	94
0	0
0	0
0	0
0	256
2	0
0	0
0	264
0	0
0	0
3	766
0	22
0	0
0	2
0	0
0	2
0	24
0	0
0	10
0	20
2	89
8	413
0	157
0	0
2	43
0	82
0	289
0	20
0	92
0	147
0	247
0	168
0	3
1	184
1	16
0	6
0	1
0	226
0	0
0	23
0	25
0	0
1	56
0	17
0	0
0	0
0	57
6	173
18	3
1	88
0	1
0	0
0	248
0	999
0	0
0	0
0	0
0	60
0	0
0	6926
3	3207
0	12
0	6078
2	8
0	777
0	0
0	3
0	0
0	0
0	302
0	0
0	51
0	0
0	415
0	0
0	44
0	15
0	5
0	30
8	4
0	0
0	0
0	0
0	2
0	50
0	1
0	5
1	196
0	852
0	0
0	3
0	1
0	0
0	0
1	5
0	9
0	93
0	51
0	0
0	1
0	0
0	33
0	32
0	57
0	0
0	0
0	0
0	431
0	2
0	0
0	0
0	0
0	32
0	39
0	691
0	0
0	182
0	33
0	3
0	0
1	24
0	0
0	0
0	0
0	2
0	1
0	0
0	0
0	38
0	0
0	0
4	213
0	0
0	0
0	5
0	0
0	1071
0	5
0	0
0	7
2	83
1	121
0	609
0	7229
0	0
0	11
1	0
15	57
0	8
0	0
0	0
0	354
0	0
0	13
0	0
1	243
0	0
1	12
0	1
0	0
0	0
0	316
0	3
0	1
0	29
0	979
0	0
0	82
0	0
0	58
0	0
0	1
0	297
1	38
0	36
5	221
0	1
0	4677
0	48
0	0
5	33
0	0
0	137
0	147
0	2199
4	23
0	189
0	2812
0	0
0	22
0	90
0	0
4	0
0	259
0	0
0	60
0	0
0	0
0	16
3	0
0	0
1	0
0	0
0	0
0	0
10	2194
0	0
3	4
1	33
0	20
5	4
0	72
0	48
0	7
0	29
0	618
0	114
0	13
0	0
0	0
0	0
0	221
0	3
0	10
0	167
0	18
0	0
2	625
0	8
0	15
0	85
0	0
8	302
0	0
0	0
1	0
0	0
0	69
0	0
0	5
0	69
0	0
0	19
0	3
0	60
0	5
0	272
0	0
14	50
0	0
0	38
0	14
1	0
2	84
1	6
0	174
1	614
0	6
0	5
0	0
0	0
0	149
3	110
0	13
0	20
0	0
0	99
0	28
0	155
0	587
0	0
0	0
0	2
8	812
1	2
0	0
0	8
0	0
0	0
0	95
0	0
0	0
0	0
0	59
0	0
0	8
0	2
2	299
1	4
0	4
1	6
0	0
0	0
0	2
0	0
0	0
0	0
0	227
21	0
0	194
0	1
0	0
0	0
0	312
0	10
0	3
1	79
0	41
0	0
0	0
3	2195
0	0
0	327
0	55
1	0
0	9
1	557
0	0
0	55
0	16
0	258
0	4
0	93
0	1
0	0
0	0
0	110
0	38
0	989
0	21
0	0
0	1
0	0
0	28
3	485
1	42
0	580
0	0
0	0
0	0
7	24
0	100
0	0
0	52
0	0
0	15
0	29
0	0
0	2
1	1
2	74
203	1805
0	2
0	161
0	0
0	11
0	0
0	2
0	1
0	0
0	513
0	78
0	413
0	0
0	0
0	61
0	0
0	0
0	0
0	0
0	1
0	0
0	0
0	0
0	0
0	5
0	0
0	0
0	0
0	9
0	0
0	441
0	0
0	0
0	0
1	7
0	255
0	10
0	125
0	10
0	0
0	1
0	1
0	30
0	66
3	15
0	4
0	0
0	2
1	160
0	0
0	138
0	141
0	154
0	26
0	0
0	0
0	33
150	532
0	40
0	1
0	20
0	375
0	2
0	23
0	778
0	57
19	6
0	1
1	11
0	1
0	25
0	9
0	75
0	0
0	0
3	54
0	1
0	0
0	0
0	21
0	0
0	149
0	0
3	364
0	0
0	0
0	3
0	31
0	0
0	0
0	0
2	190
1	20
0	14
0	0
0	38
0	17
0	1
0	45
0	0
0	3
0	614
3	232
0	0
0	505
0	0
0	0
0	37
0	178
0	0
0	2
0	0
0	17
1	189
1	78
0	32
0	0
5	86
0	3
0	1
0	0
0	0
0	0
0	675
0	14
0	0
1	181
0	2
0	0
0	0
0	1
0	4
0	27
0	15
0	56
0	0
0	684
0	11
0	0
0	0
0	263
0	0
0	106
12	581
0	1
2	66
0	0
1	0
0	0
0	115
0	0
0	611
0	6
0	12
0	10
0	0
0	0
0	0
0	83
4	41
0	50
0	59
0	0
0	0
0	593
0	0
1	0
0	0
0	0
0	4
0	0
0	0
0	0
0	0
0	15
1	204
0	967
0	107
3	1471
0	32
1	951
1	0
0	0
0	0
0	0
0	490
0	1
0	48
0	20
0	26
0	1
0	0
0	0
0	40
0	0
0	73
0	118
36	140
0	0
0	0
0	0
0	2
0	10
0	336
0	2
0	5
0	12
0	2
0	0
0	0
0	253
0	75
0	36
0	0
0	9
0	8
0	6
0	157
0	66
0	0
0	1
2	32
0	1
0	3
0	0
0	1014
4	0
0	2
0	0
0	0
0	75
0	3
0	0
0	0
0	0
0	0
0	416
0	10
0	62
0	3
0	0
0	54
0	3
0	514
0	1
1	81
0	13
4	66
0	235
0	0
0	0
0	0
0	1
0	0
0	251
0	106
0	27
0	3
0	41
1	1232
0	63
0	0
0	0
0	0
8	0
0	0
0	25
1	25
0	0
0	0
1	0
0	2
0	13
0	0
0	136
0	123
0	0
0	0
0	47
0	0
0	0
7	1
0	2
0	0
0	0
0	0
0	234
0	5331
0	0
0	46
0	1
0	0
1	0
0	0
0	10
0	0
0	0
0	0
0	22
1	38
0	3
0	57
0	0
0	33
0	36
0	52
0	1
0	4
0	24
0	0
0	7
0	0
0	0
0	33
0	0
1	0
0	121
0	92
0	60
0	0
5	30
0	3
0	0
0	4
0	0
0	21
2	1
0	73
0	420
0	113
6	0
0	17
0	0
0	55
0	149
0	0
11	5398
0	113
0	0
0	0
0	0
0	0
0	92
0	0
0	0
0	718
1	3
0	3
0	77
0	0
0	0
0	0
0	0
0	95
0	0
0	0
0	61
0	25
0	34
0	0
1	251
0	20
0	0
0	0
0	0
20	203
2	0
0	0
0	0
0	0
0	0
0	144
0	0
0	98
0	0
0	0
0	0
0	0
0	0
0	12
0	85
0	0
0	0
0	0
0	0
0	238
0	55
0	19
0	0
0	0
0	1
0	11
0	0
0	0
0	0
0	0
0	145
0	0
2	78
0	45
0	8
26	0
0	0
0	0
0	0
0	21
0	0
0	0
0	0
0	11
0	348
0	0
0	23
1	90
1	48
0	0
0	0
0	0
1	53
0	0
0	0
0	84
0	9
0	2
0	0
1	0
0	0
0	0
0	16
0	0
1	0
0	1
0	309
0	0
0	152
0	18
0	0
0	59
0	0
1	166
16	0
14	0
0	2
0	0
1	23
0	0
0	1287
0	2
0	0
1	0
0	0
0	0
0	172
0	0
0	1
0	2
0	16
1	85
5	0
1	0
0	0
2	0
0	8
0	0
0	1
1	9
0	688
1	0
0	53
0	0
0	502
0	53
0	0
0	13
0	0
0	1032
0	468
0	95
0	0
0	0
6	1045
0	0
0	0
1	5714
0	0
0	14
2	22
0	0
0	0
0	0
0	14
0	0
0	0
1	62
0	2
0	0
0	0
0	76
0	7
3	85
0	22
35	0
0	45
0	144
0	324
0	0
0	0
13	0
0	6
1	8
0	0
0	85
0	0
0	164
1	0
0	0
0	427
0	4
0	375
0	0
0	92
0	0
0	34
0	0
0	32
0	0
0	1
0	0
0	0
0	2
0	92
0	66
1	22
0	21
0	1
2	12
0	0
0	0
0	55
0	0
0	3
0	85
4	343
4	2
0	141
1	0
0	47
0	0
0	10
0	20
1	17
0	40
0	25
0	3
0	1
0	14
1	0
1	49
0	6
0	65
0	27
0	0
0	0
0	25
3	0
0	19
6	0
1	77
0	0
0	14
0	6
0	0
4	0
0	65
0	56
0	0
0	22
0	238
0	209
0	7
6	0
0	0
0	0
0	262
0	1
0	722
38	300
0	1
0	0
0	0
0	12066
0	0
0	0
0	0
0	139
0	619
0	0
0	0
0	0
0	248
0	0
3	525
0	1
0	0
0	0
0	0
0	0
0	0
0	77
0	0
0	8
0	0
0	16
8	0
0	0
0	21
1	510
0	0
0	0
0	1
0	0
0	2404
0	87
0	447
1	88
0	1
0	0
0	0
0	105
0	0
0	0
1	455
0	269
0	3
0	0
1	23
1	99
0	0
0	101
0	36
0	89
0	2
0	0
0	17
0	0
0	2
0	15
0	0
0	235
0	498
0	0
0	77
0	0
0	1
0	30
0	2
2	6
0	1
1	32
0	90
0	0
0	15
1	0
0	0
0	163
0	0
0	51
0	0
0	2
0	0
0	24
0	1
0	1
0	0
0	0
0	351
0	278
0	26
0	1
10	241
2	11
2	189
0	179
0	3
0	37
0	39
1	73
0	0
1	1
0	0
1	759
0	438
0	13
0	370
0	40
0	1
0	0
0	13
0	0
7	319
0	1
0	42
0	0
0	9
0	6
102	0
0	30
0	0
0	32
0	0
0	70
0	1
0	6
0	246
0	115
0	206
0	0
0	137
0	44
0	149
77	200
0	86
0	0
0	1
0	3
0	160
1	53
0	19
0	56
1	77
0	0
0	196
0	0
1	313
0	0
0	25
73	0
0	152
0	11
0	0
0	0
1	0
0	0
0	5
2	0
0	0
1	40
0	0
0	0
0	6
0	0
0	19
0	0
0	12
0	3
0	2
0	9
0	0
0	208
0	36
35	0
0	0
0	14
0	0
3	3
0	0
0	15
0	3
0	0
0	91
0	0
0	71
0	15
0	7
0	5
0	64
0	2
0	43
0	33
2	0
0	8
4	0
0	231
0	62
0	58
0	2
0	1183
0	114
0	64
0	0
0	48
0	0
0	817
0	0
1	98
0	0
49	647
0	187
0	48
20	0
0	25
0	0
3	50
1	1
0	0
0	0
0	2
0	19
0	0
0	15
0	75
0	0
0	91
0	0
1	110
0	0
0	40
0	0
0	24
0	0
0	0
0	0
0	0
0	0
0	32
0	203
0	0
7	16452
0	0
0	4
0	1
0	113
0	0
0	58
0	265
3	60
0	13
0	0
12	1867
0	1
0	0
0	0
0	10
0	14
0	0
0	0
4	49
0	2
0	0
1	237
0	7
0	19
0	0
10	8
0	13
0	0
1	4
0	0
0	99
0	262
1	129
0	13
0	0
1	0
0	0
0	0
0	187
0	12
0	0
0	1
0	1
0	17
0	4
2	116
0	34
0	4
0	9
0	0
0	0
0	8
1	1
0	268
0	41
0	1
5	26
0	0
0	0
0	0
0	2
4	143
0	0
0	0
22	0
0	7
0	0
0	36
8	181
17	75
0	43
0	8
0	0
0	1264
1	42
0	0
0	0
0	0
0	1
1	0
0	0
0	0
3	461
0	1
0	0
9	22
0	0
0	36
0	377
0	0
0	0
0	19
1	0
0	33
0	0
0	5
0	0
0	0
0	1
0	0
0	8
1	186
14	22
0	1
0	2
0	0
0	51
0	1
0	2118
0	0
0	58
0	0
0	23
0	0
0	5
0	6062
0	0
39	0
1	16
1	2
1	226
0	14
4	80
0	0
0	0
0	0
0	0
0	448
0	216
0	0
0	21
1	3
0	0
0	251
1	23
0	1008
0	0
1	0
0	22
0	0
0	2
0	0
0	0
0	21
0	14
41	154
0	0
14	26
0	0
0	0
0	7
0	5
0	0
0	0
0	580
0	0
0	0
0	216
0	75
0	126
0	64
0	48
0	0
0	0
0	0
0	0
0	547
0	97
0	4387
0	26
11	0
1	38
0	0
0	22
0	36
6	110
0	0
1	33
0	0
0	0
0	0
0	0
18	189
0	12
0	0
0	29
0	221
0	0
0	0
4	14
0	229
0	24
0	0
0	0
0	0
1	4
16	589
0	66
0	0
0	21
0	0
0	2
0	0
0	0
0	0
0	0
0	0
0	0
0	117
0	0
0	15
0	0
0	0
0	27
0	0
0	1
0	0
1	0
1	320
0	771
0	0
0	18
0	0
0	0
0	0
0	0
2	85
0	0
0	0
0	102
0	7
0	0
0	0
0	0
0	0
0	0
1	163
0	1
0	9
3	1
0	0
0	0
0	70
0	30
0	62
1	131
0	0
0	0
0	12
0	102
1	2
0	0
140	1
0	0
0	0
0	221
0	7
0	0
2	35
1	59
0	115
0	0
0	2
0	0
1	61
0	3
0	0
0	23
0	45
0	0
0	87
0	0
0	0
0	0
0	0
0	873
0	2
0	0
0	3
8	0
0	45
0	0
0	0
0	0
0	0
0	0
0	0
28	433
0	0
0	419
0	74
0	19
0	109
0	123
0	800
6	1332
0	0
0	6
0	10
0	0
0	0
0	135
0	63
0	0
0	0
0	1
2	0
0	8
0	44
0	2
0	0
0	5
0	11
0	12
0	0
0	2
0	147
0	171
0	974
0	0
65	0
0	46
0	86
0	11
0	12986
0	0
2	30
0	21
0	4
0	0
1	0
0	0
0	131
0	6
0	7
0	22
4	3
0	0
0	0
0	210
0	1
4	1347
0	0
0	0
0	255
0	333
0	866
0	0
0	192
0	105
0	25
0	0
0	0
0	1
0	0
0	0
0	2
0	3
73	111
0	0
0	0
1	302
0	109
0	323
0	10
0	1
0	7
0	0
7	4
0	534
4	133
0	3
0	0
2	11
0	1
0	52
0	0
0	45
2	16
0	751
0	23
0	0
0	2
0	17
0	78
0	0
0	3
0	0
0	39
0	0
0	0
0	0
0	0
0	0
0	0
0	164
0	0
0	0
0	0
0	135
1	395
3	6
0	0
0	0
0	1384
0	122
0	0
0	38
0	0
0	0
0	47
14	0
0	0
0	28
0	0
1	0
0	0
0	0
0	0
0	19
0	0
1	1
6	11
0	125
0	2
0	0
0	13
0	23
0	21
0	32
2	512
0	0
0	23
0	0
0	328
0	42
0	226
15	47
0	34
0	13
0	0
0	0
0	60
0	265
0	0
0	0
0	28
0	314
0	0
0	0
0	0
0	17
0	57
0	0
0	1
0	0
5	64
0	2
0	1
1	41
12	1
0	154
1	2
0	71
0	0
0	0
0	57
0	0
0	74
0	0
0	682
0	5464
0	0
0	0
1	309
0	20
0	13
0	0
0	24
0	7
1	0
0	0
0	2729
0	229
0	3
0	15
0	0
6	233
0	314
0	1
1	0
0	333
0	1
0	47
0	148
0	38
0	4
0	1
0	70
0	131
0	2
0	0
0	207
0	0
0	0
0	20
0	191
0	0
0	39
0	11
0	8
0	31
0	2873
0	0
2	6
1	74
0	0
1	26
0	0
0	40
0	680
1	73
1	19
0	0
0	1
0	1164
0	28
0	0
0	1
0	3
0	8
22	136
0	8
0	64
0	0
1	263
0	0
0	0
0	0
0	0
0	0
0	0
0	0
0	0
0	81
0	1
0	0
0	535
0	0
0	0
0	35
0	3
0	289
0	553
0	106
0	26
0	315
0	198
0	2
0	7
0	35
1	0
0	0
0	0
0	0
0	231
0	6
0	2
0	0
0	2
2	0
1	10
1	0
0	0
0	23
0	0
0	0
4	56
0	0
0	92
0	0
0	90
0	1
0	3
0	0
0	8
0	0
0	3
0	155
0	0
3	191
0	29
0	148
0	103
0	0
0	164
0	5899
0	0
0	0
0	0
0	5
0	0
1	245
0	27
0	248
0	11
1	7
0	0
0	0
0	22
5	42
0	0
0	56
0	7
0	0
0	0
0	0
0	0
0	0
0	437
7	12
0	83
0	0
1	40
1	462
0	17
0	81
0	0
0	200
0	23
0	50
0	10
0	0
0	90
0	5
0	489
0	325
0	438
0	0
0	0
0	0
0	11
0	12
0	1
0	0
1	94
0	0
0	52
1	4
0	4801
0	292
5	64
0	333
0	0
0	0
3	106
0	0
0	81
0	1
0	0
0	0
0	17
0	87
0	23
0	1
0	0
0	2
0	300
0	2
0	1
0	152
0	0
0	37
0	0
0	0
2	71
0	32
0	24
0	102
0	37
0	1
0	0
0	1
0	0
0	2
2	150
0	0
0	0
1	0
0	1
0	0
0	1
25	26
0	327
4	1
2	36
0	0
1	0
0	0
0	10
0	525
0	62
0	0
0	60
0	11
0	0
0	3
0	0
0	90
0	3
0	0
0	0
0	1084
0	2
0	81
0	7
0	93
0	125
0	139
0	0
0	0
0	5
0	1764
0	0
0	60
0	16
0	0
0	14
0	0
0	0
0	57
0	4
0	48
1	51
0	0
0	250
0	203
33	0
0	0
0	565
0	25
0	138
0	0
0	0
0	0
0	0
0	0
0	0
0	0
0	0
2	44
0	0
0	0
0	15
0	2
0	0
0	257
4	271
0	53
0	0
0	0
0	0
0	0
0	60
0	0
8	131
0	0
0	0
0	0
0	0
0	69
5	0
0	8
0	83
0	0
0	0
4	106
0	16
2	106
0	0
0	0
0	0
0	246
0	0
0	0
0	1
0	0
0	0
0	1
0	0
2	257
0	1
0	121
9	573
15	0
0	520
0	19
0	0
2	1
0	0
0	34
106	1
2	19
0	41
0	0
0	30
0	0
0	0
0	168
1	0
0	4
0	0
0	0
0	0
0	162
0	0
0	95
0	0
0	276
0	0
0	74
0	118
4	6
0	357
0	50
0	1046
1	16
2	2
0	118
0	16
1	47
0	3
0	0
4	0
0	0
0	12
0	1
0	3
0	0
0	1
0	0
0	396
0	10
0	0
0	96
0	5
0	0
0	0
0	0
0	5
1	71
0	85
0	10
0	3
0	2
0	119
0	33
0	1470
0	0
0	0
0	0
0	14
0	5
1	68
0	0
1	222
38	80
0	0
0	3
0	0
0	0
1	32
3	66
0	210
0	0
1	35
0	11
0	0
0	1
0	0
0	426
0	0
0	0
2	810
0	0
0	78
0	1
0	58
4	0
0	0
0	0
0	12
0	219
4	3
0	0
0	0
1	0
0	0
0	1
0	108
0	0
4	46
2	1
0	29
0	145
0	0
0	0
0	27
0	18
0	2
1	0
311	1
2	74
0	1
6	11
0	0
0	0
0	1
0	113
0	59
0	1
0	0
2	158
0	0
0	3
0	8
0	105
0	0
0	34
0	7
0	138
0	0
0	0
0	33
0	3
0	4
23	0
0	162
0	0
0	0
0	0
0	5
0	31
0	0
1	16
0	0
0	89
0	0
0	7
0	2
0	25
1	33
0	1
0	0
0	5
0	1
0	12
0	0
7	99
3	0
0	0
0	0
0	0
1	0
0	279
0	0
0	129
0	1156
0	12
0	311
2	6
0	0
0	32
9	412
0	0
0	39
1	94
0	0
1	43
1	14
1	23
0	17
0	37
0	0
0	0
0	226
3	459
0	0
0	0
0	0
0	0
0	0
0	0
0	21
0	270
0	0
1	2
3	45
3	145
0	6
0	0
0	278
2	0
0	0
1	695
0	0
0	5
2	14
0	1
0	0
0	12
0	91
0	2
0	22
0	0
0	37
0	1
0	23
0	0
2	0
0	0
0	475
0	49
0	0
1	56
0	269
0	1677
0	0
0	44
0	0
0	41
0	0
1	233
0	0
0	0
0	0
0	165
3	82
0	2
0	0
0	0
0	96
0	144
0	28
1	416
0	0
0	137
0	0
0	32
26	1
3	1663
0	309
0	0
0	1
0	0
0	0
0	17
1	178
1	519
0	10
0	0
0	12
0	4
0	5
0	0
0	140
0	0
0	0
0	82
14	88
0	0
0	206
1	0
1	1
0	1
1	0
2	373
0	0
0	333
0	1
1	287
0	3
0	0
0	0
2	0
0	17
2	0
0	417
0	0
1	0
0	56
0	0
0	0
0	0
0	0
0	0
0	0
0	46
0	0
0	90
0	19
0	5
1	519
0	6
0	13
0	25
0	0
0	1340
2	0
0	109
0	0
2	130
0	0
0	668
0	4698
0	387
0	0
2	1174
0	0
2	258
0	26
0	2
0	12
0	126
1	16
0	358
0	1
0	767
0	98
0	1220
0	0
0	13
0	33
0	39
0	10
0	0
0	100
0	2
0	0
0	28
0	0
0	6
0	2
0	0
0	56
0	24
0	0
0	85
0	1
0	0
0	12
0	1
0	0
0	42
0	0
0	0
0	0
0	0
0	23
0	3
0	393
0	0
0	16
0	0
0	0
0	188
0	4
0	0
2	0
0	809
0	0
5	0
0	49
0	2
0	84
1	75
0	15
0	24
0	29
2	5
0	0
0	2
2	20
0	0
0	3
1	131
0	664
0	0
0	1
0	102
0	0
0	0
0	12
0	0
0	0
0	0
0	0
0	5
0	0
0	0
0	0
0	0
0	0
0	1
0	0
0	0
0	235
0	0
0	37
0	12
0	0
1	1
0	0
0	2
0	8
0	0
0	8
2	210
0	746
0	0
0	8
0	2
0	213
0	197
1	20
0	0
0	6
0	0
0	0
0	83
0	0
0	1
0	29
0	7
0	0
0	81
0	1
0	0
0	0
0	13
0	0
0	3
0	0
0	2
0	595
0	351
0	0
1	270
1	28
0	28
0	20
0	27
0	0
0	0
0	312
0	85
6	0
0	7
0	150
0	3
0	0
0	70
0	12
0	76
0	0
0	0
0	0
2	203
0	205
0	90
0	0
0	1
0	1
0	1
0	2
0	0
2	87
0	1
0	0
0	2
0	135
0	3
0	80
0	15
0	264
0	0
0	0
1	1710
0	0
0	0
0	1
0	9
4	0
0	119
0	44
0	0
0	1
0	0
0	0
0	45
0	0
0	2
0	47
19	0
5	79
0	0
1	682
17	0
0	104
0	16
0	0
0	64
0	0
0	0
0	4
0	0
0	0
0	4
1	103
0	10
0	1
0	0
0	35
1	98
0	0
0	4
0	0
0	132
0	0
0	0
81	327
0	21
0	5
1	0
0	253
0	300
0	0
0	10
0	295
0	16
0	0
3	7
0	0
0	0
0	0
0	6
22	2
0	151
0	303
0	0
0	0
1	181
1	18
0	121
0	50
1	30
0	0
0	0
0	0
0	0
0	0
0	345
0	64
0	28
0	0
0	29
0	0
0	66
0	131
0	126
0	360
0	526
0	59
0	1240
0	259
1	45
0	29
1	29
0	0
1	2
0	4
0	44
0	1
0	28
0	1
1301	2
0	0
0	145
0	1
0	887
1	3
3	1453
0	0
1	9
0	46
0	49
0	0
0	0
0	3
0	0
0	0
0	0
0	0
0	357
0	0
0	2
0	33
0	12
0	157
0	26
0	2235
0	24
0	0
0	370
0	8
0	132
0	35
0	1
0	291
1	164
0	211
0	0
0	0
0	0
0	104
0	0
1	783
0	64
0	13
0	0
0	0
0	5
0	26
0	0
0	0
0	59
0	0
0	0
16	0
2	85
0	0
0	50
0	1
0	0
0	562
0	0
0	0
0	0
0	70
0	2
0	0
0	0
0	9
1	1691
0	353
0	38
0	302
0	234
10	0
6	8
0	15
0	24
0	12
0	10
0	1
0	2
0	0
0	0
2	1269
0	41
0	0
0	234
0	0
0	0
0	13
0	21
0	86
0	0
0	3
0	2
0	81
0	0
0	8
0	0
0	1
0	64
0	615
0	0
0	0
0	765
0	0
0	21
0	0
0	0
0	0
0	0
0	125
0	0
0	44
0	1
1	11
1	536
0	77
41	0
0	59
0	0
0	505
0	457
0	3
0	5
0	0
0	0
0	0
0	700
0	2324
0	0
0	32
0	0
0	0
0	0
3	261
0	3
1	0
0	18
0	40
0	37
0	0
0	0
0	2
0	14
0	91
0	48
0	0
1	1726
0	99
1	85
11	10
0	79
0	0
0	3
0	0
1	0
0	0
0	21
1	0
0	21
0	125
73	0
0	19
3	217
0	0
0	249
0	0
1	0
0	229
1	8
31	0
0	1
0	60
0	1
0	21
1	62
0	0
1	0
0	0
0	129
0	32
0	0
1	80
0	0
0	320
0	22
0	32
0	25
0	15
0	101
0	203
0	0
0	1
0	0
0	121
0	0
0	19
0	48
0	251
1	1
0	7
0	0
0	0
0	29
0	0
0	202
0	1
0	42
0	2
3	3
0	52
0	53
0	124
0	0
0	0
0	0
9	0
0	0
0	0
0	24
0	6
0	505
0	0
0	81
0	0
0	115
2	3
0	1
0	35
0	18
0	4
113	803
0	2
0	119
0	0
0	116
0	18
0	71
0	247
0	0
0	144
0	10
0	4
0	0
2	0
0	50
0	436
0	2
0	3
4	214
9	32617
0	461
0	4
0	1
0	0
0	186
0	0
0	54
0	16
0	29
0	12
0	179
0	0
0	255
0	1516
0	5
0	2
0	0
0	14
0	0
0	0
1	0
0	0
0	0
0	0
0	0
2	1
0	83
0	0
0	0
0	0
0	0
0	267
0	0
0	156
1	100
0	108
0	1
0	93
0	0
0	0
0	45
0	16
0	0
0	0
0	0
0	0
0	177
4	1
0	7
0	7
0	0
0	199
0	0
0	5
0	0
0	42
0	0
0	0
0	1
0	0
0	0
0	104
0	0
0	319
0	77
2	0
0	0
0	280
0	0
4	79
2	3
0	4439
0	0
1	4
0	69
60	4
0	0
0	0
21	139
0	0
0	0
0	0
0	46
0	0
1	34
0	0
0	0
0	0
0	94
1	93
0	53
0	20
0	10
0	123
0	96
2	1024
0	0
0	2
0	0
1	37
0	151
3	0
0	0
0	120
0	169
0	0
0	29
0	14
0	16
0	0
2	204
1	124
0	240
13	24
0	10
0	18
0	0
0	192
0	66
0	16
0	0
0	13
0	1
0	23
0	0
0	2
0	0
1	62
0	0
0	208
0	33
0	0
0	0
0	1
0	2
11	3748
0	0
1	369
0	38
0	0
0	8
417	2037
0	5
0	0
3	2
0	137
0	23
0	29
0	0
0	0
0	0
0	0
0	0
0	0
0	0
24	0
0	47
0	0
2	319
0	16
0	0
0	0
0	1
0	13
0	3
0	0
0	3
0	103
0	6
0	8
0	0
2	14
0	0
0	141
0	97
3	547
0	0
2	26
0	5
2	131
0	0
0	0
0	0
0	0
0	9
0	26
1	276
0	0
0	1
0	0
1	2
0	9
0	49
0	0
0	4
0	47
0	0
0	48
0	19
0	82
0	19
0	111
0	0
0	70
6	0
0	7
1	106
0	0
1	0
3	997
0	262
0	21
0	0
0	0
0	0
0	0
0	283
0	0
0	0
0	367
0	2
0	0
0	0
0	0
0	0
0	0
0	0
0	0
0	210
0	80
0	136
0	1
0	110
0	128
0	0
1	49
2	156
0	350
0	34
0	0
0	117
0	3
0	0
0	0
0	46
0	0
0	54
0	30
0	37
1	39
0	0
14	515
0	1
0	43
1	6
0	22
0	17
0	66
0	37
0	210
0	0
0	5
0	20
0	474
0	5
7	3
0	7
0	12
0	0
1	1
0	0
2	30
0	9
0	0
0	30
0	87
0	0
0	4
10	1
0	48
0	0
0	0
0	0
0	0
3	76
0	10
0	37
0	1
0	20
0	0
0	1
0	0
0	65
1	1
2	1
11	31
0	1
0	0
0	0
19	0
0	0
0	0
0	0
0	0
0	33
0	0
0	6083
0	0
0	16
0	177
0	0
0	0
0	447
0	0
0	252
0	122
2	139
0	1
0	38
1	89
0	19
0	11
0	2
0	112
0	0
5	0
0	6
0	0
0	0
0	0
0	54
0	0
0	28
0	0
2	15
0	4
1	17
0	0
0	62
0	0
0	0
0	8
0	0
0	1
0	80
0	0
0	0
0	0
3	1340
0	1
0	198
0	0
0	14
1	949
0	545
0	0
0	10
0	0
0	5
1	0
0	0
0	9
0	12
0	15
0	0
0	0
0	327
0	2465
0	89
0	40
3	41
0	0
0	47
0	0
0	0
5	2
0	96
0	0
1	270
0	44
0	0
0	0
0	0
0	0
0	0
0	39
0	0
0	11
0	650
0	136
0	4
0	10
0	159
0	152
3	19
0	0
1	122
0	0
0	0
0	86
0	0
0	542
0	105
0	0
0	0
0	2
0	0
4	66
0	0
0	8
0	20
0	9
0	0
0	0
0	1
0	0
0	15
0	1
1	1852
0	131
3	107
1	3
0	1
0	4
0	0
0	0
0	0
0	2
0	143
0	0
0	9
0	0
0	74
0	81
0	33
0	73
0	0
0	1
0	0
0	7
0	105
0	0
0	0
0	0
0	0
0	130
0	9
0	33
5	394
0	7
0	19
0	0
0	0
0	1285
0	7
0	0
0	209
2	6936
0	0
0	406
0	0
0	101
2	154
0	0
0	43
0	2
4	0
0	0
0	8
0	2
0	0
6	6
0	0
0	0
0	6
0	0
0	0
0	23
0	12
0	0
0	2
0	88
0	18
0	12
0	14
0	0
0	0
0	78
0	0
3	0
0	0
0	0
0	0
0	29
0	9561
0	0
0	0
0	7
0	75
14	0
0	0
0	225
0	74
0	68
0	60
0	0
0	0
0	48
0	4
0	0
0	0
0	0
0	1151
4	129
0	52
0	22
0	1
0	0
0	54
0	0
0	0
0	40
0	0
0	1
0	5
0	190
0	48
0	0
0	39
0	3
0	0
0	50
0	27
0	6
10	22668
0	0
11	0
0	0
0	0
0	3
3	144
0	0
0	0
0	38
0	1
0	154
1	0
1	13
0	43
0	0
0	81
0	24
0	0
0	3
4	0
0	40
0	21
0	0
1	197
0	0
0	56
0	0
0	0
0	6
0	0
0	9
0	2
0	384
0	5
0	0
0	0
0	0
0	0
0	0
0	0
0	266
0	175
13	0
1	120
0	175
0	0
2	88
1	9547
14	0
0	0
0	0
0	11
0	636
0	1
0	187
0	0
0	2
0	0
0	0
0	0
2	200
0	0
0	0
0	57
0	1
0	0
0	598
0	276
0	0
0	320
0	0
0	0
0	0
0	0
0	0
0	0
0	54
0	0
20	53
0	0
0	35
0	0
0	331
0	179
1	0
0	0
0	0
0	55
0	14
0	8
0	155
0	4
2	0
0	0
12	240
2	755
0	0
0	543
0	7
0	0
0	0
0	569
9	11360
0	2
1	5730
0	1
0	0
0	5
0	320
0	0
0	5
0	1
0	3
0	0
0	80
0	0
0	46
0	0
0	10
0	0
0	13
2	30
0	0
1	0
0	39
3	1061
0	186
0	1706
1	30
0	0
0	374
2	52
0	0
0	0
0	0
0	51
0	26
0	30
0	131
0	0
0	0
0	0
0	2
0	124
9	0
0	0
0	274
0	0
0	40
0	0
0	10
0	46
3	809
0	0
0	0
5	379
0	528
0	88
0	0
0	0
1	28
1	3
0	0
0	3
3	0
0	158
0	0
0	0
0	7
0	12
0	278
0	693
0	0
0	3
0	0
0	0
0	0
0	9
0	80
0	0
0	0
0	393
0	1
0	0
0	1
0	0
10	0
0	0
0	0
0	20
0	2
0	1
0	0
0	0
0	13
0	21
0	18
0	0
0	10
0	27
0	0
0	0
0	0
0	0
1	13
4	0
0	427
0	12
0	0
0	59
0	5
0	0
0	1
0	0
121	23
0	0
0	275
1	103
2	0
0	0
0	177
4	127
0	0
0	32
23	282
0	0
0	0
2	0
0	1
6	39
1	0
0	10
0	170
0	33
0	232
0	41
1	23
0	0
0	101
0	0
0	2
0	0
0	0
0	107
0	0
0	0
1	79
0	6
4	0
0	358
8	11
0	0
0	15
0	92
0	0
1	0
0	39
15	0
0	516
0	0
0	384
0	5
0	0
0	316
1	11681
107	1
0	86
2	1
0	0
0	0
0	32
0	50
0	41
0	2
1	0
0	228
0	1
0	213
0	251
0	95
0	0
0	5
0	6
0	0
0	1
0	0
1	0
0	1
0	63
0	6
0	0
0	23
0	25
0	0
0	0
0	4
0	64
0	3
0	0
0	9
0	0
0	10
0	0
0	0
0	0
0	0
1	356
0	17
0	46
0	260
0	3
0	55
1	86
0	141
0	47
0	0
0	15
0	0
0	0
0	0
0	0
0	392
0	0
0	3
0	368
0	0
0	25
0	0
0	0
0	9
0	0
0	228
0	0
0	2
3	284
0	0
0	0
0	0
0	1
0	88
0	77
0	2
1	0
0	0
0	0
0	0
2	7
0	45
3	127
0	4
0	91
0	2
0	0
0	39
0	0
0	1
0	2
0	0
0	87
0	17
0	156
0	5
0	1
0	25
0	11
0	25
0	0
0	78
0	0
1	1
0	0
0	1
0	0
0	56
10	0
0	353
0	243
0	0
0	3
5	0
0	1
0	0
0	5
0	63
0	0
28	0
0	0
0	4
0	0
0	131
2	494
0	34
0	0
0	33
0	0
0	97
0	0
2	0
17	3102
0	48
0	0
0	2
0	0
0	196
0	0
1	8
0	63
0	3
0	13
46	3
0	1
0	0
2	0
0	0
0	10
0	22
0	78
0	0
1	0
0	1
3	0
0	0
0	0
0	0
0	0
0	5
83	161
0	0
0	0
0	21
0	0
0	0
2	14
0	859
0	0
0	10
0	2
0	0
0	0
0	0
0	0
2	22
0	0
0	0
11	31
0	261
0	0
2	37
0	0
0	0
0	18
0	26
0	1
0	0
0	0
0	67
107	4
0	23
0	1
0	0
0	0
0	1
0	23
0	189
0	932
0	14
0	0
0	82
0	10
0	0
0	0
0	0
0	0
0	0
8	0
0	172
0	0
0	1
0	52
3	22
0	27
0	9
0	121
2	0
0	273
0	188
0	104
0	0
0	3
0	55
0	0
0	86
4	0
0	17952
1	6
0	0
0	107
0	0
0	0
0	48
2	23
0	46
0	0
0	1
0	0
0	19
0	0
0	64
0	267
5	44
0	25
0	2
1	77
0	0
0	0
0	1
0	14
0	0
0	0
0	133
0	0
0	393
0	0
0	81
0	20
0	36
0	0
0	4
0	455
0	7
1	9
0	399
0	6
0	1
0	0
0	748
1	24
0	0
0	4
0	0
2	0
0	10
0	0
0	0
2	18
0	0
0	68
0	2
0	0
0	77
0	44
0	1
0	97
1	0
0	2
1	4
5	198
0	17
0	86
0	752
0	1
0	0
4	57
0	27
0	2
0	0
0	0
0	0
0	17
0	10
0	0
10	7
1	264
0	93
0	0
0	0
2	0
2	0
0	0
0	0
1	5
0	1
1	0
2	0
0	14
1	173
0	72
0	24
0	0
0	0
0	0
0	100
1	238
3	134
97	0
0	149
0	0
13	2
0	0
0	0
0	0
0	0
0	0
0	1173
0	1029
0	0
0	35
0	13
0	0
0	2
0	3
0	0
0	51
0	19
0	0
7	44
0	19
0	55
7	1
3	17
0	3
1	50
0	0
2	335
0	0
0	147
0	179
9	0
0	4
0	14
0	11
0	46
1	7
0	1
0	243
0	160
0	0
0	268
0	0
2	86
0	441
0	11
95	0
0	37
0	1
0	0
0	86
0	0
0	8
3	452
0	0
0	52
0	6
0	0
0	0
1	40
0	278
0	0
0	0
0	24
0	0
0	23
0	24
0	1
0	0
0	50
0	0
0	21
0	57
0	1
0	251
0	56
0	0
0	184
0	0
0	2
0	0
7	91
0	0
0	9
0	14
4	24
0	0
0	2
0	20
1	63
2	23
0	0
4	82
0	0
1	88
0	95
0	208
0	9
1	54
0	0
1	209
0	125
0	24
0	19
0	0
0	9
0	0
0	41
0	0
6	0
1	15
3	2
0	0
0	0
0	64
0	47
0	0
0	197
1	236
0	20
1	1
0	14
7	18
0	0
0	3
91	0
0	209
0	38
39	25
0	9
0	11
0	10
0	32
0	0
0	1
0	0
0	294
0	0
0	71
0	51
0	0
0	4731
0	0
0	3
0	0
0	69
0	1
0	0
0	0
9	150
8	169
0	15
0	3
0	188
0	0
0	2
0	1
0	2026
0	16
0	87
0	67
0	711
1	423
0	4
1	120
0	22
0	0
0	78
0	165
0	15
1	32
1	2225
2	85
0	0
0	73
0	9
0	0
0	28
3	33
0	4
0	0
0	14
0	0
2	166
0	14
0	0
0	0
0	0
0	60
0	63
0	3
0	0
0	0
0	0
4	289
0	232
0	11
0	65
0	0
0	20
7	0
0	0
0	23
0	684
1	412
0	1
0	846
0	0
0	0
3	147
2	0
0	2
0	0
0	36
0	31
0	0
0	85
0	465
0	234
0	0
0	141
0	0
2	39
1	75
0	118
0	129
0	0
0	1
0	3
0	5
0	4
0	3
0	0
0	124
0	0
0	68
0	0
0	0
0	56
0	34
0	0
0	0
0	0
0	0
0	59
0	12
0	10
0	0
0	68
0	13
0	2
0	0
0	0
0	92
0	10
0	14
5	53
0	43
0	0
0	110
2	2
0	0
0	0
0	0
1	4
0	0
10	271
0	38
4	1502
1	0
0	35
0	0
0	1
0	0
1	83
0	1
0	0
0	0
0	1
0	25
0	0
0	0
14	29
0	9
0	0
0	24
0	1
0	23
0	4
0	207
0	7
0	38
0	4
0	22
0	0
0	21
0	7
1	111
0	2
0	189
4	0
0	1
0	0
0	0
0	1
1	1
0	0
0	59
0	0
0	0
0	59
0	2
0	0
0	22
0	0
1	4
0	0
0	14
0	21
0	181
0	0
0	0
0	89
0	1
0	15
0	15
0	3
0	235
0	219
0	81
0	129
0	5
0	0
0	79
0	0
0	14
0	33
0	0
0	2
0	0
0	32
0	124
5	0
0	0
0	0
1	19
0	1
1	23477
2	6274
0	8
1	238
0	0
0	0
0	136
3	99
0	0
0	0
1	58
0	0
0	40
35	13610
0	140
0	6
0	36
0	70
4	65
1	325
0	1139
0	47
0	29
1	119
0	755
4	110
1	1
0	31
0	0
0	0
0	52
0	0
0	0
0	0
0	12
2	8
0	107
0	0
0	5
0	0
0	12
0	48
0	0
0	1
0	63
0	0
0	124
0	2
0	0
0	122
0	1
0	0
0	186
0	828
0	30
0	2
7	129
0	141
0	0
0	0
0	0
4	1
0	47
0	0
0	0
0	0
0	27
0	73
0	0
0	7
0	1
0	0
0	275
0	1
1	1
79	846
0	0
12	0
0	8
0	183
0	0
0	0
0	2
1	147
0	1
0	0
1	1
0	0
0	28
0	0
0	0
0	0
0	1
0	0
0	3
0	0
0	139
0	0
0	0
0	0
0	0
0	1
0	0
2	316
0	2
0	41
0	0
0	173
0	55
0	3
2	48
0	0
0	0
0	431
0	0
0	0
0	41
0	0
0	46
0	0
0	0
9	595
3	3744
0	263
0	1
0	269
0	0
0	0
4	0
0	0
30	1
0	0
0	47
5	913
0	0
0	10
0	0
0	71
0	3
4	12
0	47
0	1
0	0
0	0
0	3
0	0
0	2
0	0
0	0
0	0
0	62
3	853
0	0
34	0
0	27
0	0
0	0
0	0
0	1
5	0
0	1
0	80
4	965
0	188
0	119
0	0
0	29
0	977
0	37
0	6
1	11282
0	60
0	5
0	0
2	0
4	0
2	219
0	0
0	0
0	0
0	8
0	243
0	0
0	100
1	757
0	30
0	0
0	4
0	0
0	2
0	0
19	0
0	3
16	0
0	41
0	0
0	0
13	0
0	2
0	76
0	182
0	45
0	0
0	150
0	0
0	0
0	318
0	5
0	0
0	16
2	47
0	0
0	0
0	138
0	31
20	13398
0	24
0	0
0	6
1	0
0	84
1	84
0	5
0	165
0	0
0	220
0	0
0	0
0	0
0	23
0	0
0	2700
0	157
0	201
1	157
0	437
0	3471
2	31
0	13
0	53
0	0
0	1
0	25
0	0
0	0
0	3
0	50
2	595
0	0
0	0
0	133
0	62
0	60
1	96
0	0
10	15
0	144
0	0
0	0
0	0
0	0
0	8
0	0
0	0
0	0
0	4
5	7
0	41
0	0
0	0
1	359
0	44
5	373
0	70
0	0
0	27
0	15
0	0
9	2
0	131
0	4
1	0
0	0
0	0
0	0
0	19
0	221
0	0
0	0
0	182
0	425
0	0
0	0
0	137
0	1
0	575
0	0
0	44
0	197
0	1
0	154
0	0
0	171
0	75
31	10
1	15
0	0
0	196
0	0
0	0
0	0
1	0
2	0
0	1
0	3
0	2
0	3
0	1
0	258
0	2
0	1
0	0
0	14
0	1
2	0
0	18
0	4
0	87
0	1
0	26
0	300
8	0
0	0
0	0
0	89
0	5
0	135
1	1
1	110
0	0
0	1
0	65
0	1
2	495
0	0
0	31
0	1
0	2569
0	0
0	0
0	145
0	0
0	9
0	0
3	71
0	14
0	54
0	4
0	203
0	193
0	1
2	0
0	19
0	0
10	861
0	2
1	51
4	0
0	81
99	260
0	0
0	0
0	195
0	10
3	0
0	0
0	0
0	28
0	0
0	0
0	48
0	88
0	35
0	4082
0	0
0	88
0	30
0	0
0	1
0	163
0	37
1	6
0	898
0	0
0	0
0	0
0	31
0	0
0	0
0	0
0	1
0	38
0	0
0	1
0	26
0	0
0	0
1	28
0	0
0	31
0	0
0	13
0	0
0	284
0	0
0	0
0	0
0	6
11	662
0	0
0	2
4	0
0	0
0	0
1	27
1	302
0	0
2	7
1	160
1	7
1	9
0	1
2	1
0	0
0	208
0	209
0	35
1	16
0	0
0	3
0	0
4	5
0	28
0	5
0	24
0	51
0	93
0	0
0	0
0	509
0	0
0	0
0	1
0	2
0	7
0	14
0	35
0	856
0	0
0	0
0	36
2	108
0	2
1	3
0	0
0	0
0	202
0	0
9	687
0	86
0	0
0	125
0	0
0	0
0	189
0	0
1	10
0	0
0	7
5	7
0	0
6	232
0	406
0	0
0	160
2	3
11	428
0	0
3	0
0	182
0	35
0	0
0	0
0	41
0	0
1	1520
0	15
0	18
0	0
3	30
0	18
1	0
0	0
0	3
0	45
1	63
0	23
0	5
3	17
0	0
0	0
6	3
0	0
0	0
1	44
0	254
0	9
0	0
0	0
67	127
0	209
17	3
0	102
0	0
0	0
0	1
5	36
11	3
0	0
0	5
0	1
0	0
0	80
0	0
0	45
0	936
0	0
0	0
0	580
0	0
9	0
0	4
2	1249
0	1
3	157
0	111
0	0
0	627
0	3
0	0
0	0
0	0
0	0
0	269
0	260
0	0
3	675
0	0
0	0
0	14
1	2
0	66
0	13
0	36
0	3
0	6
0	44
0	1
0	6322
1	0
0	74
0	0
19	26
0	41
0	0
0	0
4	0
0	0
0	0
0	4
1	248
0	0
0	123
0	0
0	160
0	0
0	0
0	0
0	0
3	7
0	0
0	0
1	227
0	0
2	0
5	32
21	1719
1	12
0	0
0	0
1	0
0	161
0	13
1	132
1	87
0	94
0	0
0	64
16	341
0	0
0	0
0	0
0	0
5	0
57	0
0	0
0	1
0	12230
0	0
0	3
1	0
1	133
0	3
0	0
0	0
0	258
1	101
7	232
0	0
0	0
0	0
0	7
0	0
0	78
0	0
0	0
0	77
0	61
0	1274
0	0
0	28
0	20
0	0
0	272
0	6
0	0
0	0
7	216
2	20
2	7
2	92
1	0
0	20
0	516
0	0
0	26
0	0
0	0
0	3
1	0
0	454
0	5
0	148
0	402
0	0
0	0
0	0
0	3
0	0
0	0
0	0
0	0
0	0
0	164
0	18
0	14
0	0
0	0
0	1
0	0
0	0
0	49
0	50
0	0
0	0
4	253
1	12
0	98
0	0
0	393
0	355
0	24
1	60
0	0
0	21
0	0
3	1
0	2
0	1413
0	0
0	0
12	0
0	0
0	0
0	156
0	0
0	18
0	76
0	0
0	1
0	1
0	0
0	73
0	0
0	0
0	152
0	144
0	8
1	99
0	106
0	0
0	0
0	35
0	33
0	40
3	59
0	1
0	0
0	10
0	20
0	417
0	0
0	12
0	0
36	328
0	0
0	4
1	6
0	96
0	33
0	223
0	127
0	2
0	1796
3	334
0	63
0	14
3	0
0	0
0	0
0	0
0	0
0	11
0	0
0	0
10	297
0	3
0	7909
0	12
0	123
0	183
0	0
0	150
0	0
0	7
10	641
0	0
0	778
0	26
0	86
0	63
2	0
0	0
3	2084
0	222
14	2
0	20
0	0
9	0
0	4431
0	1
0	27
5	386
0	0
0	70
0	0
1	3
0	0
0	0
0	0
0	0
1	0
0	0
0	115
0	1
1	89
0	65
0	0
0	0
0	31
0	13
0	1
0	0
0	0
0	3
1	0
0	4
0	0
6	16
0	0
6	59
0	210
0	0
0	0
0	47
1	1
1	324
0	10
0	3
0	146
0	0
0	0
0	202
2	6
0	17
0	0
0	0
0	10
0	0
0	7
0	0
0	11
4	762
7	226
0	0
2	3
0	0
0	0
0	0
0	0
0	193
0	15
0	1
1	0
0	3
0	0
0	0
0	0
0	1
0	0
0	0
0	144
1	26
2	0
0	0
0	0
0	0
0	6
0	1
0	0
2	1551
0	36
0	14
0	1
0	15
0	5
2	0
1	317
0	805
0	0
0	299
4	2
0	2
0	0
0	1110
0	0
0	129
0	0
0	34
16	508
0	1
0	88
0	0
0	13
0	69
0	0
0	2
0	19
0	42
0	28
0	10
0	12
0	0
0	89
0	0
211	56
0	0
0	1
0	24
0	0
0	6
0	0
0	0
1	0
0	708
0	0
0	21
0	61
0	42
0	0
0	0
0	0
0	0
0	110
0	6
0	26
1	976
0	0
4	1
0	0
2	399
0	7
0	0
0	0
2	16
0	182
0	88
0	0
0	3
75	1
0	0
0	0
0	24
1	12
0	0
0	0
0	0
0	0
0	0
0	0
0	39
0	151
0	0
0	71
0	0
0	0
0	2
0	29
0	24
1	7
0	557
0	168
0	2
0	0
0	51
4	0
15	431
0	107
0	0
1	57
0	32
0	143
0	57
0	0
0	0
0	1
1	1169
0	33
0	7
0	0
0	0
1	18
0	0
0	0
0	0
0	0
0	15
0	102
0	33
0	0
0	0
0	0
1	0
0	9
0	0
0	598
0	0
0	0
0	0
0	3
0	0
0	1431
0	0
0	0
0	1
0	20
0	0
0	0
1	633
0	5671
2	2498
0	243
0	0
0	22
0	0
5	27
21	32
1	53
1	9651
0	1
0	0
0	0
2	284
0	101
1	152
0	0
4	5
2	0
0	0
0	5
0	3
0	130
0	175
0	0
0	0
0	4778
0	0
0	2
0	0
0	0
0	855
0	0
3	149
3	428
0	0
0	15
0	0
1	1
0	90
0	48
6	72
0	12
1	38
10	22
1	98
0	0
0	97
0	0
0	1
2	297
0	0
0	0
0	0
1	15
1	600
1	24
0	0
0	0
0	71
0	391
0	0
0	0
0	13
0	28
0	3
0	153
0	2
0	0
0	30
0	54
0	2
0	7
0	1
0	1
0	0
0	0
0	7
0	183
0	55
0	0
0	20
0	0
0	14
0	17
0	9
2	7
1	243
0	8
0	0
0	674
0	0
0	14
0	69
1	2
0	315
1	0
0	0
0	0
0	17
0	0
0	0
0	1
0	0
0	79
0	26
0	0
1	46
0	0
0	0
0	1
0	186
0	1
0	3
0	0
0	0
0	574
3	17
0	0
11	173
4	6
0	20
0	5
0	2
0	1261
0	0
0	0
0	0
0	3
2	1491
0	0
0	121
0	310
0	35
0	0
0	290
0	35
1	4
0	0
0	0
3	136
0	0
0	0
0	0
0	0
0	113
0	0
0	104
0	0
0	1
0	0
0	3
0	15
0	41
0	114
0	0
0	220
0	62
0	0
0	8
0	0
0	7
0	0
0	335
0	0
0	265
0	17
0	40
0	1
0	0
0	0
1	0
0	0
1	40
0	38
3	379
0	207
0	31
1	0
0	1143
0	47
0	0
0	0
1	240
0	0
0	35
2	90
2	331
0	0
0	46
0	90
2	0
0	0
1	209
0	8
0	0
0	0
0	253
0	154
0	21
0	69
0	0
0	4
0	1
5	0
0	0
0	7
0	13
0	0
0	4
1	7
0	51
0	29
1	62
0	16
0	8419
0	0
0	28
0	75
0	0
2	24
0	0
0	0
0	0
0	0
0	37
0	0
0	356
0	5
1	0
0	0
0	0
0	0
0	0
0	0
1	30
0	0
0	3
0	621
0	17
2	27
5	107
0	254
0	2
0	86
0	3
0	0
4	81
1	0
3	0
0	0
0	9
0	1
0	0
0	0
0	0
0	0
0	10
0	275
0	47
0	0
0	0
0	269
0	0
0	0
0	1922
0	0
0	71
0	0
0	7
0	0
0	220
0	23
0	0
0	192
0	3
0	0
0	97
0	1
0	0
0	32
0	1
0	0
0	13
0	0
0	0
0	0
0	0
1	234
0	84
4	251
2	23711
0	9
0	0
0	0
0	16
0	0
0	26
3	0
0	69
1	8
0	0
122	0
0	0
1	1
0	0
0	0
0	112
0	7
0	0
1	235
0	0
0	145
0	0
6	437
0	0
0	153
0	0
0	0
1	3
0	0
0	55
0	32
0	112
0	0
1	0
0	6
1	415
0	1470
0	0
0	0
1	110
0	56
0	4
0	394
3	154
0	33
0	0
0	0
0	0
0	0
0	774
0	392
0	49
0	1
0	0
0	96
0	0
0	57
1	3
0	4
0	8
1	109
0	0
0	1
0	0
0	0
0	0
0	7
0	0
0	0
0	0
5	48
0	0
0	0
0	455
0	204
0	4
0	2
107	0
0	0
0	869
0	0
0	0
0	65
0	344
0	459
0	0
0	3
0	534
0	121
1	76
0	15
0	14
0	214
4	29
0	3
0	115
2	152
0	1
0	1
0	103
0	16
0	0
0	0
0	0
0	0
0	0
0	29
0	40
0	0
0	0
0	483
1	0
0	688
1	25
1	169
0	0
0	0
0	0
1	1074
1	66
0	88
0	0
0	0
0	0
0	234
2	1255
0	107
0	9
0	0
0	0
0	0
1	69
3	1303
0	0
0	8
0	97
0	0
0	71
0	10
0	0
0	70
0	0
0	15
0	0
0	0
0	77
0	10
8	48
2	0
0	140
0	0
6	10
0	0
0	0
82	0
0	4
0	0
0	111
0	78
3	2
0	0
0	0
0	0
3	14
0	25
1	271
0	3
0	89
4	24
0	11
0	9
0	1
1	56
0	0
0	23
0	0
0	0
0	72
0	81
0	0
0	82
0	0
0	0
1	177
0	0
0	0
0	0
0	33
0	3
0	0
0	120
0	0
0	74
0	261
1	490
0	0
0	19
0	62
0	0
6	0
0	2
0	0
0	0
0	0
0	1
0	0
0	0
0	0
0	2
0	0
0	17
0	0
3	139
0	56
0	2
0	91
2	1
0	0
1	56
9	3
1	448
0	16
0	87
0	536
0	51
0	6
0	1
0	0
3	121
0	3602
0	0
0	0
1	178
0	0
2	2
0	0
0	0
0	8
0	0
0	0
0	0
0	99
0	0
0	206
0	38
0	0
0	46
0	390
0	118
0	0
0	358
0	50
0	0
0	1
0	4
2	99
0	110
0	0
148	22
0	0
6	58
0	537
0	34
0	0
0	0
0	59
0	0
0	0
0	0
0	0
0	82
1	0
0	0
0	51
11	540
0	22
0	0
0	0
0	8
161	0
0	323
0	0
0	0
0	0
46	0
0	121
7	169
0	11
0	0
2	4
0	14
1	0
0	413
0	0
0	0
1	13
0	0
0	0
0	0
0	0
0	313
0	1266
0	113
0	0
0	3
0	0
39	4
1	59
4	88
0	4
0	0
0	2
0	0
0	4
0	0
0	0
0	41
0	45
0	0
5	123
0	760
0	167
0	6
0	0
0	15
0	0
1	11
0	212
0	2
0	4126
0	8
3	1
1	213
2	85
0	0
0	1
35	30
0	439
0	0
3	2181
1	17
0	0
0	0
0	0
2	0
0	0
2	108
0	7
0	9
0	0
5	2
0	48
0	47
1	86
0	4
0	53
0	0
0	0
1	66
3	1
0	0
0	1
2	0
0	0
11	11
0	3
0	1
0	23
0	1
0	34
1	12076
0	45
1	17
0	713
0	83
0	7
0	0
0	123
0	149
0	0
1	25
0	1109
0	14
0	460
0	0
0	0
0	2
0	138
0	0
0	0
0	0
0	19
0	6
0	13
0	0
1	176
0	79
0	0
0	0
3	4
0	0
0	298
0	0
2	160
33	0
0	7
0	1
1	234
0	0
0	56
0	3
0	30
0	38
0	21
0	0
1	0
1	3
1	146
0	78
0	0
0	4
0	460
0	2
0	0
0	7
0	0
0	0
0	0
0	30
0	12
0	7
0	32
0	81
0	0
0	0
0	0
0	2365
0	2370
0	28
1	0
0	0
1	23
0	0
0	16
2	299
0	103
0	0
0	0
0	0
0	0
0	19
1	8
4	307
0	21
0	351
0	6
0	8
0	15
0	0
0	1
0	28
0	27
0	22
0	31
0	0
0	8
0	33
0	0
8	63
1	0
0	0
2	268
0	11
0	301
0	0
0	164
0	0
0	55
0	5
0	24
0	0
0	228
0	535
0	16
0	0
0	36
0	13
1	46
0	9
0	0
0	121
0	15
0	0
0	0
5	303
0	0
0	638
0	101
0	167
3	1525
0	0
0	5
0	0
0	0
0	19
0	7
0	0
3	120
0	114
0	0
0	0
0	0
0	3
0	210
0	2
0	228
0	0
3	24
0	118
0	0
0	3
0	95
0	29
7	483
0	0
1	78
3	682
0	257
0	0
1	258
0	0
0	1
1	2290
0	38
0	10
0	1
1	4
0	0
0	44
0	0
0	0
0	0
0	1
0	2756
0	0
0	0
0	0
0	238
1	88
0	319
0	19
129	0
7	357
0	340
0	0
0	2568
0	1
3	6
0	156
0	0
2	26
1	9
0	92
65	100
0	134
2	3
0	25
0	1
0	168
0	0
3	105
0	31
0	1460
0	0
0	730
0	0
0	30
0	46
0	7
0	7
0	13
1	27
0	0
8	39
0	130
0	0
0	0
0	0
0	7
54	194
0	526
0	0
0	0
0	53
0	0
0	43
0	0
0	1
0	59
0	6
0	0
0	4498
0	0
0	16
0	156
0	8
0	7
0	107
0	15
0	184
1	25
0	0
0	0
0	0
0	0
1	1
0	20
0	0
0	545
8	296
0	0
0	46
0	10
0	0
0	0
1	375
0	16
0	0
0	137
0	0
3	0
0	0
0	0
0	14
1	701
0	0
0	4
0	414
0	1
0	4
0	7
0	55
0	0
0	0
0	28
0	0
0	6
0	0
0	0
0	0
0	8152
0	1
0	1027
0	0
9	1947
0	5
0	3
0	0
0	10
0	0
0	20
0	38
0	0
0	0
0	0
0	0
0	3
0	0
0	94
3	200
0	0
0	94
0	0
0	31
0	47
0	0
0	519
0	0
1	0
0	0
0	1
2	56
0	19
0	0
0	129
0	9
0	0
0	71
1	358
0	0
0	14
0	0
0	0
1	60
0	0
0	13
0	204
0	0
0	0
1	1629
0	658
0	0
1	229
2	1929
38	172
0	10
0	22
0	317
0	0
0	0
0	7
0	0
0	0
0	32
0	0
0	178
10	81
0	0
0	0
0	83
0	3
0	6
0	0
0	0
0	1
0	7
2	0
0	35
0	310
0	4
0	43
0	3
0	7
2	334
0	0
0	0
0	0
1	1
0	2
0	6
12	0
1	8
0	541
8	1119
0	0
0	0
0	0
0	381
1	0
0	0
0	193
12	239
0	0
0	29
2	65
0	0
0	57
0	20
0	1
0	0
0	3
0	24
1	0
0	0
1	1
0	11
0	0
1	0
0	0
1	192
0	0
0	1
0	7
0	2
0	0
7	313
0	0
0	0
0	1
0	0
0	39
0	0
5	2329
0	146
1	25
0	11
2	0
0	0
0	0
0	0
1	0
0	241
1	0
0	13
0	0
1	0
0	73
0	0
0	16
0	0
0	0
7	1
0	0
0	94
11	279
1	226
0	115
0	0
0	37
0	0
1	93
0	0
0	969
0	117
0	0
0	27
0	1385
0	1
0	0
0	0
0	8
0	0
0	131
0	0
0	0
0	0
0	0
0	1
0	26
0	0
0	72
0	38
0	41
0	0
0	0
0	0
0	0
0	6
0	2
0	0
1	0
0	13
0	0
1	145
0	114
0	1
0	6
0	0
0	0
0	0
0	0
0	268
0	14
0	0
0	215
0	0
0	81
0	0
0	35
0	0
12	2
0	0
0	295
12	198
0	0
0	0
0	2420
0	0
0	0
0	10
8	0
0	1
0	0
1	171
0	0
3	2
2	73
0	0
111	3
0	0
2	11
0	0
0	26
2	179
0	0
0	0
0	83
0	163
0	0
0	0
0	29
0	0
0	0
0	56
93	117
0	4
0	1
0	952
1	0
0	1
0	0
0	1
0	0
0	0
0	0
0	64
0	7
0	1
0	141
0	11
0	0
0	0
0	137
0	70
2	117
0	0
0	0
0	0
0	0
0	2
0	58
3	0
0	31
3	0
0	0
0	0
2	7
1	39
0	0
4	58
0	35
0	240
0	44
0	0
0	10
0	7
7	1
0	0
0	50
0	0
0	139
0	11
0	0
1	32
0	26
0	0
0	93
0	290
0	0
0	5
0	122
0	618
5	1381
2	0
0	106
1	0
0	0
0	0
1	189
0	0
0	1
0	0
0	49
0	3
0	1
0	130
0	0
0	0
0	8
0	0
0	37
0	0
0	21
0	0
0	234
7	50
0	33
2	39
0	0
0	6
0	2
4	1083
0	10
0	391
0	0
0	0
0	0
0	0
0	0
0	10
2	6
0	125
0	26
0	0
0	1
0	0
0	0
0	0
0	0
0	0
0	0
0	5
0	0
0	0
0	59
0	4
0	27
1	1
0	24
0	794
0	128
0	6
0	0
0	0
3	0
0	25
2	351
0	0
4	10625
0	0
0	247
0	0
0	33
0	228
0	180
0	0
0	0
4	34
0	0
0	50
0	0
0	0
6	650
5	56
0	200
0	1
1	65
0	42
0	0
0	126
4	261
8	73
0	0
0	13
1	0
0	0
3	178
0	12
0	2
0	1
0	1
6	13
0	14
0	0
0	117
4	25
0	798
0	34
0	154
0	0
0	425
0	0
1	377
0	0
0	200
0	0
0	221
3	98
0	24
1	3
0	0
0	2
0	1
0	0
0	3
0	105
0	10
0	0
0	47
0	0
0	21
0	1
0	1450
1	23
1	4
0	11
0	1
0	1
0	0
1	0
0	0
0	34
2	4
0	0
0	131
1	14
0	4
0	0
0	1
0	0
0	6
1	46
0	0
0	0
0	0
0	484
0	66
0	87
0	0
2	1
0	0
0	0
0	0
0	123
0	22
0	0
0	3
3	0
14	0
0	0
0	0
0	0
0	0
0	511
0	10
0	0
5	18
13	3
0	6
0	0
0	5
0	0
1	68
0	0
0	0
0	0
0	104
0	19
0	31
0	2
3	5
0	103
1	0
0	0
0	0
1	11
0	1
0	0
0	0
0	0
0	0
0	4527
0	20
0	1
1	179
1	10262
0	7
0	0
0	42
2	52
0	0
0	19
0	99
0	0
0	4
0	0
0	0
0	1
0	0
0	0
40	0
0	1990
0	49
1	29
0	3
0	453
0	686
0	1
0	69
0	34
0	0
0	12
0	14
0	5
0	17
0	0
0	11
0	288
0	0
0	0
0	0
0	0
0	0
0	92
0	0
0	0
0	2
2	0
0	101
0	0
2	109
0	736
567	106
3	0
4	2449
0	44
0	28
0	0
1	2
0	0
5	87
0	132
0	29
0	0
0	1
1	260
0	3
0	0
1	74
0	0
1	0
12	10
27	0
0	53
1	10
0	114
0	51
0	1
0	0
0	628
0	0
0	0
0	0
0	549
0	0
0	7
0	0
0	44
0	0
0	110
0	0
0	3718
2	18
0	0
0	0
0	0
0	0
56	114
0	0
0	0
0	37
0	6
0	1
0	4
0	0
0	10
0	103
0	123
2	13
0	0
0	0
0	10
0	0
5	7
0	0
5	0
0	0
0	0
0	2
0	28
0	2
0	0
0	3
0	1
0	0
0	0
15	0
2	582
2	73
0	0
0	0
0	114
0	4
0	3
17	4797
0	93
0	231
1	81
1	3
0	0
0	0
0	35
1	0
0	0
0	1
5	72
0	0
0	478
0	15
0	0
0	11
0	0
0	1
2	114
0	12
0	186
0	1322
0	0
0	0
0	423
0	89
0	43
0	0
1	1
0	69
1	79
0	0
0	866
0	55
0	20
0	0
0	54
24	128
1	15
0	144
0	0
0	0
0	0
0	6
0	0
0	181
0	70
0	103
0	23
1	0
4	81
0	0
0	0
3	0
0	5
2	0
1	23
1	0
0	29
0	0
0	300
0	29
0	0
0	0
1	374
1	0
0	437
0	39
0	0
0	4
0	39
0	16
0	0
0	0
4	0
0	21
0	1
0	19
0	0
0	0
0	11
0	323
0	0
2	45
0	0
0	0
0	62
0	39
0	0
0	0
1	13
0	30
0	28
0	5
0	78
0	1
0	255
0	0
1	0
0	14
0	17
0	232
0	0
4	1
4	17
0	62
0	0
0	0
0	116
0	7
0	0
0	19
0	30
0	0
0	260
0	5
0	0
0	4
0	0
0	0
0	0
0	0
0	0
0	0
0	139
0	2
0	5
0	1381
0	10
0	0
0	0
0	438
1	75
0	0
0	54
100	0
0	1
0	0
0	0
0	0
0	32
0	0
0	0
0	62
0	243
0	137
0	46
0	0
0	45
0	6
0	3
0	0
1	8
0	0
1	41
0	0
0	61
0	0
0	57
0	77
0	0
0	156
0	20
0	0
0	52
0	103
0	2
0	0
0	0
0	0
0	0
0	57
0	0
0	4904
0	83
1	0
4	426
0	0
1	2
0	0
0	0
0	16
0	291
0	36
20	8
0	8
0	0
3	1
0	306
0	89
0	0
0	0
0	0
0	0
0	5826
0	416
0	186
0	13
0	342
4	0
2	8
0	2518
0	150
0	131
0	10
1	0
0	392
13	0
0	687
0	661
0	999
0	0
0	0
1	0
0	1
0	0
0	0
1	0
0	362
0	1
0	0
0	1
0	286
0	0
0	1
0	44
0	0
0	0
0	0
10	25
0	0
0	3
0	23
0	0
0	26
0	299
0	0
0	0
0	0
0	5
0	2
0	0
3	0
0	0
0	16
0	385
0	7
0	46
0	0
7	27
0	223
0	59
1	0
0	46
0	0
1	73
0	14
6	0
0	0
0	64
5	1228
0	0
2	64
0	30
0	0
0	1
0	0
0	14
0	0
0	14
0	29
0	1
0	209
0	0
0	0
0	0
0	0
0	0
0	22
1	1344
0	0
0	0
0	0
0	0
0	31
0	8
0	9
1	4
0	6
0	39
0	21
0	8
0	0
0	8
0	2
0	66
0	9
0	0
0	29
0	23
0	1230
4	2483
0	27
0	24
0	1
0	0
0	23
0	2
0	0
0	291
0	3
0	0
1	1
0	0
0	27
2	539
0	0
0	996
3	0
3	432
0	0
0	0
0	20
0	443
0	0
0	1
0	73
7	23
1	0
1	44
0	92
0	27
0	11959
0	5
0	44
0	42
0	144
0	0
0	7
1	110
0	0
0	0
0	31
0	74
0	0
0	31
0	1
0	0
1	63
0	0
0	14
0	339
0	0
0	1
0	0
0	0
0	0
0	335
0	53
0	0
0	130
0	7
0	1381
1	143
0	0
0	51
0	50
0	1
0	308
0	2
0	15
0	0
0	83
0	2
0	1
0	7
0	0
0	0
1	193
0	29
0	0
0	0
0	0
0	0
0	0
3	8
0	11
0	3
0	21604
0	0
0	726
0	1
0	2
0	61
1	868
0	0
0	0
2	2
0	70
0	0
0	0
0	291
0	0
0	55
0	201
0	4
0	0
0	0
0	4
0	22
1	53
0	4
0	0
0	7
5	0
0	3
0	0
0	100
0	157
0	19
0	15
0	0
0	40
0	5
0	0
0	0
0	78
0	9
0	0
0	1
0	0
0	0
0	60
0	2
1	210
0	2
0	33
0	0
0	0
0	0
0	69
0	0
0	1
0	1
0	0
0	5
0	4
0	13
0	198
0	0
0	2
0	0
0	0
0	0
3	11
34	546
0	39
0	59
109	1843
0	3
0	0
0	172
0	0
0	0
0	0
0	0
0	0
1	1020
0	7
0	0
0	8
0	0
3	78
0	111
7	346
0	0
0	2464
0	1
10	0
1	2
0	1
0	32
0	95
0	0
0	6
0	0
0	35
0	109
0	15
0	113
0	1
0	0
2	19
0	352
0	0
0	122
0	2
0	0
0	163
0	12
0	0
0	0
0	89
7	7
0	33
0	107
6	0
2	0
0	0
0	0
1	0
0	991
0	0
1	183
4	2
0	0
0	64
0	53
2	0
2	5
0	44
0	0
0	3
2	464
0	2
0	0
0	80
0	0
0	0
0	0
4	1
0	15
1	11
0	3
0	21
0	125
0	5
0	0
0	75
0	14
0	21
0	110
0	0
0	0
0	0
0	20
0	3
0	16
2	1
0	8
0	24
0	102
0	0
0	0
0	0
0	35
0	559
0	0
0	20
0	141
0	1
0	31
0	0
0	5
0	102
0	246
0	24
0	0
0	0
0	0
0	32
0	21
0	0
0	46
0	289
0	0
0	62
0	11
0	0
0	45
0	2
15	0
0	0
2	0
0	0
0	15
0	1
1	6
0	1
2	22
0	146
0	14
0	0
7	1
2	582
4	234
0	6
0	215
0	0
0	15
0	54
0	92
2	105
0	73
0	67
0	0
0	1
0	0
0	1
1	0
0	513
0	41
0	0
0	0
5	78
0	0
0	0
0	4487
0	1
0	943
0	5
0	93
0	15
0	133
1	0
0	0
0	0
0	0
0	6
1	80
5	0
0	8
0	0
0	16
0	0
0	154
0	5
0	0
4	41
0	0
0	8
106	118
6	419
5	0
0	296
0	0
0	13
0	154
0	0
0	57
0	0
0	8
0	0
0	0
0	1
0	180
0	487
0	570
0	60
1	24366
0	1
0	0
0	0
0	0
0	1
1	140
0	8
0	0
4	7
0	0
0	0
25	12571
0	1
0	11
0	0
0	72
0	0
0	98
0	1
0	237
0	18
0	1
0	81
3	21
0	0
0	2
0	39
1	0
0	351
1	1
0	1
0	80
0	17
0	0
0	0
0	1
0	0
0	30
18	624
0	4
0	1
0	0
0	132
0	0
0	3
0	1
12	0
0	0
0	20
1	484
9	1517
0	1
0	0
0	0
0	0
0	1
0	1
0	2
0	47
8	34
0	9
2	50
0	0
0	0
0	0
0	0
9	1
0	13
1	336
1	96
0	1
0	0
0	275
0	473
0	0
0	141
1	4
0	0
0	286
0	0
0	0
0	11
0	37
0	0
0	8
0	0
0	36
0	108
0	59
0	0
0	0
0	0
0	135
0	4
0	34
2157	2
1	26
0	0
0	1
0	63
0	10
0	360
0	7
0	0
0	0
0	0
0	9
0	0
1	28
0	4
0	3
1	316
0	0
1	69
0	3695
0	286
0	1
0	0
1	0
0	0
0	0
0	0
0	0
0	15
1	98
0	0
0	0
1	29
0	20
1	161
0	369
1	376
0	9
3	1504
0	0
0	0
0	130
0	67
0	111
0	15
0	0
1	0
0	53
7	0
1	0
0	0
0	2
0	0
0	78
2	145
0	185
0	688
0	1
1	0
0	1
0	0
0	36
0	0
0	0
8	0
0	875
1	7
275	1
0	38
0	0
4	2
0	4
1	538
0	0
1	214
15	0
0	242
1	54
2	163
0	3
0	40
0	3
0	0
1	0
0	0
0	0
0	0
1	8
0	0
0	0
0	2
0	33
0	3
0	25
0	2
0	33
0	222
0	381
0	0
2	1194
0	1
0	1
0	0
0	24
0	0
1	0
0	0
0	54
0	7
0	0
49	60
1	109
13	135
0	92
0	0
0	55
0	12
0	0
0	102
0	193
0	39
0	0
0	0
2	0
0	0
0	0
0	111
0	0
0	0
0	436
0	0
1	0
0	92
0	0
0	9
0	67
0	8866
0	22
0	0
1	108
0	35
0	16
0	5
0	123
0	1
0	0
0	48
1	5
17	6
1	252
0	67
0	68
0	12
0	684
0	11
1	39
0	0
0	12
0	0
0	0
0	33
1	323
0	4
0	55
0	70
1	182
0	54
0	1
0	9
1	675
0	197
1	95
0	3344
0	0
0	1975
0	0
0	1772
0	35
0	23
0	0
0	11
3	103
0	0
0	0
0	0
0	90
0	0
0	129
6	501
1	436
9	0
0	105
1	70
0	14
0	0
0	0
0	2
0	139
0	541
0	0
2	765
0	36
0	32
0	7
2	0
0	24
0	29
0	0
0	6
0	0
0	106
0	0
0	0
0	0
0	217
0	9
0	0
2	1
0	0
0	3
0	0
0	0
0	0
0	41
0	364
0	17
0	6
0	0
0	428
0	0
0	0
1	0
0	3
0	1
0	0
0	20
0	28
0	14
0	0
0	151
0	0
0	588
0	586
0	0
0	1
0	92
0	6
0	0
0	0
0	0
0	243
0	167
0	20
1	0
0	1
0	0
0	0
0	0
0	0
1	481
0	0
0	1067
0	12
0	12
0	21
0	557
0	52
0	301
0	0
0	208
0	0
0	9
0	29
0	185
0	0
5	384
0	13
0	8
0	0
0	0
0	4
0	0
0	314
0	6
0	0
3	3
0	1
0	1
0	305
0	16
0	873
0	0
0	0
0	0
0	40
0	15
0	0
0	21
2	51
0	0
0	38
0	0
3	0
0	0
0	7
0	0
2	32
0	428
3	0
0	4
0	21
0	12
0	7
0	0
0	0
0	32
1	147
0	10
0	0
3	147
0	10
0	5
49	12354
0	75
0	4
0	5
0	0
0	868
0	0
0	0
2	3
2	704
0	1443
0	42
0	0
1	13
1	62
0	0
0	0
2	8
0	172
3	49
0	0
0	0
0	5
0	74
0	3
0	3
1	0
0	0
0	0
2	0
0	24
0	56
0	0
0	1
0	1
1	657
0	0
0	104
0	3
2	385
0	0
1	102
0	0
20	0
0	52
0	0
0	61
0	0
0	62
0	34
0	14
0	0
1	141
0	34
1	1
0	0
0	0
0	0
0	18
0	1
4	1541
0	0
0	22
2	28
0	0
0	0
0	88
0	0
0	0
12	2
1	146
0	44
0	0
0	126
0	0
1	662
0	182
0	0
0	526
0	0
0	24
14	42
3	115
0	18
0	1
0	0
0	3
0	0
0	0
0	1
0	870
2	7
2	69
0	0
0	0
0	64
1	10
0	0
0	0
0	8
0	2
1	0
0	4
0	36
0	366
0	33
0	91
0	0
0	1385
0	0
0	109
0	0
0	0
0	1
0	21
0	22
2	31
0	5234
0	0
3	20
0	5
0	1
0	1
0	0
0	1451
0	1
0	1
2	0
0	42
0	0
8	41
0	2
0	0
1	20
0	0
0	27
0	3944
0	0
0	179
0	516
0	60
20	42
0	0
0	61
0	0
0	1
0	25
0	2
0	3
0	0
0	7
0	0
0	399
0	24
0	101
0	6
2	2
0	0
0	0
0	154
0	0
0	95
0	6
202	671
0	0
0	29
0	101
0	4
0	298
0	0
0	0
0	6
0	17
0	305
0	493
0	0
0	181
0	0
1	0
0	0
0	301
0	0
0	0
1	25
0	4
39	297
0	15
0	0
35	117
4	51
0	9
0	233
0	1799
0	4
0	0
0	106
129	0
1	259
3	1
7	960
0	0
0	4
0	157
0	0
0	0
0	0
0	2
0	0
0	14
1	98
1	110
0	177
0	0
0	9
0	247
0	698
0	0
0	60
6	70
0	396
0	0
0	0
0	0
0	1
2	0
0	1
0	0
0	2
0	0
0	0
0	79
0	3
0	9
0	0
0	0
0	29
0	0
0	1
0	15
1	131
0	26
0	0
1	0
0	168
0	303
0	41
0	2
0	5
1	4441
4	7
0	0
0	0
0	0
2	39
11	0
2	1
0	58
0	8
0	0
0	0
0	294
0	145
0	2
2	19
0	0
0	65
0	0
0	85
0	0
0	384
0	0
1	130
0	0
0	0
0	49
0	0
0	895
0	0
1	7
0	0
0	282
0	211
0	0
0	150
0	0
0	77
5	0
0	0
0	0
0	1
3	2
0	177
0	1530
0	0
0	41
2	2
0	989
3	60
14	57
0	2
0	0
0	0
0	15
0	0
0	369
0	18
0	0
0	2100
0	2
0	25
0	494
0	34
1	68
0	7
0	0
0	40
0	0
0	59
0	0
0	1
0	47
0	258
0	51
0	43
0	182
1	11
0	0
1	257
0	19
0	4
0	0
0	0
0	0
0	19
0	0
0	378
0	1
0	3
1	0
3	2
0	1
0	27
0	0
0	88
0	0
0	428
4	320
0	3
0	0
1	86
0	48
0	27
0	0
0	0
0	0
2	7
0	474
0	0
0	3
0	0
0	18
0	47
0	0
0	7
0	382
0	55
0	43
0	0
0	5
0	15
0	0
0	394
0	410
0	0
0	93
0	0
0	0
0	0
0	0
0	0
0	0
0	38
1	2
0	175
4	216
0	0
0	21
1	1
0	0
2	4
3	78
0	0
0	233
0	0
0	1
0	23
0	0
0	9
0	0
0	0
0	0
0	30
0	63
0	0
0	40
0	65
0	9
0	0
0	0
0	197
0	0
0	7
0	37
0	0
106	1
0	1790
0	6
1	32
0	0
0	0
0	0
0	0
0	0
0	109
3	0
0	105
0	0
0	22
0	40
1	151
0	315
0	0
78	0
0	1
0	18
0	7
3	130
0	0
0	0
0	35
0	0
0	0
0	0
0	624
0	252
0	0
0	5
0	31
0	0
0	99
0	38
0	0
0	0
0	6
1	1095
0	0
0	0
28	0
1	21
0	127
0	0
0	50
0	420
0	0
402	0
0	57
0	0
1	207
0	4
0	4
0	0
0	0
0	3
2	34
0	12
0	191
0	13455
0	56
0	2699
0	31
0	1
2	5
0	0
0	8
0	0
0	15
2	2
0	0
0	0
0	0
1	242
0	0
0	34
0	204
0	142
0	29
0	0
1	53
0	0
0	0
0	0
1	528
0	146
0	0
0	0
0	0
11	26
0	89
0	2
0	0
0	0
0	1
0	0
1	0
0	0
0	0
11	861
0	0
0	4
0	30
0	9
0	0
0	69
0	202
0	0
0	0
0	0
1	7
0	0
0	16
0	30
0	572
0	8
4	840
0	0
0	0
0	0
0	109
0	0
0	538
0	9
1	0
0	0
0	53
0	0
0	0
29	377
2	225
0	0
0	0
0	2
0	0
1	394
0	6
0	8
0	3
0	387
0	61
0	4190
0	16
0	1
0	0
113	0
5	0
0	92
0	16
0	0
0	1
0	0
0	55
0	18
0	7
3	311
0	47
0	558
0	35
1	265
0	214
8	0
0	2
0	0
0	82
0	5
0	885
0	0
1	4
1	373
0	0
0	0
0	0
0	0
0	1
0	0
0	127
0	0
0	304
0	0
0	0
0	0
2	1
0	258
0	1
314	47
0	0
0	0
1	73
0	24
0	0
0	1
1	202
0	70
1	85
0	0
0	0
1	263
1	1
0	36
0	0
5	2
0	0
0	0
0	18
0	0
3	10
0	567
0	0
0	254
0	1
0	508
0	1
0	1
1	1
0	13
0	0
0	140
1	0
0	5
0	0
0	0
0	28
0	326
0	68
0	66
0	169
0	0
1	3
0	3
2	1
0	53
0	286
0	3
0	0
0	55
0	0
0	4
0	0
0	17
0	286
3	4
0	104
0	21
0	199
0	12
0	13
0	0
0	32
2	5
0	0
0	237
0	12
1	37
0	207
0	0
0	1
0	20
0	43
1	0
0	6
0	5
0	82
0	7
0	337
0	274
0	0
15	192
0	0
0	5
0	0
0	203
2	14
12	0
0	0
0	0
0	22
0	0
0	57
1	156
0	37
0	33
0	0
0	98
0	12
0	2
0	54
0	7
0	0
0	0
0	28
0	0
5	8179
0	66
0	0
0	0
0	50
0	31
0	73
0	0
0	34
3	2
0	37
1	352
0	92
0	91
0	29
0	6
1	624
0	0
0	0
0	335
0	0
0	0
0	0
0	12
0	2
0	0
0	6
0	0
0	9
0	618
0	0
0	0
0	91
1	81
0	0
43	275
0	185
0	22
0	182
0	15
0	103
0	147
0	26
0	1
0	12
0	0
0	0
0	0
0	0
0	0
0	0
24	10264
0	50
0	0
0	2582
0	22
0	75
1	66
3	801
0	5
0	0
0	58
0	1
0	0
0	0
0	0
0	3
0	0
0	0
0	3
1	884
0	7
0	336
0	0
0	0
0	347
0	9
0	0
0	234
4	60
0	0
4	19
0	0
0	29
1	1
0	0
0	0
0	0
0	21
1	1
0	30
0	1
0	0
0	35
0	7
1	141
1	0
3	30
3	111
1	468
0	7
0	10
0	626
1	0
0	0
0	3
0	17
0	0
0	18
0	0
0	0
0	20
0	570
2	4
0	408
2	16
0	74
0	0
5	41
7	173
0	630
0	0
0	0
0	0
0	12
0	0
0	0
0	0
0	0
0	57
0	0
0	0
1	141
0	0
7	0
0	0
0	11
0	0
0	118
0	232
0	559
0	216
0	16
0	0
0	1
0	78
0	0
0	11
0	107
0	24
0	0
0	11
0	1
0	0
0	0
0	27
0	10
0	27
0	0
0	0
0	17
0	0
0	188
2	27
0	700
0	44
0	57
0	0
1	1280
0	79
1	90
2	93
0	0
1	0
20	251
0	6
0	75
1	67
0	0
1	44
0	21
0	0
8	6
0	0
0	0
0	91
0	1
0	0
0	0
1	1
0	0
0	1
0	0
0	5
3	0
0	0
0	12
0	35
0	0
0	6
0	0
0	1
0	0
0	0
1	377
1	113
0	2
0	0
0	60
0	5
0	14
0	0
2	134
0	264
0	24
0	26
0	118
0	1
0	193
0	0
3	114
4	2
0	0
15	4
4	7
0	5
3	99
0	0
0	0
0	0
0	235
1	23
0	0
0	7
0	61
0	0
0	0
0	1
0	0
0	0
0	25
0	49
2	0
0	1
0	0
0	0
0	0
0	38
3	1
0	0
0	0
0	1
0	11
0	5
0	8
0	964
0	1137
0	0
0	0
7	388
0	144
0	5
0	4
0	6
0	0
0	17
0	0
0	9
0	46
0	0
0	0
4	30
1	0
1	0
3	1726
3	0
0	34
0	24
0	0
0	442
0	32
0	49
0	4
0	0
0	194
0	552
0	0
0	0
0	53
0	0
0	4
0	0
0	0
0	0
0	1
0	0
0	0
0	3
1	95
0	464
0	0
0	3
0	0
0	0
0	0
0	0
0	0
12	480
0	1
0	1
0	0
2	144
0	9
0	0
0	1
0	0
4	3
0	0
0	0
1	408
2	0
0	28
0	0
3	8307
0	0
0	0
0	0
0	1
0	0
1	288
0	490
0	1
0	0
0	2
0	0
1	1
5	96
0	0
0	41
0	0
0	1
0	0
0	0
0	0
0	0
0	0
0	507
0	0
0	0
0	71
0	0
1	5
0	0
0	7
0	0
1	0
0	3
0	30
0	0
0	0
1	0
1	0
0	243
0	16
0	7
0	0
0	0
0	16
0	3
0	0
0	0
0	0
1	375
0	0
0	3
0	4
1	91
0	0
0	44
0	478
0	0
0	1
0	23
1	408
1	48
0	0
0	0
13	153
0	0
0	0
1	214
0	41
0	0
0	118
0	0
0	1
0	718
0	0
0	0
0	28
3	2470
0	0
0	294
0	0
0	0
0	51
0	0
0	8
0	0
0	23
0	0
0	0
0	0
0	0
121	0
0	0
0	0
0	0
3	48
0	2
0	0
0	0
0	0
0	14
0	0
0	0
0	22
0	8
0	0
0	73
0	0
0	0
0	53
0	0
0	0
0	0
1	1555
0	0
0	0
0	0
0	0
0	1
0	29
0	3
0	69
0	0
0	262
0	0
1	28
0	230
1	21
1	49
0	5
0	30
0	0
0	1
0	0
2	97
0	0
0	39
5	2
1	23
0	0
0	177
0	0
0	0
0	0
1	0
0	0
0	0
0	0
0	0
0	419
1	0
0	2
108	379
0	91
0	0
0	452
0	0
2	254
0	0
0	0
0	0
0	0
0	1
0	0
5	79
0	0
0	9
0	0
0	0
0	0
1	0
0	0
0	36
0	197
0	604
0	9
0	63
0	0
0	0
0	0
4	2
0	569
0	106
0	4
0	0
0	2
0	29
0	0
0	0
6	354
0	88
0	1715
0	0
1	339
0	0
0	2
0	234
0	0
0	0
0	0
0	55
0	0
0	3
0	0
0	0
0	136
0	80
0	0
0	2
0	0
0	0
0	0
0	0
1	48
0	10
0	59
0	213
0	0
0	0
0	0
4	15
0	44
0	3
0	9
1	0
0	217
0	0
0	69
0	0
1	59
0	0
0	0
0	0
0	0
0	3
0	0
0	1
0	0
0	0
0	31
1	119
21	146
0	3
0	0
0	130
0	0
0	0
0	5
0	0
0	82
0	0
0	3
0	0
1	19
0	0
0	0
1	2
1	2
0	0
0	0
0	93
0	0
0	13
0	0
0	410
0	0
0	57
0	0
5	66
0	133
3	292
0	0
0	0
0	23
0	0
0	0
2	2
0	26
27	0
1	1209
0	0
0	0
0	34
3	641
0	86
0	58
0	214
0	0
0	12
0	0
0	6
0	0
0	5
1	122
1	0
0	0
0	18
0	0
1	36
14	79
0	40
0	0
0	0
0	8
0	0
1	21
0	0
0	0
4	3
0	0
0	0
0	0
0	0
0	17
0	0
0	0
0	13
3	120
0	0
0	0
0	330
0	48
3	0
0	0
0	0
0	0
0	0
1	26
0	0
3	31
0	492
1	256
0	55
1	38
0	266
0	0
0	82
0	442
0	0
0	0
0	0
0	0
0	0
3	166
0	0
0	4
24	0
0	0
0	0
0	24
0	83
0	242
0	0
0	0
0	56
0	77
0	0
0	0
0	3
0	0
0	0
0	67
0	26
0	0
30	72
0	518
0	0
0	0
0	0
0	0
0	0
0	115
0	438
0	138
0	2
0	93
1	134
0	0
0	0
0	0
0	0
0	42
0	0
0	0
0	4
2	43
0	114
0	0
0	127
0	270
0	0
0	0
0	0
0	0
0	0
1	137
0	2
0	4
2	519
0	105
13	13
0	0
0	0
0	0
0	55
0	0
0	0
0	11
0	154
0	42
0	12
1	1
6	13
0	0
0	26
0	0
1	0
0	0
0	2
0	0
0	58
0	0
0	168
0	0
0	951
0	0
0	0
0	23
3	987
0	0
0	2
0	118
0	31
0	0
0	0
0	1
0	2
68	115
0	0
0	0
0	0
0	0
0	2
0	2
0	0
1	95
0	0
0	0
0	82
0	0
0	6
0	0
0	2
0	0
0	1
0	5
0	1
0	7
0	0
0	0
0	91
0	175
0	0
0	0
0	0
0	0
0	0
0	0
1	43
0	60
0	105
0	0
0	1
0	0
0	802
0	0
0	6
0	42
0	460
0	0
0	0
3	157
0	0
0	590
7	529
6	0
0	506
0	0
13	317
0	0
0	582
0	0
0	0
0	93
0	0
0	0
0	1091
0	85
0	43
0	0
0	0
0	31
0	0
0	2
0	0
0	0
0	0
0	691
0	1
3	219
0	0
21	136
0	4
0	10
0	144
0	1
0	0
3	2
1	0
0	0
0	0
0	0
0	26
0	0
0	0
0	0
0	661
0	230
0	22
0	0
0	15
0	0
0	0
0	0
2	265
0	420
0	157
0	37
0	4151
0	0
3	77
0	1152
0	0
3	14
1	2
0	77
0	15
0	36
0	0
0	41
0	0
0	0
0	0
0	0
0	1
0	17
0	9
0	3
0	0
0	0
0	0
1	406
0	34
0	0
2	7
0	83
0	0
0	0
0	0
0	0
0	0
0	1330
0	40
0	0
0	0
0	0
31	1510
0	0
0	270
0	0
0	0
0	722
0	0
0	69
1	6
0	339
1	0
5	2456
0	0
0	0
0	0
0	0
0	199
0	130
2	587
1	35
0	0
0	0
0	0
0	0
0	0
0	117
0	0
0	3
0	446
0	0
1	50
0	0
0	74
0	46
0	0
0	0
4	44
0	0
0	0
5	161
0	0
0	0
0	170
1	60
0	15
0	0
0	312
0	0
0	0
0	0
0	236
0	0
5	33
0	57
0	0
0	5
0	0
0	276
0	0
5	1753
0	0
0	21
0	78
0	0
0	6
2	0
0	6
0	0
0	1
0	0
0	0
0	13
0	0
0	0
0	14
0	11
0	0
0	0
0	19
0	1897
0	72
0	0
0	0
0	0
0	0
0	0
0	9
0	10
0	332
0	0
0	0
0	0
0	44
0	72
0	11
0	0
0	0
0	4
0	11
0	51
0	4
1	15
0	1
0	0
0	0
0	0
1	91
0	162
1	17
0	0
0	0
0	0
0	0
0	0
0	0
0	0
30	0
3	58
0	18
1	187
0	0
0	0
0	0
0	0
0	0
0	0
0	0
0	0
0	0
0	27
0	0
0	152
0	118
0	53
2	59
0	13
0	5
0	103
0	0
2	52
0	0
0	27
0	0
3	1227
0	1049
0	3
1	9
1	208
0	10
0	7
0	317
0	0
0	39
0	29
0	0
3	13
0	0
0	64
0	2
0	0
0	7
0	124
1	34
5	126
0	0
0	0
1	336
0	0
0	99
0	60
0	0
0	0
0	1
0	0
0	0
0	334
0	92
2	4
0	24
3	19
0	0
0	0
0	1346
0	4
0	0
0	0
3	129
0	47
0	0
0	0
0	73
0	18
0	26
0	3
0	406
0	1605
0	0
1	5
0	0
0	170
0	0
0	0
502	33
0	233
0	0
0	0
0	0
0	0
0	0
0	21
0	0
0	0
0	129
0	0
0	0
0	66
0	21
0	14
0	3
0	0
0	2
2	114
0	0
0	0
11	38
0	231
0	0
0	5
0	97
0	14
2	0
5	0
0	0
0	0
0	141
0	0
0	146
0	0
0	5
1	73
3	4
1	40
0	0
0	39
0	0
0	0
0	0
0	0
25	141
0	0
0	46
0	0
0	0
0	95
0	0
9	136
0	0
0	111
0	30
0	0
0	0
1	18
0	0
0	0
0	13
0	0
1	0
0	0
0	35
0	0
0	68
0	98
0	525
0	2
0	0
1	352
0	0
0	0
0	1
0	6
0	86
0	0
0	3
0	0
2	7254
0	113
0	1
3	0
0	0
0	0
0	0
0	14
0	2
0	533
1	2026
0	0
0	0
0	0
0	13
0	0
0	7
0	0
0	0
33	0
0	150
0	0
0	26
0	0
0	0
0	0
4	0
0	0
0	0
0	17
7	76
0	0
0	0
0	0
1	24
0	14674
0	0
1	1
0	0
0	0
0	3815
0	0
0	1
0	63
0	0
0	2
0	0
0	0
0	0
0	0
0	0
0	7
0	2
0	0
0	0
0	0
0	2
0	56
0	78
0	0
0	0
0	0
3	14
0	1
1	0
0	11
0	103
0	0
0	7
0	0
0	0
0	6
0	1
166	1
0	0
1	337
0	250
0	444
0	0
0	0
0	1
0	57
0	16
0	0
0	0
0	26
0	165
0	0
0	0
0	6
2	59
0	0
0	258
0	6
0	0
3	14
0	6
0	0
0	0
0	0
169	0
0	0
0	0
0	66
0	140
2	214
0	0
0	0
0	0
0	0
0	0
0	0
0	21
0	0
0	2
0	0
1	53
0	0
0	175
0	0
13	350
0	1
0	0
0	0
0	0
0	13
0	0
0	0
0	7
0	0
0	0
0	0
0	31
0	0
0	336
0	2
0	91
0	0
0	13
0	9
0	0
0	0
0	0
0	2
0	114
1	14
0	0
0	0
0	0
0	2
0	0
0	5
0	8
0	0
0	6
0	0
0	0
0	207
0	0
0	0
0	16
0	0
0	0
13	777
0	4
0	0
0	0
0	63
0	419
0	3
0	3
0	48
0	0
0	1
0	0
0	0
0	0
0	3
0	0
0	0
0	0
0	0
0	3
0	51
0	0
0	47
0	0
0	49
0	8
0	0
0	18
0	10
0	0
1	0
0	12
3	0
0	32
0	0
0	162
1	68
0	0
0	56
0	0
0	13
0	0
0	0
0	6
0	6
1	421
0	0
0	0
0	0
9	1384
0	452
0	370
0	114
0	0
1	964
0	29
0	0
0	20
0	0
0	26
0	0
0	0
0	145
0	62
0	17
0	26
0	0
0	0
0	8
0	0
0	217
0	1
0	0
0	0
0	1681
1	33
1	201
0	9
0	0
0	1506
0	0
0	384
0	0
2	244
0	25
0	255
0	1
6	35
0	54
0	0
1	77
0	1
0	0
0	9
2	59
0	1
0	7
0	240
0	0
0	258
1	289
0	0
0	0
0	7
0	0
0	0
0	0
0	0
0	0
0	0
0	0
0	0
0	8
0	38
0	5
0	0
0	0
0	178
0	0
0	0
0	0
0	9
0	17
0	17
0	0
0	3
1	0
0	41
0	141
0	42
0	0
0	0
0	0
4	1918
0	7
0	3
0	54
0	0
0	0
0	0
0	0
1	80
0	77
0	0
0	70
0	0
0	0
0	3
0	1
0	0
0	0
0	109
0	2
0	0
0	26
0	0
0	0
0	0
0	2
0	3
0	0
0	27
1	1799
0	0
0	18
0	2533
0	30
0	0
0	0
0	347
6	115
2	6
0	0
0	0
0	0
1	0
0	1
0	0
0	0
0	5918
0	0
0	123
0	0
0	128
0	202
0	0
1	3
0	44
0	0
0	0
0	664
0	0
0	0
0	0
0	292
0	53
0	0
1	18
9	185
3	226
0	4237
0	190
0	33
0	1963
0	0
0	0
0	0
0	14
1	10
0	0
1	0
0	0
0	18
2	0
0	0
4	193
3	2
0	0
0	0
0	0
0	361
0	0
0	0
2	1
1	0
0	1
0	0
0	453
0	429
0	4
0	3
0	13
0	1
0	0
0	0
0	44
0	18
0	0
0	0
0	0
0	0
0	0
0	12
2	13
0	50
0	2
0	0
0	22
0	0
0	0
0	0
0	0
0	0
0	0
0	99
0	17
0	0
0	0
0	0
0	0
0	4
0	511
0	771
0	0
0	33
0	31
40	21
0	0
0	78
0	0
0	0
0	0
0	0
1	2
0	22
0	0
0	0
0	5
0	0
0	15
0	0
0	0
0	55
0	0
0	0
2	283
0	0
0	0
0	2
0	0
0	0
0	0
0	0
1	0
0	52
0	4
0	0
0	312
0	0
0	0
0	37
0	0
0	17
0	47
0	0
2	625
19	101
0	0
0	0
0	12
0	0
0	0
1	0
0	0
0	198
0	83
0	0
0	21
0	0
0	10
0	968
0	93
0	0
0	5
0	0
0	0
5	16
0	1514
0	0
0	166
0	178
0	1
0	0
0	23
0	4
0	0
1	19
0	15
0	0
0	40
0	0
0	0
0	0
0	27
0	0
0	1934
2	0
0	0
0	0
0	5
0	0
0	13
0	2
0	80
0	0
0	0
0	4
0	0
0	131
0	0
0	3
0	15
0	152
0	0
0	0
0	389
0	0
0	0
0	6
1	34
0	0
0	8
36	0
0	23
3	0
0	0
0	94
0	0
0	0
3	97
0	0
0	0
1	1
0	0
0	0
0	0
0	13
2	2
0	108
0	1
1	0
0	94
4	4570
0	0
0	6
0	0
25	0
0	59
0	1
0	0
0	3
0	8
0	0
0	0
0	0
0	0
14	5
0	0
0	28
0	0
0	0
1	3
0	15
1	3
0	43
0	50
0	3
0	235
0	99
0	33
0	0
0	0
0	0
0	0
0	0
0	83
0	483
0	0
0	0
0	4966
0	34
0	0
0	0
0	5
0	2
0	0
0	1
0	25
0	0
0	0
0	0
0	0
13	72
0	0
0	0
0	56
1	6
1	56
0	523
0	1
0	0
0	0
0	167
0	206
0	1
0	0
0	0
0	0
0	0
0	0
1	461
0	0
0	0
0	0
3	78
0	2
0	0
0	250
0	0
0	12
0	0
0	45
0	0
0	0
0	0
0	2726
0	0
1	0
2	31
0	0
0	0
0	14
0	0
0	1
0	1
0	44
0	0
0	639
0	0
0	0
0	0
0	36
0	0
0	24
7	2
0	0
0	203
0	39
0	0
0	3
0	19
0	256
0	0
0	4
0	0
0	0
2	479
0	38
0	0
3	15
0	0
0	0
0	9
1	6
0	1
0	1
0	0
0	0
0	243
1	99
1	6788
0	27
0	27
0	51
0	61
0	0
0	0
0	0
0	0
0	68
0	0
0	0
0	0
0	4
0	0
0	6016
86	0
0	0
40	0
0	38
0	0
0	0
0	0
0	115
0	5
0	0
1	298
2	61
0	117
0	22
0	105
0	1031
0	0
0	100
0	0
0	0
0	0
1	22
0	0
0	1
2	5
0	0
0	0
0	0
0	8
0	0
0	0
0	47
3	2005
1	329
0	0
0	44
0	16
0	6
0	0
0	0
0	783
0	1
0	0
0	209
1	150
0	0
0	0
0	1
0	0
0	0
0	0
0	0
0	5
0	273
6	54
0	0
0	77
0	0
0	4
0	11
0	0
0	0
0	233
0	8
0	0
0	89
0	0
0	0
0	1
0	0
0	0
0	0
0	215
0	1
0	0
0	6
0	0
0	0
0	0
0	9
0	0
1	38
0	0
0	1
0	0
0	67
0	35
0	0
0	0
0	14
0	0
0	0
544	4924
0	57
0	61
0	0
0	0
0	197
0	47
0	0
0	445
1	29
0	0
0	0
0	0
0	155
0	0
0	0
0	0
0	127
0	5
0	1143
0	0
0	2
0	1445
2	15
0	0
1	122
2	19
0	0
0	30
0	5
0	1
0	314
0	34
0	713
0	0
0	0
0	1
0	0
0	0
5	82
0	126
0	1
0	0
0	0
0	3
1	15
2	55
0	0
1	1855
0	0
0	0
0	0
0	1
0	0
1	5
0	0
0	15
820	633
0	0
0	0
0	0
0	0
1	0
0	0
0	0
1	9
1	84
0	8
0	0
0	0
0	2
0	0
0	0
0	27
0	0
0	1
0	0
2	292
0	0
0	0
0	19
0	0
0	0
0	0
0	324
0	4
0	54
1	119
0	0
0	0
0	51
0	0
0	3
0	0
0	21
0	0
0	60
3	1
1	132
0	0
0	0
0	0
0	0
0	0
0	156
0	87
0	0
0	13
0	0
0	0
0	0
0	54
0	0
0	0
3	395
2	3
0	2
0	0
0	208
0	13
1	56
0	196
0	0
0	0
1	261
0	0
0	0
1	0
0	575
0	244
0	0
0	0
0	0
0	0
0	1457
0	0
0	0
3	11097
0	0
0	0
0	0
1	254
0	0
0	0
0	94
0	0
0	28
0	561
0	0
0	0
0	15
0	0
0	3663
0	0
0	0
4	0
0	21
0	0
0	402
3	0
0	294
0	1
0	14
0	3
0	119
2	4
0	0
0	0
0	488
0	0
0	0
0	0
0	0
0	76
0	0
0	0
1	1
0	65
0	75
0	0
0	0
0	0
0	0
0	820
0	0
0	0
0	5
0	67
0	89
0	0
0	0
1	14
0	153
0	0
2	620
1	25
0	0
2	15
0	3
0	0
0	0
0	0
0	0
0	46
0	749
0	0
0	0
0	95
0	2
0	0
0	0
0	0
0	328
0	1
0	0
0	0
0	0
0	2
0	0
0	2
5	18
0	565
0	0
0	5
0	0
0	0
0	0
0	23
0	0
0	0
0	186
0	0
0	0
0	0
0	18
0	0
0	0
0	0
0	0
0	0
0	0
0	43
11	0
0	61
0	40
0	0
0	0
0	0
0	27
0	45
0	0
0	0
0	15
0	3
0	0
0	0
0	0
0	187
0	23
1	123
0	0
0	131
0	0
0	0
1	112
0	0
2	0
0	6
0	0
0	35
0	22
0	0
0	0
7	37
0	78
0	13
0	21
0	0
0	0
0	1
0	2
0	0
1	12
1	311
1	28
0	751
1	65
0	191
0	0
0	7
0	97
0	28
0	0
0	47
0	0
0	0
0	1
0	31
0	0
0	0
0	26
0	0
1	144
0	0
0	0
0	0
0	0
0	0
0	62
0	25
0	122
0	150
0	19
0	0
0	0
0	0
0	0
0	0
0	1
0	5
1	88
0	0
6	616
0	11
0	62
0	80
0	15
6	0
0	12
0	56
0	0
3	17
0	6
0	0
0	71
0	369
0	124
0	54
0	41
0	4
0	0
0	15
0	1
0	267
0	0
0	11
0	34
0	0
0	0
0	0
0	41
0	0
0	2
0	0
0	2
1	19
0	16
0	1
0	0
0	0
1076	2
1	31
1	178
0	0
0	4
0	3
0	3
4	62
0	0
0	351
4	0
0	1
0	0
0	15
3	0
4	365
0	0
0	0
0	15
0	0
0	0
0	0
0	0
0	0
0	0
0	0
0	13
14	15
0	68
0	10
2	231
3	22
0	0
1	9
0	906
0	171
0	17
0	0
0	58
0	0
0	51
1	6
0	0
0	49
0	0
0	5
0	0
0	4
0	0
0	1
0	430
0	17
0	11
39	262
0	3
0	0
0	2
0	0
0	0
1	29
0	0
0	0
0	0
0	34
0	0
0	0
0	0
0	16
0	0
0	0
0	0
0	0
0	0
0	0
0	0
0	5
0	187
0	0
0	0
0	0
0	4799
1	0
0	264
0	231
0	0
0	0
0	0
0	29
0	2
0	5276
0	5
0	127
0	0
0	190
0	0
0	61
3	6
0	0
0	0
1	160
0	2
1	0
0	1
0	77
0	8
0	0
0	39
1	457
0	0
1	34
0	1
0	0
0	0
0	0
0	66
0	0
0	0
0	0
0	56
0	0
0	0
2	183
0	1449
0	159
1	72
0	67
0	0
0	49
4	54
0	125
0	10
0	4
0	0
0	0
0	86
1	2
0	1
0	0
0	0
2	10
0	0
0	32
0	51
0	0
3	0
0	29
0	0
0	0
0	6392
0	0
3	15
0	11
0	0
0	0
0	8
0	4
4	259
2	2
0	509
0	1534
0	5
0	0
0	0
0	0
0	0
0	0
2	5
0	224
2	474
0	0
0	0
0	0
0	78
0	0
0	7
0	19
0	0
0	0
0	0
0	9
0	0
0	0
0	5
1	44
0	8
0	0
2	1
0	0
0	0
0	94
2	0
0	0
0	861
0	0
0	114
0	407
0	46
0	4
0	1
0	89
0	0
0	3
1	0
0	0
2	42
0	135
2	82
0	0
0	0
0	0
0	0
0	3
0	57
0	1101
0	0
0	0
0	0
0	0
0	0
0	0
0	77
0	1
0	0
0	2
0	0
0	0
0	0
0	2
1	11
0	2
0	19
0	62
0	115
0	141
0	2
2	0
0	8
0	91
0	0
0	5
0	5
0	0
0	150
0	0
0	1
0	7194
0	43
1	123
0	8
0	10
0	4
0	0
0	0
0	218
0	1
0	11
6	2
0	19
2	59
0	68
0	139
0	6
0	0
11	54
0	0
0	4141
0	13
0	0
0	0
0	0
0	0
0	0
0	244
0	19
0	0
0	0
5	1
0	0
0	34
3	766
0	0
0	15
0	3
0	0
0	20
0	0
0	0
0	0
0	0
0	0
0	1978
0	0
0	0
0	0
0	0
0	0
2	15
1	17
0	0
0	0
0	11
0	0
0	0
0	0
0	0
0	393
0	1
0	581
0	1548
0	0
0	13
0	0
0	529
0	0
0	160
0	232
0	0
0	0
0	0
0	75
1	0
0	25
0	0
0	0
0	1
2	0
0	0
0	0
0	0
0	5
3	18
0	9
0	0
0	183
0	0
1	53
0	2
0	0
0	42
0	0
0	0
20	962
0	0
0	462
0	178
4	0
103	105
0	0
0	1
0	0
2	0
0	0
0	2388
0	0
0	13
0	10
0	34
0	1
2	11
0	841
27	25
0	2443
0	0
0	297
0	3280
0	6
0	225
0	0
0	0
5	4
0	1
0	0
0	6
0	0
0	0
0	0
0	0
0	0
0	0
0	124
0	0
0	0
0	0
0	4
0	44
2	1
0	4
0	103
0	191
0	0
0	0
0	0
0	0
0	2
0	149
0	432
0	0
0	1
0	2
0	0
0	0
0	0
2	378
0	94
0	0
0	394
0	105
0	24
0	47
0	0
4	179
0	0
0	352
0	33
0	14
0	0
0	0
0	0
0	1
0	1
10	0
0	274
0	0
0	303
0	0
0	127
0	0
0	353
0	0
0	0
0	0
0	31
0	524
0	3
1	40
0	1
0	36
0	72
0	0
21	425
0	0
1	28
0	1
0	0
0	0
0	5
112	115
0	1
3	4464
0	0
0	0
0	461
0	86
0	28
0	92
0	0
0	0
0	19
0	32
0	0
0	0
1	78
0	8
0	0
325	1
0	0
0	0
0	0
0	0
0	0
0	0
0	0
0	0
0	57
7	90
0	0
2	67
0	26
0	0
0	0
0	0
0	0
0	2
0	0
0	0
0	352
1	33
0	35
0	70
0	105
2	580
0	0
1	2077
0	0
0	0
0	0
0	17
0	41
0	11
0	262
0	0
0	0
0	3
0	26
0	0
0	14
0	108
0	0
0	0
0	5614
0	41
0	0
0	25
0	0
0	50
0	14
0	195
0	11
5	68
0	0
0	243
5	0
0	0
0	2134
0	45
0	0
4	20
0	0
0	8
0	0
0	22
0	291
0	0
0	1
0	0
0	0
22	309
0	0
0	5
0	1
0	675
0	0
0	0
0	0
0	0
0	0
0	0
0	0
0	0
0	21
0	135
0	0
1	140
0	0
0	0
0	0
0	0
0	0
0	16
0	0
0	0
0	8
0	22172
0	0
0	0
0	408
0	0
0	0
0	0
0	0
0	3
0	0
0	44
0	106
0	406
0	0
0	0
4	130
0	8
0	7
0	0
0	59
2	34
0	0
0	5
0	401
1	23
0	15
0	1577
0	21
0	0
0	2
0	0
0	1
0	0
14	0
0	38
0	0
0	0
0	20
0	0
0	0
3	0
0	0
0	9
0	0
0	0
0	0
0	0
0	123
0	10
0	415
0	2
0	0
0	185
3	1
0	0
1	0
0	975
0	105
3	371
0	0
0	0
0	0
0	194
1	156
3	2
0	86
1	40
0	2
0	0
0	1240
57	1
0	401
0	0
0	3
0	50
0	0
0	0
0	0
0	0
0	20
1	0
0	1
0	0
0	0
0	0
0	0
0	0
0	0
0	12
1	43
0	12
0	0
0	0
0	0
0	256
1	407
0	29
1	30
0	17
0	63
7	238
2	11
8	0
0	0
0	0
0	35
0	0
0	0
0	0
0	0
0	0
0	65
0	4
0	4223
1	0
0	0
0	0
0	0
3	20
0	185
0	0
0	0
0	3
0	0
0	0
0	142
3	1
0	0
0	299
1	79
0	1
0	0
0	1
0	44
3	61
0	6
0	121
0	47
0	0
0	0
0	0
0	1
0	330
0	0
0	0
0	0
0	25
0	0
3	0
0	0
2	2
0	1
0	0
0	0
0	6
0	0
0	16
0	0
1	152
0	0
0	39
0	0
0	290
0	0
0	0
0	0
10	40
0	60
0	90
0	2
0	0
0	0
1	239
0	56
0	15
0	54
0	0
0	0
2	462
0	0
0	0
0	13
0	0
0	1494
0	4
0	0
0	0
0	49
0	0
0	0
0	0
0	0
0	298
0	250
0	27
0	1
0	490
0	0
0	11
0	115
0	116
0	3
0	0
0	0
0	0
0	0
0	0
1	1
0	53
0	0
0	1
0	0
0	679
0	2
0	1255
3	113
3	28
0	1
0	0
0	0
0	0
108	0
0	447
0	0
2	341
0	0
0	0
0	16
0	0
0	6
0	133
185	0
23	18
0	0
0	0
3	309
0	30
0	3
0	0
0	315
0	0
0	0
0	18
0	10
4	1
0	250
6	4
0	124
0	0
0	48
0	0
1	394
0	41
0	0
0	0
0	0
0	70
0	0
0	28
0	0
0	1
0	11
0	22
0	2
0	13
0	133
0	0
0	0
0	0
0	92
0	0
0	0
0	0
4	1231
0	153
0	184
0	0
0	0
0	0
0	13
0	0
0	8
0	325
1	8
0	4
0	119
0	0
0	3
0	391
14	158
0	0
0	2
0	0
0	0
0	0
0	2
0	0
0	0
0	32
1	92
0	13
1	5
4	0
0	0
0	4
0	4
0	0
0	95
0	3
17	70
0	244
0	0
0	71
0	0
0	1
2	11
0	0
0	0
0	0
0	139
0	0
0	0
0	0
0	0
0	0
0	4
0	66
0	18
0	0
0	34
24	11279
0	37
0	0
0	0
0	0
0	6
0	1831
0	8
0	11
0	0
0	1039
0	56
0	0
0	1
0	0
0	0
0	0
0	0
0	0
0	0
0	0
0	0
0	0
0	4
0	0
0	100
0	0
0	1059
0	32
0	1
0	1
0	0
1	71
0	0
1	2
0	151
0	0
0	9
0	0
0	0
0	23
0	0
0	2
10	86
0	0
0	576
0	0
0	0
0	6
0	0
0	0
0	0
0	22
0	0
0	17
0	0
0	0
0	0
2	104
0	0
0	0
0	0
0	0
0	308
1	88
0	0
0	2
0	0
1	22
0	0
0	0
0	0
0	34
0	0
0	3688
0	0
0	51
0	2
0	0
0	0
0	2460
0	21
0	0
0	1
0	0
0	0
0	0
0	0
0	0
0	262
0	0
0	2
0	0
0	0
0	1308
5	114
0	0
0	76
0	5
0	1
0	389
0	7
0	0
0	0
0	0
0	0
0	1
0	0
2	128
0	0
0	0
0	7
0	0
0	59
0	110
2	20
0	0
0	1276
0	139
0	0
0	146
5	84
0	0
0	10
0	214
0	0
0	0
0	0
0	0
0	69
1	102
0	75
0	57
0	81
0	629
0	0
0	97
0	1
0	0
1	1
6	2684
1	14
4	0
0	0
0	0
1	18
0	1
1	18
0	0
0	264
0	0
0	0
0	1
0	0
0	0
0	0
6	31
0	0
0	0
0	7
0	0
0	0
0	0
0	0
0	0
0	15
1	0
0	0
0	252
0	0
0	0
1	104
18	0
0	0
0	1
0	0
0	2
0	0
0	1
0	0
0	0
89	613
0	7132
0	120
0	30
0	0
0	0
0	0
0	0
0	0
0	16
2	364
0	0
0	0
0	0
0	3
0	0
0	0
1	0
0	5
0	1
0	391
0	0
1	0
0	0
0	4
1	39
0	0
0	0
0	0
0	65
0	0
0	1
3	70
0	403
0	9
0	0
0	1
0	4
0	91
21	487
0	77
2	2109
0	0
0	57
0	0
0	0
0	0
1	83
0	0
0	0
0	0
0	62
0	3
0	0
0	0
0	0
0	0
0	4
20	278
192	0
538	89
0	9
0	713
0	0
0	128
0	97
0	57
0	40
0	33
0	0
0	0
0	68
0	0
0	0
0	0
0	2
0	1584
0	48
0	0
0	1
2	1286
0	0
0	117
0	1
2	8
0	0
0	2
0	0
0	0
0	304
0	1054
0	8
0	1
1	0
0	580
0	0
0	0
0	0
0	336
0	6
0	0
0	0
0	1313
0	1
0	7
1	140
0	230
0	0
2	109
0	0
0	0
0	0
0	0
2	15
0	85
0	236
0	0
0	0
0	0
0	0
0	0
0	0
0	0
0	0
0	683
0	0
3	44
0	0
0	0
0	104
0	38
0	0
0	2
0	7
0	77
0	0
0	0
0	6
0	0
2	1
0	0
0	17
0	0
30	2302
0	282
0	13
0	0
2	0
0	0
0	3
0	0
0	0
0	29
0	0
2	9
0	204
0	0
0	67
0	11
0	3
11	50
0	0
0	0
0	24
0	14
0	159
0	2
0	10
28	1
0	3
0	73
0	0
0	0
0	0
0	78
12	1
0	0
0	3
0	198
0	0
0	23
22	0
0	6
0	23
0	3519
0	0
0	73
0	0
0	40
3	19
0	1139
0	366
0	0
0	0
0	0
0	611
1	166
0	91
10	12
0	0
0	37
0	0
0	6
0	0
0	1
2	14
0	0
0	0
0	4
0	0
13	215
0	84
0	0
0	7
0	0
0	0
0	0
2	272
0	7
0	69
0	328
0	0
0	0
0	0
0	2709
0	138
0	3
0	0
0	451
0	0
2	219
0	0
0	17
1	0
0	0
0	1
0	88
1	0
0	42
0	0
0	0
0	7
0	0
0	0
0	0
0	0
0	0
0	0
7	0
0	0
2	5834
0	6
1	99
3	7
0	1
0	0
0	0
0	69
0	0
0	16
0	37
0	0
0	0
16	122
0	0
0	2
10	132
214	0
0	0
0	0
0	0
0	0
0	70
0	0
1	35
0	0
0	0
0	0
0	68
0	0
0	0
0	0
0	0
0	0
0	0
0	0
0	25
210	313
0	0
0	424
0	5
0	0
0	0
0	131
0	4
0	1
0	4
0	28
0	0
0	0
0	57
0	0
0	1
2	0
0	144
0	0
0	437
3	45
0	83
7	78
0	0
0	0
0	0
2	6
0	0
1	347
0	0
0	0
0	104
0	0
1	0
0	0
0	0
1	0
6	2088
0	19
0	0
0	0
8	343
0	0
0	883
0	32
0	0
0	0
0	0
1	0
0	0
0	0
0	0
0	0
0	0
0	0
0	19
1	178
0	0
0	1
0	75
0	0
0	23
0	2
0	0
0	2
0	0
2	1
0	0
0	0
0	0
0	0
0	1353
0	0
0	14
0	0
0	0
0	0
0	0
0	97
0	87
0	0
0	0
0	0
0	0
2	0
0	0
1	55
0	0
0	0
0	0
0	3
0	0
27	232
0	414
0	3
0	0
0	0
2	6
0	41
0	0
0	0
0	0
0	20
1	26
0	0
0	14
0	218
0	0
0	12
0	0
0	0
0	0
0	7
0	0
0	0
1	48
0	534
0	6
0	15
0	0
1	293
0	0
0	0
0	0
0	4
0	250
0	0
0	0
0	34
1	0
0	0
0	0
0	4
0	0
0	0
0	0
0	1348
0	0
0	0
14	781
0	0
0	0
0	13
0	0
0	26
0	67
0	23
0	5
0	0
0	0
0	254
0	0
0	0
0	0
1	148
0	34
0	0
0	0
0	0
0	5464
2	162
0	0
1	13
0	0
0	0
0	1
0	0
0	0
0	4
0	77
0	5
0	0
0	18
0	28
0	0
0	129
0	0
4	18
0	4
1	415
0	0
0	0
0	0
1	4418
0	0
0	0
0	21
2	74
0	0
0	0
0	150
0	55
0	0
0	0
0	49
0	37
0	15
0	0
0	0
0	0
0	55
0	2
0	0
0	0
0	28
0	0
0	4282
4	0
0	0
4	163
0	0
66	0
1	0
0	0
0	0
0	0
0	0
0	4
10	538
0	0
0	0
0	36
0	0
0	1198
0	0
0	71
0	0
0	38
0	0
2	2
0	0
0	0
0	159
0	23
0	0
0	2
0	0
0	0
0	0
0	0
0	0
0	6
0	0
0	967
0	0
0	2
195	1
0	3
0	200
0	19
7	125
0	0
0	1017
0	6
0	0
0	0
0	3309
0	19
3	0
0	0
0	0
0	0
0	13
0	0
0	330
0	0
0	0
0	0
0	0
0	1
0	1394
4	36
0	0
0	0
0	0
0	9
0	0
0	0
0	19
2	8
0	0
0	0
0	73
0	1304
0	0
0	0
0	0
0	263
0	130
0	0
0	29
0	0
0	2
0	0
0	16
0	0
0	8
0	67
0	28
0	0
0	0
0	14
0	28
3	4
0	0
0	21
0	0
127	0
0	11
0	0
0	1
0	118
0	70
0	0
5	2
2	50
0	1
0	0
0	0
0	0
0	0
0	0
0	10
0	96
0	0
0	0
0	0
0	6709
0	0
0	24
0	5
0	0
0	0
0	84
3	649
0	0
0	0
0	51
0	44
0	0
0	0
0	8
0	0
0	26
0	6
0	110
3	2
0	353
0	0
0	5
0	2
0	26
0	7
0	1
0	0
0	0
0	0
0	29
0	0
0	366
1	0
0	3
0	24
0	0
0	94
0	17
0	305
0	17
0	278
0	0
0	0
0	88
0	57
0	0
1	168
0	4
0	0
0	0
0	10
0	0
25	329
0	42
2	497
0	182
0	21
0	0
0	0
0	0
0	26
0	13
0	1579
0	6
0	0
3	46
0	0
0	0
0	0
133	144
0	2
0	4
0	0
0	0
0	0
0	88
0	0
0	1
0	0
0	0
0	0
0	2
0	0
3	12
7	588
0	1
0	0
1	0
0	14
0	311
1	0
3	3
0	0
0	0
0	174
0	56
0	9
0	0
0	6
11	20
0	0
0	0
0	23
0	468
0	0
0	162
0	0
0	0
0	335
0	0
0	304
0	0
0	9
0	0
0	0
0	1
0	0
0	0
0	0
0	1
43	966
307	1625
0	195
0	0
0	41
0	2
1	32
0	0
0	0
0	0
0	15
0	0
0	0
0	62
0	0
0	0
0	0
0	0
1	122
0	0
0	0
0	0
0	561
0	0
0	81
0	0
0	0
0	0
0	0
0	0
0	2228
0	2
0	0
0	0
0	0
0	18
0	0
39	6
0	30
0	0
0	0
0	176
0	2
0	373
0	0
0	178
0	0
0	1
0	560
0	0
0	0
1	1
0	204
0	182
1	2
0	0
0	0
0	2
6	156
0	0
1	0
0	0
1	8
0	1
0	0
0	0
0	1
0	6
0	0
0	6
0	0
0	2
0	0
1	29
0	0
0	0
0	0
0	0
0	0
0	0
0	0
0	0
0	0
0	0
0	0
1	0
0	0
0	18
0	0
0	0
0	0
0	0
0	160
0	11
0	0
0	0
0	203
0	0
0	0
0	108
0	0
0	2
0	0
0	0
0	4
0	495
0	0
0	197
0	0
0	91
0	5
0	0
0	0
1	19
0	2
0	228
0	0
3	175
3	264
0	1198
0	186
0	16
0	3
0	789
2	50
0	29
0	0
0	8
0	0
0	2
0	0
0	0
0	0
2	0
0	105
0	820
0	10
0	87
0	0
0	0
0	0
0	12
0	0
2	357
0	0
0	10
69	0
0	0
0	0
0	0
0	469
0	0
0	0
0	3
0	0
0	0
0	0
0	1
0	0
0	6
0	0
0	13
0	0
0	0
0	21
0	92
0	0
0	3
0	1
646	2
0	0
0	0
4	639
0	0
0	1
1	0
0	0
0	0
0	0
0	3
0	50
0	393
0	14
0	2
1	18
0	1
0	0
0	105
0	0
0	0
2	58
0	0
0	1
0	490
0	0
0	1
6	0
0	68
0	0
0	9
0	736
0	0
1	146
0	0
0	0
2	15
0	0
0	0
0	0
0	256
0	1
1	0
0	49
19	47
0	0
0	2
0	0
0	1
0	0
0	0
0	0
0	0
0	4
0	4
0	0
1	3
0	12437
0	0
0	0
0	0
2	18
1	208
0	3
0	36
0	0
0	0
0	0
0	377
1	926
0	0
7	420
0	0
0	0
0	192
0	0
0	0
0	321
0	0
0	2831
0	1
0	0
0	560
1	2
0	0
0	3
0	0
0	0
0	2
0	0
0	8
1	44
0	0
0	0
0	602
0	0
0	0
0	0
0	0
0	0
0	0
3	7
0	0
0	0
2	4
0	0
0	0
0	0
0	0
0	0
0	0
0	152
0	0
0	32
2	72
0	0
0	1
0	0
0	0
0	0
0	1
0	0
0	2
0	3
0	61
0	0
0	0
0	0
0	0
0	0
0	62
1	9
0	0
0	0
0	1
0	1
0	0
0	0
0	0
0	16
0	2
0	3
0	0
2	460
0	0
0	0
0	0
0	0
1	257
0	0
0	0
0	0
1	227
0	2
0	0
0	26
75	0
0	1247
4	0
0	0
0	1268
0	0
0	154
0	0
0	18
0	0
0	0
0	18
0	0
0	0
0	177
1	26
0	0
0	54
0	84
0	1281
0	1606
0	0
0	0
0	4
0	8
0	0
0	119
0	0
0	14
0	0
0	1
0	48
4	189
0	0
0	17
0	0
0	181
0	0
0	19
0	0
0	67
0	0
0	0
0	1
0	0
0	0
0	0
3	44
0	38
0	0
0	0
0	3
0	0
0	0
1	1
0	148
13	1643
0	423
0	1
0	0
0	0
0	80
5	0
7	73
0	0
0	504
0	0
0	0
0	2
0	28
0	0
1	0
0	75
0	0
7	0
0	24812
0	0
1	37
3	45
34	5003
0	0
0	1009
0	1
0	0
0	408
0	10
1	7
0	0
0	0
0	0
1	21
0	639
0	0
0	186
0	0
0	0
0	0
0	0
0	1
0	74
0	0
0	0
0	0
0	0
0	0
0	66
0	0
13	172
0	1
125	5620
0	0
0	0
0	0
0	21
0	109
0	0
0	0
0	26
0	0
84	0
0	413
0	20
0	480
1	375
0	0
0	0
0	2
0	0
0	12
0	0
0	0
0	0
0	16
0	0
0	0
0	0
0	0
0	65
5	815
0	0
0	0
0	5
0	0
0	11
1	46
0	0
0	0
0	15
1	86
0	57
0	0
0	0
0	127
0	0
0	0
0	54
0	0
0	171
0	71
0	1
0	1
0	0
0	95
0	548
0	0
0	0
1	24
0	0
0	0
0	364
0	33
0	0
0	0
0	151
0	0
0	4
0	0
0	0
0	0
0	0
0	0
0	0
0	0
2	423
0	23
0	4
0	55
2	514
12	444
0	11
0	356
6	414
0	33
0	33
0	6
0	19
0	86
0	0
0	49
0	773
0	0
0	1
0	526
0	13
1	33
0	8
0	0
0	0
8	320
6	272
0	0
0	0
9	17
0	11
0	0
0	0
0	2
4	1
0	5
2	29
0	0
0	0
0	92
0	468
0	60
0	79
0	0
0	0
0	0
0	21
0	0
0	10
0	0
0	0
0	0
0	90
0	0
0	4
0	13
0	0
0	20
5	121
1	192
0	326
0	78
0	89
0	0
5	5
0	0
0	0
0	0
0	0
0	0
0	0
0	39
0	0
3	314
0	0
0	0
7	2572
0	27
1	0
0	0
1	0
0	0
0	0
0	528
0	164
0	16
0	0
0	14
0	78
0	62
0	25
0	10
5	480
5	61
0	1
0	3
0	0
0	0
0	0
0	0
0	6
0	76
0	0
1	169
2	17
0	0
2	0
0	0
0	0
0	214
0	1265
1	1
0	113
0	0
0	65
0	138
0	15
0	0
0	0
0	0
0	0
0	0
0	0
0	0
0	0
0	0
0	19
0	0
0	6
0	104
0	0
0	636
0	0
0	0
0	0
60	3
0	0
2	12
0	0
3	47
0	0
0	0
0	0
0	0
0	345
0	1
0	6
0	0
0	114
0	0
0	0
0	0
0	0
0	0
0	0
0	0
0	45
0	477
0	30
0	391
0	44
0	0
1	73
1	135
0	0
0	0
0	4028
0	0
0	0
0	239
0	0
0	244
7	61
0	3
0	0
0	0
0	0
0	0
1	70
5	53
0	0
0	7
0	0
0	6
0	265
0	2252
0	0
0	21
25	3778
0	1
0	0
0	3
0	10688
0	0
0	94
0	0
0	22
0	2
0	81
1	51
0	0
0	0
0	0
1	299
0	17
0	0
0	0
0	0
0	7
0	0
0	0
0	144
0	8
0	0
0	297
0	0
0	0
0	1
0	10
3	151
2	10661
0	0
0	0
1	0
0	2
0	0
0	0
0	0
0	20
0	109
0	47
0	105
0	0
0	423
0	0
2	8
0	0
0	0
0	0
0	0
0	122
0	0
0	0
0	47
0	8
0	34
0	6
0	0
14	3
0	0
0	418
17	0
0	0
1	1070
0	0
0	41
1	29
0	2
2	44
1	116
0	0
1	0
0	0
21	35831
0	0
0	5
0	23
0	31
0	0
0	0
0	1
10	485
0	1
0	0
0	15
1	14
0	0
0	0
0	0
0	0
0	0
0	0
2	2260
0	0
0	0
0	0
0	4
0	78
0	10
0	51
0	17
1	1
0	0
0	0
0	0
0	12
1	1
90	26
0	0
1	3925
0	0
0	21
0	16
0	74
0	7
0	0
2	240
0	731
0	36
0	79
0	24
0	0
0	0
0	0
0	293
0	23
0	259
0	0
0	0
0	2
0	0
0	36
0	0
0	0
0	558
0	69
0	0
7	0
0	4
0	3
0	4
0	41
0	0
0	0
0	472
0	115
0	19
0	385
0	0
0	0
0	20
8	4
0	114
0	44
0	2
0	17
0	0
0	0
0	0
0	1
0	187
0	12
0	205
0	5
0	91
0	35
0	0
6	0
0	0
0	0
0	0
0	0
0	205
11	649
0	3
0	0
0	0
0	1
0	0
0	0
0	1
0	0
0	777
0	51
0	0
0	6
0	2
0	5
110	3527
0	0
0	128
0	0
0	0
0	0
0	8
21	47
0	0
0	0
1	956
5	1696
0	50
0	18
0	0
0	0
0	4
0	0
0	0
0	5
0	13
0	0
0	0
0	0
0	0
0	0
0	30
0	0
0	0
0	253
0	0
0	61
0	18
0	416
0	0
0	0
0	9
0	0
0	0
0	2
0	8
0	16
0	0
0	2
0	842
0	0
1	148
0	0
6	692
0	0
0	0
2	1
2	51
0	0
0	0
0	0
0	351
1	264
0	2626
0	0
0	0
0	18
0	216
0	0
0	110
0	0
0	23
0	0
0	0
0	0
0	25
0	297
0	1322
0	348
0	0
0	0
0	1604
0	0
0	0
0	124
0	29
0	2658
0	0
0	0
0	73
0	0
0	0
0	0
0	12
0	0
0	0
1	183
0	0
1	314
0	0
0	0
0	0
0	0
0	8
0	0
0	4
0	0
2	12
0	0
1	27
0	0
0	26
1	0
0	0
0	0
0	0
0	0
0	14065
0	0
0	0
0	55
0	78
2	1
1	8
0	4
0	0
0	14
0	13
0	0
2572	2424
0	0
10	2184
0	0
0	0
0	0
0	244
0	0
0	0
30	0
1	2
0	4322
0	0
0	0
4	895
0	35
1	0
0	0
0	50
2	0
0	37
0	1
0	0
0	0
0	0
0	0
0	4
0	26
0	0
0	1
0	0
0	2
0	0
0	6
1	78
1	123
0	0
0	0
0	79
0	0
0	716
2	18
0	0
0	1
0	0
0	0
0	0
0	0
0	5
0	0
0	40
0	28
0	0
0	0
0	0
0	0
0	2
0	3
0	0
0	0
0	0
0	0
0	0
0	0
0	7
0	0
0	42
0	0
0	189
0	0
0	0
0	0
1	0
0	42
0	0
0	0
0	1
0	181
0	0
0	31
0	316
1	261
0	0
0	38
0	0
0	17
0	0
0	0
0	0
0	0
8	79
1	532
3	30
0	0
0	400
0	0
0	0
0	0
0	0
0	63
12	2482
0	0
0	1
0	125
0	0
0	0
0	59
0	558
0	289
0	0
0	0
0	323
0	28
0	0
0	43
0	0
89	3
0	0
0	0
0	8
0	0
0	388
0	0
0	36
0	257
0	0
0	27
0	2
0	0
0	0
0	28
0	7
0	400
0	17
0	0
0	0
0	11
0	0
0	0
0	2
0	0
1	14
0	1
0	6
0	0
0	0
226	17
2	195
0	0
0	32
0	208
0	0
0	0
0	0
0	3
0	0
0	0
1	363
0	0
0	0
0	0
3	6
0	0
0	0
0	0
0	0
5	2267
0	0
0	0
0	0
0	734
0	0
0	16
0	289
0	0
0	0
0	0
1	0
0	0
0	0
1	0
0	0
0	71
1	1
0	10
0	76
0	0
0	40
0	52
0	0
0	0
0	412
0	0
0	55
0	0
0	36
0	4
0	0
0	0
0	0
0	0
0	0
0	0
0	64
0	25
2	142
0	6
0	61
0	251
0	579
0	0
0	9
0	0
0	0
0	232
12	73
0	0
0	0
3	0
0	127
0	5
0	106
0	0
615	91
1	38
0	406
0	0
0	274
0	52
0	0
0	0
0	0
2	15
0	0
0	223
0	0
0	0
0	82
0	0
0	2
0	1
0	350
0	900
0	0
0	0
0	84
0	0
0	1
0	1
0	9
1	37
0	0
1	48
0	0
0	2
0	0
1	813
0	0
0	0
0	343
0	0
0	0
0	15
0	0
0	86
5	137
0	2
0	0
0	95
0	7
0	0
1	0
0	0
0	0
0	331
0	73
0	53
0	0
0	0
0	0
0	1
0	0
0	0
0	0
0	0
0	0
2	1
0	97
0	0
0	37
0	112
0	43
0	0
0	173
0	0
1	732
0	0
0	33
0	0
0	5
2	0
0	0
0	0
7	225
0	1
0	0
0	33
0	24
0	8
0	13
0	0
0	0
0	14
0	0
0	0
5	1
0	0
0	0
0	0
0	0
0	0
0	27
0	0
0	0
0	0
0	5
0	901
0	3
0	35
0	0
0	0
0	126
0	0
0	3
3	255
0	75
0	0
0	902
1	59
0	0
0	49
0	0
0	733
0	0
0	0
2	82
0	0
0	0
3	426
0	168
0	0
0	0
0	3
0	0
0	0
0	0
0	1
0	0
0	0
0	66
0	25
0	16
0	5
1	114
0	0
0	83
0	20
0	0
1	2
0	0
0	0
0	0
0	0
0	0
0	0
0	0
1	210
0	0
0	0
0	3
14	125
0	0
0	55
0	50
9	6
0	14
0	0
12	76
0	0
0	8
0	25
0	0
0	0
0	0
0	0
0	75
0	93
0	0
0	2
1	0
0	15
0	1
0	0
0	91
0	7
0	0
18	0
0	1
0	0
1	0
1	652
1	1
0	44
0	0
0	116
0	0
0	3
0	0
2	2
0	0
0	256
0	0
0	1
0	0
0	0
0	0
0	11
1	291
0	18
3	78
0	0
0	5
0	21
0	2
0	193
0	0
0	0
0	0
0	121
0	258
0	26
0	0
0	0
0	0
0	9
6	0
0	6
0	0
1	0
0	0
0	0
0	0
0	0
12	19
0	0
0	0
0	0
0	0
0	22
0	0
1	0
0	20
0	0
0	0
0	0
0	2
0	0
0	0
0	0
1	0
0	40
0	15
0	1
0	0
0	2
0	0
0	234
0	241
0	0
0	221
0	68
1	0
1	4
0	17
2	80
0	0
1	41
36	0
0	0
1	226
0	0
0	0
0	90
0	0
0	0
0	15
0	46
0	0
0	29
0	1185
0	0
2	1771
0	0
0	167
0	0
0	0
0	0
0	62
0	0
0	87
1	0
2	556
0	0
0	12
8	108
0	0
0	0
0	0
0	0
0	0
0	0
0	15
1	29
0	321
0	156
0	0
0	0
0	3
0	40
0	0
0	4
0	2621
1	647
0	0
0	0
1	0
0	0
0	73
0	0
0	313
0	5
1	348
0	0
4	1618
0	158
0	0
0	926
0	36
0	0
0	1
0	9
0	0
0	1
0	0
22	35876
0	0
0	0
0	0
0	4
0	32
0	0
1	3
0	0
0	0
0	4
0	11
0	75
0	25
0	0
0	28
0	0
1	1910
0	0
0	0
1	0
4	6
0	2721
0	0
0	0
0	5
3	0
0	14
0	0
0	0
0	0
0	343
0	0
0	0
0	0
0	10
0	49
0	4541
0	109
0	0
0	0
0	0
0	0
0	0
0	0
0	12
0	0
0	0
0	48
0	20
0	3
1	12
0	165
0	0
0	53
0	8
0	0
0	0
0	0
0	346
0	0
0	127
0	0
0	11
0	5
0	15
0	0
0	0
0	0
0	0
0	6
0	3
0	0
0	5
0	0
0	0
0	34
0	0
0	69
0	0
0	0
0	0
0	0
0	8
0	1
0	49
0	0
2	60
0	0
0	0
0	140
0	0
0	0
0	5236
0	0
1	5
0	763
0	0
247	3
0	569
0	23
0	166
0	100
0	0
0	0
0	4
0	10
15	1467
0	0
0	0
0	1021
0	0
0	0
0	14
0	0
0	0
0	244
0	0
2	330
0	0
0	0
0	2483
0	0
0	170
0	83
4	2405
0	899
1	28
0	19
0	0
0	0
0	3
0	84
0	0
0	36
0	33
0	0
0	67
0	12
0	0
0	0
5	168
2	131
0	0
0	0
0	0
0	0
0	0
0	0
0	4
1	26
0	3
0	84
0	868
0	0
0	6
0	0
0	21
0	0
0	0
0	1
0	0
0	0
0	0
0	343
0	46
0	0
1	82
0	0
1	24
0	0
0	0
0	0
0	8
0	0
0	0
0	0
1	0
0	5
0	27
0	0
0	0
0	353
0	0
0	2
0	0
0	0
0	0
0	0
0	65
0	0
0	0
0	0
0	0
0	27
0	0
0	0
0	0
6	147
0	1950
0	48
0	0
0	0
0	0
0	0
0	0
0	2
1	129
0	0
0	0
0	15
0	61
0	133
4	40
0	0
0	0
51	317
0	30
0	43
0	29
0	211
0	27
0	223
0	11
0	2
0	0
0	263
0	0
0	9
0	80
0	0
0	0
0	276
0	83
0	0
0	0
0	0
0	0
0	392
0	0
0	5
0	0
0	4
0	0
0	0
0	0
0	0
0	26
2	5
0	0
0	139
0	43
0	13
0	0
0	21
0	0
0	0
0	12
0	0
0	0
0	0
0	0
3	97
0	1
0	0
0	0
0	0
0	0
0	140
0	0
0	20
0	920
0	0
0	1
0	0
0	0
0	2
0	0
0	0
0	16
0	0
0	46
0	0
0	0
0	0
1	782
0	0
3	265
0	0
0	7
3	21
0	544
0	12
0	0
0	11
8	7
0	154
0	0
0	0
0	141
0	0
0	164
0	16
0	0
0	0
0	0
0	0
0	123
0	0
0	0
0	0
0	0
0	5762
0	2
0	0
0	75
18	0
0	0
0	7701
0	6
0	0
0	76
0	2
0	0
4	38
0	0
0	0
0	0
1	20
0	1447
0	0
0	1
1	11
0	92
0	0
0	0
0	0
7	1
0	55
0	0
0	12
0	0
0	0
0	0
0	1
0	0
0	7
0	8
1	196
0	0
0	0
2	18
0	543
0	12
0	0
0	12
1	74
0	8
2	0
0	0
0	0
0	0
0	0
0	0
0	62
0	0
0	138
4	0
0	6
0	0
0	0
0	1
0	0
0	0
0	0
0	91
0	16
0	130
12	9622
0	0
1	728
0	7
0	0
0	0
0	13
0	17
0	42
0	0
0	0
1	1
0	0
0	0
50	575
0	0
0	153
1	0
0	0
0	245
0	49
0	0
0	0
1	0
0	44
0	16
0	0
0	0
0	61
0	79
0	0
1	442
4	0
0	0
0	0
0	0
0	0
0	0
0	0
0	0
0	0
0	0
0	0
0	275
0	0
19	37
0	4
0	114
4	1539
0	10
4	22
0	0
0	119
0	0
1	54
0	0
0	99
0	0
0	0
0	75
0	0
0	154
0	0
0	16
0	4
1	3
0	295
0	79
0	0
1	0
0	0
4	216
0	2
0	342
5	3
0	0
0	1
0	0
0	0
0	0
0	0
0	0
0	95
0	74
0	0
0	6
0	1
0	0
1	1
0	26
0	3
1	167
0	0
1	441
0	0
0	0
0	54
0	0
0	56
0	0
0	15
0	0
0	1
1	1111
0	0
0	2
0	460
0	42
0	37
0	0
0	1
3	399
0	0
0	1
0	0
0	0
0	0
0	44
0	0
1	29
0	9
0	0
0	2
0	80
0	16
0	0
0	0
1	0
0	0
0	5
0	0
0	0
0	4663
0	12
0	0
1	2
0	0
0	0
0	1
0	0
0	12
0	0
0	0
0	4
0	137
0	0
0	77
0	672
0	0
56	9742
0	131
0	8
1	361
0	0
0	64
0	0
0	0
1	706
0	0
3	28
0	0
0	0
0	0
0	0
0	0
0	0
0	19
0	0
2	13
0	2
0	21
0	0
0	13
0	1
0	0
0	0
0	0
0	0
0	7
0	0
1	91
0	0
0	11
0	7
1	6
0	0
0	65
0	0
0	0
0	32
0	0
0	28
0	86
0	3
0	2
5	62
0	9
0	0
0	782
0	11
1	50
0	207
0	0
0	0
0	0
0	4
0	21
0	32
0	28
6	20
0	13
0	108
0	80
1	4
0	18
0	2
0	0
0	0
0	0
0	2
0	51
1	2
0	4
0	18
0	0
0	0
0	72
0	48
0	0
0	0
0	0
5	0
0	107
0	0
0	0
1	377
0	45
0	6
0	930
0	0
0	107
0	0
0	14
0	0
0	0
0	0
0	0
0	0
0	0
0	13
0	0
0	0
0	0
0	1141
0	0
0	0
0	128
0	58
0	0
0	0
0	0
0	0
0	0
0	0
0	0
0	0
0	0
0	4347
0	0
0	0
0	3
0	8
0	0
1	2
0	1
0	82
0	0
0	74
0	93
0	0
0	14
0	0
0	1
0	429
0	0
4	1211
0	629
0	84
0	0
0	0
0	0
0	2054
0	0
0	0
0	0
0	20
74	297
0	0
1	0
0	81
0	2039
0	694
0	4
0	42
0	0
0	146
3	1
0	0
0	0
0	0
0	0
7	112
0	2976
0	82
0	0
0	0
0	0
0	2
0	0
0	386
0	0
0	5
0	204
0	240
0	763
0	0
0	12
0	0
0	0
0	23
0	486
0	0
1	30
0	5
0	0
0	0
5	62
0	61
0	28
0	83
0	1
0	0
0	0
0	0
0	0
0	3
4	27
0	0
0	0
0	0
1	15
0	206
0	0
1	14
54	0
0	0
0	0
0	0
0	0
0	0
0	0
0	0
0	0
0	28
0	2
0	58
0	0
0	161
14	1123
0	0
0	101
0	0
0	0
0	259
0	0
0	0
0	0
0	5
0	0
1	99
0	2034
0	351
14	160
0	0
0	6
0	0
0	0
0	211
0	0
0	0
0	0
2	4
0	0
0	6
0	25
0	0
0	0
0	6
0	109
0	0
0	0
0	7
0	93
0	13
0	0
0	2
0	6
0	4
0	0
0	51
0	123
0	0
0	383
0	150
0	2
0	0
0	27
0	4
0	0
0	0
0	14
0	0
0	32
1	51
0	159
0	0
14	209
0	20
0	0
0	0
0	0
0	0
0	0
0	0
0	0
0	309
0	0
0	20
0	165
0	12
0	1
0	0
0	1
2	703
0	3
0	0
0	0
0	766
0	49
1	5
0	0
0	0
0	117
0	0
0	83
0	0
0	0
0	0
3	8
0	0
0	0
0	6
0	6
0	0
0	139
1	170
0	0
0	289
0	0
0	33
4	1
0	5
8	2
0	1506
0	12
0	9
0	0
0	10
0	0
0	0
0	84
17	0
0	333
0	48
6	678
0	14034
0	0
0	74
0	0
0	0
0	0
0	1
0	0
1	219
0	0
0	14
0	8
1	26
0	0
0	0
0	68
1	17
0	0
0	0
0	9
0	0
0	0
0	0
0	9
0	2
0	1
0	25
0	0
1	23
0	2
0	0
0	0
0	1165
0	22
0	0
0	0
0	51
0	0
0	0
0	0
0	0
1	4570
0	11827
0	51
1	106
0	0
0	0
0	9
0	0
0	186
0	778
0	0
0	0
0	63
0	0
0	0
0	0
0	0
0	0
12	6
0	0
0	12
0	82
5	0
0	20
0	20
0	18
0	0
0	0
0	0
0	57
0	1
0	0
0	0
1	0
0	2
0	0
0	88
0	0
0	3
0	0
0	0
0	0
0	38
0	2
0	0
0	0
0	0
20	34
0	24
0	152
0	0
0	0
0	0
0	311
0	35
0	0
0	95
0	505
0	0
0	0
0	5
0	21
0	0
0	0
4	38
0	0
0	32
0	0
0	1
0	0
0	0
0	0
0	135
0	0
0	0
0	0
0	0
0	0
0	172
0	11
0	0
5	414
1	15
0	24
0	0
0	11
0	0
1	19
0	0
0	68
1	0
0	409
0	0
0	15
0	70
0	0
0	67
4	254
0	85
0	20
1	17
0	0
0	0
0	0
0	0
0	57
0	11
0	0
0	1082
4	135
0	0
0	306
0	0
0	0
1	550
0	2
0	0
0	0
0	2
0	5
0	1
0	2
0	13
0	0
0	67
0	0
0	0
0	0
0	352
0	15
0	4
1	0
0	629
0	19
0	322
0	0
0	0
0	0
0	0
0	306
0	29
0	0
0	0
0	0
6	9705
0	0
0	715
0	106
0	1
0	0
0	0
0	2
0	35
0	0
1	7
0	0
0	0
1	8
0	0
0	3
0	14
1	117
0	0
0	0
0	0
0	0
0	0
0	157
0	0
0	3
0	530
0	0
0	0
0	0
3	305
2	4
0	0
0	0
0	46
0	0
1	1
0	0
0	0
0	75
0	0
0	0
0	0
0	0
0	240
0	0
0	1
0	0
3	31
0	0
0	0
0	0
0	0
0	105
0	0
0	0
0	51
9	124
4	299
0	183
0	0
0	383
0	2
0	0
1	52
1	1
0	0
0	0
0	133
0	77
0	91
0	20
0	1
0	10
0	0
0	16
9	107
0	0
7	34
0	0
4	207
0	0
0	0
0	19
2	81
0	41
0	17
0	21
2	148
0	3
0	0
0	8
0	0
0	40
0	0
0	31
0	0
0	0
0	7
0	0
0	0
0	5
0	0
0	0
6	42
0	197
0	0
0	0
0	18
0	598
0	0
0	229
0	498
0	1
0	0
0	5
0	0
0	0
0	0
0	0
1	2
0	0
0	0
0	0
0	0
0	0
0	0
0	0
0	65
0	13
0	376
0	0
0	2
0	0
0	0
0	0
1	176
0	0
0	215
0	0
0	0
0	32
0	0
0	0
0	0
0	0
0	26
0	13
0	2
0	20
0	0
0	0
0	0
0	0
0	0
0	1
0	0
0	0
0	0
0	139
3	39
0	20
0	0
0	0
0	18
0	0
0	0
0	0
4	2482
0	0
0	0
45	41
0	17
0	0
0	0
0	5
0	0
0	144
0	164
4	199
0	0
0	1
0	37
0	0
0	0
0	0
0	0
0	142
0	361
0	2
0	244
5	4
0	138
0	1
0	0
0	1
0	3850
0	3324
0	14
0	155
0	309
0	0
0	2
0	0
0	71
0	0
0	69
0	0
0	2
0	53
0	0
0	0
0	98
0	0
0	4
1	26
0	64
0	0
0	6
0	0
0	0
0	0
0	0
0	694
0	0
6	35
3	680
0	0
0	83
0	3
0	43
0	0
1	56
0	0
0	1
0	0
3	4
0	41
0	0
0	0
0	0
0	0
0	116
0	373
0	0
0	0
6	39
0	0
0	0
0	41
0	1
0	0
0	17
0	0
1	0
0	0
0	2
0	360
4	1784
0	0
0	0
3	275
0	0
0	6
0	0
0	0
15	372
0	0
0	0
0	0
0	0
2	40
0	74
0	0
0	0
0	0
0	0
7	24
0	0
10	16
0	3771
2	118
2	4
0	23
0	610
0	0
0	0
0	1
0	0
0	0
0	0
0	0
3	744
1	1568
0	0
0	0
0	27
2	0
0	0
18	34
0	60
0	50
0	0
0	197
0	2
0	4
0	77
0	34
0	0
0	33
0	0
0	0
1	21
0	0
0	21
16	8
0	0
0	0
0	13
0	0
0	0
0	1
0	0
0	1
0	7
0	14
0	14
0	0
0	25
1	7
1	250
4	7096
0	1
1	140
0	2
0	8
0	461
0	7
0	0
0	0
0	3322
0	5616
0	0
0	9
0	0
0	714
0	1
0	0
0	10
0	0
0	0
0	0
0	587
1	25
0	26
0	0
0	0
0	0
0	0
0	192
0	0
0	5
0	0
1	19
0	0
0	0
0	0
0	0
0	14
18	753
0	0
1	165
0	11
0	0
0	0
0	106
0	21
0	810
0	23
0	0
0	18
0	8
0	0
0	0
0	0
0	2
0	129
0	2
0	0
0	21
0	0
0	0
0	0
0	167
0	0
0	0
0	0
0	123
0	1806
0	5
1	0
1	164
0	14
0	346
0	10
0	0
1	24
0	0
0	28
0	0
0	0
0	0
0	0
0	103
0	0
0	0
0	2
0	8
0	0
0	11
0	113
0	0
0	0
0	199
0	0
0	0
5	35826
2	0
0	0
0	41
0	116
0	0
0	107
0	0
5	65
1	0
0	1
0	55
0	96
0	0
0	0
0	27
0	224
0	0
0	0
1	20
0	0
0	0
0	22
0	0
0	310
0	0
0	0
0	0
0	0
0	0
0	0
0	0
0	0
0	10
0	4
0	8
0	0
0	0
0	5
0	0
0	22
0	135
0	48
0	873
22	46
0	289
0	0
1	14
0	0
0	0
0	72
0	13
0	2
0	21
0	0
25	0
0	0
0	39
0	19
0	5
0	0
0	0
0	0
0	55
0	83
0	0
0	0
1	51
0	23
0	0
0	305
0	26
0	16733
0	0
0	54
0	0
0	0
0	8
0	0
0	0
0	0
0	0
0	10
0	0
0	2
0	0
0	3
0	0
0	0
0	2
0	0
0	0
0	11429
0	10
0	2
0	0
0	0
0	0
0	0
0	0
0	425
0	7
0	0
0	0
0	276
0	2
0	0
0	0
0	0
0	4
0	38
0	0
1	0
0	0
4	2
0	0
0	11
5	0
0	0
1	63
0	4
0	0
0	0
0	47
0	4
1	1
0	3573
0	0
0	0
0	11
0	13
0	59
0	0
0	0
0	152
0	284
0	0
0	0
0	2
4	282
0	0
0	0
0	0
0	0
1	0
0	345
2	0
58	2
0	0
107	0
0	10152
0	0
0	0
0	0
2	4
0	0
0	0
0	0
0	0
0	44
1	415
0	1
0	0
0	0
0	1
0	0
0	0
0	2
0	0
0	0
0	4
0	3
1	7757
1	42
0	0
105	0
67	76
0	0
0	833
0	0
0	0
0	0
0	16
0	0
0	0
0	42
0	0
0	0
0	0
0	0
0	0
1	45
0	0
0	1
0	5
0	14
0	0
0	0
0	27
0	0
0	101
0	173
0	0
3	202
0	0
0	3
0	0
1	1
0	206
0	0
0	0
0	563
0	0
0	0
0	3
0	0
0	20
0	470
0	0
0	0
0	70
0	0
0	0
0	0
1	597
0	0
0	0
0	0
0	380
0	0
0	31
0	71
0	0
0	0
7	9497
2	1251
0	91
0	30
0	0
0	0
0	115
0	878
0	1
0	0
0	0
0	18
23	1652
0	0
0	0
0	0
0	33
1	63
0	0
0	0
2	18052
0	1
0	0
0	0
0	0
0	39
0	17
0	4
2	0
0	0
0	22
0	0
0	20
0	9
1	0
0	0
0	3
0	0
0	0
0	0
0	2
0	0
2	0
0	0
0	0
0	3
0	110
2	0
0	27
0	984
0	0
1	6
0	0
8	409
0	0
1	0
0	106
0	0
0	8
0	2
0	0
0	1
8	890
0	0
0	0
0	0
0	34
0	220
1	6
5	269
0	47
0	9
0	1
0	0
0	0
0	95
0	0
1	11
0	1669
0	0
0	0
0	17
0	0
0	11
0	0
0	0
0	0
0	0
0	0
0	30
0	0
0	510
0	0
0	0
0	72
0	0
0	0
0	0
0	14
0	0
0	3
0	16
3	583
0	156
0	1
3	0
0	111
0	1
0	0
0	0
0	0
0	0
0	234
0	0
0	1
0	0
0	0
2	288
0	0
0	0
0	1
0	84
0	0
0	0
0	0
0	177
0	12
0	189
0	0
0	0
0	2
0	296
0	0
0	28
0	0
0	1
2	11
0	216
0	0
0	41
0	28
0	25
0	0
0	0
0	0
0	0
1	9
2	79
1	16
0	0
0	9
0	0
0	104
0	0
2	198
0	0
0	0
0	6
0	0
0	3
0	111
0	3
0	0
0	0
0	115
0	67
0	0
0	0
0	17
32	290
2	3492
0	0
0	0
0	65
0	6
0	2
0	229
0	27
0	0
0	268
0	688
0	0
0	0
1	0
0	0
0	0
0	1346
0	73
13	80
0	0
6	144
0	0
59	265
0	1
2	94
0	0
0	202
0	0
21	7
0	0
0	0
0	0
0	1
0	4
1	0
0	0
0	0
0	0
86	0
0	0
0	0
1	1
0	24
0	0
0	0
0	0
0	1252
0	90
0	5
0	0
0	2
0	0
0	1
1	195
5	30
0	0
0	1
0	0
0	0
0	3
1	17
0	0
0	0
0	0
0	1
0	724
0	0
0	13
0	195
1	3
0	0
0	1
0	0
0	112
0	12
0	0
0	2380
0	0
0	0
2	1
0	2
1	0
13	359
0	0
0	0
0	0
0	115
0	26
0	123
0	8
2	79
0	0
34	189
0	73
0	60
0	1
0	0
0	0
0	0
0	0
0	78
1	49
0	0
0	0
0	0
0	104
24	42
0	0
0	0
0	147
0	15
1	0
0	0
0	0
0	0
5	2
0	0
0	13
0	0
0	5
0	84
0	7
0	3
0	729
0	0
0	12
25	18
0	8
0	0
0	0
0	49
0	0
0	0
0	0
1	2
1	759
0	0
1	23
0	0
0	0
0	0
0	5
0	0
0	0
0	0
0	0
0	0
0	0
0	0
0	11
0	0
0	0
1	0
0	24
0	0
0	10
0	0
0	18
0	4
0	0
0	1
0	122
0	0
0	0
0	0
13	26
0	4
0	0
2	177
0	0
0	0
9	100
0	0
0	88
3519	3
0	19
0	7
0	4
3	27
0	1
0	0
0	0
0	0
0	0
0	0
0	0
0	0
0	0
0	1
1	74
0	0
0	0
0	0
0	164
1	103
0	0
0	0
0	0
0	0
0	0
0	0
0	0
1	6
0	93
0	80
0	0
0	1
0	0
0	1177
0	0
0	0
0	65
1	34
1	39
0	0
0	2
0	2
0	124
0	9
0	4
7	44
0	0
0	16
0	147
0	96
3	824
0	22
0	0
0	0
0	54
0	107
0	0
0	640
0	40
0	9
79	232
0	0
0	378
0	0
0	0
0	0
0	0
0	0
0	0
0	16
0	0
0	19
0	0
0	0
3	0
0	0
1	248
0	0
0	78
0	0
0	0
0	0
0	8
0	0
7	0
0	0
0	14
0	46
0	1
0	0
0	2
0	0
0	0
0	19
0	0
0	0
0	0
0	12
0	0
0	50
0	62
0	2
0	295
0	0
0	0
1	23
0	0
0	211
0	0
0	0
0	5
0	0
1	367
0	714
0	12
0	0
0	0
0	52
0	0
0	0
0	0
1	0
0	2
0	0
0	10
0	34
1	202
0	1879
0	28
0	164
0	12
0	1
2	5735
0	0
0	27
0	2
0	4
0	0
0	0
0	0
6	177
0	0
1	216
0	0
0	145
0	1748
0	118
0	0
0	8
0	20
0	416
0	74
0	0
1	0
0	0
0	0
0	0
0	82
0	47
0	0
0	31
0	6
0	2
0	0
0	0
0	0
0	23
0	29
1	0
0	0
0	0
1	152
0	16
0	233
0	0
0	0
2	0
1	19
0	8
0	323
0	1
0	0
0	1
0	142
1	752
0	0
0	629
0	0
0	26
0	0
0	11
1	115
0	6
1	0
0	50
0	345
0	1
17	1
0	0
0	0
3	18939
0	5
0	0
0	0
0	0
0	0
0	3
0	0
0	0
0	1
0	53
0	0
0	0
0	0
0	26
0	0
1	3
0	0
0	0
0	0
192	0
0	346
0	0
6	5185
0	0
0	22
0	0
315	1867
0	0
0	9
0	0
547	123
0	1
8	16
0	0
0	455
0	5
1	274
0	0
0	0
0	0
0	0
0	0
0	0
0	2
0	0
0	0
0	0
0	87
0	0
9	52
0	0
0	54
0	0
0	0
1	7
0	0
0	0
1	842
0	2
0	39
0	0
0	9
0	0
0	34
0	119
0	0
0	3
0	0
0	0
0	0
3	143
0	115
0	0
0	0
0	33
0	0
0	119
0	1429
4	0
0	128
0	0
0	0
0	0
0	387
0	0
0	1
0	0
0	0
0	0
0	0
0	6
0	539
0	0
0	0
0	2
0	3
0	0
0	1866
0	0
2	26
0	0
0	1
0	0
0	0
0	0
0	0
0	1
0	0
0	0
0	2
0	370
0	0
0	1
0	9
0	0
0	0
0	6
0	0
0	0
0	0
0	0
1	0
0	0
0	18
0	3
0	0
0	9
0	231
0	266
5	122
0	87
0	0
0	0
4	346
0	444
2	709
0	75
0	0
0	0
0	0
0	4
0	30
0	2840
0	1425
0	0
0	28
15	624
0	0
0	852
0	8
0	0
0	2
0	1
0	4983
0	0
0	12
0	5
0	0
0	0
0	0
0	1
0	50
0	0
0	0
0	67
0	31448
0	0
0	155
0	0
0	0
0	0
0	14
0	0
0	0
0	28
0	31
0	0
0	20
8	103
0	0
0	0
0	0
0	4
0	0
0	0
1	472
0	66
0	89
0	1
0	0
2	26
0	0
0	0
0	1
0	0
0	114
0	0
4	766
0	0
0	0
0	0
0	4
0	94
0	0
0	0
1	4
0	0
0	0
0	403
1	359
1	152
0	0
0	0
0	1
0	0
0	148
0	53
0	0
0	0
0	6
0	5
0	0
0	45
0	0
0	0
0	0
0	231
0	0
0	0
0	0
0	0
0	0
0	0
0	10
0	144
0	0
0	69
0	3
0	14
0	1077
0	12
0	139
0	0
0	0
0	133
4	21
0	0
0	0
0	0
0	416
0	0
0	2
0	0
0	75
0	0
0	0
0	0
0	0
0	46
0	29
0	117
0	0
0	1
0	0
0	7
0	123
13	158
0	0
0	0
0	0
2	0
0	12
0	0
0	0
0	118
1	166
0	0
1	4
0	53
0	43
0	0
0	0
0	0
0	0
1	50
0	55
0	9
0	0
0	0
0	10
0	1025
1	174
0	34
0	0
0	53
0	0
1	1558
0	82
3	35906
0	0
0	5
0	3
0	0
0	1
0	0
0	0
0	0
2	270
0	32
0	10
0	0
0	0
0	59
0	0
0	0
0	0
0	31
1	383
0	0
0	0
1	0
44	146
4	159
0	0
0	0
7	10
0	14
0	0
0	0
0	0
1	40
0	386
0	2
0	0
0	0
0	0
0	0
0	156
0	0
0	0
0	250
0	0
0	0
1	1
0	0
0	285
0	416
16	24
2	3
0	0
0	0
97	574
0	52
0	1271
0	0
0	0
1	0
0	59
1	0
0	0
1	0
0	281
0	434
0	99
0	3
0	0
0	0
0	0
0	2
0	0
0	130
0	0
0	10
0	0
0	0
0	0
0	5
0	0
0	0
1	76
0	1
0	808
0	0
0	0
0	8
0	227
4	167
0	0
0	5
0	0
0	0
0	0
0	0
0	0
2	368
0	120
0	717
20	172
0	0
0	628
0	0
0	0
0	0
0	0
0	102
0	0
0	0
0	0
1	0
0	0
0	0
0	9
0	3097
0	24
1	2
0	0
0	0
0	0
0	127
0	0
0	13
1	0
0	0
0	1
0	0
0	0
0	2
0	36
84	1
0	0
3	0
0	0
0	0
1	1
0	0
0	0
0	0
0	0
0	1
0	0
2	3
0	1
0	217
1	1757
1	49
0	0
0	0
0	0
0	175
0	3
0	0
0	0
0	0
0	142
0	70
2	108
0	574
0	209
3	491
0	0
0	2583
0	3
0	1
0	0
0	0
0	56
0	0
0	0
0	0
21	1166
0	0
0	193
0	11
0	0
0	203
0	0
0	0
0	657
0	0
0	0
0	2
2	172
0	374
0	0
0	0
0	0
0	78
0	9
12	1042
0	0
0	351
0	16
0	489
0	0
0	14
0	1
0	61
0	29
0	0
0	64
0	0
0	14
0	0
2	288
0	0
66	0
0	0
8	1743
0	0
4	0
0	22
0	0
0	418
0	0
0	13
0	0
0	0
0	327
0	126
1	4
0	0
0	0
0	22
0	68
3	3
0	74
0	0
0	52
0	0
0	3
1	31
0	0
0	0
0	224
0	0
0	0
0	919
0	0
0	0
0	9
0	0
0	407
0	1
0	9
0	0
1	127
0	0
2	101
0	4
0	116
0	10
0	50
0	1
0	0
12	10864
0	0
0	3
0	0
0	97
0	0
0	0
1	184
1	16
0	75
0	1
0	145
0	499
2	0
0	0
0	1
0	0
0	0
0	1752
0	0
0	0
2	108
0	0
2	9
0	0
0	0
0	0
0	243
0	9
0	0
0	3
0	0
0	0
0	0
0	7
0	0
0	270
0	0
0	4
0	292
0	6
0	0
0	0
2	32
0	2
1	93
0	23
0	16
0	32
0	26
0	0
1	257
0	19
0	47
0	0
0	0
0	0
0	0
0	0
0	0
0	1
0	77
1	0
0	0
0	3
1	2
0	1
0	92
0	1
0	1
0	2
0	0
1	1
0	0
0	0
0	23
0	0
0	0
0	0
0	12
0	55
0	0
0	16
0	8
0	8
0	0
0	0
0	51
0	0
0	51
0	0
0	44
0	129
0	0
0	0
0	6
0	0
0	0
0	0
0	0
0	0
0	0
0	65
0	0
6	62
0	17
5	640
0	193
0	0
0	9
0	0
0	0
0	0
0	0
0	0
0	0
0	52
0	0
2	0
2	388
0	0
0	0
0	0
0	113
0	0
0	0
0	0
0	1
0	0
0	0
2	48
0	0
0	30
0	47
0	0
4	11
0	0
0	0
0	179
0	105
0	105
0	123
0	0
0	0
0	0
0	0
0	0
0	106
0	0
0	290
0	0
0	2
0	0
0	1
0	6
0	0
0	0
3	246
0	1
0	28
0	0
0	0
2	0
0	37
0	0
1	33
0	0
0	0
0	65
1	24
0	4
0	0
0	2
0	4
0	20
0	0
0	1
0	1710
1	126
0	0
0	0
0	344
0	13
0	5
3279	4
0	0
0	14
0	0
0	0
0	122
0	74
9	790
0	0
2	2
0	4892
0	0
0	16
1	141
0	31
0	1
0	0
1	59
0	0
59	11
0	400
0	1
0	2
0	20
0	4
0	72
0	118
0	0
0	0
0	5
0	0
0	0
0	0
0	0
0	419
0	25
0	0
0	5
0	294
1	422
0	4
0	12
0	12
0	19
1	56
4	528
0	29
0	0
41	0
0	168
0	36
0	3
0	10
0	108
0	0
2	60
0	0
0	0
0	0
0	685
0	73
0	115
0	8
0	1
0	55
0	0
23	0
0	103
0	93
1	1
0	0
0	0
0	8
0	0
0	0
0	1
0	0
0	491
0	0
0	0
0	21
0	0
0	2
0	0
0	0
0	0
0	0
0	15
0	0
0	3
0	0
0	16
3	6461
0	35
0	148
0	0
0	0
0	11
1	298
0	1
0	60
0	0
0	0
0	0
0	0
0	13
0	107
4	2082
0	0
0	0
0	0
0	1
0	0
0	3
0	35
0	0
0	107
0	0
0	2
3	1374
0	0
0	142
0	0
0	130
0	0
0	0
0	93
0	0
0	0
0	4
1	0
0	292
0	15
0	0
0	8
0	0
0	2
0	0
3	3
0	8
0	334
1	28
0	308
0	0
0	0
0	13
0	2
0	0
0	210
0	0
0	29
0	0
0	0
0	0
0	0
0	1138
0	0
0	0
2	2
0	0
0	47
1	0
0	0
0	62
0	0
0	0
0	603
0	52
0	110
0	0
0	0
0	0
0	25
0	56
0	0
0	13
1	0
0	81
0	10
0	0
0	0
0	79
0	63
0	339
0	3
0	81
0	56
8	0
0	0
0	2
0	0
1	2965
0	0
0	17052
0	0
0	0
0	0
0	0
0	95
0	0
0	0
0	62
0	62
0	0
0	108
0	180
0	0
0	140
0	0
0	31
0	0
0	7
0	6
0	0
0	31
11	41
0	0
0	101
0	0
0	41
0	0
5	3
0	9
0	0
0	168
0	8
0	32
0	0
0	0
0	0
0	78
15	3162
0	0
0	0
0	0
0	244
0	0
0	0
0	0
0	3
0	0
0	0
0	0
3	0
0	41
0	9
0	0
0	18
0	0
0	65
0	14
0	0
0	0
0	0
0	3323
0	0
0	0
0	0
0	30
0	8
0	0
0	0
0	18
0	186
0	0
0	25
0	0
0	4
0	207
0	0
0	6
0	214
0	0
0	0
0	0
0	0
0	75
0	0
0	0
0	0
5	0
0	0
0	0
0	32
0	3
0	0
0	2
6	34
0	0
0	86
0	66
0	0
0	161
0	197
0	0
0	58
0	51
1	11
0	0
0	3
0	0
0	97
0	18
0	0
1	0
0	38
0	0
0	2
0	10
0	0
0	0
0	0
0	0
0	14
0	19
0	0
0	0
0	0
0	2
0	0
0	0
0	1
0	4
6	84
0	0
0	0
0	3245
0	46
0	8
0	24
0	0
0	25
0	0
0	2
3	32
0	8
0	217
0	0
0	13
0	0
0	0
0	0
0	0
0	6
0	1
0	9034
0	256
0	0
0	16
0	0
0	0
0	5
0	0
1	4
0	0
0	0
0	2
0	1
0	0
0	18
0	0
0	31
0	0
0	1
0	0
2	0
17	175
0	0
0	740
0	42
0	4
0	0
3	1
1	0
0	20
0	1946
0	981
0	0
1	289
3	1
0	0
0	186
2	0
0	48
0	0
0	144
0	0
0	0
0	0
0	0
0	0
0	0
0	0
0	51
0	0
0	0
0	157
0	0
0	0
0	2
0	0
0	119
0	90
0	0
3	7
2	1
0	0
0	123
0	0
0	0
0	3
0	318
0	0
298	38130
0	64
0	0
0	113
0	3
0	9
0	0
0	6
0	26
0	22
0	0
0	133
0	0
0	204
0	0
0	498
0	0
0	0
0	0
0	1
0	0
0	361
0	0
0	329
0	241
0	0
1	96
0	0
0	0
0	0
0	0
0	417
0	221
2	0
0	0
0	95
0	126
0	15
0	0
0	45
0	27
0	0
0	275
0	0
0	6
0	1
0	0
0	0
0	0
0	224
0	10
0	0
0	0
0	1
0	0
0	0
0	12
0	0
0	0
0	2
0	23
0	0
0	0
0	62
0	0
0	5
0	0
0	391
0	0
0	0
10	16
0	0
1	71
0	215
0	0
0	0
1	25
10	637
2	79
7	4
0	0
0	0
0	0
0	4
0	1
0	0
0	1
0	0
0	1
0	6
0	9
0	120
0	48
0	192
0	2950
0	57
0	169
0	0
0	1
1	0
0	3
0	53
0	0
0	971
2	483
0	3
0	166
0	36
3	3694
0	16
0	87
0	0
0	0
0	0
0	0
0	0
0	0
0	1
0	4
0	59
99	5523
0	20
0	0
0	0
0	0
0	1
0	20
0	90
0	0
0	0
0	0
0	16
0	280
0	0
0	0
0	493
0	1
0	0
28	48
0	8
0	2
0	30
0	395
0	0
0	0
0	12
8	11
0	0
0	0
0	195
0	68
0	519
0	1
0	0
4	458
0	0
0	34
0	0
0	904
0	35
0	0
0	0
0	5
0	194
0	28
0	0
0	74
0	0
1	184
0	85
0	0
0	3
0	11
0	0
0	0
1	19
0	1
2	0
0	28
0	2
0	0
0	0
0	18
0	4
3	166
0	1
0	508
0	1
0	0
0	3
4	0
2	0
0	0
5	12
20	234
1	5
0	50
0	2
28	65
0	3
1	152
0	14
10	1954
0	234
0	0
2	0
0	5
5	88
0	8
0	0
0	0
0	4
0	43
2	25
0	0
0	0
0	0
0	6
0	1
0	62
0	0
1	80
0	0
0	0
0	0
0	24
0	42
0	0
0	45
0	1
0	2673
0	5
11	10
0	43
0	1
0	0
0	10
0	27
0	61
0	0
0	0
0	102
0	0
0	0
0	4
0	0
1	317
0	118
0	79
1	59
1	13
0	214
0	1104
0	0
0	0
0	32
0	0
2	350
0	0
0	52
0	3134
0	0
0	0
0	36
2	3496
0	0
0	0
0	0
0	1
1	0
0	1
0	0
6	133
1	120
0	0
1	167
0	0
0	28
0	878
0	0
0	41
0	4
0	5
0	1
0	0
0	474
0	0
0	34
0	10
0	0
0	0
0	0
0	1
7	15
0	35
0	1
0	0
1	2
0	296
0	0
1	35
0	26
191	5479
0	3
0	0
0	1
0	0
0	0
0	6
0	7
128	1493
0	5
1	176
0	9
0	136
0	0
3	32
12	69
0	4
0	1
0	445
0	0
0	0
0	11
0	40
0	385
0	6
0	0
0	0
0	4
0	259
2	206
0	297
6	0
0	31
0	0
0	7
0	96
0	0
0	72
0	0
3	40
6	139
0	0
0	4
0	82
0	391
0	0
0	0
0	0
0	0
0	0
0	0
0	3
0	120
0	138
0	0
0	61
0	0
0	1
0	126
0	33
0	0
0	0
0	0
0	0
3	0
0	496
0	26
0	2
0	62
0	1
0	0
0	0
0	0
0	0
0	0
0	4
1	5
0	270
0	3
0	1
0	367
0	5
0	6
0	15
1	29
0	184
0	9
0	0
13	0
0	17
0	0
21	121
1	9
0	0
0	39
0	0
0	0
0	101
0	34
0	29
0	154
7	951
0	0
0	0
0	35
0	69
0	236
0	22
0	0
0	0
0	18
1	1071
1	133
0	35
0	4
0	0
0	0
0	51
1	104
0	0
0	0
0	0
0	17
0	153
1	2
0	8
1	39
0	25
12	8
1	12
2	10
2	719
0	11
0	0
0	0
0	0
0	0
1	1618
0	445
0	0
0	119
0	0
5	3291
2	24
0	7
0	2
0	1359
0	231
0	1
0	0
0	1
0	7
4	1
0	0
0	0
0	2
0	97
0	0
0	0
0	103
0	1
0	0
0	0
0	0
0	0
0	0
0	0
0	0
1	374
0	0
0	0
9	0
0	1042
0	26
0	0
0	4
0	0
0	1
0	2
0	0
0	0
0	5
0	4
0	0
0	23
6	2
4	5
0	0
0	2
0	2
0	0
0	506
0	0
0	82
0	0
0	36
1	10
0	0
2	522
0	0
1	0
0	1
0	0
0	0
0	1
0	230
2	35
4	0
0	0
0	3
0	0
0	941
0	224
0	0
8	56
1	15
0	18
0	35
0	2
1	0
0	0
0	41
14	685
1	249
1	1639
0	0
0	1
0	5
0	0
0	150
0	38
0	0
0	0
0	0
0	0
0	0
0	0
0	123
0	542
0	258
0	0
0	17
0	0
0	6
0	2
0	0
0	5
1	1
0	0
0	122
1	1
0	0
0	64
1	1
0	0
0	29
0	0
0	0
0	22
0	32
0	0
1	5
0	0
0	170
0	0
0	1135
0	20
1	0
0	0
0	1
0	0
0	0
0	0
0	6
0	27
1	21
0	840
0	7
1	169
0	0
0	0
0	9
0	37
0	0
0	0
0	22
0	0
0	367
0	1
0	129
0	0
0	100
0	141
0	22
0	73
0	0
0	209
2	1061
0	0
0	0
0	0
0	399
0	0
0	21
12	228
0	0
5	2
0	341
0	1
0	0
0	2
0	2
0	7
0	1041
2	20
0	0
2	2
0	8
0	0
0	1437
0	67
0	82
0	0
0	1
0	0
1	233
0	0
0	642
0	51
2	105
0	21
0	613
0	0
1	281
0	2
0	22
1	1
0	0
22	40
5	176
0	0
0	0
1	0
0	10
0	0
0	0
0	5
0	0
0	4
0	270
5	0
0	0
0	0
0	2
0	0
0	0
0	1
0	4
0	0
2	20
0	594
0	0
0	0
0	533
0	0
0	0
2	66
0	0
4	7
0	29
0	32
0	0
0	51
0	130
0	0
0	1
9	13
0	0
0	0
0	1
0	0
0	933
0	0
0	14
0	0
0	152
0	0
0	15
5	1
0	7
0	61
0	2
0	0
0	0
0	0
0	131
1	14
0	7
1	1375
0	318
0	15
16	564
0	3
0	12
1	80
0	71
0	4
1	850
0	0
0	4
3	182
19	3863
0	182
1	117
0	135
0	0
0	0
0	0
0	40
1	23
0	1036
9	965
2	130
1	532
0	0
0	9
0	0
1	415
0	557
0	0
0	0
1	598
0	38
0	0
1	26
0	0
0	0
0	0
0	0
0	1
0	12
0	10
0	120
0	24
0	1
0	3101
0	0
0	0
0	0
0	31
0	301
0	0
0	98
7	3135
0	6
0	0
0	0
0	1
1	77
0	102
1	841
0	4
0	32
0	11
0	434
0	0
0	0
0	0
1	94
0	10
0	13
0	18
0	1
0	0
6	2562
1	130
0	0
0	23
0	0
0	0
0	0
0	3
0	12
0	2
1	68
1	131
4	139
24	0
0	4
0	479
1	3
6	0
0	60
0	228
0	18
29	0
0	0
0	0
0	82
0	0
1	104
0	174
0	0
1	32
0	0
0	530
0	24
0	0
0	1
0	0
5	51
0	1
0	62
0	1
1	34
0	20
1	284
0	7
0	0
0	57
0	0
0	1
0	0
0	0
0	4
0	363
0	0
0	132
0	137
0	0
0	0
0	0
0	0
0	0
0	46
0	0
5	495
0	1059
0	11
0	131
0	40
0	18
0	36
1	196
0	68
0	0
0	0
1	66
0	0
32	38
0	314
0	0
0	0
0	90
0	0
0	4
0	30
0	1
0	751
0	0
0	2
0	7
1	295
0	162
0	160
0	0
0	0
0	8
0	0
0	0
0	602
0	0
0	10
0	0
0	99
1	26
0	10
0	1
0	243
0	0
0	491
0	2306
1	0
4	5
7	907
0	5
4	354
0	0
0	11
0	1
0	2
0	425
1	125
1	0
0	0
0	20
0	0
0	71
0	8
0	0
5	102
1	77
0	0
0	0
0	0
62	6
0	50
0	575
4	30
0	0
0	0
0	1
0	0
0	0
1	4
0	90
0	0
2	0
0	36
4	138
0	2
10	1
0	62
109	1204
0	6
10	93
1	0
0	0
0	0
0	2
0	13
0	11
0	0
2	1909
0	7
0	0
28	33
1	0
0	76
0	25
0	0
0	0
0	81
0	73
0	17
0	27
0	367
0	67
4	93
0	0
0	0
0	203
0	0
8	111
2	6
0	168
12	0
130	0
0	161
0	71
2	0
0	116
0	6
0	0
0	1826
0	12
0	65
0	0
0	0
1	1
0	8
2	3
0	4
2	18
0	0
0	0
0	13
0	150
0	0
0	47
0	0
0	0
0	0
0	1084
0	0
0	18
0	0
0	292
0	375
0	276
0	41
0	35
0	2
0	87
0	0
3	103
0	0
0	0
1	237
0	231
0	0
0	0
0	1
1	0
0	39
0	0
0	0
0	641
0	0
0	3
0	459
0	0
0	0
0	0
0	9
0	0
0	108
0	2074
0	0
0	16
0	477
1	0
0	114
28	6
1	136
0	0
0	4
0	0
0	4
0	0
0	225
0	4
1	43
3	73
0	0
0	0
1	922
8	484
0	0
0	4
4	17
0	0
0	0
0	0
0	192
0	21
0	354
0	21
5	15
0	2
0	132
0	287
0	130
3	193
1	1200
0	0
7	605
0	7
0	96
0	1
0	0
0	0
1	2
0	0
0	1605
0	0
0	56
0	12
0	0
0	1
1	0
0	19
0	304
0	0
0	383
0	1
0	0
0	0
0	211
0	1
0	0
0	0
0	16
0	15
0	0
1	75
0	827
0	25
0	6
0	196
0	78
0	5
0	0
0	0
0	3
1	14
0	14
0	88
0	83
0	48
0	157
0	0
0	0
0	0
0	313
0	7
1	0
2	321
0	4
1	34
2	0
0	0
0	0
0	20
0	63
0	1445
0	2
0	69
0	0
0	44
0	0
0	0
10	12
0	0
1	1
0	261
0	0
0	0
0	3
0	0
0	0
0	0
7	117
0	911
0	3
1	4998
2	257
0	122
0	0
0	0
0	0
0	9
0	4
0	0
0	2
0	0
0	339
1	30
0	0
0	276
0	16
8	625
0	75
0	52
1	0
0	54
1	7
0	0
2	3241
0	0
0	0
0	0
0	0
0	0
0	1
0	51
0	3
0	253
0	7
5	1
3	50
0	0
0	0
0	416
0	104
0	0
0	0
0	0
0	1
0	0
0	0
0	0
0	0
0	0
0	0
5	15
0	0
0	1
0	707
0	19
0	759
0	192
0	6
0	222
0	3
0	0
4	287
0	163
0	0
23	1140
0	2
0	0
3	68
1	9
0	0
0	63
0	4
0	0
0	0
0	0
0	0
0	1
0	1
0	106
0	1
0	3
0	0
1	63
0	0
0	0
0	0
440	73
0	34
0	38
0	0
0	2
2	77
0	0
5	1
0	0
1	453
0	0
0	3
1	283
0	387
0	0
2	34
0	640
0	7
0	0
0	337
0	31
0	0
35	534
0	1
1	64
2	3
0	0
1	56
0	252
0	0
0	15
0	0
0	0
0	0
2	425
2	2
0	56
0	1
0	5
0	6
0	15
0	0
0	0
0	44
0	667
0	0
0	522
7	58
0	0
0	0
0	0
0	0
0	0
0	1
0	0
0	0
0	485
0	27
0	108
0	0
2	2
0	0
0	0
0	28
0	0
0	0
0	295
0	0
0	0
2	57
0	0
0	15
0	0
0	2
0	12
0	0
0	0
0	0
0	14
0	0
0	5
0	0
0	52
0	0
0	0
0	482
0	0
0	0
0	0
0	0
0	0
3	29
1	2230
0	2
9	723
0	0
0	7
0	0
0	63
0	0
0	140
0	587
0	0
0	4
0	0
0	0
0	675
0	39
224	64
0	136
0	3
0	0
0	61
0	157
0	0
0	0
0	0
0	0
0	90
0	3
5	988
0	0
8	50
0	1
2	0
6	1229
0	704
0	120
0	0
0	8
104	0
0	0
0	11
1	183
0	382
0	52
0	2
0	0
0	0
0	258
3	18
0	1
0	0
0	150
0	282
0	44
0	167
0	0
0	1
49	1276
0	0
0	7
0	201
0	3
0	0
0	0
0	35
1	0
0	95
1	4
1	306
0	0
0	2
0	0
0	0
0	235
0	4
0	0
0	930
0	367
2	437
0	7
0	0
0	411
0	0
0	758
307	596
3	8
0	0
0	150
0	0
0	36
0	8
0	4
0	152
0	2
0	0
1	142
0	0
1	3
1	20
0	0
0	12
17	83
0	16
0	0
0	7
0	0
0	0
0	0
5	1860
0	71
0	0
0	0
20	0
1	14
0	0
0	1
0	0
0	0
1	38
0	87
26	0
2	5
1	8
7	276
0	21
0	2017
1	647
0	1
0	46
0	3
0	0
0	0
0	272
0	7
0	3
0	102
0	0
0	0
0	0
0	210
0	0
0	6
0	0
0	9
0	4
0	303
1	8
0	0
0	561
0	101
0	0
0	1
4	0
4	1026
0	254
0	0
0	21
2	1425
0	0
0	28
0	173
0	265
0	0
0	0
0	0
0	111
0	2
0	18
1	566
0	4
0	0
0	0
0	0
0	0
0	0
0	0
1	266
0	0
0	2186
0	261
0	0
0	3
0	423
0	4
0	0
4	237
29	0
0	442
0	976
0	36
0	0
0	0
0	0
0	26
0	2
0	0
0	4
0	38
0	0
0	0
0	6
0	6
0	0
0	0
0	19
0	4
0	0
5	285
0	0
4	188
0	17
0	15
0	1820
4	426
0	82
246	0
0	0
0	0
1	68
0	547
3	5
0	296
0	64
2	26
1	706
0	109
2	15
0	0
0	86
3	12
0	0
0	77
0	0
2	15
0	0
1	212
0	0
0	3
0	0
0	0
0	0
0	1
1	2102
0	196
0	84
0	0
0	17
0	136
0	995
0	2
0	0
0	0
0	0
6	39
0	0
0	0
0	1
0	0
14	286
2	2
0	6
0	0
0	68
0	0
1	1748
0	81
0	1
0	27
0	0
13	62
0	46
0	159
0	0
0	132
0	70
0	158
0	0
0	2496
0	0
74	829
0	0
0	0
0	196
0	0
0	0
1	321
82	57
0	0
0	7
0	0
0	922
0	0
0	0
0	4
0	0
0	0
0	26
1	1329
7	637
20	0
0	205
0	25
0	0
0	34
3	3359
0	0
0	0
0	54
0	0
3	291
25	183
0	0
1	88
0	0
0	0
2	3
0	0
0	0
0	0
0	5742
0	134
0	69
0	64
1	222
0	340
1	11
0	1
0	2
5	3
0	0
0	21
0	159
3	21
0	0
0	0
0	3
4	5
0	0
0	0
3	288
1	363
0	4
0	0
1	270
0	0
0	1
0	8
14	0
0	603
0	0
0	0
0	0
0	0
0	10
0	35
0	1
0	0
0	0
0	0
113	0
0	0
0	1
0	0
429	248
1	17
2	2017
0	26
0	0
0	64
0	80
0	14
0	19
0	0
1	3
0	19
0	0
0	0
0	0
0	0
0	22
0	58
0	0
44	309
2	116
0	675
0	2
0	1
0	0
1	111
0	0
1	183
0	34
219	19
0	21
0	4
0	1
2	1027
0	83
0	1144
0	4
1	0
0	3
11	0
0	76
0	31
0	216
0	207
0	161
0	111
2	171
0	1
0	0
0	3927
0	0
0	161
0	171
4	1736
0	3
0	4
0	0
3	160
6	81
0	0
0	0
0	0
5	809
0	0
1	748
0	444
10	93
9	47
1	6
9	0
0	0
0	0
0	45
0	0
0	5
0	3
0	120
2	838
0	5
0	0
0	1
6	1437
0	0
1	57
0	0
0	0
0	1
0	0
0	0
0	0
0	8
992	861
0	0
0	0
0	0
3	0
0	2
0	3
0	0
0	188
0	1338
0	1
2	104
0	1
0	3
0	13
0	160
0	0
0	0
2	4
0	1956
0	0
0	1
0	0
0	266
0	10
0	0
0	141
0	0
0	1
0	221
0	0
0	51
2	69
0	48
0	600
0	541
0	0
0	0
7	61
0	41
1	8
0	8
0	0
0	1
0	0
0	0
3	4
0	22
0	8
0	0
0	67
0	0
1	1
0	0
1	117
0	2
0	5
0	0
0	43
1	0
0	67
3	3
9	322
0	1
0	0
2	164
0	19
0	0
0	0
0	0
1	36
0	1116
1	0
0	0
0	0
0	2
0	0
0	0
46	2
0	71
0	0
0	15
0	0
0	553
1	8
0	435
0	347
0	1
0	0
0	382
2	42
0	124
0	0
0	0
0	4
0	0
0	27
3	2
0	543
0	0
0	12
0	13
0	0
0	0
0	0
0	204
0	29
1	538
0	123
0	10
0	0
0	295
0	8
0	13
0	0
0	49
3	0
0	2
3	92
0	496
0	0
0	10
0	1
3	396
0	116
0	0
0	0
1	111
0	0
0	104
0	1
0	140
2	13
0	0
1	0
0	0
0	56
0	4
0	214
0	0
7	530
0	22
0	1358
0	74
26	0
0	0
0	0
0	0
0	0
2	5
1	10
0	714
6	5729
0	11
0	0
0	0
0	0
0	2
0	0
0	348
0	0
0	62
1	0
0	0
1	467
0	0
0	0
0	0
1	50
0	74
1	166
0	280
8	424
0	5
0	114
0	9
1	12
0	772
0	0
0	1
0	31
0	1
0	161
0	0
0	0
0	15
0	0
0	1
0	1
0	0
0	0
1	0
0	8
0	0
1	152
0	1
0	358
0	39
143	812
0	0
0	111
0	106
0	0
2	3
0	0
0	0
0	1
0	0
0	2
5	730
1	33
2	531
0	5
145	0
0	9
0	140
4	229
0	31
0	0
0	0
0	21
0	2601
1	0
0	0
0	18
0	118
0	10
0	0
0	0
0	14
0	6
1	1
2	355
0	0
1	0
0	0
0	0
9	3095
0	0
0	135
0	0
0	158
0	16
0	7
2	209
0	154
0	4
0	16
1	135
0	0
1	36
0	25
0	44
0	0
74	0
0	0
0	1
0	28
1	10
0	2980
0	0
0	404
0	9
1	2
0	2
0	121
0	0
2	505
1	66
0	14
0	10
0	135
0	38
0	0
1	184
0	0
0	0
0	0
1	254
0	263
0	15
0	69
3	4
0	0
0	0
0	2
0	53
0	5
10	51
0	70
0	0
2	113
0	1
0	996
0	0
0	1
16	3546
0	60
0	10
0	0
14	21
0	0
0	0
0	8
0	0
0	0
0	0
34	0
0	0
0	263
0	0
7	0
0	0
0	372
0	16
0	49
0	10
0	0
0	1
0	80
0	0
1	65
0	341
0	1
0	0
0	61
0	5
0	0
0	0
0	27
1	292
0	0
0	0
0	0
0	2
0	847
0	56
0	116
0	0
0	2
0	2
0	0
0	0
0	0
4	240
0	0
0	23
1	387
0	8
0	0
0	0
0	0
0	0
0	218
0	7
0	0
0	92
0	2
0	9
0	18
0	0
0	20
0	12
0	0
0	0
0	0
0	0
0	6
5	12
2	19
0	1
0	0
0	0
0	0
0	0
0	1
0	0
0	0
0	195
0	0
0	2
0	29
0	0
0	235
0	0
0	0
0	1
0	3
0	18
0	0
0	1
0	128
0	22
0	2
0	0
0	0
1	257
1	0
0	448
0	22
0	22
0	1
0	0
0	0
5	142
53	180
0	244
0	0
223	0
0	0
1	117
0	12
0	0
0	15
3	2243
0	0
0	4
1	2119
0	0
0	0
2	337
0	0
0	0
0	0
0	0
0	0
0	994
0	0
0	577
4	418
0	166
0	0
1	0
0	78
0	0
14	0
0	10
0	2
0	55
0	1
0	0
0	382
0	0
0	612
0	16
0	43
5	178
0	0
0	0
0	0
9	166
0	5
0	0
29	73
110	1
0	13
0	0
0	189
0	0
0	1
0	0
1	76
0	0
0	4
0	1
0	15
0	0
0	0
0	0
1	422
0	1194
0	0
0	1709
0	0
0	0
0	8
0	0
0	2
0	0
0	0
0	28
0	0
0	0
0	74
0	0
0	83
0	0
0	53
0	0
0	47
0	40
0	0
3	69
4	75
0	0
0	0
0	0
0	266
0	141
0	49
0	280
0	17
0	3
0	401
0	1
0	1
2	14
0	0
0	99
0	231
0	0
0	74
0	0
0	0
1	91
0	0
0	315
2	2
0	0
0	0
0	189
0	0
0	0
0	124
0	34
0	139
0	38
0	13
0	0
0	0
0	193
9	1058
0	3
0	1
0	0
0	0
0	3
0	7
0	0
0	26
0	2
0	295
0	2
0	0
0	0
0	0
18	2
0	61
0	0
0	1
0	0
0	129
0	0
0	81
0	136
0	0
0	0
0	0
1	643
0	22
0	231
0	0
0	280
0	101
0	0
0	2
16	206
0	107
0	9
0	138
0	0
2	278
0	11
0	0
3	0
0	13
0	0
0	0
2	0
0	0
0	52
0	0
2	0
0	607
0	203
0	0
0	0
1	0
0	0
0	13
0	15
0	0
0	0
0	2
1	127
0	224
0	117
0	0
0	0
0	0
0	18
0	0
0	0
0	52
0	419
0	0
0	34
1	0
0	0
0	128
10	2
0	0
0	1
0	12
0	0
0	98
1	2
0	59
0	83
29	248
0	88
0	0
0	14
0	159
0	0
0	1692
0	0
6	312
0	84
0	0
0	28
0	0
0	0
0	1
1	7
0	41
0	6
0	483
0	0
13	2
0	1
2	54
0	35
8	14
0	14
0	2
0	222
0	0
0	179
0	1517
9	0
0	73
0	0
0	61
0	0
14	1071
3	516
0	1
0	0
0	0
0	1
0	0
0	0
2	1511
0	0
0	1
0	159
0	0
2	0
0	0
0	0
0	0
0	89
0	402
0	389
0	0
0	0
0	0
0	11
0	0
0	4
0	0
0	8
0	1
0	0
1	723
0	323
0	0
0	98
0	243
2	0
0	13
0	0
5	8
2	242
0	0
0	0
0	6
1	0
6	86
0	0
0	0
0	113
1	383
0	362
0	42
4	82
0	113
2	32
0	2
0	0
1	7
0	2
0	100
0	18
0	26
0	2
0	2440
0	0
0	0
0	4
3	795
1	7
0	6
0	0
0	0
0	0
0	0
0	1
0	11
0	489
0	3
0	176
0	0
0	588
0	0
0	79
0	0
0	0
0	0
0	355
0	0
0	125
0	2
11	348
0	0
0	101
0	0
1	8
0	55
0	0
0	1
0	0
0	0
0	286
0	5
0	2016
0	57
1	2
0	37
0	72
1	70
0	6
0	5
0	0
0	0
0	54
0	0
0	0
0	0
0	0
0	5
0	3
0	0
0	0
8	225
0	60
0	0
0	0
0	326
4	2
0	16
0	887
18	0
0	0
6	2654
0	42
0	0
1	0
0	32
0	7
0	8
0	0
0	13
0	158
0	0
0	13
0	26
0	1
0	0
0	0
0	0
1	60
0	0
0	1
0	9
0	0
0	0
0	0
1	81
0	1
0	2
0	66
0	2594
0	45
0	0
0	0
0	0
0	0
0	108
0	0
0	4
0	0
0	0
0	61
1	3
0	218
0	3683
14	79
0	0
0	302
3	583
0	0
4	244
0	1
1	1
0	0
0	0
1	338
0	764
0	5
0	0
0	89
0	11
28	0
0	8
0	299
0	0
0	0
1	56
0	7
0	94
0	1
0	173
0	466
3	1006
0	8
0	0
6	14
0	0
0	515
0	165
0	0
0	0
0	0
0	0
1	77
0	327
4	22
0	61
0	198
0	19
0	0
0	0
0	35
0	0
0	28
0	1
0	3
1	1964
0	0
0	0
0	0
0	0
0	5495
0	169
1	286
0	341
0	8
0	0
0	70
0	0
0	250
0	1916
0	0
0	0
0	0
0	10
0	0
0	0
0	0
0	10
1	0
1	625
0	25
3	64
0	3
0	229
0	2
0	62
0	0
0	376
1	302
0	0
0	804
0	374
5	437
0	14
0	5
0	0
0	0
0	0
0	0
0	51
0	0
0	10
0	65
0	0
0	0
0	0
1	231
0	23
0	930
0	0
0	0
0	0
0	1
0	12
2	0
1	35
0	0
0	75
0	5
0	30
0	1
0	0
3	1
0	8
0	73
0	47
0	1228
0	0
6	88
0	1
0	0
0	0
0	121
5	1
0	3
4	239
0	489
1	499
0	0
0	8
0	0
0	14
0	102
0	0
0	0
0	19
0	0
0	9
0	0
0	1
0	35
0	60
1	1
0	233
0	3
0	0
0	0
1	148
0	28
0	48
0	0
0	137
0	0
0	0
0	122
0	4
0	8
0	1
0	125
0	461
19	0
0	0
3	78
0	0
0	0
0	248
0	0
3	0
1	377
0	0
0	35
0	287
0	25
0	27
0	0
0	411
0	234
0	736
0	2
0	123
0	16
0	0
0	9
3	5
0	0
0	0
0	7
0	1
0	0
2	140
0	29
0	8
0	40
0	0
0	57
0	0
0	3
0	4
0	0
2	31
51	1
0	730
0	59
0	1
0	81
0	1
0	0
0	0
3	279
0	0
0	0
0	15
196	245
0	0
0	0
0	2
0	3
0	0
0	194
0	3
0	1
0	3101
0	2
0	0
11	646
0	41
0	0
0	1
1	3
0	0
1	2
0	0
0	0
0	11
3	559
9	44
1	128
0	94
0	215
0	0
3	286
0	1
0	2
0	1
0	2
0	223
0	0
0	0
0	186
0	0
0	25
0	0
0	3
0	0
1770	5
0	48
0	805
0	0
0	161
0	1
0	0
0	1
5	3
0	0
2	4
1	0
0	1
41	595
1	32
0	2
3	0
0	0
0	0
0	0
0	21
0	0
0	0
1	137
1	81
0	29
3	265
49	542
0	0
0	108
1	99
0	1
0	2
0	19
0	98
0	2
0	0
0	0
1	236
0	0
0	0
50	574
1	67
0	1
0	2
0	15
0	0
0	1
0	0
0	224
0	3
1	0
0	3
0	531
0	0
0	0
2	218
0	0
0	62
0	1599
109	12
0	0
0	1
0	0
0	118
0	180
0	0
0	0
0	0
0	0
1	15
1	6
0	7
0	86
0	34
0	39
2	0
0	1
0	0
0	0
0	0
0	386
0	871
0	0
9	2681
0	0
0	0
0	12
0	1
0	1
0	89
0	25
0	2
0	19
1	145
0	2
0	81
1	293
0	0
0	3
0	0
0	551
0	0
0	0
0	2
0	0
8	1039
0	0
1	1
2	171
0	29
1	4
7	996
0	0
0	0
0	36
0	62
0	12
0	0
0	3
0	0
0	64
0	0
0	54
0	1
0	0
0	54
0	696
0	3851
0	6
0	0
0	0
1	125
1	23
0	48
0	0
0	308
1	131
3	74
3	1
0	456
1	15
0	0
0	0
5	0
5	4613
0	27
0	5
1	1
0	84
0	0
0	5
0	0
0	0
0	124
0	5
0	0
0	4
0	0
75	0
0	0
4	513
0	9
0	3
4	1147
374	439
0	2
0	0
0	0
0	0
1	138
1	59
0	0
0	10
0	0
1	63
2	0
0	39
3	11
0	118
0	0
0	2
0	1052
0	91
0	0
0	203
0	1
0	0
1	1
0	71
0	10
0	3
0	0
0	200
0	0
0	0
0	4
0	0
0	0
0	0
0	0
0	0
0	0
0	0
0	0
0	153
0	49
1	30
0	0
0	1153
0	0
0	2
0	5805
0	0
0	206
0	222
0	17
0	0
0	0
0	1
0	0
0	21
0	411
0	196
0	0
0	0
0	0
0	0
0	0
0	0
0	2
0	0
0	0
0	0
0	28
1	2
0	0
1	493
0	0
0	19
0	4
0	6
34	4898
0	0
0	226
0	16
0	108
0	0
0	347
1	0
0	0
1	294
0	0
0	70
1	2
0	337
0	0
0	60
0	0
0	3799
0	0
0	77
2	11
0	1
0	28
0	21
1	0
4	190
0	552
0	0
0	0
0	3
1	16
0	0
9	365
3	70
0	308
4	911
0	0
0	140
0	1
0	1833
0	1
2	2
3	32
0	0
4	8
0	0
0	87
0	0
0	0
0	0
2	385
0	0
0	0
3	61
0	0
0	2
0	91
0	1
0	0
0	2
0	0
0	18
0	10
1	5
0	0
3	351
0	0
0	0
0	0
0	1
0	16
0	1
0	0
0	373
0	0
4	194
0	0
0	1655
0	20
0	0
0	82
0	253
0	0
0	3
1	47
1	1644
0	0
0	7
0	0
0	1
0	1
9	0
77	79
1	67
0	0
0	921
0	2
0	0
0	0
0	997
0	0
0	3
0	66
0	36
0	58
0	1
0	0
0	120
0	0
4	52
0	38
0	1
0	0
1	21
0	1307
0	116
0	57
0	0
0	21
0	0
0	0
0	9
0	1
2	425
0	1
0	172
0	80
0	2
0	504
0	0
1	0
0	0
0	0
0	10
0	0
0	1
0	3
0	0
0	0
0	0
0	0
1	189
0	1
0	68
0	0
0	50
0	3
2	27
7	297
1	5
12	1
29	0
0	0
0	6
0	0
0	2
3	310
0	95
0	0
0	257
0	1
0	0
0	0
0	0
0	5
0	8
0	419
0	116
0	0
0	1
0	10
0	0
0	148
1	18
0	712
0	46
0	0
0	0
0	0
0	1
0	0
2	159
0	3
0	50
3	0
0	0
0	0
0	11
0	14
1	25
0	0
0	28
1	17
1	537
0	129
0	60
0	77
0	0
0	0
1	135
3	6
0	2
0	33
0	3
0	0
0	43
0	12
0	1
0	60
583	595
0	112
0	0
0	158
0	0
0	0
0	14
0	1
0	4
0	45
0	16
0	63
0	0
0	0
0	552
0	0
0	1
0	29
1	0
1	298
0	4
0	0
0	55
0	0
0	2522
0	0
4	39
0	12
0	8
4	68
0	0
0	2
0	15
0	134
0	0
0	0
1	15
0	5
0	210
0	0
0	5
0	175
0	70
0	10
0	0
0	103
0	0
1	0
0	3
0	3
0	135
0	0
12	118
2	1
0	20
0	0
0	0
0	203
3	123
2	26
0	0
0	20
0	0
5	471
1	40
0	0
2	20
0	144
0	19
0	0
0	0
4	92
13	1
1	0
0	1
0	346
0	0
0	0
0	0
0	6
0	0
1	3140
0	73
0	0
0	6
0	1
0	122
0	0
0	141
0	0
5	547
0	0
0	2
2	9
0	38
0	0
1	295
0	5
0	131
0	8
0	13
0	0
0	0
2	37
0	1
0	0
0	5
0	470
0	0
0	0
0	100
0	178
0	0
0	196
0	1
0	0
0	96
0	259
1	450
0	0
8	204
0	12
4	12
0	0
0	3
0	2
1	0
0	27
0	126
0	8
0	1
0	0
6	0
50	1036
2	22
42	0
2	30
0	115
0	0
0	0
5	104
0	0
0	328
0	8
0	0
0	4
0	4
0	41
0	16
0	0
0	0
0	2
0	0
0	31
0	0
9	46
9	25
0	12
9	149
0	4
0	53
0	0
0	1
0	122
0	1125
0	0
0	2834
4	0
0	0
0	0
0	0
0	1
1	82
0	0
0	5
0	18
0	0
0	1
0	493
0	632
0	231
1	4
0	0
0	52
0	0
0	76
1	22
2	96
0	0
0	39
0	75
1	9
0	0
0	2
0	0
0	0
0	0
0	0
6	213
1	19
2	332
0	26
0	0
0	0
3	25
0	1
0	3
22	334
0	0
1	174
1	0
0	0
0	188
0	0
1	222
1	1665
0	1
0	0
0	0
0	3
0	13
0	425
0	255
0	0
0	0
0	0
0	220
0	1
0	24
0	0
1	77
0	0
0	0
0	139
0	13
0	0
0	0
0	0
0	11
8	190
0	22
0	0
0	1005
0	0
0	0
0	125
0	0
0	0
25	510
0	0
2	112
0	0
0	56
0	0
0	0
0	363
0	1005
0	165
0	0
0	0
0	1045
0	0
0	0
0	1458
0	758
0	0
0	259
0	0
0	11
0	0
0	10
0	11
0	62
0	176
8	358
0	3
0	30
0	133
0	0
0	1
0	0
0	17
0	1
0	61
0	0
0	8
0	53
0	2
0	2
0	0
0	0
0	92
0	15
0	1
0	69
0	0
2	0
0	108
1	346
0	4
0	494
3	18
0	0
0	28
0	15
0	8
0	38
0	0
0	0
0	48
0	0
0	0
0	3
0	5
1	94
0	11
0	0
0	11
0	7
0	0
1	2
0	12
0	0
0	140
0	1
0	3
2	554
0	33
0	0
0	82
0	1
1	0
0	0
1	252
0	0
0	0
0	1
0	0
0	0
0	5
0	0
0	1
0	0
0	7
0	10
0	0
0	970
1	494
0	2028
0	0
2	63
1	0
3	6
0	0
0	2225
0	1
7	24
0	0
0	0
0	0
0	0
4	0
0	9
0	830
29	0
1	1
0	10
0	0
0	0
0	0
3	2
0	0
0	1
0	0
3	488
0	3
16	0
0	53
0	7
0	0
0	2
0	4
0	0
0	1
0	33
1	2006
3	3419
5	6
0	0
1	37
0	43
0	0
0	0
253	644
0	0
0	10
5	211
0	35
0	8
0	0
0	66
0	0
0	266
0	0
0	0
1	6
2	38
0	1551
0	0
0	86
0	0
0	4
0	0
1	1004
0	341
0	319
4	178
22	8
0	81
3	0
116	48
1	0
0	0
0	0
0	0
0	0
0	79
0	137
0	0
0	40
7	287
0	0
0	74
0	0
0	0
0	0
0	4
0	292
0	0
0	0
0	74
0	1877
0	568
15	668
0	17
0	0
0	522
0	0
0	0
0	1
0	148
0	0
0	0
0	0
0	0
0	0
0	273
1	2
0	17
0	0
0	0
5	0
2	19
0	0
0	0
0	124
0	0
0	0
0	1277
0	51
0	0
0	0
0	5
0	0
0	59
0	83
0	0
0	0
1	339
0	0
0	133
0	0
0	4
2	10
0	3386
0	4
0	6
0	1
0	58
0	338
0	3
7	0
2	22
0	307
4	65
0	0
0	2
0	5
0	178
0	0
0	0
0	0
0	1
2	7
0	1859
0	0
0	4
0	194
0	104
1	1
114	0
0	16
0	6
2	26
0	103
0	17
0	12
0	5
0	40
0	6
0	0
0	24
2	1
0	0
0	0
1	107
0	0
0	1
0	0
0	0
0	356
1	0
0	42
0	2
0	0
0	0
1	9
1	222
0	0
0	2
4	491
0	0
0	20
0	0
0	1
0	450
0	0
0	1
0	285
0	1
1	6
0	62
0	7
0	2
0	1
0	0
0	7
0	0
0	0
2	33
1	695
0	2
0	0
0	3
0	0
3	183
0	16
0	27
0	1
0	1
0	0
0	31
0	0
0	0
0	13
0	0
7	372
0	26
0	1
0	0
0	1
0	223
0	0
4	98
0	0
0	0
0	110
1	1054
0	8
0	0
0	1
0	15
0	0
0	17
0	0
0	7
0	8
0	0
11	194
0	36
0	13
0	0
0	13
4	1
1	676
1	3
2	0
0	47
0	0
0	7
0	0
3	254
1	40
0	19
2	888
0	0
0	8
0	16
0	0
0	9
0	0
0	2
0	0
0	72
0	469
0	0
0	3
0	0
1	11
0	0
0	0
0	2
0	182
1	2
0	0
0	29
0	9
0	0
2	13
0	53
0	4
6	263
0	541
0	0
0	1
0	8
0	1
0	3
1	70
0	0
0	164
0	209
6	135
1	217
26	118
29	0
0	0
0	18
0	0
0	28
0	0
0	0
0	0
0	17
0	0
0	105
0	0
0	41
0	42
5	132
0	0
0	0
0	821
0	0
0	31
6	98
2	0
0	0
0	170
0	0
0	4
0	31
0	1
0	9
0	0
2	81
0	7
0	0
0	3847
0	111
0	16
0	789
0	0
0	0
2	595
0	0
0	135
2	0
0	0
9	2
0	29
0	70
0	2076
0	0
0	211
0	0
0	0
1	0
0	508
0	14
0	2
0	242
0	112
0	11
4	4
0	1
0	0
0	116
0	208
0	3
0	0
0	32
0	16
0	24
0	0
0	36
0	1498
0	0
0	7
0	0
5	0
0	0
0	0
0	58
0	70
0	0
0	0
0	0
0	69
0	0
11	12
0	0
1	411
0	0
12	14
0	4
0	0
0	2
0	0
0	0
8	101
0	0
0	6
0	5
0	0
0	0
0	44
0	2
0	36
0	181
0	22
0	114
0	1
0	2
1	0
0	14
0	0
0	97
0	0
0	0
0	81
0	552
0	0
6	260
0	24
0	7
0	14
0	0
10	0
0	0
1	1
0	52
0	6
0	1
0	2
0	0
0	4
0	3
0	1
0	0
0	1
0	0
0	0
0	0
0	0
0	0
4	151
0	0
1	18
7	17
1	27
0	46
0	525
2	40
0	35
1	3
3	431
0	345
0	3386
0	405
0	0
0	1
0	0
0	146
0	135
0	0
0	0
0	0
0	0
0	25
0	0
0	60
0	0
0	1
0	3
0	0
0	108
0	0
0	8
6	3468
0	1
0	0
0	40
0	0
1	289
0	2302
0	0
0	0
0	178
0	550
0	0
0	0
0	566
0	1
0	0
1	0
0	0
0	1
0	164
0	0
0	0
0	213
0	0
0	22
0	0
0	116
0	0
0	132
2	121
0	0
4	1566
0	43
0	56
0	0
0	223
0	40
0	0
0	1
0	18
0	0
1	20
0	1
0	24
0	14
0	0
0	0
0	0
0	3
3	131
0	0
330	3
0	0
0	0
2	49
0	584
0	346
0	0
0	0
0	30
0	13
0	21
0	0
0	89
0	5
0	6
0	3
11	135
1	7
0	14
0	1
0	13
0	0
1	11
0	683
0	0
0	0
1	68
0	0
2	31
2	0
0	1
0	0
0	0
1	25
0	1
0	0
0	0
0	0
0	200
2	1
0	56
0	3
0	3
0	11
0	1
0	0
0	0
0	174
0	11
0	328
0	1
0	0
80	0
0	451
0	0
0	0
0	0
0	17
0	0
0	1
0	0
0	0
0	89
2	25
0	2
0	19
0	29
0	102
11	137
2	43
0	0
0	0
0	0
0	0
0	0
0	10
0	1
0	0
0	0
0	0
0	6
0	4
0	472
0	0
0	3
0	79
0	0
0	0
16	4141
0	0
0	32
0	0
0	28
0	0
0	0
0	0
0	0
0	0
0	34
1	0
0	0
0	226
0	0
0	96
2	5
0	0
1	0
0	886
0	5
0	0
0	3
0	12
0	3
0	22
0	1355
1	2
1	1
6	12
0	1
0	0
0	8
0	0
0	0
0	0
0	0
0	0
0	1
0	3
0	71
16	0
0	650
0	0
2	232
0	0
0	3
0	0
0	0
0	0
0	0
2	0
0	6
0	0
0	0
0	288
0	0
0	0
0	6
0	0
0	570
0	33
0	6
0	212
0	11
0	0
0	0
0	0
0	1
0	15
0	3881
0	2526
0	188
0	0
0	16
0	0
0	0
0	0
0	166
0	6
0	10
25	15
0	12
5	123
0	0
0	49
0	43
0	0
0	1
1	483
0	2053
0	0
0	0
0	0
0	1433
0	0
0	0
0	99
0	0
1	5
0	675
0	21
1	7
0	0
0	540
0	108
0	0
0	2
0	0
0	109
0	0
0	0
0	0
0	0
0	0
0	0
0	3
0	6
0	0
0	53
0	1
0	0
0	164
0	72
6	61
0	0
2	1
0	107
0	0
0	0
0	0
0	21
0	0
0	0
0	0
0	14
21	1277
0	449
0	0
0	550
0	0
0	0
0	87
0	5
0	0
6	619
0	1
0	600
0	0
0	0
0	0
0	8
0	88
0	0
2	7
0	0
0	622
0	109
4	2
0	0
0	2
0	28
0	28
0	0
0	0
0	0
1	20
0	0
0	0
24	0
0	9
0	1692
0	32
0	19
0	17
0	64
0	0
0	0
0	0
5	51
0	0
0	0
0	188
0	0
0	0
4	135
1	24
0	142
0	0
0	8
0	0
0	43
0	10
1	0
0	0
0	0
0	504
0	0
0	34
0	0
0	56
0	0
0	40
0	0
0	1
0	0
0	29
2	27
0	0
0	753
1	791
21	32
0	14
0	3
0	62
0	14
0	52
0	0
0	0
0	0
0	21
0	23
0	0
0	0
192	0
0	1
1	0
1	0
0	0
0	426
0	23
0	7
0	0
2	674
0	1893
0	0
0	6
1	0
0	0
2	13
0	100
0	1
0	0
0	3
6	191
0	2
0	155
1	13
0	370
0	0
0	229
0	138
10	14
0	0
0	0
0	0
0	77
0	28
2	84
0	51
1	22
0	20
0	0
0	109
0	5
0	0
0	0
0	69
0	0
1	13
0	12
0	1
0	0
0	0
13	90
0	0
0	20
0	0
0	2
0	0
0	0
0	158
0	15
0	15
39	0
0	27
0	3
0	0
0	12
1	51
0	0
0	2
0	43
0	0
0	50
0	0
0	143
0	0
2	458
0	0
24	1
3	0
0	1
0	0
0	0
0	25
0	2056
0	250
0	52
0	13
0	0
6	178
1	250
0	0
0	0
0	1
0	0
0	0
0	3
2	1
33	0
2	3217
0	4
1	70
1	122
0	46
0	1
1	493
0	100
0	0
0	23
0	2
29	207
0	0
0	0
0	0
1	2
0	5
0	35
0	437
0	0
0	2
0	0
0	19
0	0
0	59
0	0
1	28
0	0
1	40
0	0
0	0
0	2
0	101
1	0
0	270
0	475
0	0
0	0
1	0
0	65
1	397
0	0
1	1026
2	54
0	0
0	2
0	6
0	0
0	0
0	0
1	20
0	116
0	8
1	47
0	2
0	253
0	33
1	408
0	11
0	0
0	0
0	0
0	81
0	1
0	1
0	68
0	24
0	1160
0	467
0	190
0	8
0	212
7	156
0	72
0	0
0	0
0	287
0	0
0	0
0	412
0	0
0	1
0	1
1	198
0	0
0	0
0	0
49	0
0	0
0	15
0	0
0	0
28	3526
0	3130
0	0
1	4
0	5
4	11
1	4
0	2
0	0
0	0
0	0
0	4
0	1
0	0
0	70
0	0
0	0
0	0
0	0
0	21
0	17
4	0
0	0
0	0
3	232
0	0
0	78
0	0
3	116
0	248
0	0
0	313
0	0
0	1
2	48
0	0
0	25
1	0
0	0
0	0
0	0
2	0
18	40
0	0
0	86
0	0
0	65
0	15
0	18
0	0
3	12
0	56
0	252
5	257
1	129
2	34
1	35
0	0
0	0
0	0
0	0
0	7
0	0
0	0
0	5
0	1
0	60
0	98
0	0
0	1
0	0
0	0
1	20
0	39
0	0
0	0
0	14
0	0
0	289
1	1
0	7
0	0
0	0
0	0
2	39
31	2
0	0
0	0
0	5
0	351
0	0
1	1029
1	6
0	178
0	0
0	2
0	13
0	0
0	105
0	104
16	4
0	16
0	5
0	9
0	14
0	0
0	0
0	0
0	1
0	40
1	0
2	504
0	5
0	8
0	0
0	0
0	0
0	58
0	0
0	0
0	596
0	155
0	3
0	0
1	30
0	206
0	1476
0	0
0	37
0	0
0	11
1	182
0	0
0	13
0	2
9	0
0	0
0	0
0	0
0	0
0	5
0	2
0	0
0	500
0	0
0	17
0	0
4	24
3	65
0	0
0	0
11	13
5	59
0	6
3	11
0	0
0	0
0	0
1	1
0	0
1	1640
0	20
0	0
0	114
0	3
0	554
0	0
0	172
0	42
1	28
0	0
0	0
0	19
0	57
0	0
0	0
0	0
1	448
0	47
0	72
4	138
1	331
0	0
0	80
0	0
0	0
0	182
0	2
11	2120
7	185
1	950
0	0
0	0
0	0
0	0
0	36
0	0
0	2
0	202
5	528
0	0
0	0
0	0
1	46
0	0
0	0
0	7
0	103
0	0
0	0
0	0
0	0
0	0
0	1
0	280
0	5
0	0
0	0
0	0
0	142
0	8
1	1010
1	156
0	30
1	53
0	0
0	1070
0	74
0	31
0	124
0	268
0	2
0	0
0	0
0	214
0	1
0	0
0	16
0	5
0	0
0	89
0	0
0	0
0	730
0	3
0	187
0	0
0	0
1	6
0	0
0	82
0	0
0	50
0	0
0	23
0	0
15	4007
0	0
1	0
0	0
0	1
1	462
0	4
0	0
0	486
0	0
0	0
0	0
0	27
0	18
0	12
0	10
0	0
0	0
0	0
0	0
0	0
0	192
0	446
0	1147
5	12
0	3
0	0
0	118
0	51
1	391
0	0
0	118
0	178
0	0
0	0
5	1057
0	98
0	0
0	0
0	1
2	2
0	1
0	0
0	146
0	0
0	52
0	0
0	0
32	5
0	0
0	0
0	0
0	78
0	0
0	0
0	79
0	0
0	4
0	7
0	8
0	0
1	691
2	1104
0	4
0	1
0	40
4	488
0	97
0	8
0	166
0	1500
2	90
5	0
0	1062
0	40
0	69
0	0
0	0
0	703
0	0
0	23
0	8
0	2
0	0
0	0
0	2
1	1
5	14
0	139
1	64
0	0
0	20
0	14
0	0
0	0
0	456
0	0
0	0
0	4
0	18
0	38
0	0
0	0
0	1
0	0
0	0
0	0
0	346
0	1007
0	1673
0	36
0	0
1	4
0	50
5	34
0	0
92	10
0	0
0	0
0	0
0	11
0	383
0	0
0	0
1	95
0	376
0	44
0	3
0	1
0	29
0	0
0	0
0	0
0	0
0	0
0	2
0	157
0	17
0	2
0	189
0	0
0	0
0	0
0	712
0	11
0	11
0	1
0	0
0	72
0	4
0	170
0	11
0	0
0	5022
0	0
0	0
0	992
0	320
0	0
0	0
0	0
12	0
0	0
0	0
0	0
0	3
5	675
0	0
1	198
0	457
0	115
0	0
0	0
0	469
0	2
0	0
0	0
0	12
0	17
0	0
1	96
0	0
0	42
0	0
0	74
0	0
0	0
0	0
0	2
0	25
0	7
0	2
3	229
1	69
3	13
0	0
0	0
0	16
2	1
0	10
0	0
0	0
20	21
6	860
1	273
0	33
0	0
0	51
0	0
4	158
0	784
0	0
0	13
0	727
12	1800
0	0
0	0
0	0
0	0
0	0
0	0
6	263
1	8
0	10
0	55
0	0
0	0
0	0
3	209
10	3
0	0
0	5
0	0
0	150
0	1
0	0
4	84
46	2
0	0
0	0
0	0
0	0
0	0
0	134
3	0
0	0
0	23
0	1
0	0
7	143
0	0
0	0
1	0
0	9
0	9
0	3
0	1
11	274
0	0
0	25
3	0
0	0
0	13
0	0
2	2701
0	4
0	20
0	0
1	1
0	14
0	0
18	11
0	0
0	2
0	0
0	0
3	1184
0	4
0	0
0	0
0	5
0	10
28	51
0	0
0	71
0	0
0	0
0	6
0	358
0	0
0	0
0	3
0	34
0	0
1	11
0	14
2	717
0	3
0	8
0	0
0	2394
1	0
0	610
0	0
0	0
0	1
0	274
0	4
0	621
0	42
0	11
0	0
0	0
0	0
0	148
0	0
0	4
0	0
1	1
1	0
1	79
0	0
0	78
0	452
0	29
0	807
0	127
168	270
0	10
0	0
0	0
0	0
0	16
0	0
0	0
0	2
0	4
0	0
0	0
0	0
0	0
0	1
4	0
0	0
0	6
0	7
0	17
0	2
0	0
0	49
0	1
0	0
0	0
0	16
0	79
0	6
0	0
0	8
0	839
2	9
0	0
0	0
0	9
0	0
2	218
0	0
0	0
0	15
0	205
0	0
2	127
2	36
0	50
0	0
15	1
0	0
0	0
0	0
0	69
7	2
0	99
0	23
0	35
0	9
1	435
0	0
0	0
0	20
0	0
0	3
0	276
2	4
0	0
0	0
0	141
0	0
2	258
0	0
0	0
0	0
0	2
0	4
0	21
0	62
0	231
0	45
3	1
0	2
0	0
141	0
2	184
0	0
0	0
0	3
0	609
0	387
0	0
0	0
0	1005
0	37
0	0
1	0
2	25
0	0
0	0
0	0
0	2
0	1
0	0
0	102
0	100
0	162
0	0
0	2
0	2
0	432
0	0
0	22
0	0
0	0
0	0
0	0
7	269
1	31
0	0
0	2
0	0
0	0
9	1949
0	90
0	0
412	2
0	649
0	0
0	76
0	87
0	32
1	64
4	0
0	0
0	3
0	0
0	134
6	0
1	111
0	51
0	0
1	25
1	2
1	0
1	46
2	5
1	86
0	0
0	660
0	4
0	0
0	0
0	0
0	9
0	215
0	10
0	0
0	0
0	0
0	352
0	8
0	350
1	28
0	1
0	5
0	0
0	15
0	2
0	3
0	52
0	0
0	39
0	1
0	0
1	11
0	0
1	0
0	56
0	22
0	0
0	8
20	1
0	4
0	29
0	0
0	0
0	15
2	488
0	0
0	0
0	184
0	35
0	0
0	0
0	5
0	66
0	12
0	19
1	9
0	1
0	4
0	0
1	3
0	12
0	407
0	110
0	0
0	15
0	0
0	0
9	3
0	0
0	0
0	100
0	0
1	122
0	36
0	226
0	0
0	38
0	0
0	0
0	0
0	0
1	3
0	109
1	509
4	910
0	2
0	0
0	0
0	5
0	78
0	0
0	206
0	3
0	232
0	9
0	4327
9	183
0	11
0	46
0	34
0	0
0	0
0	0
3	169
0	0
1	0
3	0
0	0
0	0
0	0
0	0
0	0
0	0
0	5
19	182
0	4
1	1
0	273
1	5
7	1
0	89
0	0
1	110
0	25
0	128
0	4
1	44
1	0
0	66
2	25
0	0
0	218
0	1567
2	40
70	10
7	24
0	0
0	0
1	438
0	0
0	0
0	0
0	0
0	0
0	0
0	9
0	0
0	24
0	44
0	0
36	2248
0	0
0	71
0	214
0	1
0	0
1	53
0	119
0	0
0	0
0	27
5	29
2	118
0	83
0	3
0	0
0	0
0	0
0	0
0	0
0	100
0	28
0	38
0	13
0	3
0	0
4	177
0	17
0	3
1	32
0	376
0	0
0	0
1	4
0	10
0	0
0	174
40	72
0	675
0	201
0	0
0	23
0	1
0	0
0	4
1	3
0	742
0	32
0	0
0	1
0	0
0	1
0	0
0	0
0	0
0	0
0	9
0	0
0	341
0	545
0	443
0	1
0	677
0	0
0	460
1	63
0	3
0	0
0	5
0	577
0	47
0	0
2	18
0	11
12	14
1	3
7	5
0	0
0	0
1	1
0	76
0	9
0	6
2	1
0	130
1	0
0	22
0	188
0	0
0	522
0	148
0	0
1	3129
0	4
0	1
0	2044
0	185
0	0
0	479
1	0
15	1254
0	34
0	0
1	16
0	0
0	0
0	246
0	175
0	0
0	1
0	7
0	2
13	2694
0	59
0	58
0	72
0	277
0	0
0	273
0	665
0	2
0	0
0	0
0	0
0	6
0	0
0	1
10	230
0	0
0	0
0	1
0	0
0	2163
0	0
0	0
0	17
0	160
3	1
0	5
0	0
0	72
0	0
0	387
0	0
0	6
0	0
0	0
0	7
1	14
0	4
0	23
0	172
0	0
0	0
0	0
0	0
0	3
4	0
2	134
0	0
5	0
0	0
0	0
0	0
0	266
2	2
0	62
0	2101
0	0
1	4
0	238
0	0
0	0
0	1
0	33
0	3
0	1313
0	0
0	0
0	0
0	90
0	0
0	670
0	39
0	2
0	56
1	11
0	8
0	3
1	199
3	62
0	127
0	392
0	0
0	15
0	0
2	975
0	7
0	3
0	259
0	0
2	6
0	6
0	0
0	40
0	3
0	5
0	462
0	1
1	639
0	0
0	6
3	1
0	0
0	0
0	0
1	77
0	0
0	0
0	288
0	3
5	816
0	1
0	4
3	23
1	24
0	0
0	0
0	0
3	222
0	0
1	0
0	0
0	117
0	0
0	7
0	0
1	0
0	2
0	1
0	0
0	0
0	23
0	4
0	0
0	0
0	0
0	86
0	0
0	0
5	42
0	0
0	15
0	0
0	0
0	0
0	0
0	0
1	40
0	103
0	14
0	0
1	0
0	37
0	3
0	0
0	1
0	0
5	78
0	672
0	69
0	0
14	322
1	0
0	143
0	0
0	0
0	202
1	0
0	0
0	11
0	0
0	98
0	57
1	0
0	0
0	56
0	368
0	0
0	2
1	2
5	51
0	549
0	0
0	15
0	381
0	351
0	0
0	0
2	8
1	0
0	28
0	0
0	4
0	392
0	116
0	1
0	10
0	0
2	848
0	1739
0	56
2	9
0	134
0	4
0	178
0	202
0	48
0	14
0	1
0	8
0	0
0	0
0	28
0	0
0	0
0	0
0	0
286	542
0	137
0	332
0	3
0	7
0	56
0	0
0	139
0	296
2	16
7	377
0	1596
0	303
0	0
0	0
0	0
0	6
0	0
0	0
0	301
0	73
0	21
12	31
0	1
0	20
0	212
1	616
0	4
0	31
0	1
0	0
0	300
0	123
4	237
0	0
1	674
49	0
0	0
0	29
1	195
1	147
0	223
0	0
0	1
0	0
0	0
0	0
0	0
2	415
0	0
0	0
2	0
0	209
12	1509
0	0
0	0
0	2
0	0
0	10
0	0
0	101
1	544
0	0
0	4
0	0
0	0
0	3
0	1
1	1
7	49
0	38
0	57
0	6
0	0
0	0
0	0
0	252
0	0
0	1800
0	6
0	5
0	9
4	443
1	853
1	267
0	0
0	0
0	0
0	0
0	75
0	0
0	0
0	0
0	0
0	2
4	2
1	2642
0	0
0	0
0	0
0	413
0	0
0	0
0	0
0	27
0	73
2	6
2	269
0	0
0	0
0	1
0	284
0	250
0	0
0	127
0	0
0	0
0	4
0	0
4	15
12	168
0	41
0	165
0	1852
0	128
0	0
0	0
0	14
4	430
0	17
0	1
0	0
0	102
0	0
0	207
0	75
0	0
0	0
0	0
0	0
0	133
0	123
0	341
1	0
0	2
0	0
0	184
0	0
0	1
0	471
2	987
0	218
0	451
0	0
0	0
0	0
0	0
1	0
0	3
0	0
0	39
0	9
1	0
0	0
2	369
0	0
0	0
0	2
3	41
0	0
11	97
0	0
0	11
0	5
0	12
0	0
0	17
3	5
0	0
0	14
0	12
0	0
0	0
0	0
0	0
0	0
0	0
0	3
0	1
0	3
0	0
0	0
0	230
1	2
0	3141
0	24
1	154
0	0
0	0
0	0
0	2
0	189
0	0
0	794
0	0
0	0
0	0
34	728
0	268
0	0
0	26
0	66
0	0
0	180
0	42
0	8
0	0
0	39
0	2
1	144
0	0
0	1
0	31
0	44
0	0
2	0
0	0
0	86
1	183
31	28
0	5
0	7
0	7
0	351
0	0
0	0
0	0
0	8
0	0
0	279
0	0
0	71
0	21
0	0
0	1
0	306
0	0
0	4
0	0
0	0
1	73
0	0
0	0
142	0
0	0
0	0
0	0
0	0
0	2
0	0
0	1
0	0
0	8
0	61
0	2
0	6
0	50
0	780
0	82
0	69
0	0
0	0
1	59
0	0
0	48
0	147
0	0
0	2
0	0
0	0
0	11
0	0
0	0
0	1
0	50
0	0
0	5
0	35
0	100
0	178
0	9
0	5
0	13
0	0
0	19
0	473
0	0
0	0
1	42
0	22
0	0
1	19
0	59
3	2
0	0
0	3
0	0
8	160
0	13
0	0
0	0
0	0
0	3
0	0
0	0
0	7
0	215
0	0
0	273
0	0
0	5
0	10
0	184
0	0
0	32
0	2
0	0
0	9
0	0
0	0
4	69
0	7
0	1
0	0
0	0
0	10
0	16
0	0
0	8
0	1
0	0
1	0
1	6
0	170
0	73
1	61
1	361
0	497
0	0
7	217
0	0
0	0
0	0
0	0
0	7
0	22
0	1
0	107
0	0
0	1340
0	71
0	136
1	351
4	18
0	103
2	2
0	474
0	237
5	24
0	0
0	0
0	1363
0	460
0	0
0	0
0	0
0	0
0	6
0	3
0	0
0	142
0	11
0	43
0	0
0	55
0	26
0	54
0	5
0	0
2	49
0	0
0	8
0	0
0	22
98	11
2	0
0	0
0	0
0	0
0	104
0	0
0	8
0	55
0	6
18	1499
0	0
0	172
0	0
0	0
0	155
0	0
0	2
0	14
1	1033
0	0
0	0
1	79
0	1019
0	602
0	40
0	2
0	0
0	0
2	113
1	31
0	0
1	16
0	108
61	3
0	1469
1	2712
0	0
0	4
1	2
0	0
0	97
0	703
0	0
0	0
0	71
0	0
0	9
3	970
0	380
0	0
0	17
0	479
1	844
0	0
0	0
0	215
0	30
0	17
2	0
0	0
0	750
0	12
0	187
1	0
0	0
0	0
0	631
0	242
0	17
0	1
0	0
0	20
0	0
1	0
0	1
0	0
0	0
0	0
0	250
0	0
0	34
0	0
11	33
30	0
0	0
0	5
0	1091
0	0
0	0
0	5
1	2
0	431
0	0
5	0
5	85
0	9
0	18
0	0
0	0
15	1184
0	0
7	0
0	28
0	0
0	28
0	0
0	40
0	53
1	0
0	4
0	1
0	104
0	7
6	612
0	269
0	3
0	323
0	30
703	65
0	0
0	13
0	1708
2	325
0	2
0	136
0	9
0	0
0	179
0	0
0	0
0	9
0	0
0	0
4	11
0	0
0	0
0	0
0	110
0	0
7	1063
0	17
0	0
0	0
1	2
0	11
2	670
0	0
0	2
0	0
0	11
0	3
0	0
0	0
0	0
0	37
0	0
0	0
2	99
0	0
0	80
15	2820
0	5
2	907
0	304
0	2
0	0
43	0
0	0
0	0
0	646
0	0
1	3
0	4
0	1
0	0
0	53
0	0
0	0
0	0
0	72
0	11
0	1
0	24
8	5
0	25
6	1109
0	0
0	18
4	238
0	1
0	12
2	887
0	0
1	0
0	0
1	1074
0	0
0	36
0	88
0	3858
0	0
2	235
0	297
0	2
0	0
0	38
0	0
0	12
0	0
2	10
0	0
0	0
2	3076
0	2495
0	0
0	0
0	880
0	69
0	94
1	319
1	8
0	0
286	922
3	0
0	13
0	1
0	6
0	13
0	0
1	7
0	3
0	49
0	0
0	3
0	0
0	0
0	34
0	2
0	0
0	9
0	24
0	16
0	2
0	1
1	1
0	0
0	33
0	0
0	0
0	26
1	101
0	2
0	27
0	236
0	80
0	0
0	3631
0	0
0	0
1	27
0	121
0	0
0	0
0	0
23	66
0	0
0	4
0	0
0	25
0	260
0	16
0	7
0	25
0	0
0	0
3	26
10	227
3	654
0	0
0	85
0	0
0	1
0	0
0	67
1	35
0	378
0	1
1	96
0	2
0	29
0	51
0	0
0	419
0	1
0	17
0	20
0	42
0	0
0	0
0	3
0	0
0	0
0	4
0	3
0	81
0	6
0	18
10	0
0	0
5	0
20	0
0	0
3	208
5	4
0	46
0	0
0	1671
0	0
0	0
0	77
0	0
0	69
0	0
0	9
5	26
0	12
0	383
0	46
0	121
0	149
0	0
0	0
0	0
0	8
0	223
0	0
0	284
7	3975
0	14
0	224
0	36
0	0
0	0
0	2
0	6
0	0
12	785
0	0
0	0
0	0
0	0
0	0
0	2
0	59
1	499
0	28
0	3
0	0
0	0
0	0
0	0
0	1
0	1
0	0
0	0
0	0
0	6
1	1
0	17
0	0
0	42
0	0
0	5
623	3
1	41
0	32
0	0
0	0
0	3
0	70
0	237
0	10
0	0
0	1
0	2
0	7
0	0
0	113
0	0
0	136
0	0
0	4
10	184
0	33
1	104
0	0
0	0
1	93
7	3
0	11
0	178
0	0
0	2782
0	9
0	20
0	1107
1	103
0	0
2	0
0	0
10	743
0	0
0	2
0	810
0	581
2	109
95	9
0	149
1	5
0	0
0	4
10	458
0	0
5	8
0	1
0	81
0	47
0	4
0	0
1	97
1	381
0	1
0	1
9	1
1	23
15	0
0	0
0	5
0	557
3	102
0	36
0	9
0	217
1	6
0	0
0	0
0	0
0	13
0	2
0	0
0	25
0	0
0	0
0	0
0	636
0	26
0	6
0	0
0	0
0	0
40	264
0	0
0	0
0	8
0	7
0	0
0	0
2	43
0	0
0	4
0	0
0	891
0	2
0	1
0	646
0	136
3	16
0	17
0	0
0	1
0	84
0	69
0	0
1	12
0	0
0	0
0	0
0	0
35	429
0	0
0	0
0	0
0	45
0	330
0	1
0	0
1	123
0	21
0	80
0	321
1	2653
6	2285
0	0
0	4
0	6
5	26
0	5
0	5
0	0
0	41
0	0
0	1
0	4305
0	0
0	0
0	0
0	209
2	26
3	1
0	64
0	243
0	0
0	77
0	0
0	0
3	1274
0	1277
2	3
0	1
0	3
0	3
0	0
0	0
0	126
1	0
0	7
2	73
0	28
0	4
0	0
0	3
4	269
0	0
0	75
0	59
0	0
0	2
0	0
0	0
0	0
0	0
0	133
0	0
2	44
3	159
2	71
0	0
0	0
1	8
0	6
3	26
0	8
1	1302
0	0
0	5
0	95
0	31
0	3
0	0
0	0
0	140
0	0
0	3
0	1581
44	825
0	0
0	0
1	103
0	0
4	573
0	0
0	0
0	0
0	23
0	0
0	0
0	21
72	177
0	106
0	0
1	0
1	0
0	57
0	0
0	256
0	408
0	0
3	343
0	2
0	0
0	325
17	0
1	331
0	0
0	0
0	34
0	48
0	2
11	732
0	47
0	47
0	35
0	29
0	0
1	80
0	0
1	0
0	5
0	20
5	175
1	14
0	0
2	5
0	6
0	1
6	138
0	0
0	59
0	4
0	201
0	73
0	5
0	50
0	142
2	96
4	150
0	0
0	0
0	0
0	0
0	0
0	0
1	552
0	14
0	8
0	0
0	0
0	0
0	0
1	288
0	0
0	144
1	2
0	0
0	201
0	266
0	0
0	4
0	260
0	61
1	0
0	43
0	0
0	1
0	0
0	71
0	0
0	1
0	0
0	0
0	0
0	258
4	0
1	20
0	8
0	0
1	46
0	13
0	0
0	67
0	0
0	7
0	0
1	0
0	528
0	0
0	4
0	4
0	0
0	60
0	325
0	77
0	259
0	0
0	0
0	245
0	0
0	0
0	2237
0	265
0	0
0	49
0	50
0	0
0	3
0	2
0	0
0	11
1	0
10	35
0	13
3	254
0	1690
0	1
0	0
0	7
0	0
1	37
0	0
0	55
0	0
0	0
0	632
0	4
0	0
0	0
0	4
0	92
0	3
0	1
0	10
0	254
0	235
0	0
0	0
0	35
0	1627
0	12
0	0
0	18
0	1
0	0
0	34
1	93
0	111
0	20
0	3
0	0
1	0
0	1
9	128
0	0
0	138
13	241
0	0
0	259
0	11
0	2
0	35
0	128
0	15
1	2
0	0
0	0
0	1
0	11
0	0
0	400
0	146
0	0
0	0
1	517
0	0
0	2
0	208
0	169
1	69
0	0
5	0
0	0
0	0
0	520
0	9
0	0
0	0
0	8
0	0
0	0
0	0
0	14
1	25
0	35
0	361
0	62
0	0
0	0
0	0
0	0
0	0
1	368
0	27
0	0
0	2
0	0
1	1
0	17
0	0
0	5
1	14
0	0
0	0
6	2538
0	0
0	0
0	0
1	0
2	814
0	0
0	13
5	0
0	0
0	0
0	0
0	33
0	0
0	196
0	0
0	145
0	73
0	2
0	0
0	16
0	1075
1	11
0	2
0	0
0	0
0	10
0	0
0	0
0	0
0	63
1	0
2	118
0	0
0	200
0	269
0	0
3	160
0	589
0	2
0	0
0	2
0	0
0	0
0	115
1	37
0	1
1	169
0	0
0	0
0	109
1	56
0	0
0	0
6	60
0	36
0	0
0	0
0	0
0	0
0	0
0	18
11	2
2	8
0	647
0	6
1	350
0	0
0	9
0	60
0	1
0	0
0	45
0	0
0	192
0	0
0	0
2	182
0	37
0	0
0	0
0	145
0	2
0	2
0	0
0	0
0	325
0	0
0	533
0	0
0	2
0	0
0	1468
0	0
0	0
0	0
1	186
0	2
0	30
0	402
0	86
0	18
1	16
1	214
0	17
0	0
7	1078
0	0
0	11
5	1929
2	2406
0	0
0	118
0	18
23	214
0	0
0	70
0	0
0	0
0	0
1	2191
0	0
0	7
0	297
0	40
0	0
0	17
0	2
2	105
0	0
0	0
0	29
0	308
0	34
0	6
0	0
0	2
0	3
0	31
3	50
0	0
0	12
0	0
48	827
0	0
0	117
0	484
0	416
0	34
0	69
0	3
0	28
0	0
1	0
0	84
1	1
0	0
67	165
0	111
0	0
0	0
0	0
0	0
13	143
0	37
0	0
0	0
0	0
0	0
0	0
0	0
0	0
2	2
0	0
0	166
0	468
0	0
0	2736
0	0
0	0
0	64
1	88
0	0
0	32
2	0
0	1
0	0
0	0
0	93
1	34
0	0
0	57
0	361
0	0
0	33
0	0
0	143
0	0
2	114
0	559
2	1309
1	2
3	598
0	0
0	247
2	24
0	56
0	0
0	0
1	76
0	271
0	0
0	0
1	1
3	152
2	74
0	0
0	46
0	272
0	5
1	471
0	33
19	39
1	68
0	112
0	0
0	425
0	0
0	0
0	0
0	0
0	0
0	0
0	6
0	0
2	54
0	0
0	1
0	11
6	7
0	0
0	5126
0	130
158	1462
0	0
3	199
0	0
3	8
0	63
0	0
0	0
0	5
0	0
373	718
0	0
0	0
0	0
0	1
0	0
0	0
4	893
0	0
0	0
1	292
6	33
2	225
0	0
0	14
0	36
0	1447
0	14
0	11
0	0
0	0
0	3
0	0
0	24
0	50
13	247
64	131
0	0
0	0
0	0
0	545
0	0
1	146
0	0
0	0
2	0
0	0
0	0
0	0
1	0
0	0
0	5
0	166
0	12
0	399
0	0
0	0
0	14
0	7
0	0
0	0
0	0
5	313
0	9
0	0
0	6
0	0
0	280
0	29
0	0
0	0
0	0
0	0
0	0
0	0
0	22
12	51
0	216
0	20
0	9
0	0
0	4
0	0
0	120
0	0
0	0
0	0
0	0
0	194
0	1527
0	0
0	0
1	227
0	0
0	0
0	748
0	39
0	0
0	0
0	16
0	0
8	61
0	11
0	1
1	8
0	0
0	281
0	15
0	31
0	57
0	252
0	3
0	1
0	0
0	25
1231	2
0	0
0	0
0	72
0	0
0	447
0	0
1	2520
16	10
10	44
0	0
0	0
0	10
0	98
0	608
0	26
0	567
0	0
0	28
1	795
0	0
0	0
0	1
0	0
1	43
0	0
0	68
0	11
0	0
0	18
0	0
0	0
1	0
3	337
0	4602
0	0
0	0
2	103
0	263
0	270
0	1
0	0
0	499
0	4
0	0
0	0
1	10
0	0
0	1042
0	123
0	229
2	40
0	0
0	49
0	172
0	274
0	0
0	1
0	0
0	2
0	0
0	0
17	54
0	7
1	77
0	0
0	2
2	372
0	62
0	0
0	0
3	2
0	0
0	0
2	15
0	45
1	0
13	24
0	0
0	0
0	0
0	4
0	11
0	0
0	0
0	0
1	0
0	4
0	54
0	0
0	4
0	0
0	46
0	0
0	6
0	0
24	128
0	0
0	0
0	6
0	2141
0	150
1	31
2	614
0	15
0	713
0	5
0	1809
0	1056
0	0
0	69
1	3
28	460
1	252
0	0
0	86
0	51
0	0
1	306
0	0
0	0
0	39
0	0
0	1500
0	8
0	37
0	203
0	0
0	0
1	4
0	23
1	41
0	0
0	0
0	62
0	0
0	2
2	72
0	0
2	2
0	0
0	195
0	86
1	159
0	0
0	0
1	245
1	20
0	146
0	17
0	62
0	98
0	75
0	805
0	76
0	2
0	0
0	102
0	33
0	0
2	26
0	36
12	726
0	0
0	41
0	82
0	2
0	0
0	3
0	3
0	0
48	794
1	8
0	1
6	23
0	0
0	95
2	0
0	0
0	5
0	2974
0	0
0	0
0	1
0	1
0	3
0	24
7	6
0	0
0	0
0	0
0	0
0	3
0	6
0	0
0	1
0	0
0	55
0	90
0	6
0	0
0	0
0	0
0	71
0	9
0	0
0	374
0	0
0	0
0	262
1	585
0	600
0	59
1	53
0	443
0	160
0	0
0	0
0	8
0	0
0	0
0	110
0	62
0	113
0	0
0	21
0	0
0	2
0	2
0	48
2	46
0	1
2	175
0	0
0	20
0	17
0	0
0	61
13	623
4	280
0	223
0	1685
0	0
1	152
0	0
0	0
0	0
1	10
0	0
4	38
1	409
0	45
0	0
0	0
2	292
0	1
2	29
0	1
0	62
0	0
0	0
1	23
0	5
0	8
0	0
0	0
0	0
0	0
0	5
1	348
0	8
0	0
0	13
0	408
0	0
0	0
0	7
0	0
0	56
0	8
0	0
0	0
0	5
0	3
0	443
0	57
2	1
0	72
10	1718
0	21
0	27
0	15
0	0
1	0
0	0
0	19
1	32
0	27
2	109
2	2776
0	50
0	0
0	0
0	0
0	0
0	107
0	0
0	919
0	0
0	177
0	1980
10	21
0	0
0	327
0	82
0	0
0	0
1	58
4	200
0	97
0	600
0	140
0	35
0	0
1	33
2	0
0	33
0	0
0	0
0	34
0	330
0	0
0	54
0	226
0	0
3	38
0	0
0	107
0	0
0	4
0	1573
0	0
0	0
0	0
0	0
0	464
0	7
0	0
0	637
0	0
0	996
13	393
0	52
0	1550
1	79
0	173
0	4
0	0
9	1831
0	0
0	8
0	771
0	16
0	0
5	116
0	0
0	247
1	85
0	285
2	74
0	139
0	0
0	0
0	36
0	0
0	0
0	181
0	0
2	1629
1	0
0	69
0	2
0	120
2	171
1	124
0	0
0	0
0	0
0	0
0	0
0	0
0	24
0	0
0	66
0	14
0	0
0	3791
0	998
0	158
0	0
0	0
0	6
5	19
0	45
0	0
1	9
0	0
3	1905
0	44
0	0
0	260
2	9
0	3
0	348
0	0
0	1
0	15
14	665
1	42
0	1189
0	151
0	0
0	15
0	12
0	0
2	275
0	229
0	0
0	0
3	554
0	0
0	0
0	0
0	264
0	0
0	26
10	250
0	1
0	1
0	426
0	0
0	331
0	17
0	0
0	0
0	0
0	0
0	55
0	254
0	1006
0	7
0	0
0	5
0	0
0	3
0	1
0	11
0	0
1	0
0	0
0	0
0	10
0	0
0	0
0	3
0	133
0	1816
1	0
0	0
0	6
2	396
0	6
0	6
0	0
0	0
0	0
0	4
21	1
0	0
0	3
0	0
0	0
0	59
0	5
0	18
0	0
0	2050
76	12
0	0
0	0
0	0
0	0
0	0
1	0
0	19
0	19
0	1
0	0
0	58
0	1
0	842
0	28
6	85
0	186
0	1
0	0
0	0
0	0
18	3526
0	0
0	0
0	0
0	146
33	4111
0	0
0	1
5	961
0	1
0	268
0	457
0	0
0	1
0	0
0	0
1	0
1	227
0	0
1	66
0	0
0	0
0	1581
2	6
0	190
3	435
4	0
9	2
0	0
12	4
1	12
0	138
0	9
0	42
0	3
0	0
0	0
1	55
0	0
0	0
3	120
0	3
0	0
0	0
0	3
0	0
0	0
0	201
1	3
0	823
0	419
0	0
0	13
0	0
1	70
0	38
0	15
0	1
0	0
0	56
0	0
0	0
0	21
0	0
0	28
0	25
1	195
0	9
0	738
0	581
0	0
1	401
1	461
0	157
0	0
0	717
0	87
0	4
11	25
0	12
5	248
0	445
0	480
0	0
0	1251
0	0
0	40
0	3
19	0
0	0
0	1
0	242
0	9
0	14
0	283
0	0
0	0
0	0
2	4
1	2
10	41
0	0
8	7
0	17
0	0
0	0
0	0
0	22
0	1
0	28
1	0
2	633
0	10
0	0
0	0
0	0
0	216
0	0
2	77
0	824
0	2630
0	0
0	4
0	3
0	10
2	20
0	0
41	2
0	146
1	0
0	0
0	0
0	0
3	0
0	0
0	10
0	410
0	5
0	0
1	0
0	6
0	89
0	0
2	0
0	1
1	19
0	10
0	0
0	215
0	0
0	1
0	2
0	31
0	0
0	0
0	0
0	71
0	2
0	0
2	0
5	45
0	0
2	1
0	0
0	146
0	9
0	66
0	0
0	0
0	0
0	0
0	1907
2	2198
0	2
0	0
2	0
0	88
0	0
0	469
0	9
1	0
2	13
36	9
0	0
0	64
0	2
0	103
4	158
1	0
1	0
0	3
0	3
0	6
0	0
1	1
0	0
0	0
0	12
0	0
0	351
0	0
0	0
0	0
0	0
0	0
0	53
0	0
0	7
0	1
0	0
0	1
0	0
0	37
0	4
0	0
0	0
0	155
0	12
0	0
0	4
0	14
0	0
0	37
0	1
0	38
0	0
0	2
0	1
0	143
0	0
2	419
0	2234
0	19
0	29
10	0
0	57
0	16
0	0
0	0
0	1
0	0
0	79
1	0
0	27
0	0
2	258
0	34
0	530
0	38
0	9
0	0
0	0
0	135
0	1
0	180
0	53
0	208
0	0
0	0
0	0
0	0
4	11
0	0
0	39
4	214
9	0
0	7
0	3
0	13
0	1
5	304
22	64
0	0
0	0
0	0
1	46
0	226
2	38
0	0
0	18
5	163
0	0
0	46
0	0
0	0
0	0
1	8
0	29
2	0
0	5
0	0
0	177
0	0
0	0
1	26
3	0
0	31
0	631
0	120
0	0
1	3257
0	0
0	227
0	2309
0	0
0	6
0	21
0	440
0	37
1	361
8	18
0	1
0	0
0	36
0	0
0	0
1	27
1	124
1	30
0	54
0	124
0	0
0	0
0	0
0	14
0	0
0	3
0	2
0	7
0	25
0	17
2	403
0	8
1	63
0	199
4	192
0	3
0	0
0	0
0	89
2	68
0	16
0	0
0	0
0	59
0	0
0	0
4	279
0	0
0	51
0	406
0	2
1	0
0	0
0	0
0	0
0	0
0	99
0	0
0	2
6	12
0	0
0	40
0	165
0	0
0	354
1	53
0	1
0	25
0	2
0	0
0	689
1	113
0	0
0	0
0	0
0	0
0	0
0	67
0	0
0	0
4	2
0	0
0	76
1	2238
0	90
0	21
0	0
0	5
0	0
0	36
0	0
0	5
2	6572
0	0
0	0
0	0
0	0
0	0
0	67
0	114
0	4
0	424
0	127
0	64
3	197
0	1
0	748
0	0
0	5929
0	50
0	0
0	6
0	265
0	0
0	0
0	0
0	2
0	3
0	0
1	4
0	1662
0	1
0	0
0	23
1	145
0	0
3	34
0	1333
0	0
0	0
0	0
0	2
0	0
0	2
0	10
0	0
0	1
0	67
0	251
0	602
0	0
0	1218
2	0
0	208
0	2
0	1780
0	1144
0	0
0	390
0	37
0	0
0	0
0	37
0	2
0	17
0	0
0	280
0	17
4	1213
0	0
1	3
0	0
0	6
0	0
0	0
0	22
0	10
0	0
0	0
0	4
0	0
0	0
0	1
0	147
0	0
0	0
0	176
3	239
0	0
0	42
2	2
0	142
0	0
0	0
2	65
0	0
0	2
3	303
0	0
0	114
0	1
2	267
0	1
2	0
0	44
2	0
0	60
0	6
0	43
0	0
1	69
0	0
0	2
0	0
3	37
1	0
0	117
0	207
0	76
0	854
0	0
0	218
0	195
0	1
13	8
0	0
0	0
0	16
0	106
0	0
0	0
1	71
0	0
0	5
0	15
0	0
3	234
0	57
6	182
0	0
0	0
0	0
0	0
0	0
0	57
0	1
0	41
0	693
0	0
0	2
0	1087
0	92
0	56
0	0
39	265
0	0
1	54
0	0
0	324
7	1
0	0
0	2
5	35
0	0
0	695
1	163
0	0
1	0
0	8
0	173
1	26
0	120
0	490
1	79
0	74
0	13
5	342
0	0
0	2
0	125
0	142
0	5
0	77
0	10
0	12
0	59
0	142
0	1
0	0
0	414
0	20
0	20
0	0
0	0
0	70
0	0
0	3
0	3
0	0
0	1092
0	0
0	97
0	475
0	0
0	97
0	314
0	0
0	166
0	127
0	40
0	0
0	182
1	58
0	0
0	4104
4	267
0	0
0	45
0	0
0	0
0	671
0	8
0	345
0	0
0	65
0	0
0	0
0	0
0	21
3	80
0	0
0	0
0	0
50	0
0	0
0	1
0	0
0	8
0	37
0	167
0	0
0	6
0	0
0	8
40	72
0	25
0	0
0	5
0	75
0	4
0	61
0	0
0	0
1	0
0	135
0	337
0	24
0	0
0	4
0	0
0	0
4	1
0	0
0	0
0	270
0	1
0	0
1	302
0	0
0	3
0	361
4	1019
0	18
0	0
0	5
0	44
0	45
0	0
1	5
0	2151
0	0
0	0
0	0
2	2
0	0
0	267
0	0
0	228
0	0
1	104
0	211
0	0
0	8
0	0
0	21
0	0
0	188
0	74
0	0
0	0
0	10
0	68
7	282
0	36
0	0
0	8
0	195
0	0
0	16
0	127
0	0
51	0
0	12
0	0
0	0
0	0
0	1
0	468
0	293
0	717
0	899
0	3
0	5
86	368
2	0
0	0
0	0
0	0
0	0
0	25
0	1
1	765
0	121
0	0
3	80
0	1
0	0
0	1
0	0
0	0
0	73
0	341
0	0
0	0
0	0
0	1
0	119
1	360
1	18
31	304
0	0
0	98
1	0
1	53
0	157
0	138
0	0
0	30
0	0
0	37
1	26
1	25
0	0
0	2
0	31
1	9
1	4
0	37
0	0
0	0
0	2
0	42
0	383
0	7
5	46
0	104
0	283
0	20
0	2
1	7
0	0
0	121
1	1412
0	0
0	0
0	16
0	10
2	79
0	0
0	0
0	16
0	12
1	484
0	157
0	0
0	0
0	121
2	32
0	1
0	97
0	0
0	0
2	4
0	0
0	0
1	0
0	13
1	0
0	372
0	4
0	0
9	2540
2	0
1	63
0	157
0	0
0	1
0	3
0	0
6	12
0	0
7	0
0	24
0	1
0	5
0	11
0	23
2	51
0	13
0	50
0	0
0	79
0	431
0	0
0	0
3	0
0	1312
0	48
0	992
1	43
0	648
0	0
2	35
0	0
0	30
2	835
0	12
2	417
0	0
6	154
0	14
0	9
0	0
11	206
8	212
0	0
0	0
0	0
32	0
0	0
0	0
0	0
0	0
2	39
1	17
0	0
0	1572
0	32
0	86
0	272
0	414
1	283
0	1
0	1316
0	0
0	4
0	6
1	2
2	21
0	2
1	7
0	0
0	0
0	198
0	0
0	0
0	0
0	2
0	1
0	223
0	0
1	90
0	0
0	0
0	143
25	0
0	78
0	0
0	0
0	25
0	3
0	20
0	0
0	7
0	0
1	37
0	0
0	0
0	30
0	0
0	0
0	0
0	219
0	0
0	304
0	4
1	37
0	0
0	24
0	262
0	89
0	53
0	78
0	0
0	4
14	77
13	286
0	3857
0	149
0	0
0	25
0	0
0	0
0	0
0	4
0	0
0	181
1	3419
0	0
0	5
2	22
0	0
0	8
0	0
1	0
0	8
0	0
0	0
0	0
0	67
0	0
2	135
0	0
0	0
0	0
0	2
0	0
0	18
2	0
0	494
0	0
0	1
0	0
0	0
0	0
0	757
0	5
0	0
0	359
0	5
0	0
0	129
0	16
0	0
0	0
0	281
1	13
0	0
1	64
0	0
0	17
0	0
0	0
0	193
0	0
0	0
1	22
0	332
0	0
8	9
4	117
0	1
0	134
7	88
0	161
0	18
1	1
0	0
0	74
0	3
0	0
0	0
0	322
2	901
0	311
1	452
0	0
0	0
1	1
0	0
5	134
0	55
0	0
0	26
0	28
24	322
0	0
0	0
0	183
0	194
0	1
0	2
4	42
0	12
0	2
0	0
0	359
0	26
0	2
0	9
0	137
0	0
0	0
0	0
0	18
0	3
0	215
0	21
1	134
0	0
2	390
0	0
133	0
0	0
4	47
0	7
0	1
0	0
0	0
0	0
3	880
0	0
0	0
0	3
0	1
8	1380
0	0
0	1094
0	0
0	0
0	80
0	0
0	1
0	1
0	32
0	7
0	99
0	0
0	0
0	1
6	1
2	28
0	0
0	1
1	6
0	0
0	177
0	52
0	0
0	0
0	33
2	0
0	20
0	0
0	0
0	0
0	9
0	0
0	0
0	0
0	0
0	0
0	0
0	0
0	0
0	0
9	48
0	0
0	0
0	0
0	116
0	36
0	1
0	505
0	0
0	0
0	0
0	0
0	0
0	0
0	0
0	13
38	0
2	0
0	0
0	114
1	0
0	0
0	0
0	72
0	0
0	74
0	0
0	4
0	9
0	0
0	0
0	13
0	1
2	0
0	181
0	0
0	0
0	0
1	2
18	64
0	1
0	0
23	11
0	0
0	0
2	133
0	0
0	3
0	2
0	0
0	0
0	0
0	18
44749	62
0	0
0	0
0	39
0	0
0	3
0	0
1	0
0	0
0	0
0	52
0	1
0	0
0	0
0	62
0	0
0	0
0	295
0	0
0	0
0	6
0	0
0	0
0	0
0	46
0	4
1	350
0	3
0	10
0	84
2	0
0	0
0	0
4	0
0	2451
1	0
0	20
0	6
1	1
2	1
0	30
1	424
0	1
5	1
0	0
0	0
0	585
1	0
0	84
0	0
0	0
0	0
0	0
7	32
0	0
0	121
0	395
0	2
0	2195
4	124
0	0
0	0
4	45
0	9
0	0
0	152
0	0
0	116
0	0
0	0
0	1
0	0
0	0
9	0
0	0
0	0
0	5
0	0
0	0
0	334
0	3
0	0
0	28
0	0
0	1973
1	2
0	105
0	0
0	0
0	0
0	0
0	0
0	0
0	0
0	10
0	0
1	0
0	0
0	2
0	0
2	0
0	0
0	0
0	0
3	0
0	0
0	0
50	0
0	0
0	0
0	0
0	0
0	1
0	0
0	0
0	0
0	0
0	0
0	0
459	0
2	1
0	0
0	0
0	0
4	705
0	0
0	0
2	0
0	57
0	1910
0	683
0	0
0	0
2	65
0	36
0	1139
0	2
2	190
0	0
0	0
0	0
0	0
0	3
0	35
0	0
0	0
0	0
0	17
0	3
0	0
2	0
0	0
0	6757
6	0
1	0
0	16
0	0
0	3222
0	0
0	11
0	0
0	0
0	0
0	0
0	52
0	1
0	0
0	0
0	0
0	0
0	0
0	0
0	51
0	0
0	0
0	2
0	0
59	8
0	3
0	105
0	141
0	0
0	0
0	0
0	9
0	0
0	48
0	0
0	0
0	262
0	152
8	6
0	0
0	0
0	257
0	0
0	52
0	0
2	0
0	241
0	0
0	0
0	93
0	0
0	0
0	0
0	4
0	0
0	6
0	26
0	0
0	0
0	121
0	1
0	3
0	0
0	84
0	0
13	0
0	15
0	0
0	0
0	1976
0	0
0	13
0	0
0	1
0	0
0	0
0	0
0	0
0	0
0	0
0	0
0	0
0	0
0	0
0	314
0	1
1	500
0	0
0	0
0	0
0	5
0	0
0	3
0	0
0	0
0	0
0	14
0	114
0	5
0	117
0	92
0	2
0	3
0	1
0	0
0	0
0	0
0	442
30	73
0	0
116	0
0	0
0	10
0	0
0	0
0	0
9	4
0	0
0	0
0	0
0	0
3	0
0	0
1	0
0	0
0	54
0	0
0	0
0	6
1	3
0	793
0	2569
0	0
0	0
0	0
0	5
0	15
0	0
0	29
0	784
0	0
4	87
1	1
0	101
0	7
0	8
0	2017
0	48
0	4
0	0
3	381
0	483
0	0
1	151
0	200
0	0
3	94
0	0
0	0
0	0
0	0
0	1205
0	0
0	0
0	357
0	0
0	11
0	0
0	14
2	2
0	0
0	6498
1	10
0	3
0	3235
0	0
0	0
0	0
0	0
22	1504
0	0
4	2
0	0
0	25
1	18
2	11
0	1
0	2
0	0
0	0
1	59
0	0
8	0
13	0
0	0
0	130
0	1076
0	34
5	38
0	0
0	0
0	575
0	0
0	0
0	0
4	18
0	0
2	0
0	0
0	0
0	0
0	2
0	0
0	0
0	0
0	1
1	0
0	0
0	1
0	0
0	564
0	1
0	1929
0	0
0	0
4	36
0	0
1	3
0	113
1	167
0	0
1	0
0	0
0	2
0	0
1	0
1	137
0	0
0	0
0	0
0	0
0	3
1	1
0	0
0	0
0	0
1	492
0	0
0	13
0	0
0	8
0	0
0	34
0	9
0	0
0	9
0	0
0	6
0	0
8	0
2	0
0	0
0	0
0	0
0	4
0	0
0	0
0	0
0	0
0	3
4	407
0	0
0	0
0	10
0	0
1	0
0	0
0	0
0	123
0	0
0	0
0	0
165	0
1	0
0	49
0	7
5	0
18	0
1	1
0	13
0	4
0	0
0	0
0	0
0	0
0	0
0	51
0	0
0	0
0	0
0	0
0	6
0	2462
0	0
42	0
1	0
0	1
0	1
0	0
0	0
1	143
0	4492
2	139
1	0
0	118
0	1
0	0
0	6
0	0
0	0
0	0
0	1904
0	3
0	0
0	822
2	41
0	1105
0	1
3	0
0	0
0	0
0	0
0	8
0	0
0	0
0	2
0	0
0	0
0	161
0	14
0	75
0	6
0	5
0	0
0	2
0	0
0	0
2	0
0	0
0	7
5	0
0	0
0	0
0	0
0	0
0	204
0	0
0	0
0	0
0	0
0	0
0	0
0	0
12	70
0	1
0	0
1	0
0	0
13	0
3	0
0	0
0	0
0	0
0	1
0	0
0	0
0	0
0	17
0	0
0	0
0	0
0	0
0	0
0	0
0	107
0	0
0	11
0	0
0	0
1	10
1	0
0	0
0	7
0	0
0	0
2	0
8	20
0	0
0	0
0	0
0	0
0	0
0	0
1	210
0	0
0	0
0	0
0	0
0	0
0	0
0	0
0	0
0	9
0	285
0	22
0	6
0	1817
0	0
0	0
1	0
5	41
0	0
0	52
515	1
0	19
1	0
0	148
2	63
0	2
1	0
0	0
0	0
2	0
0	0
0	0
1	890
0	0
0	7
0	0
0	0
0	0
0	5
0	0
0	1
0	0
4	328
0	0
0	40
0	21
0	0
0	0
0	0
0	2
0	1
0	36
0	11
0	47
0	1
0	18
0	244
0	6
0	0
0	0
0	16
0	0
0	0
0	1
0	0
0	58
0	0
0	0
0	0
0	0
0	0
0	0
0	33
0	0
0	145
0	0
1	0
0	0
30	9
17	3247
1	21
0	38
0	0
0	0
0	27
6	70
1	1
0	0
0	0
0	0
0	0
0	119
0	5
5	17
0	0
0	0
0	0
0	18
1	15
1	1299
102	378
0	5
0	5
0	293
2	0
0	146
0	0
0	0
0	0
0	0
0	1093
3	0
0	0
32	0
34	566
0	2
0	0
0	1209
1	5
0	0
5	0
1	0
0	0
0	0
0	0
1	0
0	0
0	0
0	0
0	127
0	8
0	317
168	1140
4	286
0	0
0	0
8	9
0	0
0	172
0	213
0	369
0	0
1	0
0	0
0	0
0	0
0	0
1	19
2	0
0	0
1	1028
0	0
0	0
0	0
2	2
0	0
0	28
0	0
11	19
0	0
0	0
0	25
0	0
0	0
0	0
0	0
0	0
0	0
0	0
0	0
0	4
0	2
11	1
0	34
0	272
0	0
0	0
0	0
3	3
0	150
0	2734
0	244
0	0
0	0
2	50
1	0
0	3
0	0
0	0
0	23
0	0
0	0
0	0
1	296
0	0
1	1083
0	101
1	41
0	19
1	0
0	0
0	0
5	4
1	0
0	0
0	0
0	0
0	81
0	0
0	0
0	0
0	0
3	0
0	34
0	4
0	343
0	0
1	0
0	0
0	0
0	37
0	50
0	0
5	74
1	0
0	0
0	0
0	0
0	0
0	0
0	0
0	0
0	0
0	323
0	56
0	0
0	3
0	2
0	30
0	0
0	0
0	0
0	0
1	0
0	0
0	0
0	0
0	0
20	144
0	0
0	316
0	0
0	355
0	2
0	0
0	129
0	0
4	785
0	4
3	0
0	0
0	0
0	0
0	2
0	1
0	0
0	459
0	0
7	3
0	1
0	0
0	0
0	0
3	0
0	0
0	0
0	6
0	2
2	2
0	0
0	1
0	0
0	0
122	0
0	41
0	0
0	57
0	0
0	0
0	56
0	11
0	0
1	0
2	0
0	0
0	0
0	0
0	0
0	0
0	40
0	6
0	151
0	0
0	0
0	0
0	0
0	77
0	0
0	180
1	25
0	46
0	0
0	0
0	0
0	0
0	0
0	37
0	0
0	0
4	0
0	1034
2	0
0	0
36	0
0	177
0	0
8	13
0	13
0	0
0	179
10	0
3	0
0	0
0	3
0	0
8	262
2	221
0	0
0	21
0	0
0	0
3	0
0	3
0	0
0	0
0	295
0	6
0	0
0	341
0	0
0	44
0	0
1	0
0	158
0	0
1	0
4	46
0	0
0	0
1	1
0	0
0	0
0	0
2	0
0	0
1	0
2	0
0	0
0	0
0	0
0	0
0	8
0	0
5	852
0	0
0	0
1	768
0	45
1	1
0	0
6	71
0	0
1	0
0	133
0	0
0	0
0	80
0	0
0	0
0	0
0	1088
0	0
3	2
0	139
0	4
0	0
0	0
0	0
1	0
0	102
0	0
2	2471
0	23
0	74
0	0
1	3
1	169
7	1015
0	0
0	11
89	2
0	25
1	0
1	0
0	75
0	0
0	0
0	4
20	385
0	0
0	0
0	0
0	0
0	13
0	4
0	0
0	0
0	0
3	652
0	0
0	0
1	5
0	0
0	2
0	0
0	1
0	3
0	0
0	8
0	23
0	0
0	1
0	0
0	1
0	0
0	0
0	0
0	0
0	0
0	0
0	0
0	92
0	0
0	2
0	0
0	0
0	0
0	216
0	0
0	0
1	524
0	0
0	0
0	69
0	0
0	0
0	0
1	2
0	0
0	0
0	0
0	34
0	21
7	0
1	0
0	0
0	0
0	2
0	0
0	1
0	0
0	0
0	40
0	0
1	33
1	0
0	0
0	17
0	0
0	7
0	0
0	2
0	0
0	77
0	0
1	0
0	0
1	11
0	0
0	0
0	0
0	0
0	0
0	0
0	0
0	8
0	0
0	0
0	0
0	115
0	96
0	0
7	1610
0	0
0	1
0	0
1	0
0	0
3	0
0	0
1	0
0	0
33	1
0	0
0	0
0	0
0	0
0	0
0	0
0	0
0	0
0	2
0	0
0	0
0	0
0	15
1	0
0	2
0	0
0	0
0	52
0	0
4	23
0	3
0	300
0	1
0	0
0	3
0	3
0	0
0	0
0	0
0	48
0	4
0	33
0	0
0	0
0	0
0	0
0	0
0	3
0	167
0	0
0	0
11	167
0	0
0	0
0	38
86	0
0	2
22	0
0	0
0	0
0	272
0	241
0	164
0	0
0	0
0	63
1	0
0	0
0	11
0	0
0	783
0	44
0	0
3	0
0	0
0	0
0	0
0	133
0	0
0	282
0	0
0	0
0	16
0	0
79	1
0	0
0	0
0	0
0	0
2	25
1	1
0	0
0	0
0	0
0	0
0	3
0	3
173	1
0	0
0	1071
0	0
0	0
0	289
0	104
0	5263
0	0
0	0
0	0
0	0
0	0
0	231
0	0
0	0
0	0
0	0
0	0
0	25
0	36
0	120
1	63
0	2
2	120
7	239
5	429
0	78
0	12
0	3
0	3
0	0
0	4
0	0
0	20
7	128
1	0
0	0
0	50
0	0
0	0
5	750
0	580
0	0
0	0
0	1
0	0
0	919
0	0
0	0
0	0
1	585
0	198
1	0
0	0
0	176
0	0
15	63
0	0
0	0
0	6
0	0
0	18
1	0
6	171
0	0
0	205
1	83
0	0
0	0
0	0
1	0
0	84
0	304
0	0
3	0
0	0
0	0
0	0
0	5
0	0
0	23
0	3
0	26
5	1
1	0
0	0
1	28
0	0
0	0
0	0
0	0
0	0
0	7
0	7
0	170
1	0
0	17
0	0
1	55
0	0
0	4
0	0
0	0
0	0
0	2568
0	0
0	0
0	0
0	54
0	90
0	0
0	277
0	2
0	15
0	0
0	0
0	0
0	0
0	79
0	0
0	0
0	12
0	0
0	0
0	46
0	5
0	0
0	0
0	22
0	74
0	0
1	3
0	131
0	3
0	0
0	0
0	0
0	0
0	324
0	117
0	0
0	0
0	0
46	672
0	0
0	22
0	0
1	1
0	0
0	0
0	0
4	0
0	0
0	0
0	0
0	0
0	0
0	0
0	0
0	0
16	0
0	0
0	0
0	299
0	0
0	1007
0	0
0	0
0	30
0	0
0	0
17	0
1	0
1	1434
0	0
0	0
0	0
0	0
1	5
0	0
0	0
0	0
0	0
0	10
0	0
0	0
0	0
0	7
0	40
38	1
0	1
0	0
0	0
0	417
0	0
10	1703
0	4
0	11
0	84
0	0
0	28
0	0
0	56
0	0
52	4
0	64
0	9
2	9
0	0
13	0
0	0
0	0
0	0
2	62
0	0
0	389
0	0
0	109
0	63
0	0
4	199
0	0
0	0
0	0
0	9
5	0
0	0
0	0
0	5
3	0
0	0
0	0
0	0
1	5
0	0
0	14
0	3
0	0
2	0
0	0
0	0
0	0
0	124
0	0
0	0
4	3
0	371
0	0
0	6
0	7
0	9
0	0
0	0
0	780
0	0
29	0
0	0
0	0
0	0
0	8
0	0
0	40
0	0
0	0
0	0
2	0
0	0
0	4
0	15
0	1
0	0
0	282
0	37
0	0
0	0
2	67
1	0
0	1
1	37
0	0
0	0
0	0
0	0
0	1
0	0
0	0
3	138
0	0
0	3
0	0
0	20
0	0
0	0
0	0
0	0
0	0
0	0
0	0
2	6
0	219
0	0
0	0
0	0
0	181
0	0
0	0
0	0
0	48
0	0
0	0
0	0
0	0
0	0
0	0
0	0
0	2
0	8
0	0
0	7
0	2
0	0
0	0
0	0
0	0
39	2
0	69
0	0
0	0
0	0
0	0
0	0
0	0
3	321
0	4
1	0
0	4
0	0
0	0
3	1
0	82
0	1519
0	0
0	0
1	0
4	1
0	3298
0	0
0	1
0	14
0	0
6	497
0	0
0	0
0	0
0	5
0	1
0	76
0	0
3	0
0	0
0	2
0	30
0	0
0	0
0	508
5	95
0	5
0	0
0	80
0	3
0	50
0	190
0	0
0	0
0	0
0	0
0	10
0	0
0	0
10	1
0	0
0	41
0	0
0	161
0	198
0	2
1	120
3	0
0	0
0	0
1	0
0	1
0	138
0	0
0	9
1	38
0	28
1	6
0	9
0	0
0	0
0	0
0	3
71	325
0	0
0	329
2	0
0	0
0	0
0	206
0	45
1	122
0	3
0	0
0	0
0	9
0	0
0	0
0	0
0	0
0	0
0	0
0	195
0	0
0	20
0	240
3	19
2	2
0	44
1	5
0	0
1	0
0	0
0	0
0	0
0	0
0	1
0	2
0	33
0	0
0	0
0	0
1	176
0	956
0	0
0	4
0	3261
0	3
0	0
0	98
0	0
0	0
0	0
0	206
0	1
0	217
0	15
0	0
0	0
34	95
1	0
0	0
0	0
0	0
1	13
0	13
2	59
0	0
0	6
0	58
0	0
0	0
0	936
0	92
0	0
0	1
0	4
0	0
0	0
0	182
0	1506
0	0
0	0
5	0
0	0
0	308
0	2
0	0
0	0
0	0
0	0
13	127
0	0
39	0
0	166
0	0
0	0
0	60
0	68
0	0
0	0
0	0
0	1
0	0
1	0
0	4
0	12
1	0
0	0
7	119
5	44
0	0
0	1
0	0
0	0
4	0
0	0
0	0
2	3
0	0
0	1
0	0
0	8
4	8
0	0
0	0
0	9
0	5
0	0
0	0
0	169
0	0
1	0
0	0
0	0
0	0
0	1
0	43
2	7
0	0
1	265
0	0
0	0
0	1
0	3
0	0
0	0
5	0
0	0
0	0
0	0
0	0
0	3
0	0
1	836
0	0
0	15
0	1
0	0
0	0
0	3
0	22
0	25
0	0
0	0
0	0
0	0
0	0
0	0
0	1
0	0
0	0
0	0
1	25
0	0
0	0
0	0
21	1
0	0
0	0
0	0
0	2
0	0
0	8
0	3
0	1
0	0
0	0
0	0
0	0
0	16
0	692
0	104
0	0
0	0
0	0
0	111
13	0
66	24
1	1
0	0
0	0
1	49
0	0
0	1
0	16
0	0
5	0
0	0
2	0
0	0
0	0
1	32
0	1
0	0
0	0
0	0
0	0
0	1
0	0
0	0
0	0
0	0
0	0
0	14
0	0
0	88
0	0
0	12
0	2029
0	0
0	33
0	0
1	3
0	0
2	0
0	202
0	2
0	0
0	1
0	945
0	46
13	0
0	2
0	0
0	114
0	0
0	0
0	0
0	19
0	0
1	14
2	21
0	0
0	93
1	0
0	0
0	0
0	0
0	0
0	0
1	0
0	0
0	66
0	0
0	0
0	0
0	3
0	1
0	0
0	84
1	0
0	87
4	481
0	0
0	0
0	0
0	0
1	331
0	0
0	2
0	0
0	0
0	27
0	62
0	0
0	3
1	215
0	0
1	0
0	3
0	1
4	0
0	0
0	0
0	63
0	0
0	0
0	0
0	0
0	0
0	4
7	0
0	79
1	31
0	0
0	0
3	133
0	14
0	21
0	0
0	0
0	0
0	0
0	0
0	0
0	0
0	2
0	40
0	0
0	22
0	0
0	130
0	15
1	193
0	110
0	0
0	0
0	2888
0	5
0	57
0	40
15	0
0	0
2	0
1	143
0	1
1	0
0	85
0	1
0	0
0	0
0	1
0	52
0	0
0	0
0	0
4	0
0	0
0	0
0	0
0	0
0	0
0	1
0	0
0	0
0	0
1	25
0	93
0	0
0	0
1	283
0	0
0	0
0	0
1	101
0	0
0	0
0	0
0	0
0	0
1	551
0	0
0	615
0	0
1	424
0	15
1	0
0	0
1	57
0	0
0	2
0	0
0	8
0	0
0	0
0	8
5	0
0	157
0	731
0	0
1	14
0	0
1	37
0	0
3	6
0	0
0	30
0	0
0	0
0	0
0	40
0	0
0	0
0	14
0	0
0	0
1	10
1	88
0	0
1	34
1	58
0	55
0	21
0	0
2	0
0	0
0	0
0	0
0	0
0	0
0	2
0	0
0	0
0	2
0	88
0	9
0	0
0	2
2	0
0	3
0	163
0	0
0	0
0	0
0	0
0	0
0	0
0	0
0	0
0	0
0	0
0	0
0	0
3	179
0	0
0	64
0	0
0	0
0	2775
0	0
0	0
0	0
0	333
0	0
0	0
0	0
0	0
0	0
0	0
2	87
0	0
0	18
0	0
0	1
0	1
0	0
0	2
0	0
0	0
0	0
0	0
0	0
0	7
0	0
1	28
0	0
8	206
0	0
0	0
0	0
7	0
0	0
0	0
0	0
42	1
0	0
0	1
0	12
0	4
0	0
2	0
20	1058
0	29
0	1
2	0
0	0
0	0
3	2
0	0
0	0
0	0
0	245
0	0
0	0
0	0
0	1
4	330
0	0
1	42
0	24
1	1610
0	0
0	6
0	0
0	738
0	0
0	0
0	0
0	164
0	4
0	909
1	0
0	0
0	13
0	580
0	314
0	0
0	1
0	0
0	223
0	0
0	0
1	0
3	10
0	97
0	0
0	0
0	0
0	0
0	0
0	0
0	0
0	6
0	0
0	0
0	0
0	378
0	1
2	1
0	0
0	113
1	759
0	142
0	0
2	15
0	0
0	458
0	146
0	33
0	0
0	0
0	0
1	0
0	8
0	0
0	0
0	0
0	70
0	0
0	13
0	0
0	0
0	0
0	3
0	562
0	0
0	0
0	9
0	0
0	0
0	82
0	4
0	0
0	0
0	0
0	0
0	398
0	0
0	0
0	0
0	0
0	0
0	10
10	0
0	0
7	0
0	0
0	0
0	0
0	0
0	0
0	0
0	22
0	16
0	0
0	0
0	0
2	14
0	0
0	0
0	0
0	1
0	0
0	0
0	2
0	0
0	0
0	0
0	0
0	0
14	155
0	0
0	0
0	0
8	0
0	16
0	1191
0	0
0	0
0	0
0	2
0	0
0	0
0	5
0	0
0	0
0	0
0	0
1	47
1	891
0	0
0	0
0	0
0	0
0	198
0	15
0	69
0	323
0	0
0	6
0	0
3	16
0	13
0	2
0	0
3	132
0	0
1	1052
1	11
0	0
0	21
0	0
0	4
0	1
0	4
0	0
0	14
0	0
0	0
0	0
0	0
0	0
0	0
0	0
0	0
0	3
0	0
0	0
0	0
0	1
0	1523
0	50
3	4
0	0
0	148
5	11
3	0
0	5
0	64
0	34
1	3
2	0
0	0
0	18
0	0
0	0
12	371
0	0
0	0
0	0
0	0
0	0
0	0
3	2
0	11
0	0
0	15
0	1
963	211
0	0
0	0
0	0
0	0
7	0
0	44
0	64
0	32
0	0
0	220
1	0
1	7
2	0
91	1
0	2
0	0
0	1
0	0
0	1
0	38
0	0
11	0
0	1
0	0
0	0
0	15
0	15
0	101
1	0
0	0
0	1
0	6
0	0
0	0
0	0
1	0
0	1
0	0
6	1638
0	0
0	0
1	0
0	109
0	0
0	0
0	0
0	0
0	0
0	1
0	45
0	0
0	13
0	0
1	330
0	87
0	0
0	33
0	0
0	2
1	919
0	62
0	0
0	652
0	18
0	0
1	0
0	0
4	112
0	0
0	0
0	0
0	0
0	8
0	0
12	2
0	16
0	0
0	37
0	121
1	15
0	196
0	3
0	0
0	0
0	1
0	0
47	0
0	242
0	0
0	0
0	0
3	28
0	56
0	0
0	0
0	0
0	7
0	0
0	66
0	0
4	1282
0	2
0	0
0	2
0	0
0	0
0	45
0	197
0	434
0	0
7	0
0	1
0	1
0	0
3	51
0	0
0	8
0	438
0	0
0	0
0	1
0	1
0	0
0	0
0	99
0	0
0	0
1	1
0	0
0	12
0	5
6	6934
0	62
0	1
0	0
0	0
0	20
0	0
0	0
0	0
0	0
0	17
0	10
0	0
0	352
44	1
31	0
0	0
0	16
0	0
0	12
0	1
2	0
0	0
0	4
6	107
0	0
0	8
0	80
6	43
7	1077
0	1
0	6
0	34
0	0
1	0
0	2
0	203
26	1
0	4
0	4093
0	1
0	74
0	0
0	0
0	91
0	0
0	8
0	3
0	0
0	0
0	0
0	30
1	0
1	1273
0	0
0	23
0	1
5	12
0	1
0	23
0	0
0	0
0	22
0	0
0	0
0	2
0	3758
4	124
0	0
0	0
21	119
0	0
0	0
0	97
0	0
0	0
0	0
0	0
0	0
0	0
4	0
0	0
0	0
0	1
0	0
0	0
0	591
0	143
0	0
0	0
0	0
0	0
0	9
0	0
0	527
0	0
0	0
0	0
0	0
0	0
0	4
0	0
0	20
0	0
0	170
0	520
1	558
0	0
0	0
0	0
0	109
0	34
0	0
0	0
0	29
0	0
0	2
0	2
0	0
0	0
0	1
0	0
0	0
0	12
1	4
0	0
0	0
0	0
10	1629
0	7
0	0
0	0
1	0
0	71
0	0
0	3
0	67
0	0
0	21
1	8
0	0
0	0
0	0
2	0
0	465
0	0
0	9
0	1541
0	115
0	0
0	5
0	0
0	0
0	0
0	0
0	1
0	37
0	0
0	18
0	0
0	0
0	0
0	0
0	0
0	6
0	0
0	0
0	0
0	4
0	94
0	0
0	0
0	0
0	0
0	0
0	17
0	0
3	2
0	0
0	0
0	123
0	0
1	60
0	0
0	0
0	0
3	0
0	0
0	51
0	0
0	0
0	0
0	0
0	0
0	0
0	0
0	0
0	0
1	0
0	1
0	180
0	0
0	0
0	0
0	1
0	0
0	0
19	653
0	0
0	10
0	8
0	0
0	0
5	305
1	94
0	0
1	7
0	1
0	0
0	4
0	0
0	0
0	3
0	7
0	247
0	0
0	216
0	0
11	399
28	2
0	0
0	581
0	0
1	488
0	0
0	0
0	0
0	0
0	0
0	0
0	0
0	2
0	0
0	4
0	0
0	0
0	0
1	0
0	0
2	220
0	0
5	0
3	0
0	0
0	0
0	0
0	0
0	0
0	1
0	0
0	0
0	0
0	4
0	0
0	0
0	0
0	0
0	0
1	49
0	0
0	142
1	0
0	0
0	0
0	0
2	0
0	1379
0	0
0	0
0	24
0	0
0	0
0	546
1	0
1	17
0	0
0	0
1	5
0	0
0	0
0	0
0	0
0	0
0	465
2	0
0	68
5	0
2	162
0	22
0	0
0	36
1	20
0	0
0	0
0	0
0	1
0	250
0	0
0	0
0	0
0	0
0	167
0	46
0	146
0	0
0	318
0	0
2	6
0	0
0	48
1	0
1	0
0	0
0	0
0	25
0	1
0	248
0	111
0	0
1	83
0	0
0	0
0	0
0	0
30	80
0	35
0	0
0	1
0	0
4	31
0	0
4	6
0	0
0	0
0	0
0	11
0	29
0	19
0	0
0	0
0	0
0	0
0	70
0	0
0	0
0	0
8	0
0	13
0	0
0	0
2	0
0	0
0	0
0	23
0	1
0	0
3	0
0	0
0	4
0	0
0	0
1	0
0	16
2	2
0	239
0	0
0	0
0	0
0	8
0	31
0	148
0	49
0	0
0	0
0	0
0	40
0	31
503	3439
0	0
0	18
0	0
0	0
0	0
0	0
132	0
6	1341
2	0
0	446
0	1
0	0
0	0
0	275
0	0
0	0
8	6
0	16
0	0
0	257
0	0
0	104
0	0
0	16
0	0
1	25
0	0
1	45
0	0
0	0
0	0
0	0
0	0
0	0
7	0
0	0
0	0
0	0
0	2
3	330
0	0
12	13
2	184
0	0
0	0
0	0
0	15
0	0
0	0
0	0
0	0
0	0
0	1
41	0
0	0
0	16
14	1
2	44
2	1624
0	6
0	0
0	0
0	264
0	23
0	77
0	0
0	0
0	0
3	144
1	25
11	3137
2	0
5	165
0	0
1	0
0	0
0	138
0	0
0	0
0	0
0	0
0	23
0	4
0	0
0	0
0	0
0	0
0	215
0	0
0	130
0	0
0	0
0	2
0	0
0	0
0	0
1	0
0	7
0	12
0	0
0	0
0	0
0	90
0	0
0	1
0	0
4	237
0	0
0	0
0	0
0	0
0	141
1	3
0	3
0	672
0	0
1	1
0	176
0	8
0	0
10	0
0	0
0	0
0	0
0	0
0	525
1	110
1	117
1	144
0	53
0	0
0	9
0	0
0	0
0	0
0	25
0	1
0	4093
0	248
0	0
0	0
0	0
0	0
0	0
0	0
0	14
0	29
0	6
0	0
0	0
2	136
0	0
0	0
0	0
2	322
0	0
0	0
0	0
1	86
0	0
0	0
0	0
0	0
0	0
0	8
0	0
0	0
0	0
0	0
48	0
0	0
600	8
0	56
0	1
0	0
0	0
1	1
0	0
0	0
0	2
0	0
0	0
0	0
0	0
0	12
0	0
0	5
0	1
0	0
2	124
0	0
0	0
11	2173
1	2
0	0
0	1
0	0
0	133
0	0
0	0
0	0
0	0
0	0
0	0
0	251
0	0
0	33
2	1
0	0
0	10
0	34
10	3
0	0
0	9
0	0
0	1
0	500
0	0
0	72
0	84
0	0
0	0
2	339
0	0
0	0
0	61
0	0
0	0
0	0
0	195
0	0
0	0
0	0
13	18
0	0
22	383
0	21
0	0
3	41
3	49
0	123
0	0
0	0
0	3
0	5
0	66
0	126
0	1
0	4
0	0
0	8
0	0
2	143
0	1
10	0
0	0
0	0
0	0
0	155
0	0
1	217
0	0
0	0
0	16
0	0
0	0
0	0
0	0
0	0
0	0
0	0
0	28
0	0
0	0
0	0
0	6
0	32
0	259
0	0
0	0
0	0
0	0
1	45
0	0
0	0
0	487
1	0
0	0
32	0
0	238
0	0
0	0
0	0
0	0
0	15
0	5
0	0
0	369
0	0
0	79
24	0
0	32
0	16
27	876
0	0
0	5
0	373
0	0
0	0
0	1
0	0
0	0
0	0
2	1015
2	3
0	0
0	419
0	0
1	9
0	0
2	1
0	0
0	0
0	0
0	0
0	0
0	0
0	0
0	23
0	11
0	1
0	0
0	1
0	150
0	0
0	0
0	0
1	0
0	0
0	0
0	3
0	0
1	194
39	18
0	99
0	18
0	961
0	37
0	0
1	1
0	0
0	12
0	0
0	0
19	0
0	0
0	0
0	14
0	6
0	3
0	29
0	0
1	180
0	0
0	0
0	0
0	1606
0	5
0	0
0	0
0	0
0	1
0	0
0	196
0	0
0	0
0	0
2	20
0	2
0	8
5	0
0	19
0	24
0	0
0	2
1	159
0	29
0	0
0	0
0	103
1	0
0	0
0	0
0	13
0	0
5	35
5	4
0	0
0	0
0	0
0	0
0	13
0	0
0	0
0	0
0	0
0	0
0	0
1	0
3	0
0	0
0	0
1	96
1	37
0	0
0	0
0	0
0	0
0	0
0	44
0	0
0	16
4	1583
0	0
0	0
0	0
0	0
0	1
0	0
0	24
0	0
0	2
0	2
16	0
0	780
0	154
0	0
0	0
0	0
0	0
0	0
0	0
0	0
0	0
0	0
0	0
0	363
0	0
1	6
0	0
0	163
0	0
0	0
0	0
0	0
0	0
0	15
0	0
2	159
0	0
0	0
0	0
3	2
0	2154
0	130
0	4
0	0
0	0
1	0
0	0
0	0
0	53
0	187
0	0
0	0
0	0
0	0
0	201
0	0
0	63
0	0
0	2
0	0
1	0
5	601
0	0
0	1
0	0
0	29
0	0
0	0
32	207
0	0
0	0
0	0
8	186
4	0
3	358
0	0
1	0
0	0
0	0
0	5
0	0
0	0
0	2
0	5
0	2
0	0
0	0
0	0
0	0
0	0
0	0
0	0
0	0
0	0
0	19
0	0
0	6
0	330
0	0
0	0
0	4
0	0
0	0
6	685
0	131
0	0
0	765
0	5
1	48
0	0
0	440
3	2
0	0
0	0
0	0
0	1
0	580
0	0
0	27
0	0
0	445
0	1
0	0
1	0
4	10884
0	24
0	51
0	1
11	4
0	0
0	26
0	0
0	0
0	0
0	76
0	3
0	0
0	15
0	0
0	0
0	0
0	23
0	0
162	0
0	0
0	0
0	0
0	0
0	0
0	0
0	0
0	1
0	55
0	0
15	1065
5	3
0	0
0	0
0	1606
1	2
0	0
0	0
0	204
2	77
0	0
9	0
0	0
0	1
0	1
0	0
0	129
0	0
0	121
0	2
0	37
45	0
0	0
0	0
0	128
0	0
0	0
21	0
0	674
0	0
0	0
0	2
0	0
0	0
0	0
0	1
0	0
0	1
0	0
0	0
0	2187
0	8
0	30
0	0
0	0
0	0
0	4850
0	2
4	1
1	305
0	21
0	0
0	0
0	0
0	0
0	0
1	460
0	0
1	2214
0	0
8	3909
0	0
0	0
0	0
3	31
0	0
3	145
0	5
0	4
0	0
1	688
0	0
0	0
0	0
0	33
1	268
0	0
0	341
0	158
2	57
0	0
0	1610
0	51
0	10
0	1
2	227
0	0
2	1424
0	78
0	198
0	90
0	7
0	2
0	0
0	3
0	0
0	0
0	0
0	18
0	0
1	72
0	0
0	17
0	0
0	0
53	994
0	0
0	3
0	0
42	0
0	0
0	0
0	150
0	0
0	73
0	1
0	0
0	0
0	0
0	0
0	3069
0	0
0	7
0	0
15	8
0	1
6	277
0	0
0	25
0	0
0	0
0	15
0	600
0	0
1	3
0	79
22	0
0	19
0	794
0	5
0	0
0	1
0	0
0	0
0	0
0	0
0	0
0	1
0	0
0	46
0	0
5	71
3	0
1	56
0	1
1	424
0	5
0	13
0	0
0	0
20	63
0	0
0	2
0	0
0	0
0	207
0	22
0	0
0	0
0	50
0	0
0	0
0	38
0	0
15	0
0	0
0	40
0	0
0	48
0	3
0	0
0	0
0	0
0	19
0	202
2	95
0	0
0	0
1	1561
0	3
0	1
0	30
2	0
0	0
0	0
0	0
0	1
0	0
0	0
0	0
1	1492
0	0
2	1635
2	12
0	0
0	264
1	1
0	0
0	0
0	0
0	0
1	0
0	1
0	0
0	0
0	0
0	0
1	0
0	67
0	209
1	5
0	81
0	1597
0	0
0	18
0	57
0	0
0	47
0	1
0	12
0	183
0	0
0	0
0	4
0	0
15	1398
0	0
0	27
0	0
0	945
1	0
0	0
0	0
0	0
0	23
0	0
0	0
1	0
0	224
0	3
1	0
0	6
1	0
0	0
0	0
0	0
0	0
0	257
0	7
0	0
1	30
0	0
2	101
0	0
0	0
0	0
0	5
0	0
0	0
0	1
1	0
0	0
0	0
0	78
0	0
0	132
0	0
0	109
0	86
0	0
0	1
0	0
0	6
0	0
0	65
0	0
0	153
0	32
0	0
0	118
95	24
0	0
0	0
0	15
0	0
0	0
0	17
0	0
0	121
0	0
0	18
1	0
3	1
0	77
0	10
0	57
0	0
1	1
0	178
0	20
0	0
0	0
0	0
1	0
0	0
0	1
1	29
0	12
1	169
0	0
0	0
0	2
0	0
0	0
0	0
0	0
48	0
0	4
0	0
0	0
0	6
0	5
1	2988
10	9
0	0
0	0
0	0
0	0
0	16
0	13
0	0
0	0
0	125
0	0
0	0
36	0
2	31
0	0
3	85
0	0
0	0
0	0
3	23
0	0
0	0
0	369
0	77
0	0
0	0
0	404
0	0
1	436
0	0
0	0
0	0
0	2
0	0
0	0
0	23
0	0
0	16
0	1
2	597
0	0
0	111
0	0
0	110
0	434
0	0
0	7
0	80
1	238
0	0
0	0
0	0
0	0
1	0
1	14
0	0
0	24
0	0
1	0
0	0
0	1164
0	0
0	0
0	7
0	0
1	70
0	10
0	15
0	0
0	0
0	0
1	0
21	159
0	0
0	0
0	4
0	130
0	3
0	0
0	0
0	1
0	0
0	34
0	53
0	1
1	2
1	0
0	0
0	9
0	0
0	23
0	0
0	0
0	604
0	0
0	0
0	155
10	8
0	0
1	1
0	0
1	0
0	10
2	1
1	3
0	0
0	203
0	0
0	0
0	17
0	0
0	0
0	0
0	10
2	327
0	0
0	0
0	124
0	0
0	7
1	644
0	20
1	22
0	80
0	0
9	51
0	0
0	0
0	0
0	0
0	3
0	0
0	1
0	0
0	0
2	49
0	129
0	1
0	0
0	26
0	71
0	0
0	0
0	0
1	34
0	0
0	0
0	0
0	98
0	0
0	0
4	1
0	0
0	0
0	0
0	0
0	0
0	0
0	9
1	1
0	189
0	0
0	0
0	0
0	0
0	420
0	0
233	154
1	0
0	0
1	49
0	7
0	0
0	0
0	25
1	163
0	0
0	0
0	0
3	1
0	0
0	1
1	3
0	0
0	0
0	1
0	0
0	104
0	2
0	0
7	227
0	4
0	0
0	3
0	74
0	0
0	478
0	0
0	235
0	0
0	0
0	98
0	0
0	0
0	6
2	0
0	0
0	83
0	0
28	0
0	28
0	0
1	2
141	136
0	0
0	759
0	76
0	0
0	16
2	0
0	0
1	0
0	0
0	0
1	269
0	19
6	50
0	0
19	0
0	311
15	2
0	0
1	0
0	0
0	0
0	1
0	0
0	0
0	0
0	0
10	18
0	0
0	0
1	0
0	0
0	5
0	1
0	13
0	19
2	464
0	0
0	0
0	0
0	0
0	3
0	0
0	238
0	1
0	9
0	0
20	4
0	31
0	0
0	8
0	0
0	122
0	24
0	7
0	0
0	0
0	0
0	0
0	0
0	4
0	0
0	0
0	0
0	0
0	205
1	1955
0	0
0	17
0	0
0	5
101	0
1	2
7	17
0	0
0	0
0	0
1	0
2	33
0	0
0	79
0	0
0	0
0	0
0	23
0	69
12	55
0	2
0	0
0	0
0	1
5	22
441	1299
0	2301
0	0
0	0
1	322
0	14
0	216
11	0
0	0
0	0
0	0
0	0
5	0
0	106
0	3365
0	21
0	522
0	0
0	0
0	11
0	0
0	0
0	49
10919	33
5	17
0	282
0	0
0	0
1	0
0	0
1	0
0	0
0	0
0	37
0	0
0	0
1	8
0	0
0	0
0	4
0	0
0	0
0	0
0	0
0	8
0	0
0	0
0	0
0	88
238	1
0	1232
0	0
0	0
0	0
0	4
21	0
0	0
0	0
0	0
0	0
0	0
1	0
19	0
0	0
0	0
0	13
0	0
0	0
37	0
0	0
0	0
8	114
0	0
1	0
0	0
0	45
0	64
0	18
0	0
0	0
0	0
0	0
0	0
0	1223
0	0
0	2
6	0
0	0
0	7
10	0
0	4
0	0
0	0
0	1
8	171
5	0
0	0
0	30
0	0
6	5
0	0
1	2
0	12
0	0
0	9
0	1
0	0
0	312
0	0
0	101
0	40
0	0
0	1036
0	1
0	133
0	0
0	0
0	60
0	0
0	4
0	0
0	110
0	0
0	0
0	174
2	52
1	247
0	0
0	1
0	1
0	29
0	0
0	0
0	188
0	0
0	0
0	1
0	63
0	0
0	1
0	0
2	90
0	0
8	0
0	0
0	0
0	0
0	0
0	0
0	3
0	0
0	332
0	0
0	0
0	18
11	0
0	0
13	9
0	0
0	114
3767	54
6	5
0	1
0	0
0	7524
0	0
0	9
0	14
0	482
1	41
180	0
0	0
0	1
0	0
0	8
0	0
0	0
3	8
0	0
1	0
0	0
0	0
0	0
0	1
0	27
1	0
0	0
4	0
0	58
0	0
0	0
0	715
0	0
0	77
0	70
0	243
0	7
0	0
0	165
0	0
0	221
0	1067
1	5
0	0
0	0
0	335
0	0
0	0
0	58
957	1
0	0
0	33
0	0
0	8
0	50
0	0
0	0
0	0
0	0
1	1
0	0
3	160
0	0
0	4
0	9
38	0
0	0
0	0
0	1
0	605
0	0
0	0
0	0
0	0
0	0
0	0
0	0
0	2
1	1
0	0
0	0
0	0
0	10
0	0
0	0
0	1
0	0
0	0
0	0
1	42
1	25
8	0
0	0
0	8
0	90
1	2
4	0
1	0
1	2313
0	0
0	78
1	0
0	0
0	44
0	0
0	0
0	0
0	17
0	0
0	0
0	0
0	0
0	1
0	1
0	0
0	12
0	0
0	0
0	6529
0	36
6	1327
0	0
0	0
0	0
0	0
0	0
0	24
0	0
0	0
0	26
0	2
0	0
0	0
4	0
0	0
0	16
0	0
0	0
3	2484
0	99
0	7
0	1
0	0
0	8
0	0
0	0
0	0
0	0
0	171
0	6
20	0
0	3875
24	19
0	0
0	199
0	0
0	0
0	0
0	0
0	0
0	0
0	162
0	0
0	0
0	0
0	0
0	0
0	27
0	1
0	0
0	0
1	6
0	2815
0	0
0	36
0	0
0	5
0	1
9	0
0	0
0	3
0	0
0	0
0	0
0	0
0	0
0	27
0	0
0	0
0	0
0	0
0	0
0	0
0	10
0	10
0	5
0	11
0	1
0	76
1	2770
0	0
0	0
0	0
0	0
0	3
0	8
0	486
0	2
0	12
4	0
0	0
0	0
0	0
0	0
0	0
0	0
0	0
0	0
0	0
0	0
0	58
0	4
0	0
0	13
1	268
0	0
0	0
0	0
0	0
0	0
0	0
1	5
0	2
0	0
0	0
0	0
0	206
0	7
0	1
0	2
0	0
9	29
0	0
0	0
0	0
0	337
0	0
0	0
0	14
0	0
0	14
0	0
0	0
0	0
0	0
0	7
0	35
0	5
0	0
0	0
0	0
1	0
0	8
0	110
0	0
1	25
1	10
0	0
0	0
0	0
0	0
0	0
0	6
0	0
0	284
0	110
0	0
0	7
1	0
0	15
0	0
0	0
0	0
0	18
0	3
0	0
0	0
1	0
0	0
0	0
1	5
0	0
0	0
0	0
0	4
0	13
0	0
0	0
0	0
0	0
0	0
0	2244
0	1
0	0
0	565
3	1
0	0
0	9
0	0
0	13
0	0
3	2
0	0
0	0
0	0
0	29
0	0
0	94
0	0
0	5
0	0
0	0
0	0
2	13
0	53
0	0
0	606
0	4
0	32
0	3
0	491
0	471
0	0
0	0
193	127
0	0
2	0
1	14
0	0
0	0
0	38
0	0
0	0
0	0
0	0
0	3
0	0
0	975
0	57
0	6
0	19
12	0
1	0
0	17
0	0
0	2
0	0
1	0
0	0
0	0
0	5
2	68
2	46
0	3
0	1
0	0
1	36
0	0
0	39
0	0
1	150
0	258
0	0
0	0
0	149
0	0
0	0
0	0
0	7
0	0
1	0
0	10
0	0
0	0
0	266
1	12
4	0
0	638
0	0
0	0
0	0
0	1
0	9
0	0
0	7
1	0
0	355
1	0
0	0
0	0
0	0
0	0
1	156
0	0
0	0
0	11
0	0
0	0
0	8
0	0
17	960
3	58
1	1
0	0
0	0
2	0
0	3519
0	8
0	29
0	9
1	208
0	13
0	1
1	113
0	0
0	1
0	0
0	0
0	0
0	139
0	0
0	169
1	0
0	24
0	0
0	0
0	0
0	5
0	0
1	0
0	0
0	4
0	22
0	1
0	5
0	16
2	976
0	7
0	3
0	0
0	0
0	0
3	698
0	561
0	69
0	26
0	0
5	0
0	1
0	281
0	122
0	0
0	0
0	0
0	0
1	0
0	0
0	0
0	105
0	1
7	178
0	0
0	1049
0	1
2	3
0	0
26	0
0	10
0	0
0	17
0	0
4	83
0	0
0	0
3	0
1	0
2	12
0	0
0	0
0	0
0	17
0	13
1	2
0	0
2	6
0	0
0	0
2	0
0	2
0	0
0	24
0	0
0	0
0	0
0	0
0	163
0	0
0	0
1	0
0	176
0	0
0	2
0	3
11	0
0	0
0	0
1	389
0	0
2	154
0	89
0	45
107	0
0	0
157	335
0	1
0	0
0	0
0	1
0	2
0	0
0	0
0	10
0	0
0	4
0	0
10	0
0	91
0	0
0	0
1	0
3	357
0	182
0	0
0	0
0	0
0	0
0	0
0	0
0	0
2	244
0	0
11	0
0	0
0	0
1	120
0	17
0	0
0	0
0	4
0	0
0	0
0	0
0	281
1	71
0	0
0	0
0	96
0	0
1	0
0	0
0	0
1	1
0	0
112	0
0	0
0	0
0	0
0	1
0	0
29	148
0	327
5	0
1	14
0	0
1	18
0	0
0	0
0	1
0	0
0	23
0	0
6	0
1	0
0	2642
0	0
0	1
0	0
0	10
0	0
0	106
0	0
0	19
0	5300
0	0
0	0
0	0
0	0
4	0
0	0
0	0
0	12
0	170
0	10
0	81
2	8
0	0
0	122
0	1
3	0
0	0
0	0
0	0
0	0
0	0
0	0
0	0
0	0
0	0
0	588
0	0
0	0
0	0
4	0
0	137
7	0
1	625
30	3
0	0
1	0
0	0
0	0
0	9
0	0
0	1
0	93
0	0
0	2
0	4
0	0
0	0
0	1
0	0
0	8
0	279
0	0
0	0
1	37
0	13
0	19
0	0
0	138
0	12
0	0
0	0
0	0
0	134
0	79
0	0
0	0
0	0
0	0
0	4
0	0
0	3
0	2
0	0
0	0
0	41
0	0
0	315
0	0
0	0
0	0
0	798
0	2091
0	0
0	0
0	0
0	0
0	23
0	0
0	0
0	0
8	14
16	4
0	0
0	0
0	63
0	325
0	0
0	3
0	0
0	15
1	332
0	2
0	0
0	0
11	28
0	0
0	2
0	40
0	0
0	0
0	162
0	220
0	69
0	3
102	2
0	0
0	49
0	0
0	0
0	416
0	49
0	0
0	0
0	0
0	0
0	67
2	2
0	0
0	0
1	0
0	0
0	0
0	0
0	10
0	0
0	0
0	0
0	2
0	0
0	0
0	4
5	283
0	0
0	0
0	15
0	0
0	0
0	0
0	3
0	0
0	7
0	0
8	1350
0	0
0	0
0	40
0	0
0	2
1	1
0	2
0	1
0	0
0	0
0	0
0	0
0	1
0	1513
0	0
0	0
0	9
0	0
0	0
0	0
0	137
0	3
0	0
0	0
0	0
0	11
27	0
1	466
3	0
3	303
3	0
2	1
0	296
0	0
2	0
0	0
0	0
0	0
0	407
0	1
0	7
0	0
0	0
0	1792
0	0
0	116
0	0
5	49
0	313
0	0
0	0
0	0
1	57
11	0
0	140
0	201
0	1
0	66
0	0
0	0
0	0
0	35
0	0
0	0
0	161
0	0
5	0
0	267
0	0
0	278
0	0
0	0
0	0
0	14
0	0
0	13
0	33
0	0
0	0
0	33
0	0
0	0
0	0
0	0
2	894
0	0
0	0
0	0
0	188
2	0
0	0
0	0
0	0
2	1
0	123
0	8
0	0
0	2
0	4
0	0
0	0
0	0
0	0
0	0
1	5
0	97
0	0
0	0
0	0
0	0
0	2
0	22
0	0
0	21
0	0
1	5
0	0
0	0
0	0
0	0
0	4
0	16
0	12
0	41
0	4042
0	0
0	0
8	0
0	48
0	0
0	35
0	0
0	0
0	0
0	1
0	3
36	0
1	59
0	6
0	0
0	0
0	9
0	0
0	0
0	0
154	44
0	2
0	1
0	0
0	0
0	556
0	15
0	42
0	0
0	132
1	1
0	0
0	0
0	136
0	0
0	0
18	1
0	0
0	37
4	3
2	3
0	0
0	0
0	0
0	15
0	0
1	0
0	0
0	0
0	270
0	0
0	146
7	226
0	63
0	0
0	27
0	1
0	5
0	8
2	1
0	0
0	2
0	0
0	0
0	0
0	0
0	0
0	1
0	33
0	0
3	0
0	0
0	0
5	12
0	22
0	2
0	0
0	9
0	0
1	0
0	1
0	0
0	0
0	66
0	0
0	4
0	0
0	0
0	0
0	0
0	0
0	0
0	0
0	3
0	0
0	0
0	0
0	0
0	0
2	234
0	0
0	0
0	696
0	0
0	0
0	0
0	0
0	74
0	54
0	5796
9	6
10	6
0	1
1	0
0	0
0	0
0	21
2	0
0	0
2	947
0	0
0	38
0	5
0	0
0	265
0	0
0	0
0	0
0	209
0	0
0	0
0	0
0	0
0	0
0	0
0	2
0	191
0	0
0	0
0	35
10	146
0	26
71	4
0	0
0	0
0	2
0	105
1	569
0	0
0	0
0	0
0	231
0	0
0	0
0	349
0	82
1097	1
0	4
0	0
1	3210
0	3
0	37
0	12
0	0
0	0
19	555
0	0
4	3
0	75
46	0
0	0
0	0
0	0
13	2
0	3
0	1
0	0
0	0
0	209
0	0
0	0
15	7
1	0
0	0
0	0
0	0
0	123
0	112
0	0
0	0
0	371
1	0
0	0
2	0
0	6
0	0
0	0
0	0
0	0
0	0
0	0
0	0
0	9
0	47
0	0
0	0
0	50
0	0
1	1709
0	54
0	197
0	0
0	84
1	239
20	30
0	0
0	74
0	0
0	26
0	0
0	197
0	0
75	1
3	1
0	0
0	4
0	10
0	0
0	77
0	401
0	47
0	0
0	0
0	0
3	0
0	67
0	0
1	125
1	14
0	0
113	902
0	14
0	0
0	0
0	0
0	5
16	145
0	2
0	0
0	4
0	0
0	0
33	0
0	4
0	0
0	0
0	0
0	0
37	0
0	0
0	0
0	0
11	0
0	0
1	0
0	0
0	0
0	208
17	7
0	13
0	0
0	109
0	36
0	0
0	0
0	0
0	35
0	0
0	5
0	0
0	0
0	0
6	188
0	47
0	0
0	0
0	0
0	0
0	0
0	788
2	0
0	7
0	6
1	0
0	0
1	0
0	0
0	9
0	3
1	0
0	0
0	27
0	2
0	0
0	0
0	0
0	0
0	0
2	0
0	0
1	17
0	0
0	0
0	1
0	3714
0	1
0	65
47	123
0	4
6	495
0	0
0	0
0	0
0	0
0	2
0	0
0	0
0	0
1	1
0	0
0	0
0	14
4	213
0	5
5	38
0	0
0	0
0	0
0	0
0	8
0	0
0	0
0	222
0	0
0	8
0	1
2	0
0	0
0	0
0	19
0	19
0	0
0	0
0	4178
0	0
0	98
0	0
1	451
0	41
0	208
0	0
0	0
0	0
0	0
0	0
0	277
0	0
0	0
0	0
0	0
2	997
0	0
0	106
11	0
0	0
832	0
1	889
0	2
0	43
0	2
0	68
0	276
0	0
0	0
0	0
0	1171
0	33
0	19
0	0
0	0
1	0
1	0
0	1
0	0
1	1425
0	42
1	1
0	0
0	0
0	0
0	0
0	0
0	56
0	0
0	0
0	0
0	0
0	0
5	0
1	100
0	16
0	0
0	0
0	0
0	0
0	0
0	0
0	21
0	0
0	0
0	654
0	1651
0	0
0	45
0	624
0	0
0	0
0	65
0	0
0	0
0	0
0	0
0	0
0	0
0	154
1	3
0	275
0	0
0	0
0	143
0	0
0	0
31	0
0	0
0	0
0	0
0	0
0	0
0	0
0	0
0	0
0	0
0	0
0	1
0	24
0	18
0	7
0	167
1	0
7	0
0	5
2	666
0	2
0	0
0	0
0	0
0	0
0	0
0	0
0	97
0	42
16	307
20	49
0	0
0	2
0	232
0	0
0	0
1	0
0	0
0	0
2	327
0	0
0	0
0	0
0	0
0	0
0	278
12	447
4	0
0	0
0	0
1	0
0	6
0	95
1	30
0	0
0	11
49	0
0	988
0	0
1	21
0	25
0	0
0	0
0	97
0	0
0	29
44	20
0	0
0	0
0	32
0	136
0	0
1	0
0	0
0	14
0	0
1	21
0	0
0	358
8	0
0	0
1	82
0	0
0	0
0	0
0	0
0	461
34	1
1	0
0	12
0	0
0	0
0	2
3	32
0	22
0	0
0	0
0	0
4	0
2	6
0	15
0	0
0	50
0	71
1	3
0	960
0	97
0	0
0	30
0	0
0	28
0	0
51	0
0	5
9	0
0	0
0	4
0	0
0	0
3	0
0	0
0	12
0	2
84	85
3	0
1	1
0	6
0	0
1	0
0	0
0	11
2	0
0	1
0	0
0	0
0	0
0	0
16	0
0	0
0	0
0	1
1	316
0	186
0	0
0	32
0	0
0	0
12	211
0	2
9	0
0	0
3	0
0	0
1	0
0	8
0	0
0	36
0	0
0	0
0	0
0	1
8	21
0	12
0	4
0	0
0	0
0	0
0	0
0	130
0	0
0	2
0	741
0	0
0	0
50	1
0	3
1	100
0	1
0	0
3	17
1	3
2	0
0	0
0	0
1	87
0	9
0	12
0	85
0	138
0	0
0	0
0	0
0	3
0	19
0	0
19	0
0	0
6	249
0	0
0	218
0	0
0	0
1	1
0	4
1	0
0	0
0	0
0	0
0	0
0	0
0	0
0	0
0	17
0	0
0	0
0	0
0	0
0	16
0	185
0	57
19	45
9	47
0	76
0	0
0	0
0	0
0	1
46	0
1	0
0	0
2	2713
0	0
0	0
0	0
0	0
26	0
4	0
2	1
0	0
9	5
0	26
3	2
1	0
0	4121
0	248
0	0
1	279
0	0
0	0
0	33
0	0
0	1
0	0
0	4
182	125
0	0
0	0
0	0
2	0
0	0
0	7
0	0
0	0
0	0
0	368
0	0
0	4
0	213
0	0
0	0
0	0
1	0
0	0
4	15
0	0
0	0
0	22
0	0
0	0
0	0
0	16
0	0
0	0
0	0
0	0
0	0
0	44
0	0
0	0
0	0
0	46
0	0
0	0
1	24
0	0
0	172
0	0
0	2
0	30
0	0
0	0
0	0
0	0
0	0
0	0
0	0
0	87
0	2
1	1069
0	0
0	312
0	394
0	34
0	251
1	1716
10	1375
0	2
2	1
0	0
1	0
0	7
0	0
0	2
0	0
0	0
1	89
0	0
0	0
0	0
0	0
0	0
0	0
0	0
0	7
0	0
0	1
0	0
1	3
0	0
0	1
0	0
0	127
0	0
0	0
24	486
0	0
0	283
0	6
0	5
0	0
1	0
0	0
0	0
0	0
0	63
0	0
0	0
4	0
0	4
1	58
0	46
0	1112
0	0
2159	2
0	0
0	0
0	5
0	0
0	0
0	0
1	3
2	1
0	0
0	0
8	4706
1	1
2	2
0	1248
0	0
0	0
28	0
0	2348
0	0
0	4
0	5
21	23
0	43
0	0
0	0
0	0
0	41
0	0
0	201
0	185
10	0
0	105
0	0
0	9
0	0
0	0
0	0
1	50
0	15
0	0
0	0
0	832
6	38
0	0
0	233
0	0
0	0
0	75
0	0
1	5
0	418
0	0
0	378
0	159
0	0
8	91
0	538
0	1
0	674
3	2
0	338
3	1
0	0
2	403
0	0
0	27
0	0
1	71
0	3
2	65
0	0
0	9
0	0
0	0
0	106
0	0
0	0
42	1
0	0
0	27
0	0
0	0
3	42
0	0
0	0
0	71
0	0
0	1000
0	1
8	1
0	13
0	0
0	0
1	299
3	0
1	133
0	0
0	3
2	9
0	1
4	448
0	78
2	99
0	0
0	0
2	0
0	0
0	1
1	194
0	0
0	2
2	5234
0	0
0	0
0	0
0	0
0	0
1	3210
1	0
0	0
1	0
2	0
1	0
1	33
0	2699
0	0
0	0
0	4
0	0
0	0
0	0
0	4
0	0
0	160
0	0
0	0
0	0
0	0
0	74
0	173
0	0
1	39
0	131
0	0
0	6
0	887
0	0
0	0
0	5311
0	0
0	155
0	7
0	0
0	0
0	1
0	0
0	0
0	0
0	1
0	0
0	1424
2	1020
0	0
4	13
0	10
0	0
0	0
2	5
0	176
0	0
0	0
0	0
0	0
0	99
0	0
0	2
0	0
0	0
0	0
3	33
0	0
0	0
0	0
0	62
0	0
0	596
0	0
0	1
30	2
0	0
1	0
0	0
0	0
0	11
0	3
0	0
0	81
0	923
0	65
0	7
0	2
0	0
59	319
0	6
0	0
0	0
0	2549
0	6
0	0
0	0
0	2
1	683
6	7
0	0
19	2
0	0
0	18
0	0
0	9
0	3
0	11
0	2
3	2
0	0
0	0
0	0
0	0
0	180
0	0
0	4
0	0
1	0
0	0
2	0
0	22
0	0
0	1
0	5
0	16
0	891
1	1
0	102
0	0
0	0
0	0
0	153
1	8
0	0
0	0
0	5
22	388
0	0
0	15
0	0
0	0
0	0
0	1
0	0
0	37
0	0
0	0
0	1
12	31
0	367
0	0
0	2
13	1
0	0
3	2
0	7
0	7
0	0
0	85
0	0
0	0
0	123
0	0
0	0
0	0
0	0
0	0
0	11
0	0
0	587
0	11
0	0
1	16
0	0
0	2
1	24
0	40
0	0
0	154
0	0
0	0
1	0
0	0
0	221
0	0
0	0
0	0
3	0
2	0
628	0
0	0
0	0
0	2091
27	0
0	0
0	0
0	0
0	0
0	0
0	0
0	0
0	0
0	0
0	30
0	9209
2	211
1	459
0	0
0	0
0	0
0	0
0	0
0	0
0	0
0	16
0	0
0	0
1	2
0	0
21	0
0	0
0	2
1	0
0	320
0	0
0	1
10	2849
0	17
0	9
0	0
0	0
3	350
0	0
0	0
0	0
0	0
0	0
0	6
0	2
0	4
3	0
0	0
0	0
0	21
0	0
0	19
0	82
0	0
3	436
0	0
0	0
0	0
6266	13
0	231
0	0
0	44
0	188
0	0
4	39
0	2
0	207
2	0
0	0
0	7
0	0
0	0
0	0
0	7
0	0
0	0
2	158
1	0
0	89
0	0
0	0
0	10
0	73
0	0
0	0
0	2
0	2
0	7
1	0
0	0
0	0
0	0
0	0
0	4
0	0
0	1
0	0
0	0
0	0
0	0
0	20
0	0
0	0
0	0
0	0
0	1
0	51
0	0
2	3
0	0
0	0
1	241
0	334
0	0
0	0
0	0
0	0
0	0
0	0
0	24
0	36
0	0
0	0
0	0
2	0
0	0
1	17
0	0
0	178
0	0
0	3
0	0
0	16
0	0
0	0
3	573
1	1139
0	0
0	3
6	0
0	0
0	0
0	0
0	0
0	0
0	0
0	0
0	0
0	14
0	9
0	0
0	0
0	0
0	0
1	0
1	5
0	0
0	118
0	0
0	927
1	307
0	0
0	0
0	68
0	0
0	0
0	96
16	82
0	4
0	74
0	0
0	0
0	4
0	0
0	3054
0	0
0	10
0	26
0	0
0	2
0	0
0	0
0	202
0	571
1	0
3	1
0	0
0	0
0	0
0	1
0	0
0	248
0	0
5	632
0	0
0	9
0	109
0	0
0	0
0	4
14	0
0	0
0	6
0	0
0	0
0	0
0	0
10	3
1	777
0	0
0	4
0	1
15	437
1	121
0	183
0	4
0	0
2	100
0	0
0	0
0	0
0	0
0	0
0	0
0	1
0	0
0	34
2	7
1	6
0	0
0	0
118	0
0	0
0	0
0	1
0	0
0	0
0	0
0	17
0	15
0	103
0	521
0	0
0	210
0	2
0	0
0	0
0	5
0	6
0	0
0	13
0	0
0	134
0	0
0	0
0	15
0	0
1	23
0	0
2	26
2	0
0	0
0	10
0	9
0	0
0	2
0	0
0	146
0	4
0	0
1	8
7	0
0	216
0	0
0	0
0	0
0	0
0	0
0	0
0	2
39	4
0	0
0	0
0	0
0	0
0	0
1	30
0	826
0	0
0	0
0	0
0	3430
0	0
3	902
0	0
1	0
8	4
0	0
0	0
0	16
0	0
0	213
0	3
0	0
0	0
0	0
0	0
0	0
0	0
7	0
0	0
4	2
0	0
0	0
1	38
0	0
0	0
0	75
1	0
0	63
0	0
0	144
0	0
0	0
0	13281
0	0
0	0
16	0
0	0
0	26
3	0
0	0
0	0
0	5
0	0
4	31
0	0
0	0
0	0
0	221
0	2
0	0
0	0
0	0
5	181
1	0
0	0
0	0
0	0
0	70
0	0
5	0
0	21
0	0
0	78
0	17
0	0
0	0
0	0
0	0
0	10
0	82
0	0
0	325
0	149
0	0
0	0
0	0
1	0
0	0
8	200
0	0
0	0
0	144
0	0
0	542
2	864
0	0
0	94
0	14
0	2
0	0
0	108
0	0
0	28
1	426
0	0
0	75
0	0
0	0
0	0
0	0
0	0
0	4
0	0
0	0
0	2
0	85
0	0
2	4
0	475
0	60
0	0
0	2844
178	10
0	531
0	56
1	144
0	0
0	3
0	0
0	66
4	1
17	8
0	0
0	466
0	0
0	4
0	81
0	0
3	0
0	0
0	0
0	0
30	1
0	0
0	0
0	0
0	0
0	0
0	0
0	25
0	0
0	0
0	0
0	0
0	0
0	1
0	0
0	0
0	149
0	0
0	0
1	61
5	0
0	3
0	0
3	0
0	0
2	301
6	0
0	0
0	10
1	0
0	4
0	0
0	0
0	0
0	0
0	0
1	3456
0	0
0	0
0	47
57	0
0	0
0	0
0	0
12	150
0	0
0	0
0	3
0	47
0	0
0	0
0	41
0	1
0	0
0	0
0	0
0	0
0	5
0	0
0	0
0	0
2	108
0	3
0	175
0	0
0	0
0	0
0	0
0	0
0	0
0	18
0	0
0	0
0	0
0	0
0	170
0	0
0	0
0	482
0	910
0	41
3	142
0	8
0	0
3	1049
0	824
0	38
215	0
2	0
0	138
0	0
0	0
8	57
0	0
0	4
0	0
0	42
30	0
0	0
0	668
0	0
0	58
0	0
0	0
0	0
0	228
0	0
0	0
0	0
0	190
2	0
0	9
1	2
0	1
0	0
0	0
0	0
0	0
5	1
0	0
0	0
0	652
0	44
0	0
0	0
0	4
0	713
0	44
1	240
0	17
0	0
2	393
0	0
9	15
0	16
0	0
1	15
4	146
7	0
0	3
0	141
0	20
0	2
1	0
0	0
0	0
0	0
0	216
0	349
0	0
0	0
0	0
0	20
0	0
0	6
71	1
1	438
4	0
0	0
0	1
4	1
0	7
0	0
0	0
0	0
0	0
0	0
0	0
0	0
0	44
0	0
0	0
0	230
0	0
154	1
0	0
16	0
0	0
0	0
0	0
0	22
0	138
0	0
0	0
0	0
0	0
0	0
0	0
0	0
0	0
0	39
0	0
2	0
0	0
0	0
0	50
0	0
0	10
0	2
0	0
0	10
0	0
0	0
0	0
1	0
0	0
0	29
4	68
3	0
3	41
0	16
0	10
0	1
0	0
0	60
0	0
0	94
4	123
0	0
0	0
0	0
1	0
0	4
0	0
0	644
0	0
0	0
0	0
3	3115
0	141
0	0
0	892
0	0
1	0
0	165
0	0
0	21
1	3
0	0
4	10
0	0
0	0
0	0
0	0
0	6
0	16
43	0
3	115
0	0
0	91
0	0
0	279
2	0
0	0
0	54
0	0
0	0
0	90
0	87
0	0
0	0
0	16
32	501
4	192
0	839
0	21
4	0
1	12
0	0
0	29
1	10
0	0
0	353
0	40
0	0
0	168
0	0
0	0
0	25
0	0
0	6
0	0
0	0
0	0
0	0
0	0
0	0
0	0
8	86
2	0
0	0
0	7
0	0
10	0
0	0
0	0
2	1184
0	0
0	162
0	0
0	0
0	0
0	5
0	5
0	0
0	3
0	0
0	0
0	0
0	0
0	1
2	57
1	992
0	0
1	116
0	0
0	1397
0	0
0	0
0	13
173	677
0	0
0	0
0	573
0	0
0	13
0	5
0	0
0	13
0	0
0	3
0	0
0	0
0	6
0	0
0	0
0	0
0	0
0	281
0	0
0	23
3	2
0	148
0	0
0	2
0	0
0	3
0	0
0	0
0	554
0	0
0	49
0	0
3	0
1	0
0	0
1	130
0	6
0	3
0	71
7	201
18	2
1	0
0	1
0	19
0	0
0	2
0	0
0	2019
2	12
0	0
0	0
0	0
0	0
0	0
0	2
0	0
0	0
0	0
0	66
1	0
0	2875
0	0
0	0
0	0
0	0
0	20
0	0
1	0
0	0
0	50
1	44
0	92
0	4
0	1
0	0
5	0
0	0
0	0
0	739
8	0
0	0
0	0
33	0
0	0
0	76
1	29
0	2
0	15
0	0
0	0
0	1
4	0
0	0
2	0
0	0
0	13
0	0
0	0
0	877
0	0
0	0
515	5
0	0
0	4
0	0
0	5
0	0
6	0
8	0
0	0
0	0
0	0
0	1
0	0
0	0
0	0
0	0
0	0
0	2
0	0
0	4
3	0
1	0
50	0
0	0
0	0
0	203
0	1
0	1
0	24
0	2
4	3
1	19
0	0
0	0
15	0
0	0
0	0
0	0
1	0
0	0
2	10
0	0
8	17
1	2
0	340
13	14
72	0
0	0
0	0
0	0
0	0
3	91
0	159
0	297
135	0
0	0
0	2134
0	0
0	0
0	1
0	0
0	0
0	110
0	0
6	3
0	14
0	0
0	4
0	0
0	0
0	0
0	107
0	59
0	0
0	0
176	0
0	0
0	0
0	252
0	0
11	0
0	17
0	0
0	0
0	0
0	88
0	0
0	0
0	0
0	0
1	0
0	0
0	0
5	311
0	28
0	0
0	0
0	0
3	0
0	13
0	0
0	0
0	0
0	0
0	0
5	445
0	0
0	0
0	235
0	12
0	0
0	14
0	0
0	7
0	0
0	0
0	1
0	132
0	0
0	139
162	566
0	5
2	2
0	0
0	0
0	0
0	0
10	0
0	0
0	0
0	0
0	0
0	0
0	5
0	0
0	0
0	0
0	9
1	10
0	0
0	2
916	0
0	1
0	0
4	36
0	0
0	0
0	31
1	1
0	0
0	86
1	6
8	5
0	0
0	10
0	0
0	0
0	34
0	0
0	0
0	115
0	492
1	0
0	0
0	5
0	205
0	12
0	1
0	0
0	5
0	4
0	37
0	0
0	2
0	0
0	0
0	96
0	0
0	46
1	51
3	0
0	0
0	0
0	0
0	1
0	0
0	0
1	24
0	1
0	116
0	10
0	14
0	0
0	112
0	0
0	122
0	19
0	0
0	0
1	0
0	0
0	286
1	7
0	0
0	90
0	0
0	6
0	90
45	0
2	58
0	0
0	1613
0	22
0	31
0	0
0	1
0	0
4	210
0	0
0	0
0	11
2	146
0	0
0	1
0	0
3	23
0	0
34	1903
0	0
0	5
0	53
0	22
0	0
0	0
0	0
2	0
0	0
23	1
1	0
0	0
0	0
0	0
0	9
0	0
0	247
0	0
0	7
0	0
0	0
0	2
0	0
0	0
0	46
0	0
0	63
0	0
0	0
61	0
0	14
0	3
3	0
0	0
0	0
0	0
1	0
0	0
0	4
0	1
0	0
0	0
0	0
0	0
22	11
4	291
0	378
0	0
0	1
0	0
0	5
0	0
0	0
0	0
0	5
0	0
0	0
2	0
58	2
0	0
13	2
0	0
0	98
0	5
0	0
6	373
0	0
0	0
7	0
0	3
3	3
0	0
0	0
2	4772
0	0
0	216
1	437
0	52
0	0
0	0
0	0
2	2
0	1
0	0
0	0
4	0
0	0
0	98
0	0
0	2
0	0
0	0
0	1
0	10
0	491
0	0
0	204
0	4
0	0
0	0
0	0
0	0
0	0
0	0
0	68
0	0
0	4
0	13
0	0
0	0
0	0
0	45
0	0
5	0
29	46
0	4
0	0
0	0
0	0
0	0
0	23
0	0
0	0
0	0
7	14
0	30
0	0
0	0
0	1
3	7
0	0
0	0
0	11
6	5332
0	0
0	0
0	106
0	0
0	0
0	0
0	83
0	0
0	0
0	57
1	0
0	0
30	86
0	2377
0	382
0	0
0	0
0	0
0	0
33	1285
0	2
0	0
0	0
9	130
6	0
1	0
0	0
0	29
0	9
0	0
0	0
0	68
0	0
3	653
0	48
0	0
0	0
9	11
0	0
0	0
0	24
5	5
2	916
0	1579
92	0
0	0
0	14
0	0
4	0
0	0
0	0
0	2
1	0
0	0
0	0
5	187
0	0
0	1
79762	98
0	0
0	1008
0	2
0	0
0	0
0	0
20	0
1	38
1	21
0	1
0	2
0	55
1	0
5	0
0	0
0	0
0	30
0	127
0	123
0	22
0	0
0	7
0	0
40	34
1	0
0	0
0	97
0	2199
0	0
0	3
2	14
0	30
1	0
0	4
0	0
0	2
0	0
0	2
0	1
0	0
0	0
0	154
0	0
0	37
1	0
0	38
0	2
0	0
4535	21
0	0
0	0
0	63
0	7
0	500
0	0
0	0
0	1
15	757
0	0
0	0
0	0
0	328
0	4
0	0
0	0
0	57
0	0
0	571
0	0
0	0
0	0
1	0
0	3133
0	0
0	196
2	2226
0	4
0	4
0	745
0	0
0	0
0	0
0	0
3	11
2	8
0	291
0	57
0	46
0	12
0	0
1	62
1	0
4	29
0	18
0	0
0	0
0	0
0	0
46	1370
0	27
0	621
0	0
0	0
0	4
0	0
0	1
0	138
0	0
28	0
0	0
0	21
0	0
0	0
1	9
0	0
0	81
22	0
0	12
0	12
0	4
0	0
0	136
0	0
0	0
0	0
2	0
3	0
0	0
0	0
0	167
0	0
0	0
0	2
0	0
12	60
0	6
0	0
1	1
0	0
0	0
0	0
0	0
0	0
0	0
0	1
0	1
0	13
2	20
0	0
0	0
0	0
0	0
0	0
0	2
0	207
0	0
0	22
0	0
0	528
0	0
0	0
0	0
3	4
1	106
0	0
0	0
0	0
0	0
0	50
0	0
0	266
0	0
0	0
0	0
0	0
2	57
1	11
1	98
1	4
9	49
0	0
0	0
5	30
0	0
0	0
3	410
0	0
0	0
0	3
0	0
0	0
0	0
0	57
0	0
0	2
0	1
1	263
0	0
0	0
2	308
0	0
0	0
0	0
0	0
0	1
0	0
0	12
0	0
0	0
0	2
0	0
0	51
0	194
0	1
98	306
0	0
0	0
0	139
27	89
1	72
2	463
0	103
0	92
0	9
0	0
0	0
0	0
0	0
0	0
0	3
0	15
0	0
0	0
0	0
0	0
0	120
0	0
0	0
8	1128
0	0
3	0
0	98
1	0
1	0
1	322
0	0
0	2
0	56
0	0
0	0
0	0
0	0
0	0
0	1
0	0
0	122
0	0
0	0
0	2
0	0
0	41
0	0
3	33
0	0
0	0
0	20
2	0
0	0
0	0
0	0
18	1
0	9
0	55
1	3379
13	211
0	0
0	0
0	898
0	0
0	3
0	73
0	5
3	288
0	0
0	0
0	0
0	0
0	15
0	1
0	0
2	374
4	95
0	0
0	1
0	0
0	0
0	0
0	383
0	76
0	1
0	17
0	0
0	0
0	3
0	0
0	7
0	570
0	5
0	1
6	221
0	0
0	10
0	0
0	16
0	11
0	0
0	0
0	0
537	277
0	28
0	1
0	0
0	0
0	36
0	49
0	120
3	0
0	0
0	0
0	0
0	0
0	3
0	0
0	0
0	1
0	0
0	0
0	69
0	1
0	0
0	0
0	0
0	0
0	4381
0	0
0	0
0	0
2	0
0	0
1	0
0	254
0	0
3	113
0	22
0	215
0	125
0	0
0	3271
0	0
0	0
0	0
0	15
0	0
0	0
0	0
0	11
0	99
0	0
0	76
0	0
0	59
0	67
0	0
0	6
0	4
0	196
0	109
44	224
0	7
0	0
1	0
0	2
1	36
0	0
0	21
0	0
0	2
0	0
4	59
0	0
0	0
0	0
0	0
1	841
14	0
1	262
0	0
0	0
0	0
1	0
0	0
0	0
0	0
0	2
0	8
1	0
0	0
0	8
0	163
0	292
0	62
0	0
0	21
3	2138
57	442
0	0
0	0
0	0
0	478
1	0
0	19
0	7
0	30
0	0
0	0
0	0
0	0
0	0
2	0
0	2528
1	71
0	8
1	2
0	1
0	0
63	811
0	0
0	0
2	374
0	0
0	0
0	2
9	0
0	0
0	0
0	0
2	1
0	0
0	148
0	18
0	0
2	0
0	0
0	0
9	2
0	0
0	8
0	0
0	959
0	18
0	0
21	3
0	0
0	0
8	214
0	1434
0	0
0	162
0	24
0	0
0	0
0	0
0	1248
0	0
0	0
0	0
0	0
0	0
0	0
0	2
0	0
0	58
0	440
0	0
0	0
0	0
0	0
0	0
0	427
0	0
0	1
0	2
0	0
0	0
0	0
0	0
0	0
0	0
35	525
0	325
0	146
0	0
0	106
1	6
0	96
1	331
0	230
0	337
0	0
0	0
0	0
0	111
0	0
0	248
0	0
0	22
0	0
0	0
0	15
0	0
0	2
0	0
0	94
0	2
0	87
0	0
0	0
0	0
0	0
0	1
7	57
4	215
0	0
1	0
0	204
0	207
0	0
3	390
0	0
0	0
0	0
1	1
0	2
1	580
0	0
0	0
0	0
0	0
7	0
0	0
0	0
0	0
1	4
0	0
0	0
0	0
0	0
0	0
0	7
0	112
34	0
0	0
0	5
0	0
0	36
0	0
34	0
6	0
0	0
2	1
0	0
0	0
0	0
0	0
3	120
0	23
0	67
0	241
0	0
0	500
0	0
0	18
0	26
2	17
0	383
0	0
0	2
4	41
0	543
0	0
0	0
2	38
0	0
0	0
1	0
0	0
0	0
0	0
0	0
0	0
0	0
0	0
0	0
0	0
2	117
0	540
0	0
2	1
0	1
0	0
0	0
0	0
0	0
0	304
5	46
0	0
0	21
0	0
0	115
0	2
0	0
0	0
0	0
0	0
0	0
0	53
0	54
0	0
0	3
5	22
0	409
4	0
0	0
0	0
15	2
0	0
0	0
3	10
0	0
3	61
4	0
0	0
2	45
0	119
0	1
0	0
0	0
0	0
1	6
0	0
0	0
0	0
0	9
0	0
0	0
0	0
0	1465
1	1
0	2
0	1
0	3325
0	0
20	1
1	0
0	70
0	1651
0	0
0	0
0	26
166	699
0	1002
0	0
0	1
0	0
0	4
0	225
55	2
0	0
20	0
0	0
8	136
0	0
0	0
0	0
0	429
8	0
3	42
0	0
0	0
0	289
0	0
0	0
0	150
0	191
0	1799
0	0
0	5
0	0
0	0
0	0
0	42
0	0
0	776
0	0
1	0
0	42
1	3660
0	0
0	0
1	78
0	0
0	207
1	200
0	9
0	590
0	0
0	0
0	0
0	1
0	0
1	0
0	0
0	0
2	1
0	0
0	2209
0	0
0	0
0	0
0	108
0	862
0	0
0	252
0	1
0	0
0	0
0	0
0	0
1	0
0	11
0	382
0	113
0	0
0	0
0	0
1	0
19	1
8	399
1	0
0	431
74	57
0	0
0	0
0	0
1	200
2	6
0	840
0	2
0	0
1	3
9	11
0	173
1	0
0	0
0	56
19	2230
0	3022
0	0
0	1
0	0
0	0
2	1
9	0
239	799
0	105
0	1
0	0
0	0
2	1
0	0
1	0
0	1
0	0
0	224
4	111
1	0
0	1466
0	0
0	0
0	932
0	0
0	88
0	0
0	257
0	182
0	0
0	0
0	1692
0	1
0	0
3	0
0	0
1	4
4	0
2	526
0	0
0	0
2	11
0	0
7	0
0	322
1	350
0	11
0	0
0	0
0	0
0	0
5	0
3	66
0	125
0	0
18	72
2	0
0	0
0	7
0	5
0	0
2	434
0	5
0	0
0	0
0	0
0	0
0	38
0	158
0	650
0	1
0	246
0	0
0	0
0	0
3	0
0	0
0	0
0	0
33	60
0	0
0	0
0	0
2	140
0	0
0	0
0	4
0	1
13	518
0	0
0	0
5	0
0	0
0	0
0	0
0	6
0	5989
0	0
0	206
0	0
0	0
0	0
0	48
0	185
0	1
0	0
0	154
0	0
1	0
0	138
0	135
0	1002
1	24
0	53
0	0
0	0
0	1
0	0
0	6
0	146
143	0
0	0
0	4
8	0
0	0
2	1
0	0
0	0
2	6
0	310
0	0
0	0
0	73
0	0
1	0
0	0
0	424
0	0
0	38
0	221
0	0
0	289
0	1
0	36308
0	0
78	0
0	486
0	0
1	1478
0	31
0	355
3	0
0	0
2	0
0	0
0	2
1	12
0	26
0	0
0	0
0	0
0	0
0	0
0	0
0	0
0	0
1	0
0	0
2	0
0	0
0	1
0	27
0	0
0	0
0	1
0	0
0	11
0	1
2	0
0	376
0	1
0	12
0	0
13	0
0	7945
0	0
1	2
0	0
4	14
0	0
0	0
0	0
0	26
0	0
0	1578
0	16
0	0
0	747
0	0
0	0
0	0
0	0
0	0
0	299
7	0
0	78
0	1
11	242
0	0
0	0
4	186
0	0
0	0
0	0
0	0
0	0
0	5
0	5
0	0
0	0
3	0
0	0
0	1535
2	0
0	0
0	0
4	3
1	0
0	1364
6	2
0	0
0	47
0	8
0	11
0	2
0	550
0	1
0	0
0	0
0	2
0	0
584	2
0	95
0	0
0	153
1	49
1	36
0	0
0	0
0	0
1	0
2	0
0	415
0	1555
0	19
0	23
0	0
0	0
0	668
0	0
1	160
0	6
0	0
0	0
0	835
0	3460
0	0
0	0
0	0
0	0
0	0
0	0
0	0
0	0
0	0
0	0
0	0
0	0
0	0
0	267
0	65
0	2994
2	63
0	14
0	0
0	5
0	11
0	4
0	0
0	54
0	0
3	126
0	0
0	0
0	0
0	0
3	0
0	0
0	0
0	0
1	19
1	13
0	7
0	0
11	0
4	1
0	0
0	8
0	0
1	118
0	36
35	2042
0	0
0	22
0	0
0	0
0	6
0	0
0	0
0	0
4	1
0	1
0	1
0	0
0	0
0	0
0	13
0	0
0	584
0	0
0	0
2	181
0	967
0	28
0	0
0	0
0	0
0	0
0	33
0	0
0	0
0	0
0	53
0	615
0	0
0	0
3	351
2	0
0	0
0	0
6	285
3	0
4	43
0	0
0	10
1	106
10	544
0	97
0	81
0	0
0	0
0	475
0	0
0	3329
0	468
7	10
0	0
1	2
0	867
11	112
0	0
0	2
0	21
0	0
59	0
2	0
0	0
0	0
0	0
0	177
0	0
0	0
0	0
2	3857
0	0
0	0
14	1080
0	0
0	0
0	74
0	286
0	0
0	0
0	0
0	368
0	9
0	0
0	375
0	0
0	19
0	3191
0	0
0	0
10	14
0	391
0	0
0	0
0	0
0	139
0	0
0	0
0	1832
32	0
2	0
0	0
0	0
0	9
0	0
0	675
0	0
0	0
0	0
0	0
8	108
0	0
11	0
0	0
0	0
1	1
0	0
0	0
5	8
0	0
0	457
0	18
0	0
0	3
0	85
1	0
0	338
2	72
0	4221
0	0
0	181
1	0
0	0
0	20
0	3
0	0
0	0
1	0
0	0
0	0
0	622
0	0
0	1883
0	0
0	2
2	0
0	13
0	240
0	0
0	0
0	0
0	2075
0	713
0	6
0	0
0	2
0	4725
4	10
0	0
0	0
0	560
0	6
0	196
0	0
0	4
0	0
0	12
0	21
0	0
0	0
0	0
1	0
1	1147
0	15
0	17
1	6
0	0
0	0
1	532
0	0
0	1
6	4
0	478
0	0
0	0
0	0
0	0
0	0
0	0
0	7
0	0
0	0
0	0
0	33
0	0
14	0
0	0
3	38
0	0
0	0
0	8
0	766
0	0
1	0
0	13350
3	28
6	6
0	9
0	0
0	1
0	0
6	66
0	0
0	0
0	2
0	0
0	1
0	22
0	0
0	345
27	116
0	0
0	0
0	0
0	0
0	0
0	18
0	0
0	0
0	18
0	0
380	0
1	0
2	285
0	127
0	0
0	23
0	0
1	0
0	0
0	1083
0	0
1	0
0	578
0	0
0	2363
2	0
0	0
0	110
0	0
33	0
0	289
0	0
0	3
0	1
0	2
0	10
0	0
0	0
0	0
12	165
0	0
0	0
11	0
0	0
1	0
0	841
0	0
0	0
0	0
0	2195
0	9
0	0
0	0
9	21
31	285
8	608
0	606
403	369
0	1378
0	0
0	0
0	14
0	206
0	0
0	29
0	0
0	0
0	17
0	0
20	1884
4	4
0	3
0	0
0	251
1	170
0	0
0	0
0	191
0	1
0	0
0	436
0	0
0	9
0	0
0	0
0	0
0	1
0	0
4	0
0	0
0	0
0	0
3	38
0	0
0	0
1	933
0	98
0	0
0	78
0	48
0	0
0	0
0	3
0	661
1	1
0	2527
0	0
2	0
0	0
0	9
0	2339
0	0
0	20
0	2
0	0
0	160
0	2
0	2
3	0
0	3040
4	225
0	0
0	6
0	4
52	0
0	77
0	0
0	0
0	18
0	0
0	462
0	0
0	0
3	2
10	1091
0	1
0	0
0	0
1	0
0	0
0	2
0	0
0	1
0	0
0	0
0	0
0	0
0	0
0	254
0	0
0	0
0	0
3	77911
0	0
0	30
0	28
0	337
0	0
0	0
0	1244
7	0
4	0
7	3
0	0
0	734
0	0
0	8885
0	0
0	0
0	0
0	57
3	3
52	146
0	0
0	2
0	857
0	0
0	1
5	1
0	0
2	5
0	0
0	0
0	0
0	422
0	0
0	0
0	0
0	0
0	0
0	33
0	0
0	0
0	0
0	0
14	555
8	0
0	23
0	0
0	0
0	0
0	0
16	424
0	0
0	0
0	0
0	734
11	259
0	0
0	2
0	0
0	0
0	0
0	0
0	0
0	0
0	0
1	1
0	0
0	0
0	0
0	0
0	0
0	0
0	0
1	40
1	0
0	0
0	0
0	128
185	29
1	1
0	0
0	867
0	3
0	0
0	0
0	0
0	4
0	0
0	0
0	124
0	0
0	2
0	0
0	0
0	0
0	530
1	23
0	1230
0	0
0	4
1	2
0	0
0	0
0	0
0	1521
0	0
52	17
0	0
0	0
0	0
0	407
1	0
0	43
1	0
0	350
0	0
0	289
0	81
0	1
3	3
0	0
0	1064
0	9
0	0
0	0
0	2
0	40
0	0
37	0
0	17
0	0
0	137
0	793
0	0
4	408
0	0
0	0
0	0
0	0
0	0
0	0
0	0
0	268
0	2
0	0
2	3
0	33
18	0
1	0
7	475
0	0
0	917
0	2
0	0
0	115
0	490
0	0
0	1
7	85
1	58
0	2053
0	3
0	5
3	0
0	0
8	0
0	5
14	0
0	0
0	2723
0	4
15	76
0	71
1	2
0	2
0	0
0	0
0	0
0	243
0	0
0	0
0	1
0	0
2	18
0	0
0	0
0	0
0	862
0	0
157	171
0	12
8	906
46	0
0	193
0	2
0	2
0	0
0	0
2	89
0	0
0	1
0	0
0	0
0	0
70	0
9	0
0	0
2	1
0	0
0	6
0	82
1	299
3	0
0	0
0	1
14	1
0	0
0	0
0	1
0	0
1	449
45	0
0	0
0	9
0	0
0	485
0	2378
0	0
6	3
0	0
0	0
0	1
0	2
0	0
0	0
0	0
0	0
0	0
0	0
0	5
1	3
0	0
0	0
0	0
2	160
0	0
0	38
0	372
0	131
0	2060
0	0
0	0
0	0
0	0
0	0
0	0
0	0
1	0
0	0
0	1
0	406
0	0
0	0
0	0
0	0
0	42
0	60
0	0
0	0
0	2
0	194
0	21
0	0
0	2
0	5
0	6
0	559
0	0
0	0
0	0
16	1140
0	4
0	7
2	0
0	3
0	0
0	0
0	0
0	330
0	0
0	162
0	0
0	0
0	1
0	0
0	2
0	0
0	1
0	0
0	89
0	0
0	1407
0	15
0	0
0	0
0	24
0	0
0	53
2	0
0	0
0	19
0	0
0	0
0	0
1	1046
0	0
0	8
0	71
0	0
0	0
0	0
0	0
0	0
4	4
1	1
0	16
0	6462
1	2
3	4
0	597
0	0
0	0
3	0
3	339
0	0
0	36
0	18
0	0
0	1
0	0
0	0
0	0
32	952
0	19
0	0
0	0
0	0
5	119
0	0
0	0
0	0
0	0
0	0
0	67
0	433
0	307
0	0
0	0
0	2
0	0
3	0
0	0
0	0
0	1
0	0
0	14
0	2193
0	0
0	856
5	0
0	12
1	0
0	968
0	1127
4	1
0	118
0	529
0	0
292	2
0	0
0	0
1	0
0	0
0	625
0	19
0	0
3	41
0	0
0	0
0	0
0	0
0	13
0	0
0	97
0	0
0	0
0	0
0	0
0	1993
0	0
0	0
2	1035
0	0
0	780
0	0
83	0
0	0
0	0
0	0
0	0
0	0
0	275
0	0
0	1356
0	0
1	0
0	2
0	176
4	0
0	5
0	1467
1	157
0	49
0	0
1	482
1	0
0	0
0	1565
0	1
0	0
0	0
1	0
0	0
0	346
0	0
0	209
0	12
0	124
0	0
0	2
0	0
503	2039
0	0
4	1478
8	1
0	1397
0	324
0	208
9	0
1	1565
0	193
0	14
4	0
1	1018
0	0
0	6
8	0
15	332
18	0
0	167
0	0
0	0
0	0
0	19
0	0
0	0
0	0
0	0
0	259
0	0
0	0
0	0
0	0
0	434
0	1
0	0
0	0
0	60
0	110
0	0
0	3
0	0
0	667
0	0
0	541
0	0
0	144
4	0
0	0
3	318
0	0
0	0
1	0
0	0
0	0
6	0
0	267
0	901
0	834
9	2
0	0
0	0
0	155
0	25
0	270
0	432
2	197
0	0
4	0
0	0
0	0
0	0
0	2098
0	691
9	0
0	1041
0	0
8	0
0	0
1	167
0	234
0	220
0	0
0	0
0	0
0	238
0	130
0	0
0	84
0	4
1	0
31	261
1	0
0	0
0	0
27	0
0	0
0	0
0	0
14	67
0	0
0	0
0	0
